{
    "2013EL....10410001A_page_1_chunk_1": {
        "text": "arXiv:1210.4504v1  [gr-qc]  16 Oct 2012A new perspective on cosmology in Loop Quantum Gravity\nEmanuele Alesci∗\nInstitute for Quantum Gravity, FAU Erlangen-N¨ urnberg,\nStaudtstr. 7, D-91058 Erlangen, Germany, EU and\nInstytut Fizyki Teoretycznej, Uniwersytet Warszawski, ul . Ho˙ za 69, 00-681 Warszawa, Poland, EU\nFrancesco Cianfrani†\nInstitute for Quantum Gravity, FAU Erlangen-N¨ urnberg, St audtstr. 7, D-91058 Erlangen, Germany, EU\n(Dated: June 14, 2021)\nWe present a new cosmological model derived from Loop Quantu m Gravity. The formulation\nis based on a projection of the kinematical Hilbert space of t he full theory down to a subspace\nrepresenting the proper arena for an inhomogeneous Bianchi I model. This procedure gives a direct\nlink between the full theory and its cosmological sector. Th e emerging quantum cosmological model\nrepresents a simpliﬁed arena on which the complete canonica l quantization program can be tested.\nThe achievements of this analysis could also shed light on Lo ",
        "page": 1,
        "link": "https://ui.adsabs.harvard.edu/link_gateway/2013EL....10410001A/EPRINT_PDF",
        "title": "A new perspective on cosmology in Loop Quantum Gravity"
    },
    "2013EL....10410001A_page_1_chunk_2": {
        "text": "h e emerging quantum cosmological model\nrepresents a simpliﬁed arena on which the complete canonica l quantization program can be tested.\nThe achievements of this analysis could also shed light on Lo op Quantum Cosmology and its relation\nwith the full theory.\nPACS numbers: 04.60.Pp, 98.80.Qc\nIntroduction- A proper quantum description for the\ngravitational ﬁeld is expected to avoid the emergence of\nthosesingularitieswhichplagueGeneralRelativity(GR).\nIn particular, a Quantum Gravity (QG) scenario should\ntame the initial singularity proper of a homogeneous and\neventually isotropic space-time, which does not permit\nto follow the backward evolution of our Universe before\nthe Big Bang. Therefore, the implementation of a quan-\ntum scenario in such symmetry-reduced models gives a\nprivileged arena where the viability of the proposed QG\nmodel can be tested.\nThis analysis is particularly useful in the Loop Quan-\ntum Gravity (LQG) [1]. This framework provide us with\na consistent scheme for the can",
        "page": 1,
        "link": "https://ui.adsabs.harvard.edu/link_gateway/2013EL....10410001A/EPRINT_PDF",
        "title": "A new perspective on cosmology in Loop Quantum Gravity"
    },
    "2013EL....10410001A_page_1_chunk_3": {
        "text": "where the viability of the proposed QG\nmodel can be tested.\nThis analysis is particularly useful in the Loop Quan-\ntum Gravity (LQG) [1]. This framework provide us with\na consistent scheme for the canonical quantization of ge-\nometric degrees of freedom. However, it is diﬃcult to\nextract predictions from LQG, particularly due to the\ncomplicated expression of the super-Hamiltonian opera-\ntor [2, 3] based on the volume operator [4, 5] for which\nno close analytical formulas are available.\nIn symmetry-reducedmodels the dynamicalproblem is\nsimpliﬁed, thus also the quantum description is expected\ntobeeasierwithrespecttothefulltheory. Hence, theim-\nplementation of LQG in a cosmological space-time could\noﬀer a unique opportunity to test the viability of this\nfundamental description of the gravitational ﬁeld.\nA well settled cosmological scenario derived from LQG\nis described by the theory now called Loop Quantum\nCosmology (LQC) [6, 7]. In LQC, one ﬁrst reduces the\nphase-space according with the",
        "page": 1,
        "link": "https://ui.adsabs.harvard.edu/link_gateway/2013EL....10410001A/EPRINT_PDF",
        "title": "A new perspective on cosmology in Loop Quantum Gravity"
    },
    "2013EL....10410001A_page_1_chunk_4": {
        "text": "ional ﬁeld.\nA well settled cosmological scenario derived from LQG\nis described by the theory now called Loop Quantum\nCosmology (LQC) [6, 7]. In LQC, one ﬁrst reduces the\nphase-space according with the symmetries of a homo-\ngeneous space-time and then quantize using LQG tech-\nniques. However it has not yet been shown that the cos-\n∗Electronic address: emanuele.alesci@gravity.fau.de\n†Electronic address: francesco.cianfrani@gravity.fau.d emological sector of LQG is LQC. Moreover the quantiza-\ntionofclassicallyreducedvariablesrestrictsthe regimeof\napplicability of the theory to isotropic or anisotropic cos-\nmologies but there is not space left for inhomogeneities\nin the theory (apart from perturbation theory [8]). A\nnatural question is then: What happens the other way\naround, in which one ﬁrst quantizes GR, obtaining LQG,\nandthen reduces at a quantum level according to the\ndesired symmetries? An answer to this question would\ndeﬁnitely set up LQC from LQG, and it could also open\nthe road to",
        "page": 1,
        "link": "https://ui.adsabs.harvard.edu/link_gateway/2013EL....10410001A/EPRINT_PDF",
        "title": "A new perspective on cosmology in Loop Quantum Gravity"
    },
    "2013EL....10410001A_page_1_chunk_5": {
        "text": " quantizes GR, obtaining LQG,\nandthen reduces at a quantum level according to the\ndesired symmetries? An answer to this question would\ndeﬁnitely set up LQC from LQG, and it could also open\nthe road to the study of quantum inhomogeneous cosmo-\nlogical models.\nThis letter presents a framework in which this answer\ncan be given.\nThe main result of LQC is the replacement of the ini-\ntial singularity with a bounce occurring when the energy\ndensity of the clock-like scalar ﬁeld is comparable with\na critical energy density [9]. This critical energy density\nis related with the existence of a discrete polymer-like\nstructure in minisuperspace and its value is ﬁxed by the\nminimum nonvanishing eigenvalue of the area operator\nin LQG [4]. The emergence of such a scale is a necessary\ntool to deﬁne a proper action for the super-Hamiltonian\noperator in LQC. But, this feature marks a close dif-\nference with the full theory, where the same scale plays\nthe role of a regulator and it is removed in the regul",
        "page": 1,
        "link": "https://ui.adsabs.harvard.edu/link_gateway/2013EL....10410001A/EPRINT_PDF",
        "title": "A new perspective on cosmology in Loop Quantum Gravity"
    },
    "2013EL....10410001A_page_1_chunk_6": {
        "text": "r action for the super-Hamiltonian\noperator in LQC. But, this feature marks a close dif-\nference with the full theory, where the same scale plays\nthe role of a regulator and it is removed in the regular-\nization procedure. The reason for this tension between\nLQGand LQCcan be tracedbackto diﬀeomorphismsin-\nvariance, which in the former is implemented by deﬁning\nstates over s-knots [10] on which the super-Hamiltonian\ncan be regularized and the Dirac algebra quantized with-\nout anomalies [1], while in the latter it is lost ab-initio\nby the choice of variables.\nTherefore,inordertodeﬁneaquantumformulationfor\na cosmological space-time which is closer to LQG than\nLQC, it should be deﬁned a proper reduction from the\nfull theory which preserves a kind of reduced diﬀeomor-\nphisms invariance such that a regularized expression for",
        "page": 1,
        "link": "https://ui.adsabs.harvard.edu/link_gateway/2013EL....10410001A/EPRINT_PDF",
        "title": "A new perspective on cosmology in Loop Quantum Gravity"
    },
    "2013EL....10410001A_page_1_chunk_7": {
        "text": "t a regularized expression for",
        "page": 1,
        "link": "https://ui.adsabs.harvard.edu/link_gateway/2013EL....10410001A/EPRINT_PDF",
        "title": "A new perspective on cosmology in Loop Quantum Gravity"
    },
    "2013EL....10410001A_page_2_chunk_1": {
        "text": "2\nthe super-Hamiltonian can be deﬁned. This is done in\nthis paper by considering an inhomogeneous extension\nof the Bianchi I cosmological model. This extension can\nbe relevant both for the late Universe evolution, as a\nreparametrization of the homogeneous phase, and in the\nearlystages, as providingan eﬀective description foreach\nKasner epoch during the Mixmaster regime [11].\nHence, in this letter we discuss the projection of the\nfull theory down to a reduced model describing the inho-\nmogeneous Bianchi I space-time (for the details see the\ncompanion paper [12]). The invariance under the full\ndiﬀeomorphisms group is broken down to a proper sub-\ngroup (reduced diﬀeomorphisms) and the fundamental\nstructure of the quantum space-time is that of a cubical\ncell. A key-point of this projection is SU(2) gauge in-\nvariance: a gauge-ﬁxing of the SU(2) group is realized\nby mimicking the analogous procedure adopted in Spin-\nFoam models to solve the so-called simplicity constraints\n[14]. This proced",
        "page": 2,
        "link": "https://ui.adsabs.harvard.edu/link_gateway/2013EL....10410001A/EPRINT_PDF",
        "title": "A new perspective on cosmology in Loop Quantum Gravity"
    },
    "2013EL....10410001A_page_2_chunk_2": {
        "text": "SU(2) gauge in-\nvariance: a gauge-ﬁxing of the SU(2) group is realized\nby mimicking the analogous procedure adopted in Spin-\nFoam models to solve the so-called simplicity constraints\n[14]. This procedure selects the quantum states of the\nreduced model out of the gauge invariant functionals of\nSU(2) group elements. It turns out that some nontrivial\nintertwiners map the representations associated to dif-\nferent edges. The recoupling theory of the SU(2) group\ninduces a reduced recoupling theory in the cosmological\nmodel. The reduced volume operator is diagonal and it\nis possible to evaluate explicitly the action of the un-\nregularized super-Hamiltonian operator on a generic el-\nement of the reduced Hilbert space. Moreover, one can\nconstruct the s-knots states associated with reduced dif-\nfeomorphisms, over which the super-Hamiltonian can be\nregularized.\nTherefore, the quantum dynamics of the proposed cos-\nmological model is well deﬁned. The emerging picture\nis that of a cubical lattice, w",
        "page": 2,
        "link": "https://ui.adsabs.harvard.edu/link_gateway/2013EL....10410001A/EPRINT_PDF",
        "title": "A new perspective on cosmology in Loop Quantum Gravity"
    },
    "2013EL....10410001A_page_2_chunk_3": {
        "text": "orphisms, over which the super-Hamiltonian can be\nregularized.\nTherefore, the quantum dynamics of the proposed cos-\nmological model is well deﬁned. The emerging picture\nis that of a cubical lattice, whose edges are endowed\nwithU(1) quantum numbers determining the geomet-\nrical properties. The reduced SU(2) intertwiners at the\nnodes allow us to realize quantum conﬁgurations with\nspace-dependent quantum numbers, thus they can ac-\ncommodate the inhomogeneous content of the theory.\nLoop Quantum Gravity- LQG is based on a reformu-\nlation of gravity in which conﬁguration variables are\nthe Ashtekar-Barbero connections Ai\na, and the canoni-\ncally conjugate momenta are the inverse densitized tri-\nadsEa\niassociated with the spatial metric. In this\napproach, besides the standard invariance under 3-\ndiﬀeomorphisms generated by the vector constraint Va\nand time reparametrizations generated by the Hamilto-\nnian constraint H, there is a further SU(2) gauge sym-\nmetry generated by the Gauss constraint",
        "page": 2,
        "link": "https://ui.adsabs.harvard.edu/link_gateway/2013EL....10410001A/EPRINT_PDF",
        "title": "A new perspective on cosmology in Loop Quantum Gravity"
    },
    "2013EL....10410001A_page_2_chunk_4": {
        "text": "iﬀeomorphisms generated by the vector constraint Va\nand time reparametrizations generated by the Hamilto-\nnian constraint H, there is a further SU(2) gauge sym-\nmetry generated by the Gauss constraint G. The whole\nphase space can be parametrized by considering SU(2)\nholonomies heand the ﬂuxes Ei(S) deﬁned over all the\npossible paths eand surfaces Sof the spatial manifold.\nThese coordinates are particularly useful: SU(2) gauge\ntransformations map heinh′\ne=λs(e)heλ−1\nt(e),s(e) and\nt(e) being the initial and ﬁnal points of e, respectively,\nwhileλdenotesSU(2) group elements. The action of ﬁ-\nnite diﬀeomorphisms ϕmaps the original holonomy into\nthe one evaluated on the transformed path, he→hϕ(e).Hence, the quantization is realized applying Dirac pro-\ngram [15] by representing the holonomy-ﬂux algebra in\na kinematical Hilbert space Hkinand solving the three\nconstraints G= 0,Va= 0,H= 0 on it. Hkinis composed\nby the cylindrical functions [1] whose basis elements are\nparametrized by all the pos",
        "page": 2,
        "link": "https://ui.adsabs.harvard.edu/link_gateway/2013EL....10410001A/EPRINT_PDF",
        "title": "A new perspective on cosmology in Loop Quantum Gravity"
    },
    "2013EL....10410001A_page_2_chunk_5": {
        "text": "lgebra in\na kinematical Hilbert space Hkinand solving the three\nconstraints G= 0,Va= 0,H= 0 on it. Hkinis composed\nby the cylindrical functions [1] whose basis elements are\nparametrized by all the possible graphs Γ and they are\ndeﬁned asthe tensorproduct ofWignermatrices Dje(he)\nin theSU(2) irreducible representations jefor each edge,\ni.e.\n/an}bracketle{th|Γ,je,/an}bracketri}ht=/circlemultiplydisplay\ne∈ΓDje(he). (1)\nThe action of ﬂuxes Ei(S) across a surface Sis nonva-\nnishing only if there is a non-empty intersection between\neandS, such that Ssplitseine1/uniontexte2, and it is given\nby\nEi(S)D(je)(he) = 8πγl2\nPo(e,S)Dje(he1)(je)τiDje(he2).\n(2)\nγandlPbeing the Immirzi parameter and the Planck\nlength, while the factor o(e,S) = 0,1,−1 according to\nthe relative sign of eand the normal to S.(je)τidenotes\nthe SU(2) generator in je-dimensional representation.\nThe operator generating local SU(2) gauge transfor-\nmationsλ(x) acts on the basis elements ( 1) as follows\nUG(g)Dj\nmn(he) =Dj\nmn(λs(e)h",
        "page": 2,
        "link": "https://ui.adsabs.harvard.edu/link_gateway/2013EL....10410001A/EPRINT_PDF",
        "title": "A new perspective on cosmology in Loop Quantum Gravity"
    },
    "2013EL....10410001A_page_2_chunk_6": {
        "text": ")τidenotes\nthe SU(2) generator in je-dimensional representation.\nThe operator generating local SU(2) gauge transfor-\nmationsλ(x) acts on the basis elements ( 1) as follows\nUG(g)Dj\nmn(he) =Dj\nmn(λs(e)heλ−1\nt(e)).(3)\nThe Gauss constraint is implemented by a group aver-\naging procedure deﬁning a projector PGto theSU(2)-\ninvariant Hilbert spaceGHkin, by integrating over the\nSU(2) group elements λs(e)andλt(e)for each edge. As\na result the basis elements ( 1) are replaced by\n<h|Γ,{je},{xv}>=/productdisplay\nv∈Γ/productdisplay\ne∈Γxv·Dje(he),(4)\nxvbeing the SU(2) invariant intertwiners between\nthe representations associated with the edges emanating\nfromvand·means index contraction. States of the form\n(4) are called spinnetworks.\nThe diﬀeomorphisms constraint Vais solved by group\naveraging spinnetworks over the equivalence class of\nknots deﬁning the so called s-knots [10].\nThe superhamiltonian operator Hcan be written as a\ndiscrete sum by adopting a graph-dependent triangula-\ntion and by replaci",
        "page": 2,
        "link": "https://ui.adsabs.harvard.edu/link_gateway/2013EL....10410001A/EPRINT_PDF",
        "title": "A new perspective on cosmology in Loop Quantum Gravity"
    },
    "2013EL....10410001A_page_2_chunk_7": {
        "text": "rks over the equivalence class of\nknots deﬁning the so called s-knots [10].\nThe superhamiltonian operator Hcan be written as a\ndiscrete sum by adopting a graph-dependent triangula-\ntion and by replacing connections with holonomies along\nsome additional edges s. The resulting expression con-\nvergesto the classical limit as the triangulation gets ﬁner\nand ﬁner, which means that the lattice spacing, as well\nas the length of the edges s, vanishes. This limit is well-\ndeﬁned in the diﬀeomorphisms invariant Hilbert space\n[2, 3]. However, the matrix elements of H are very com-\nplicated [13] and there is not closed analytical form for\nthem.\nInhomogeneous Bianchi I model- Let us assume the\nfollowing form for phase-space variables\nEa\ni=pi(t,x)δa\ni, Ai\na(t,x) =ci(t,x)δi\na.(5)",
        "page": 2,
        "link": "https://ui.adsabs.harvard.edu/link_gateway/2013EL....10410001A/EPRINT_PDF",
        "title": "A new perspective on cosmology in Loop Quantum Gravity"
    },
    "2013EL....10410001A_page_3_chunk_1": {
        "text": "3\nThese conditions can be obtained exactly by consider-\ning a re-parametrized Bianchi I model, in which each\nscale factor contains a dependence on the associated\nCartesian coordinate xi. The same result holds approx-\nimatively in the case of the generalized Kasner solution\n[16], in which one deals with an inhomogeneous exten-\nsion of a Bianchi I model and the spatial gradients of\nthe scale factors can be neglected with respect to time-\nderivatives. This solution describes the behavior of the\nearly Mixmaster Universe during each Kasnerepoch [11].\nThe SU(2) gauge-ﬁxing associated with the conditions\n(5) can be written as [17]\nχi=ǫk\nijEa\nkδj\na= 0. (6)\nThe conditions ( 5) are implemented in the kinematical\nHilbert space of LQG i)by considering only edges eipar-\nallel to ﬁducial vectors ωi=∂iand ii)by the restriction\nfromSU(2) toU(1) group elements via the imposition of\nthe condition ( 6).\nThe requirement i) can be realized via a projectors\nPwhich acts on holonomies hesuch thatPhe=heif\ne=ei",
        "page": 3,
        "link": "https://ui.adsabs.harvard.edu/link_gateway/2013EL....10410001A/EPRINT_PDF",
        "title": "A new perspective on cosmology in Loop Quantum Gravity"
    },
    "2013EL....10410001A_page_3_chunk_2": {
        "text": "d ii)by the restriction\nfromSU(2) toU(1) group elements via the imposition of\nthe condition ( 6).\nThe requirement i) can be realized via a projectors\nPwhich acts on holonomies hesuch thatPhe=heif\ne=eifor somei, otherwise it vanishes. Let us call HP\nthe resulting Hilbert space, we can project down to HP\nthe actionU(ϕξ)ofagenericdiﬀeomorphisms ϕξ,ξbeing\nthe inﬁnitesimal parameters, as follows\nredU(ϕξ) =PU(ϕξ)P. (7)\nIt turns out thatredUis nonvanishing and connected\nto the identity only if\nξi=ξi(xi). (8)\nEachξiis then the inﬁnitesimal parameter of an arbi-\ntrary translation along the direction iand a rigid trans-\nlation along other directions. Therefore, only a subgroup\nof the whole 3-diﬀeomorphiosms group is represented in\nHPand we call its elements reduced diﬀeomorphisms.\nAssoonthecondition( 6)isconcerned,itcannotbeim-\nplemented as ﬁrst-class condition, because it is a gauge-\nﬁxing and it does not commute with the SU(2) Gauss\nconstraint. Henceforth, we implement Eq. ( 6) weakly,\nby mimi",
        "page": 3,
        "link": "https://ui.adsabs.harvard.edu/link_gateway/2013EL....10410001A/EPRINT_PDF",
        "title": "A new perspective on cosmology in Loop Quantum Gravity"
    },
    "2013EL....10410001A_page_3_chunk_3": {
        "text": "( 6)isconcerned,itcannotbeim-\nplemented as ﬁrst-class condition, because it is a gauge-\nﬁxing and it does not commute with the SU(2) Gauss\nconstraint. Henceforth, we implement Eq. ( 6) weakly,\nby mimicking the procedure adopted in Spin-Foam mod-\nels to impose the simplicity constraints [14].\nBuilding holonomies that fulﬁll the second condition\ninto Eq. ( 5) one obtains the reduced holonomies ˜hei.\nThese on a classical level are elements of the U(1)isub-\ngroups (i= 1,2,3) obtained by stabilizing the SU(2)\ngrouparound the internal directions(1 ,0,0), (0,1,0) and\n(0,0,1), respectively. Now how can we consistently im-\nplement eq. ( 5) in the kinematical Hilbert space of LQG\nHkin? The condition on the Ai\nahas to be imposed on\ntheSU(2) holonomies and it amounts to the requirement\nthat theSU(2) cylindrical functions are completely de-\ntermined by their restrictions to the U(1)isubgroups;\nto this aim we lift the functions ψ(hi) ofU(1)igroup\nelementshito those of the SU(2) elements gvia the\nDup",
        "page": 3,
        "link": "https://ui.adsabs.harvard.edu/link_gateway/2013EL....10410001A/EPRINT_PDF",
        "title": "A new perspective on cosmology in Loop Quantum Gravity"
    },
    "2013EL....10410001A_page_3_chunk_4": {
        "text": "ylindrical functions are completely de-\ntermined by their restrictions to the U(1)isubgroups;\nto this aim we lift the functions ψ(hi) ofU(1)igroup\nelementshito those of the SU(2) elements gvia the\nDupuis-Livine map [18]:\n˜ψ(g) =/integraldisplay\nU(1)dhiK(g,hi)ψ(hi), g∈SU(2),(9)with the Kernel K(g,hi) given by\nK(g,hi) =/summationdisplay\nn/integraldisplay\nU(1)idkiχj(n)(gki)χn(kihi),(10)\nχj(n)(g) andχn(hi) being the SU(2) andU(1)icharac-\nters,respectively. Byexpanding ψinthePeter-Weylbase\nforU(1)iwith coeﬃcients ψni, one gets\n˜ψ(g)ei=/summationdisplay\nniiDj(ni)\nm=nir=ni(g)ψniei,(11)\niDj(ni)\nmrbeing the Wigner matrices in the spin base |j,m/an}bracketri}hti\nthat diagonalize the operators J2andJi. The condition\nonEa\nican then be imposed in the quantum theory, con-\nsidering the ﬂuxes across the surfaces Sidual toeiand\nimposing the associated condition ( 6) via a master con-\nstraintχ2=/summationtext\ni(χi)2= 0. This way, one ﬁnds an ap-\nproximate solution to χ2˜ψ(g)ei= 0 in the limit j→+∞\nby ﬁx",
        "page": 3,
        "link": "https://ui.adsabs.harvard.edu/link_gateway/2013EL....10410001A/EPRINT_PDF",
        "title": "A new perspective on cosmology in Loop Quantum Gravity"
    },
    "2013EL....10410001A_page_3_chunk_5": {
        "text": "urfaces Sidual toeiand\nimposing the associated condition ( 6) via a master con-\nstraintχ2=/summationtext\ni(χi)2= 0. This way, one ﬁnds an ap-\nproximate solution to χ2˜ψ(g)ei= 0 in the limit j→+∞\nby ﬁxingj(ni) =|ni|. This selects the degree of the rep-\nresentation j(ni) (i.ethe relation between the SU(2) and\ntheU(1)iquantum numbers).\nTherefore, the proper quantum states adapted to the\nrestrictions ( 5) read\n˜ψ(g)ei=/summationdisplay\nniiDj=|ni|\nnini(g)ψni\nei=/summationdisplay\njiD|j|\njj(g)ψj\nei.(12)\nOne can then deﬁne a new projector PχfromHPto\na subspace HRwhose elements are of the form ( 12). In\nHRthe following relations hold weakly:\nEk(Sl)˜ψ(g)ei= 8πγl2\nPδl\nkδk\ni/summationdisplay\njjiDj\njj(g)ψj\nei.(13)\nTherefore, the only nonvanishing ﬂuxes are Ei(Si) and\nthe resulting holonomy-ﬂux algebra is the same as in re-\nduced quantization [12]. However, because we have es-\ntablished a projection from HkintoHR, we can discuss\nthe implications of the original SU(2) gauge invariance.\nIn this respec",
        "page": 3,
        "link": "https://ui.adsabs.harvard.edu/link_gateway/2013EL....10410001A/EPRINT_PDF",
        "title": "A new perspective on cosmology in Loop Quantum Gravity"
    },
    "2013EL....10410001A_page_3_chunk_6": {
        "text": "is the same as in re-\nduced quantization [12]. However, because we have es-\ntablished a projection from HkintoHR, we can discuss\nthe implications of the original SU(2) gauge invariance.\nIn this respect, let us consider the projector PGtoGHkin\nand let us project it down to the reduced Hilbert space.\nThis will give us a new projector PG,χ=P†\nχPGPχact-\ning into HR, which selects the gauge invariant reduced\nHilbert spaceGHRwhose basis states are\n/an}bracketle{th|Γ,je,xv/an}bracketri}htR=/productdisplay\nv∈Γ/productdisplay\ne∈Γ/an}bracketle{tji,x|ji,/vectorei/an}bracketri}ht·iDjei\njeijei(hei).(14)\nThe coeﬃcients /an}bracketle{tji,x|ji,/vectorei/an}bracketri}htare the projection of\nLivine-Speziale coherent intertwiners |ji,/vectorei/an}bracketri}ht[19] (with\nnormals/vectoreitangent to the cubical cell) on the usual in-\ntetwiner base |ji,x/an}bracketri}htand they are the intertwiners of the\nreduced model (reduced intertwiners).\nIt is possible to give the following diagrammatic rep-\nresentation ",
        "page": 3,
        "link": "https://ui.adsabs.harvard.edu/link_gateway/2013EL....10410001A/EPRINT_PDF",
        "title": "A new perspective on cosmology in Loop Quantum Gravity"
    },
    "2013EL....10410001A_page_3_chunk_7": {
        "text": "cell) on the usual in-\ntetwiner base |ji,x/an}bracketri}htand they are the intertwiners of the\nreduced model (reduced intertwiners).\nIt is possible to give the following diagrammatic rep-\nresentation elucidating the relation between reduced ele-\nmentsiD|j|\njj(g) andSU(2) group elements\niD|j|\njj(g) =j\ngR/vector ei R−1\n/vector ei(15)",
        "page": 3,
        "link": "https://ui.adsabs.harvard.edu/link_gateway/2013EL....10410001A/EPRINT_PDF",
        "title": "A new perspective on cosmology in Loop Quantum Gravity"
    },
    "2013EL....10410001A_page_4_chunk_1": {
        "text": "4\nwhere the solid lines represent the identity in the base\n|j,m/an}bracketri}htthat diagonalizes τ3, while the projection on the\nmaximum magnetic number is given by |j,j/an}bracketri}ht=j.\nThe group elements are represented by boxes or circles\ndepending if they denote the Wigner matrix of speciﬁc\nﬁxed rotation R/vector eithat move the e3axis to the eiaxis,\nselecting the desired U(1)isubgroup, or a generic SU(2)\nWigner matrix D(g) in the|j,m/an}bracketri}htbase, respectively. For\ninstance, in this notation a 3-valent reduced intertwiner\ncan be represented as follows\n/an}bracketle{tj1,j2,j3,xv|j1,j2,j3,e1,e2,e3/an}bracketri}ht=\nRe1j1\nRe2j2j3\n(16)\nThis diagrammatic notation allows us to repre-\nsent arbitrary elements ofGHRby combining reduced\nholonomies ( 15) and reduced intertwiners like ( 16). The\nrules of SU(2) recoupling theory induce then a reduced\nrecoupling by which the action of any operator can be\ncomputed.\nVolume- Given a region Ω containing for simplicity\nonly one vertex vof th",
        "page": 4,
        "link": "https://ui.adsabs.harvard.edu/link_gateway/2013EL....10410001A/EPRINT_PDF",
        "title": "A new perspective on cosmology in Loop Quantum Gravity"
    },
    "2013EL....10410001A_page_4_chunk_2": {
        "text": "6). The\nrules of SU(2) recoupling theory induce then a reduced\nrecoupling by which the action of any operator can be\ncomputed.\nVolume- Given a region Ω containing for simplicity\nonly one vertex vof the graphΓ, a regularizedexpression\nfor the volume can be deﬁned as in the full theory [4, 5]\nin terms of the ﬂuxes Ei(Sj), whereS1∩S2∩S3=v.\nFurthermore, each Ei(Sj) is nonvanishing only if i=j\nand it acts only on holonomies hi. As a consequence, the\nvolume operator is diagonalinGHRand the action of the\nsuper-Hamiltonian operator can be explicitly evaluated.\nSuperHamiltonian- Let us consider the Euclidean part\nof the super-Hamiltonian in the full theory regularized\nvia a cubulation of the spatial manifold adapted to the\ncubical graph Γ. This can be done at each node vby\nchoosing for each pair of links eiandejincident at va\nsemi-analytic arcs aijthat respect the lattice structure,\ni.e. such that the end points sei,sejare interior points\nofei,ej, respectively, and aij∩Γ ={sei,sej}. The arc\nsii",
        "page": 4,
        "link": "https://ui.adsabs.harvard.edu/link_gateway/2013EL....10410001A/EPRINT_PDF",
        "title": "A new perspective on cosmology in Loop Quantum Gravity"
    },
    "2013EL....10410001A_page_4_chunk_3": {
        "text": " links eiandejincident at va\nsemi-analytic arcs aijthat respect the lattice structure,\ni.e. such that the end points sei,sejare interior points\nofei,ej, respectively, and aij∩Γ ={sei,sej}. The arc\nsiis the segment of ei(ej) fromvtosi(sj), whilesi,sj\nandaijgenerate a rectangle αij:=si◦aij◦s−1\nj. By\nrepeating this construction for all eiandejatvand for\nallv∈Γ, one gets a complete cubulation Cof the spatial\nmanifold. The quantum super-Hamiltonian can be con-\nstructed a-laThiemann [2] and projected down toGHR\nby replacing the volume operator and holonomies of the\nfull theory with the corresponding reduced expressions,\nRVand/tildewideh, respectively. This way one ﬁnds the reduced\nsuper-HamiltonianRHm\nRHm[N] :=N(v)\nN2mǫijkTr/bracketleftBig\n˜h(m)\nαij˜h(m)\nsk/braceleftbig˜h(m)−1\nsk,RV/bracerightbig/bracketrightBig\n,\n(17)where the trace and the reduced holonomies are in an\narbitrary irreducible representation m, while the factor\nNmis a normalizing factor. The expression above con-\nverges to the",
        "page": 4,
        "link": "https://ui.adsabs.harvard.edu/link_gateway/2013EL....10410001A/EPRINT_PDF",
        "title": "A new perspective on cosmology in Loop Quantum Gravity"
    },
    "2013EL....10410001A_page_4_chunk_4": {
        "text": "g/bracketrightBig\n,\n(17)where the trace and the reduced holonomies are in an\narbitrary irreducible representation m, while the factor\nNmis a normalizing factor. The expression above con-\nverges to the classical value as the cubulation gets ﬁner\nand ﬁner. The regulatorof the super-Hamiltonian ( 17) is\ngiven by the lattice spacing of the cubulation, which can\nbe changed via a reduced diﬀeomorphisms. As a conse-\nquence, on the reduced-diﬀeomorphisms invariant class\nof knots the regulator can be safely removed.\nConclusions- We discussed a procedure to derive a\nquantum formulation for a Bianchi I space-time directly\nfrom the full LQG framework. This procedure is based\non a restriction on the set of admissible graphs, such\nthat only those with a cubical vertex structure are se-\nlected, and on the implementation of the SU(2) gauge\nﬁxing via a projection to the group elements stabilizing\nsome internal directions. As a result we inferred a re-\nduced kinematical Hilbert space whose edges are lab",
        "page": 4,
        "link": "https://ui.adsabs.harvard.edu/link_gateway/2013EL....10410001A/EPRINT_PDF",
        "title": "A new perspective on cosmology in Loop Quantum Gravity"
    },
    "2013EL....10410001A_page_4_chunk_5": {
        "text": "e implementation of the SU(2) gauge\nﬁxing via a projection to the group elements stabilizing\nsome internal directions. As a result we inferred a re-\nduced kinematical Hilbert space whose edges are labeled\nbyU(1) representation and some nontrivial intertwiners\nare predicted at vertexes. The presence of a residual dif-\nfeomrphisms invariance allowed us to construct reduced\ns-knots over which the super-Hamiltonian is well deﬁned\nand the quantization is anomaly free as in the full theory.\nThis scheme oﬀers an alternative point of view on the\ncosmological sector of LQG. Hence, the analysis of the\ndynamical implications may sustain the LQC paradigm\nand the bouncing scenario, elucidating the origin of the\npolymer parameter. It is worth noting how such an anal-\nysis is going to be addressed in forthcoming investiga-\ntions, thanks to the simpliﬁcations occurring in the re-\nduced kinematical Hilbert space (in particular the diag-\nonal form of the volume operator) which will allow us to\ncomputeex",
        "page": 4,
        "link": "https://ui.adsabs.harvard.edu/link_gateway/2013EL....10410001A/EPRINT_PDF",
        "title": "A new perspective on cosmology in Loop Quantum Gravity"
    },
    "2013EL....10410001A_page_4_chunk_6": {
        "text": "thcoming investiga-\ntions, thanks to the simpliﬁcations occurring in the re-\nduced kinematical Hilbert space (in particular the diag-\nonal form of the volume operator) which will allow us to\ncomputeexplicitlytheactionoftheoperator( 17)andthe\nsolutions of the quantum Einstein equations . Moreover,\nthis formulationcan alsobe applied toan inhomogeneous\nBianchi I model under the assumptions proper of the\nBelinski-Lipschitz-Kalatnikovconjecture [11]. Therefore,\nthe proposed scheme can characterise the quantum be-\nhavior of the early inhomogeneous Universe during each\nKasner epoch, giving us some indications on the fate of\nthe generic cosmological solution in LQG.\nAcknowledgment The authors wish to thank\nT.Thiemann and K.Giesel for useful discussions.\nF.C. thanks “Angelo Della Riccia” foundation for its\nﬁnancial support. This work was partially supported\nby the grant of Polish Narodowe Centrum Nauki nr\n2011/02/A/ST2/00300. This work has been partially\nrealized in the framework of the CGW col",
        "page": 4,
        "link": "https://ui.adsabs.harvard.edu/link_gateway/2013EL....10410001A/EPRINT_PDF",
        "title": "A new perspective on cosmology in Loop Quantum Gravity"
    },
    "2013EL....10410001A_page_4_chunk_7": {
        "text": " for its\nﬁnancial support. This work was partially supported\nby the grant of Polish Narodowe Centrum Nauki nr\n2011/02/A/ST2/00300. This work has been partially\nrealized in the framework of the CGW collaboration\n(www.cgwcollaboration.it).",
        "page": 4,
        "link": "https://ui.adsabs.harvard.edu/link_gateway/2013EL....10410001A/EPRINT_PDF",
        "title": "A new perspective on cosmology in Loop Quantum Gravity"
    },
    "2013EL....10410001A_page_5_chunk_1": {
        "text": "5\n[1]C. Rovelli, “Quantum gravity”, (Cambridge Uni-\nversity Press, Cambridge, 2004); A. Ashtekar and\nJ. Lewandowski, Class. Quant. Grav. 21, R53 (2004); T.\nThiemann, “Modern Canonical Quantum General Rela-\ntivity”, (Cambridge University Press, Cambridge, 2006).\n[2]T. Thiemann, Class. Quant. Grav. ,15, (1998) 839.\n[3]E. Alesci, C. Rovelli, Phys. Rev. D ,82, 044007(2010).\n[4]C. Rovelli, L. Smolin, Nucl. Phys. B ,442, (1995)593;\nErratum-ibid. B,456, (1995)753.\n[5]A. Ashtekar, J. Lewandowski, Adv. Theor. Math. Phys. ,\n1, (1998)388.\n[6]Martin Bojowald, “Quantum cosmology: A fundamen-\ntal description of the universe”, Lecture notes in physics ,\nVol. 835 (Springer, New York, 2011).\n[7]A. Ashtekar, P. Singh, Class. Quant. Grav. ,28, 213001\n(2011).\n[8]M. Martin-Benito, L. J. Garay, G. A. Mena Marugan,\nPhys. Rev. D ,78, 083516 (2008).\n[9]A. Ashtekar, T. Pawlowski, P. Singh, Phys. Rev. Lett. ,\n96, (2006) 141301.[10]A. Ashtekar, J. Lewandowski, D. Marolf, J. Mourao and\nT. Thiemann, J. Math. Phys. ",
        "page": 5,
        "link": "https://ui.adsabs.harvard.edu/link_gateway/2013EL....10410001A/EPRINT_PDF",
        "title": "A new perspective on cosmology in Loop Quantum Gravity"
    },
    "2013EL....10410001A_page_5_chunk_2": {
        "text": "an,\nPhys. Rev. D ,78, 083516 (2008).\n[9]A. Ashtekar, T. Pawlowski, P. Singh, Phys. Rev. Lett. ,\n96, (2006) 141301.[10]A. Ashtekar, J. Lewandowski, D. Marolf, J. Mourao and\nT. Thiemann, J. Math. Phys. 36, 6456 (1995)\n[11]V.A. Belinski, I.M. Khalatnikov, E.M. Lifshitz, Adv.\nPhys.,19, 525(1970); Adv. Phys. ,31, 639(1982).\n[12]F. Cianfrani, E. Alesci, in preparation.\n[13]E. Alesci, T. Thiemann and A. Zipfel, Phys. Rev. D 86,\n024017 (2012)\n[14]J. Engle, E. Livine, R.PereiraandC. Rovelli, Nucl. Phys.\nB,799, 136 (2008).\n[15]M. Henneaux, C. Teitelboim, “Quantization of Gauge\nSystems”, (Princeton University Press, 1994).\n[16]I. M. Khalatnikov, E. M. Lifshitz, Adv. Phys. ,12, 185\n(1963).\n[17]F. Cianfrani, G. Montani, Phys. Rev. D ,85,\n(2012)024027; F. Cianfrani, A. Marchini, G. Montani,\nEurophys. Lett. ,99, (2012)10003.\n[18]Mait Dupuis, Etera R. Livine, Phys. Rev. D ,82,\n(2010)064044.\n[19]E.R. Livine, S. Speziale, Phys. Rev. D ,76(2007) 084028.",
        "page": 5,
        "link": "https://ui.adsabs.harvard.edu/link_gateway/2013EL....10410001A/EPRINT_PDF",
        "title": "A new perspective on cosmology in Loop Quantum Gravity"
    },
    "2013EL....10410001A_page_5_chunk_3": {
        "text": "tt. ,99, (2012)10003.\n[18]Mait Dupuis, Etera R. Livine, Phys. Rev. D ,82,\n(2010)064044.\n[19]E.R. Livine, S. Speziale, Phys. Rev. D ,76(2007) 084028.",
        "page": 5,
        "link": "https://ui.adsabs.harvard.edu/link_gateway/2013EL....10410001A/EPRINT_PDF",
        "title": "A new perspective on cosmology in Loop Quantum Gravity"
    }
}