{
    "2013ICRC...33.2780K_page_1_chunk_1": {
        "text": "arXiv:1307.5560v1  [astro-ph.IM]  21 Jul 201333RDINTERNATIONAL COSMICRAYCONFERENCE , RIO DEJANEIRO2013\nTHEASTROPARTICLE PHYSICSCONFERENCE\nTowards a commonanalysisframeworkforgamma-rayastronom y\nJ¨URGENKN¨ODLSEDER1,2, MICHAELMAYER3,4, CHRISTOPH DEIL5, ANNELISCHULZ3, MARIE-H´EL`ENE\nGRONDIN1,2, PIERRICK MARTIN1,2,ANDSYLVIEBRAU-NOGU´E1,2FOR THE CTA C ONSORTIUM .\n1Universit´ e de Toulouse; UPS-OMP;IRAP;Toulouse, France\n2CNRS; IRAP;9Av. colonel Roche, BP44346, F-31028 Toulouse C edex 4, France\n3DESY,Platanenallee 6, D-15738 Zeuthen, Germany\n3Universit¨ at Potsdam, Am NeuenPalais 10, D-14469 Potsdam, Germany\n4Max-Planck-Institut f¨ ur Kernphysik, P.O.Box 103980, D-6 9029 Heidelberg, Germany\njknodlseder@irap.omp.eu\nAbstract: Thanksto the success of current gamma-raytelescopes (Ferm i, H.E.S.S., MAGIC, VERITAS), and\nin view of the prospects of planned observatories such as the Cherenkov Telescope Array (CTA) or the High-\nAltitudeWaterCherenkovObservatory(HAWC),gamma-rayas tronomyisbecominganint",
        "page": 1,
        "link": "https://ui.adsabs.harvard.edu/link_gateway/2013ICRC...33.2780K/EPRINT_PDF",
        "title": "Towards a Common Analysis Framework for Gammaray Astronomy"
    },
    "2013ICRC...33.2780K_page_1_chunk_2": {
        "text": "GIC, VERITAS), and\nin view of the prospects of planned observatories such as the Cherenkov Telescope Array (CTA) or the High-\nAltitudeWaterCherenkovObservatory(HAWC),gamma-rayas tronomyisbecominganintegralpartofmodern\nastrophysical research. Analysis today relies on a large di versity of tools and software frameworks that were\nspeciﬁcally and independentlydevelopedfor each instrume nt. With the aim of unifying the analysis of gamma-\nray data, we are currently developingGammaLib ( http://sourceforge.net/projects/gammalib ), a C++\nlibrary interfaced to Python that provides a framework for a n instrument independent analysis of gamma-ray\ndata. On top of GammaLib we have created ctools(http://cta.irap.omp.eu/ctools ), a set of analysis\nexecutablesthat is beingdevelopedasone of the prototypes forthe CTA high-levelscience analysis framework,\nbut which is equally suited for the analysis of gamma-ray dat a from the existing Fermi-LAT telescope and\ncurrent Cherenkov telescope arrays. In particu",
        "page": 1,
        "link": "https://ui.adsabs.harvard.edu/link_gateway/2013ICRC...33.2780K/EPRINT_PDF",
        "title": "Towards a Common Analysis Framework for Gammaray Astronomy"
    },
    "2013ICRC...33.2780K_page_1_chunk_3": {
        "text": "orthe CTA high-levelscience analysis framework,\nbut which is equally suited for the analysis of gamma-ray dat a from the existing Fermi-LAT telescope and\ncurrent Cherenkov telescope arrays. In particular, ctoolsand GammaLib provide the novel opportunity of a\nsimultaneous multi-instrument analysis. We present the st atus of the software development, and illustrate its\ncapabilitieswithaspectralanalysisoftheCrabnebulaemi ssionoversevendecadesinenergy(1MeVto10TeV)\nusingmulti-instrument(COMPTEL,Fermi-LAT,H.E.S.S.)ga mma-rayobservationsaswell asa simulationofa\nCTA observationofthe supernovaremnantRX J1713.7 −3946.\nKeywords: gamma-rayastronomy,CTA, dataanalysis,software\n1 Introduction\nThe ﬁeld of gamma-ray astronomy has experienced a\nspectacular progress during the last decade, thanks to\nsigniﬁcant improvements in the performance of ground-\nbased and space-based gamma-ray telescopes [1, 2].\nGround-basedimagingatmosphericCherenkovtelescopes\n(IACTs), such as H.E.S.S., VERITAS and MAGIC, have\nde",
        "page": 1,
        "link": "https://ui.adsabs.harvard.edu/link_gateway/2013ICRC...33.2780K/EPRINT_PDF",
        "title": "Towards a Common Analysis Framework for Gammaray Astronomy"
    },
    "2013ICRC...33.2780K_page_1_chunk_4": {
        "text": "nt improvements in the performance of ground-\nbased and space-based gamma-ray telescopes [1, 2].\nGround-basedimagingatmosphericCherenkovtelescopes\n(IACTs), such as H.E.S.S., VERITAS and MAGIC, have\ndetected more than 100 sources of gammarays between a\nfewtensofGeVupto ∼10TeV,unveilingcosmicparticle\naccelerationinGalactic(PWN,SNR,gamma-raybinaries)\nand extragalactic objects (starburst galaxies and AGN).\nThe Fermi Gamma-Ray Space Telescope, which explores\nthe sky since 2008 at energies from 30 MeV to 300 GeV,\nhasdetectedsofaralmost2000sourcesofgammarays[3],\ncomprising large populationsof pulsars and AGN in addi-\ntion to PWN, SNR, gamma-raybinaries,globularclusters,\nnormalgalaxies,starburstgalaxiesandradiogalaxies.\nA comparable amount of sources is expected to be de-\ntected by the planned Cherenkov Telescope Array (CTA)\n[4]. One of the major challenges of CTA is that it will be\ntheﬁrstIACTbeingoperatedasanopenobservatory.CTA\nwill accept observing proposals from interested scientist s\nandp",
        "page": 1,
        "link": "https://ui.adsabs.harvard.edu/link_gateway/2013ICRC...33.2780K/EPRINT_PDF",
        "title": "Towards a Common Analysis Framework for Gammaray Astronomy"
    },
    "2013ICRC...33.2780K_page_1_chunk_5": {
        "text": "renkov Telescope Array (CTA)\n[4]. One of the major challenges of CTA is that it will be\ntheﬁrstIACTbeingoperatedasanopenobservatory.CTA\nwill accept observing proposals from interested scientist s\nandprovidetoolsandsupportfordataanalysisthatwillbe\ncompliantwithexistingstandards,suchasforexamplethe\nFITS data format [5] or HEASARCs FTOOLS [7]. This\nwill considerablydifferfrompracticesusedfordataanaly -\nsis of existingIACTs, where dedicatedintegratedanalysis\nframeworks and custom data formats that are proprietary\nto therespectivecollaborationsaretherule.In this paper we present an open source framework for\nscientiﬁcanalysisofastronomicalgamma-raydatathatim-\nplementsmethods(e.g.maximumlikelihoodﬁtting,source\nand background modeling) and standards (e.g. FITS data\nformat, IRAF parameter interface [6]) that are readily em-\nployed for analyses of space-based high-energy telescope\ndata and makes them available for analysis of IACT data.\nThe core of this framework is the GammaLib, an open\nsource ",
        "page": 1,
        "link": "https://ui.adsabs.harvard.edu/link_gateway/2013ICRC...33.2780K/EPRINT_PDF",
        "title": "Towards a Common Analysis Framework for Gammaray Astronomy"
    },
    "2013ICRC...33.2780K_page_1_chunk_6": {
        "text": " [6]) that are readily em-\nployed for analyses of space-based high-energy telescope\ndata and makes them available for analysis of IACT data.\nThe core of this framework is the GammaLib, an open\nsource C++ library that implements all code required for\nhigh-level science analysis of astronomical gamma-ray\ndatainaninstrument-independentway.Thisallowsforthe\nanalysis of data produced by a variety of different space-\nbasedand ground-basedtelescopes,and enablesgathering\nof data from different instruments for a combined and co-\nherentmulti-instrumentanalysis.\nOn top of GammaLib we have created ctools, a set\nof analysis executables that is largely inspired from\nHEASARCs FTOOLS [7] and Fermi’s Science Tools, al-\nlowingthe assembly of modularworkﬂowsfor IACT data\nanalyses. The ctoolshave been successfully tested on ex-\nisting IACT data from H.E.S.S. and MAGIC, as well as\non simulateddata fromCTA [8]. We proposethe ctoolsto\nbe used as the public Science Tools for high-level science\nanalysisofCTA da",
        "page": 1,
        "link": "https://ui.adsabs.harvard.edu/link_gateway/2013ICRC...33.2780K/EPRINT_PDF",
        "title": "Towards a Common Analysis Framework for Gammaray Astronomy"
    },
    "2013ICRC...33.2780K_page_1_chunk_7": {
        "text": "ully tested on ex-\nisting IACT data from H.E.S.S. and MAGIC, as well as\non simulateddata fromCTA [8]. We proposethe ctoolsto\nbe used as the public Science Tools for high-level science\nanalysisofCTA data.\n2 GammaLib\nGammaLib provides a uniﬁed framework for the\nhigh-level analysis of astronomical gamma-ray data",
        "page": 1,
        "link": "https://ui.adsabs.harvard.edu/link_gateway/2013ICRC...33.2780K/EPRINT_PDF",
        "title": "Towards a Common Analysis Framework for Gammaray Astronomy"
    },
    "2013ICRC...33.2780K_page_2_chunk_1": {
        "text": "Towards a common analysis framework forgamma-ray astronom y\n33RDINTERNATIONAL COSMICRAYCONFERENCE ,RIO DEJANEIRO2013\n!\"#$%&'(\"$)#*(+,-+)'./&0(# \n1.%()#(%2,+(# 3,4560(2(0)7\"708#,#)#&**.%$ \n!\"$(%97+(# :**0,+7;.\")\n#&**.%$ \n-$# *-0(# <,\"(7%)\n704(=%7>=#(%27;.\")\n57\"/0,\"4 ?./(0)\n57\"/0,\"4 \n>$5(%)\n#&**.%$ @&'(%,+# A&\"+;.\")\n.*;',B7;.\" CD8)'7*)\n57\"/0,\"4 \n1E: A(%',F<:E 1>?GEH<?&0;6\nI72(0(\"4$5 \nJ'0 K(*.%;\"4 \nFigure1:OrganizationoftheGammaLiblibrary.\n(http://sourceforge.net/projects/gammalib ).\nThe GammaLibdevelopmenthas beeninitiated in 2006at\ntheInstitutdeRechercheenAstrophysiqueetPlan´ etologi e\n(IRAP) in Toulouse (France), and counts today a grow-\ning number of developers from various institutes and\ncountries ( https://www.ohloh.net/p/GammaLib ). Al-\nthough GammaLib does not speciﬁcally focus on science\nanalysisofIACTdata,agoodfractionofthedevelopments\nduring the past 2 years have been motivated by the needs\nofthe CTA project.\nGammaLib is organized into four software layers that\ncomprise several",
        "page": 2,
        "link": "https://ui.adsabs.harvard.edu/link_gateway/2013ICRC...33.2780K/EPRINT_PDF",
        "title": "Towards a Common Analysis Framework for Gammaray Astronomy"
    },
    "2013ICRC...33.2780K_page_2_chunk_2": {
        "text": "ence\nanalysisofIACTdata,agoodfractionofthedevelopments\nduring the past 2 years have been motivated by the needs\nofthe CTA project.\nGammaLib is organized into four software layers that\ncomprise several modules (see ﬁgure 1). The top layer\nprovidessupportforinstrument-independentdataanalysi s,\ncomprisinginformationrelatedtoobservations(eventdat a,\npointing and exposure information), instrument response\nfunctions,parametricsourceandbackgroundmodelsused\nfor model ﬁtting, and sky maps. Also the support for cre-\nating FTOOLS applications is part of this layer. All in-\nstrument speciﬁc interfaces are implemented in the next\nlayer, with one module per gamma-ray telescope. So far,\nGammaLib providessupport for analysis of data from the\nCOMPTEL telescope,the Fermi-LATtelescope,and CTA\n(includingalso supportforothersIACTs). Usage of multi-\nwavelength data in form of spectral energy distributions\n(SEDs)isalsosupportedthroughadedicatedmodule.Core\nservices related to numerical computations and functi",
        "page": 2,
        "link": "https://ui.adsabs.harvard.edu/link_gateway/2013ICRC...33.2780K/EPRINT_PDF",
        "title": "Towards a Common Analysis Framework for Gammaray Astronomy"
    },
    "2013ICRC...33.2780K_page_2_chunk_3": {
        "text": "supportforothersIACTs). Usage of multi-\nwavelength data in form of spectral energy distributions\n(SEDs)isalsosupportedthroughadedicatedmodule.Core\nservices related to numerical computations and function\noptimizationareimplementedinthenextlayer.Finally,an\ninterfacelayerallowshandlingofdatain FITSformatand\nin XML format. This layer also implements the IRAF pa-\nrameterinterfaceandreporting.\n3ctools\nThe way how GammaLib can be used is twofold:\nGammaLib classes can be included and instantiated\nin a compiled C++ executable, or they can be called\ndirectly from Python via a dedicated module. Both\nmethods have been used to implement the ctools\n(http://cta.irap.omp.eu/ctools ).\nctoolsis a set of tools which each performs a single,\nwell-deﬁnedanalysisstep.Thesestepscompriseeventsim-\nulation (ctobssim), event selection ( ctselect), event bin-\nning(ctbin),andbinnedorunbinnedmaximumlikelihood\nmodelﬁtting( ctlike).Thectoolsphilosophyisverysimilar\nto the rational behind the FTOOLS [7], which are widel",
        "page": 2,
        "link": "https://ui.adsabs.harvard.edu/link_gateway/2013ICRC...33.2780K/EPRINT_PDF",
        "title": "Towards a Common Analysis Framework for Gammaray Astronomy"
    },
    "2013ICRC...33.2780K_page_2_chunk_4": {
        "text": "), event selection ( ctselect), event bin-\nning(ctbin),andbinnedorunbinnedmaximumlikelihood\nmodelﬁtting( ctlike).Thectoolsphilosophyisverysimilar\nto the rational behind the FTOOLS [7], which are widely\nused in X-ray astronomy, and which also have inspiredthescienceanalysisframeworksofINTEGRALandFermi.\nctoolsoperates on high-level CTA event lists, i.e. recon-\nstructed events that have been calibrated in energy and\nfrom which most of the particle background has been re-\nmoved on basis of air Cherenkovshower image character-\nistics(IACTeventreconstructionandbackgrounddiscrim-\ninationis thusnotpartof ctools).\nEach of the tools is created as a derived class of the\nGammaLib class GApplication , which provides a stan-\ndarduserinterfaceandcommonfunctionalitiesandbehav-\nior to all of the tools. In particular, tools that are imple-\nmentedasPythonscripts(dubbed cscripts)willshowiden-\ntical interfacesandbehavioras toolsimplementedascom-\npiled C++ executables, making them indistinguishable to\nthe u",
        "page": 2,
        "link": "https://ui.adsabs.harvard.edu/link_gateway/2013ICRC...33.2780K/EPRINT_PDF",
        "title": "Towards a Common Analysis Framework for Gammaray Astronomy"
    },
    "2013ICRC...33.2780K_page_2_chunk_5": {
        "text": "particular, tools that are imple-\nmentedasPythonscripts(dubbed cscripts)willshowiden-\ntical interfacesandbehavioras toolsimplementedascom-\npiled C++ executables, making them indistinguishable to\nthe user. Python scripts are mainly used for prototyping\nand in case that customizable tools are needed, while C++\nexecutables are used for production tools and tools where\nmaximumcomputationalspeediscritical.\nAllctoolscan be called from the command line using\nthe IRAF parameter interface. They can also be scripted\nfrom shell scripts, or they can be called directly from\nPython via a dedicated module.Using ctoolsfrom Python\navoidstheneedforstoringintermediateresultson disk,as\ndatacanbepasseddirectlyinmemoryfromonetooltothe\nother. This enablesthe creation of purely in-memoryanal-\nysisworkﬂowsforscientiﬁcanalyses.\n4 Applications\nIn the following sections we show several applications of\nctools(andthusalsoGammaLib)thatdemonstratethecur-\nrentcapabilitiesandillustratethepotentialforfutureu sage\nforCTA",
        "page": 2,
        "link": "https://ui.adsabs.harvard.edu/link_gateway/2013ICRC...33.2780K/EPRINT_PDF",
        "title": "Towards a Common Analysis Framework for Gammaray Astronomy"
    },
    "2013ICRC...33.2780K_page_2_chunk_6": {
        "text": "tiﬁcanalyses.\n4 Applications\nIn the following sections we show several applications of\nctools(andthusalsoGammaLib)thatdemonstratethecur-\nrentcapabilitiesandillustratethepotentialforfutureu sage\nforCTA.\n4.1 Maximumlikelihood model ﬁtting\nAs a ﬁrst application we perform a maximum likelihood\nﬁt of a source model on top of a model for the residual\nparticle background to ∼2 hours of H.E.S.S. data of the\nCrab nebula. This analysis method is close to the spatio-\nspectral ﬁtting that is employed for the analysis of Fermi-\nLATdata(andthatisimplementintheFermi-LATscience\ntoolgtlike),anddifferssubstantiallyfromtheconventional\nmethods employed in VHE astronomy, which are mostly\nbased on aperture photometry and background modeling\nfromoffregions.\nThe data that we used have been provided by the\nH.E.S.S.collaborationtotheCTAcollaborationinthecon-\ntextoftheﬁrst CTA DataChallenge(CTA-1DC),andcon-\nsist of 4 runsof ∼28 minutes length taken with offsets of\n0.5◦and 1.5◦from the source position. The event ",
        "page": 2,
        "link": "https://ui.adsabs.harvard.edu/link_gateway/2013ICRC...33.2780K/EPRINT_PDF",
        "title": "Towards a Common Analysis Framework for Gammaray Astronomy"
    },
    "2013ICRC...33.2780K_page_2_chunk_7": {
        "text": ".collaborationtotheCTAcollaborationinthecon-\ntextoftheﬁrst CTA DataChallenge(CTA-1DC),andcon-\nsist of 4 runsof ∼28 minutes length taken with offsets of\n0.5◦and 1.5◦from the source position. The event data as\nwellastheassociatedeffectiveareasandpointspreadfunc -\ntion have been stored in FITS ﬁle format, no energyredis-\ntributioninformationisusedfortheanalysis.\nThe Crab nebula has been modeled as a point source\nwith a power-law energy spectrum. The spatial distribu-\ntion of the events for a point source has been described\nby a superposition of three 2D Gaussian functions with\nenergy-dependentwidthsandrelativeamplitudes.Thepar-\nticle background has been modeled using a spatial model\noftheform\nB(θ)∝exp/parenleftbigg\n−1\n2θ4\nσ2/parenrightbigg\n(1)\nwhereθdesignates the angle between the center of the\ncameraandthereconstructeddirectionoftheevent,and σ",
        "page": 2,
        "link": "https://ui.adsabs.harvard.edu/link_gateway/2013ICRC...33.2780K/EPRINT_PDF",
        "title": "Towards a Common Analysis Framework for Gammaray Astronomy"
    },
    "2013ICRC...33.2780K_page_2_chunk_8": {
        "text": "the\ncameraandthereconstructeddirectionoftheevent,and σ",
        "page": 2,
        "link": "https://ui.adsabs.harvard.edu/link_gateway/2013ICRC...33.2780K/EPRINT_PDF",
        "title": "Towards a Common Analysis Framework for Gammaray Astronomy"
    },
    "2013ICRC...33.2780K_page_3_chunk_1": {
        "text": "Towards a common analysis framework forgamma-ray astronom y\n33RDINTERNATIONAL COSMICRAYCONFERENCE ,RIO DEJANEIRO2013\nFigure2: Comparison of ctlikeﬁtted spectra to published\nH.E.S.S.results[9].\nis a width parameter. The energy dependent count rate of\nthe particle background has been modeled using a piece-\nwise power law, deﬁned by the background rate at six en-\nergies spanning the analysis interval. All events in the en-\nergy band 0 .5−20 TeV have been used for the analysis.\nThefreeparametersoftheanalysiswerethepositionofthe\nsource, the prefactor and the spectral index of the power\nlaw, the width of the 2D Gaussian for the particle back-\nground,andthesix backgroundrates.\nWe ﬁrst performed a binned maximum likelihood anal-\nysis, forwhichall eventsfora givenrunhavebeenbinned\nin 100×100 spatial pixels of size 0 .02◦×0.02◦around\nthe Crab nebula (resulting in a squared analysis region of\nabout2◦×2◦aroundtheCrabnebula).Tenlogarithmically-\nspaced bins in energy have been adopted. Instead of su",
        "page": 3,
        "link": "https://ui.adsabs.harvard.edu/link_gateway/2013ICRC...33.2780K/EPRINT_PDF",
        "title": "Towards a Common Analysis Framework for Gammaray Astronomy"
    },
    "2013ICRC...33.2780K_page_3_chunk_2": {
        "text": "l pixels of size 0 .02◦×0.02◦around\nthe Crab nebula (resulting in a squared analysis region of\nabout2◦×2◦aroundtheCrabnebula).Tenlogarithmically-\nspaced bins in energy have been adopted. Instead of sum-\nming the eventsof the individualruns into a single counts\ncube, we created one counts cube per run and performed\ntheanalysisbymaximizingthesumofthelikelihoodofall\npixelsin the4runs.\nThe binned analysis resulted in a maximum likelihood\nposition of the Crab nebula that was offset by less than 1\narcmin from the nominal position. The ﬁtted power law\nspectral parameters are illustrated in ﬁgure 2, where we\nshow the best ﬁtting power law (blue line) in comparison\nto the spectral points published by the H.E.S.S. using the\nHAP software framework[9]. Our ﬁtted spectrum is glob-\nally above the H.E.S.S. ﬂux points, and further investiga-\ntions are needed to understand this offset. Note, however,\nthat the publishedH.E.S.S. analysis coversa differentand\nsubstantially larger dataset than the one used",
        "page": 3,
        "link": "https://ui.adsabs.harvard.edu/link_gateway/2013ICRC...33.2780K/EPRINT_PDF",
        "title": "Towards a Common Analysis Framework for Gammaray Astronomy"
    },
    "2013ICRC...33.2780K_page_3_chunk_3": {
        "text": "S. ﬂux points, and further investiga-\ntions are needed to understand this offset. Note, however,\nthat the publishedH.E.S.S. analysis coversa differentand\nsubstantially larger dataset than the one used for our anal-\nysis, whichcouldexplaintheapparentdifferences.\nAsnextstep we performedan unbinnedmaximumlike-\nlihood analysis, for which all events within a radius of 1◦\nof the Crab nebula have been used. The analysis covers\nthe same energy range as the binned analysis. The maxi-\nmum likelihood ﬁtting results obtained with the unbinned\nanalysis are extremely close to those obtained with the\nbinned analysis, demonstrating the consistency between\nboth approaches (note that binned and unbinned analyses\ndo not use exactly the same events, as the binned analy-\nsis is done on a squared 2◦×2◦analysis region while the\nunbinned analysis is done using a circular region with 2◦\nin diameter). Figure 2 shows also the power law obtained\nusing the unbinned analysis (red line). Both power laws\nare almost i",
        "page": 3,
        "link": "https://ui.adsabs.harvard.edu/link_gateway/2013ICRC...33.2780K/EPRINT_PDF",
        "title": "Towards a Common Analysis Framework for Gammaray Astronomy"
    },
    "2013ICRC...33.2780K_page_3_chunk_4": {
        "text": "region while the\nunbinned analysis is done using a circular region with 2◦\nin diameter). Figure 2 shows also the power law obtained\nusing the unbinned analysis (red line). Both power laws\nare almost indistinguishable, illustrating the consisten cy\nbetweenbothanalysismethods.Energy [MeV]1 10210310410510610710]-1 s-2.F [erg cm2E\n-1210-1110-1010-910\nCOMPTEL\nFermi-LAT H.E.S.S.Synchrotron\nemission\nInverse Compton\nscattering\nFigure3: Gamma-ray SED of the Crab nebula derived\nusingctlike.\n4.2 Multi-instrument analysis\nAs next step we extend our analysis by adding obser-\nvations of the Crab nebula performed with the COMP-\nTEL and the Fermi-LAT telescopes. We then opti-\nmize all model parameters in a joint likelihood ﬁt,\nwhere the likelihood function is computed by sum-\nming over all events in all datasets. The COMPTEL\ndata have been retrieved from the HEASARC archive\n(http://heasarc.gsfc.nasa.gov/docs/cgro/archive/ )\nand comprise about two weeks of continuous ob-\nservations of the Crab nebula (",
        "page": 3,
        "link": "https://ui.adsabs.harvard.edu/link_gateway/2013ICRC...33.2780K/EPRINT_PDF",
        "title": "Towards a Common Analysis Framework for Gammaray Astronomy"
    },
    "2013ICRC...33.2780K_page_3_chunk_5": {
        "text": "atasets. The COMPTEL\ndata have been retrieved from the HEASARC archive\n(http://heasarc.gsfc.nasa.gov/docs/cgro/archive/ )\nand comprise about two weeks of continuous ob-\nservations of the Crab nebula (viewing period 1.0).\nThree binned event cubes have been included in the\nanalysis, spanning the energy ranges 0 .75−1, 1−3\nand 3−10 MeV. The Fermi-LAT data have been re-\ntrieved from the Fermi Science Support Center (FSSC:\nhttp://fermi.gsfc.nasa.gov/ssc/ ). Pulse phases\nwereassignedtothedatausingtheFermiplug-inprovided\nby the LAT team and distributed with TEMPO2 and an\nephemeris built from radio observations (available on the\nFSSC). Following the procedure described in [10], pho-\ntons from the unpulsed phase interval (corresponding to\n25% of the total phase range) were selected, to avoid any\ncontamination from the Crab Pulsar. This dataset will be\nconsideredin thefollowinganalysis.\nSince the Crab nebula does not obey a single power\nlaw over such a wide energy range, we replaced the sin-\ngle",
        "page": 3,
        "link": "https://ui.adsabs.harvard.edu/link_gateway/2013ICRC...33.2780K/EPRINT_PDF",
        "title": "Towards a Common Analysis Framework for Gammaray Astronomy"
    },
    "2013ICRC...33.2780K_page_3_chunk_6": {
        "text": "ntamination from the Crab Pulsar. This dataset will be\nconsideredin thefollowinganalysis.\nSince the Crab nebula does not obey a single power\nlaw over such a wide energy range, we replaced the sin-\ngle power law for the Crab nebula by a piecewise power\nlaw that we ﬁtted over the 0 .75 MeV - 10 TeV energy\nrange. The energies at which the intensities of the piece-\nwisepowerlawhavebeenﬁttedhadbeenselectedtocover\nevenly the energy ranges covered by the instruments. In\ntotal, 22 intensities parameters have been ﬁtted for the\nCrab nebula. The ﬁtted values of the intensity parame-\nters are shown as ﬂux points in ﬁgure 3. The ﬁt of the\nsynchrotroncomponentusingCOMPTEL andFermi-LAT\ndata(dashedblueline)andtheintensitiespredictedforth e\nInverseComptonscattering for 3 differentmagneticﬁelds\n(red solid line: 100 µG, green dashed line: 200 µG, blue\ndotted line: 300 µG) are overlaid for comparison. These\ncurvesaretakenfrom[10].\nFitting a piecewise power law to multi-instrument data\nwithnon-overlapping",
        "page": 3,
        "link": "https://ui.adsabs.harvard.edu/link_gateway/2013ICRC...33.2780K/EPRINT_PDF",
        "title": "Towards a Common Analysis Framework for Gammaray Astronomy"
    },
    "2013ICRC...33.2780K_page_3_chunk_7": {
        "text": "line: 100 µG, green dashed line: 200 µG, blue\ndotted line: 300 µG) are overlaid for comparison. These\ncurvesaretakenfrom[10].\nFitting a piecewise power law to multi-instrument data\nwithnon-overlappingenergycoveragedoesnotreallywar-\nrant a joint analysis, as the intensity parameters are basi-\ncally uncorrelatedbetweenthe instruments.Separate anal -\nyses of the COMPTEL, Fermi-LAT and H.E.S.S. data\nwould in fact have led to the same results. The situation is",
        "page": 3,
        "link": "https://ui.adsabs.harvard.edu/link_gateway/2013ICRC...33.2780K/EPRINT_PDF",
        "title": "Towards a Common Analysis Framework for Gammaray Astronomy"
    },
    "2013ICRC...33.2780K_page_4_chunk_1": {
        "text": "Towards a common analysis framework forgamma-ray astronom y\n33RDINTERNATIONAL COSMICRAYCONFERENCE ,RIO DEJANEIRO2013\nEnergy [MeV]110210310410510610710810]-1 s-2.F [erg cm2E\n-1210-1110-1010-910Fermi\nCGRO COMPTEL\nCGRO EGRET\nHESS \nMAGIC\nCANGAROO \nVERITAS \nHEGRA \nCELESTE \nFigure4:Broad-bandﬁt using ctlike.\ndifferentwhenparametricspectral modelswith few (even-\ntually physical meaningful) parameters are used to de-\nscribe the data. Then, the joint datasets will constrain the\nparameters covariantly, allowing in particular for a coher -\nent assessmentofparameteruncertainties.\nForillustration,we showinﬁgure4theresult ofjointly\nﬁtting a log-parabolamodel Iγ(E)=k(E/Ep)−α−βlogE/Ep\nto the Fermi-LAT and H.E.S.S. data of the Crab nebula\nusing the ctliketool (thick black line). For comparison,\nwe also show the ﬂux points for the Crab nebula from\nthe literature that have been derived from data of various\ninstruments. The dashed grey lines present power law ﬁts\nto theFermi-LATdataandtheH.E.S.S.dataalone",
        "page": 4,
        "link": "https://ui.adsabs.harvard.edu/link_gateway/2013ICRC...33.2780K/EPRINT_PDF",
        "title": "Towards a Common Analysis Framework for Gammaray Astronomy"
    },
    "2013ICRC...33.2780K_page_4_chunk_2": {
        "text": "w the ﬂux points for the Crab nebula from\nthe literature that have been derived from data of various\ninstruments. The dashed grey lines present power law ﬁts\nto theFermi-LATdataandtheH.E.S.S.dataalone.\n4.3 Extendedemission\nThectoolssoftware is not only suited for spectral ﬁtting,\nit also providessupport for studying the gamma-rayemis-\nsion morphology. A typical use case will be the determi-\nnation of the radius and width of a supernova remnant\nshell, such as the one observed for the ﬁrst time from\nRX J1713.7 −3946in VHEgamma-rays.\nTo illustrate this use case, we simulated a CTA obser-\nvation of RX J1713.7 −3946 with an exposure of 5 hours\nusingctobssim for array conﬁguration E [11]. The super-\nnova remnant has been modeled as a shell with an appar-\nent inner radius of 0 .7◦and an apparent thickness of 0 .2◦.\nApowerlawspectrumwithindexof −2.19andanintegral\nﬂux above 1 TeV of 1 .46×10−11ph cm−2s−1has been\nassumed.Theparticlebackgroundhasbeenmodeledusing\nequation 1 with σ=3◦. Figure 5 sho",
        "page": 4,
        "link": "https://ui.adsabs.harvard.edu/link_gateway/2013ICRC...33.2780K/EPRINT_PDF",
        "title": "Towards a Common Analysis Framework for Gammaray Astronomy"
    },
    "2013ICRC...33.2780K_page_4_chunk_3": {
        "text": "thickness of 0 .2◦.\nApowerlawspectrumwithindexof −2.19andanintegral\nﬂux above 1 TeV of 1 .46×10−11ph cm−2s−1has been\nassumed.Theparticlebackgroundhasbeenmodeledusing\nequation 1 with σ=3◦. Figure 5 shows in the left panel\nthe countsmapofthisobservationobtainedusing ctbin.\nWe then used ctliketo ﬁt the data using a shell model,\nwhere the shell position, inner shell radius and the shell\nthicknesswereleft asfreeparameters.Also thepowerlaw\nspectral index and integral ﬂux were left free, as well as\nthenormalizationandsizeoftheparticlebackground.The\nmodelﬁthasbeenperformedusinganunbinnedmaximum\nlikelihood analysis. The right panel of ﬁgure 5 shows the\nﬁttedmodelofRXJ1713.7 −3946thatwecomputedusing\nctmodel. The asymmetric appearance of the model is due\nto the drop of the effective area when moving away from\nthe centre of the ﬁeld of view. The match between simu-\nlated dataandﬁtted modelisverysatisfactory.\n5 Conclusions\nWe have developed a common analysis framework for\ngamma-rayastronomydatathat",
        "page": 4,
        "link": "https://ui.adsabs.harvard.edu/link_gateway/2013ICRC...33.2780K/EPRINT_PDF",
        "title": "Towards a Common Analysis Framework for Gammaray Astronomy"
    },
    "2013ICRC...33.2780K_page_4_chunk_4": {
        "text": "away from\nthe centre of the ﬁeld of view. The match between simu-\nlated dataandﬁtted modelisverysatisfactory.\n5 Conclusions\nWe have developed a common analysis framework for\ngamma-rayastronomydatathatcanpotentiallybeusedfor\nFigure5: Simulation (left) and shell model (right) of\nRX J1713.7 −3946.\nthe analysis of any type of event data. So far, interfaces\nhave been implemented to support the analysis of COMP-\nTEL, Fermi-LAT and IACT data. We have shown several\napplications that illustrate the current capabilities of t he\nframework,including joint multi-instrumentspectral ana l-\nyses and morphology studies. The basic building blocks\nof the framework are now implemented and tested; future\nworkwill be dedicatedto expandthesupportto additional\ngamma-raytelescopes,andtoenrichtheexistinginterface s\nformorecomplexanalyses.\nWe put here the emphasis on demonstrating the poten-\ntial of our framework for the future CTA observatory, al-\nlowing the scientiﬁc analysis of the observatory’s data it-\nself",
        "page": 4,
        "link": "https://ui.adsabs.harvard.edu/link_gateway/2013ICRC...33.2780K/EPRINT_PDF",
        "title": "Towards a Common Analysis Framework for Gammaray Astronomy"
    },
    "2013ICRC...33.2780K_page_4_chunk_5": {
        "text": "\nformorecomplexanalyses.\nWe put here the emphasis on demonstrating the poten-\ntial of our framework for the future CTA observatory, al-\nlowing the scientiﬁc analysis of the observatory’s data it-\nself, andenablingthejoint analysisofCTA data with data\nfromotherinstruments,suchasthosefromtheFermi-LAT\ntelescope.\nWe still needtodemonstratethatGammaLiband ctools\ncan cope with the complex particle backgroundthat is en-\ncounteredin VHE astronomy(so far, tests have only been\ndoneontheCrabnebula,whichisabrightpointsourcefor\nwhichtheparticlebackgroundmodelingislessimportant).\nThiswillbeachievedbyapplyingourtoolstoexistingdata\nfromH.E.S.S.andtheotheractiveVHEexperiments.Con-\nfronting the framework to real data will allow us to reﬁne\nthe particle backgroundmodelingmethods,andto demon-\nstrate the validity of our approach. We furthermore plan\ntoimplementalsotheconventionalVHEanalysismethods\ninGammaLiband ctools,enablingcross-checkingwithre-\nsultsobtainedbytheexistinganalysischains.\nWe ﬁnally recall ",
        "page": 4,
        "link": "https://ui.adsabs.harvard.edu/link_gateway/2013ICRC...33.2780K/EPRINT_PDF",
        "title": "Towards a Common Analysis Framework for Gammaray Astronomy"
    },
    "2013ICRC...33.2780K_page_4_chunk_6": {
        "text": "ity of our approach. We furthermore plan\ntoimplementalsotheconventionalVHEanalysismethods\ninGammaLiband ctools,enablingcross-checkingwithre-\nsultsobtainedbytheexistinganalysischains.\nWe ﬁnally recall that GammaLib and ctoolsare open\nsourcecommunitytools.Thesoftwarecanbefreelydown-\nloadedfrom http://sourceforge.net/projects/gammalib\nandhttp://cta.irap.omp.eu/ctools , and we invite\neverybody interested in using the tools to do so, or even\nbetter, to join the development team for making the prod-\nuctevenbetter.\nAcknowledgment: We gratefully acknowledge support from\ntheagenciesandorganizationslistedinthispage:http:// www.cta-\nobservatory.org/?q=node/22. We also acknowledge the H.E. S.S.\nand MAGIC collaborations for releasing some data for CTA-\n1DC.\nReferences\n[1] J.Holder, APh,39 (2012), 61\n[2] P.F.Michelson, W.B.Atwood, S.Ritz,RPPh,73(2010),\n4901\n[3] P.L.Nolan, etal.,ApJS,199 (2012), 31\n[4] B.S.Archaya, etal.,APh,43 (2013), 3\n[5] W.D.Pence, L.Chiappetti, C.G.Page,R.A.Shaw,E.Stobi e,\nA&A,5",
        "page": 4,
        "link": "https://ui.adsabs.harvard.edu/link_gateway/2013ICRC...33.2780K/EPRINT_PDF",
        "title": "Towards a Common Analysis Framework for Gammaray Astronomy"
    },
    "2013ICRC...33.2780K_page_4_chunk_7": {
        "text": "] P.F.Michelson, W.B.Atwood, S.Ritz,RPPh,73(2010),\n4901\n[3] P.L.Nolan, etal.,ApJS,199 (2012), 31\n[4] B.S.Archaya, etal.,APh,43 (2013), 3\n[5] W.D.Pence, L.Chiappetti, C.G.Page,R.A.Shaw,E.Stobi e,\nA&A,524 (2010), A42",
        "page": 4,
        "link": "https://ui.adsabs.harvard.edu/link_gateway/2013ICRC...33.2780K/EPRINT_PDF",
        "title": "Towards a Common Analysis Framework for Gammaray Astronomy"
    },
    "2013ICRC...33.2780K_page_5_chunk_1": {
        "text": "Towards a common analysis framework forgamma-ray astronom y\n33RDINTERNATIONAL COSMICRAYCONFERENCE ,RIO DEJANEIRO2013\n[6] F.Valdes, ASPC,25(1992), 417\n[7] W.Pence, J.K.Blackburn, E.Greene, ASPC,52 (1993) 541\n[8] G.Dubus, et al.,APh,43 (2013), 317\n[9] B.Kh´ eliﬁ,et al.,Proc.of the 30th ICRC,2(2008), 803-8 06\n[10] A. Abdo, et al.,ApJ,708 (2010), 1254\n[11] K. Bernl¨ ohr, etal.,APh, 43(2013), 171",
        "page": 5,
        "link": "https://ui.adsabs.harvard.edu/link_gateway/2013ICRC...33.2780K/EPRINT_PDF",
        "title": "Towards a Common Analysis Framework for Gammaray Astronomy"
    }
}