{
    "2013arXiv1301.5514G_page_1_chunk_1": {
        "text": "arXiv:1301.5514v2  [astro-ph.HE]  8 Feb 2013GEMS Neutron Star White Paper\nWhite Paper on GEMS Study of\nPolarized X-rays from Neutron Stars\nPranab Ghosh4, Lorella Angelini1, Matthew Baring2, Wayne Baumgartner1, Kevin Black1,\nJessie Dotson3, Alice Harding1, Joanne Hill1, Keith Jahoda1, Phillip Kaaret5, Tim\nKallman1, Henric Krawczynski6, Julian Krolik7, Dong Lai8, Craig Markwardt1, Herman\nMarshall9, Jeﬀrey Martoﬀ10, Robin Morris3, Takashi Okajima1, Robert Petre1, Juri\nPoutanen11, Stephen Reynolds12, Jeﬀrey Scargle3, Jeremy Schnittman1, Peter Serlemitsos1,\nYang Soong1, Tod Strohmayer1, Jean Swank1, Y. Tawara13, and Toru Tamagawa14\nABSTRACT\nWe examine the expected X-ray polarization properties of neutron -star X-ray\nsources of various types, e.g., accretion and rotation powered pulsars, magnetars,\nand low-mass X-ray binaries. We summarize the model calculations lea ding to\nthese expected properties. We describe how a comparison of thes e with their ob-\nserved properties, as inferred from GE",
        "page": 1,
        "link": "https://ui.adsabs.harvard.edu/link_gateway/2013arXiv1301.5514G/EPRINT_PDF",
        "title": "White Paper on GEMS Study of Polarized Xrays from Neutron Stars"
    },
    "2013arXiv1301.5514G_page_1_chunk_2": {
        "text": "rs,\nand low-mass X-ray binaries. We summarize the model calculations lea ding to\nthese expected properties. We describe how a comparison of thes e with their ob-\nserved properties, as inferred from GEMS data, will probe the ess ential dynam-\nical, electromagnetic, plasma, and emission processes in neutron-s tar binaries,\n1NASA/GSFC\n2Department of Physics and Astronomy, Rice Univ.\n3NASA/ARC\n4Department of Astronomy and Astrophysics, TIFR, Mumbai, India\n5Department of Physics and Astronomy, University of Iowa\n6Department of Physics, Washington U.\n7Department of Physics and Astronomy, Johns Hopkins University\n8Department of Astronomy, Cornell University\n9Center for Space Research, MIT\n10Department of Physics, Temple U.\n11U. Oulu, Finland\n12Department of Physics and Astronomy, North Carolina State Unive rsity\n13Nagoya University, Japan\n14Riken University, Japan",
        "page": 1,
        "link": "https://ui.adsabs.harvard.edu/link_gateway/2013arXiv1301.5514G/EPRINT_PDF",
        "title": "White Paper on GEMS Study of Polarized Xrays from Neutron Stars"
    },
    "2013arXiv1301.5514G_page_1_chunk_3": {
        "text": "tate Unive rsity\n13Nagoya University, Japan\n14Riken University, Japan",
        "page": 1,
        "link": "https://ui.adsabs.harvard.edu/link_gateway/2013arXiv1301.5514G/EPRINT_PDF",
        "title": "White Paper on GEMS Study of Polarized Xrays from Neutron Stars"
    },
    "2013arXiv1301.5514G_page_2_chunk_1": {
        "text": "– 2 –\ndiscriminate between models of these processes, and constrain mo del parame-\nters. An exciting goal is the ﬁrst observational demonstration in t his context\nof the existence of vacuum resonance, a fundamental quantum e lectrodynamical\nphenomenon ﬁrst described in the 1930s.\n1. Introduction\nAmajorclassofX-raysourcesthattheGravityandExtremeMagn etismSMEX(GEMS)\nwould be studying is neutron stars in various astrophysical situatio ns, operating as accre-\ntion powered pulsars (APPs), rotation powered pulsars (RPPs), m agnetars, accretion pow-\nered millisecond X-ray pulsars (AMXPs), and bright, non-pulsing low- mass X-ray binaries\n(LMXBs) (Shapiro & Teukolsky 1983; Ghosh 2007). APPs, AMXPs an d LMXBs are bi-\nnary systems where a neutron star accretes matter from its com panion, and conversion of\nthe gravitational binding energy of the accreted matter powers X -ray emission. RPPs are\nthought to generate X-rays by one or more of the mechanisms sum marized in Sec.3, the\nultimate source of ",
        "page": 2,
        "link": "https://ui.adsabs.harvard.edu/link_gateway/2013arXiv1301.5514G/EPRINT_PDF",
        "title": "White Paper on GEMS Study of Polarized Xrays from Neutron Stars"
    },
    "2013arXiv1301.5514G_page_2_chunk_2": {
        "text": "on of\nthe gravitational binding energy of the accreted matter powers X -ray emission. RPPs are\nthought to generate X-rays by one or more of the mechanisms sum marized in Sec.3, the\nultimate source of energy for this emission being that of the neutro n star’s rotation. The\nmajority of RPPs are single, relatively young neutron stars, but th ere is a population of\nRPPs in binaries, consisting mostly of old, recycled neutron stars with low-mass compan-\nions, and also a small number of young neutron stars with massive co mpanions. Magnetars\nare believed to generate X-rays by conversion of the magnetic ene rgy available from the su-\nperstrong magnetic ﬁelds of the neutron stars in them. These obj ects are usually thought to\nbe single, although there have been occasional suggestions of mag netars in binaries. All of\nthe above classes of neutron-star X-ray sources exhibit periodic pulses at the rotation period\noftheneutronstar, except forLMXBs, forwhich these pulses ar ebelieved tobeunobservab",
        "page": 2,
        "link": "https://ui.adsabs.harvard.edu/link_gateway/2013arXiv1301.5514G/EPRINT_PDF",
        "title": "White Paper on GEMS Study of Polarized Xrays from Neutron Stars"
    },
    "2013arXiv1301.5514G_page_2_chunk_3": {
        "text": " in binaries. All of\nthe above classes of neutron-star X-ray sources exhibit periodic pulses at the rotation period\noftheneutronstar, except forLMXBs, forwhich these pulses ar ebelieved tobeunobservable\nor absent for reasons summarized in Sec.6, although the neutron s tars in these sources are\nthought to be rotating fast as a result of the recycling process wh ich they are undergoing.\nHowever, many LMXBs undergo X-ray bursts, and during the burs ts from some of them,\nperiodic oscillations havebeen observed at high frequencies, which are believed to be the\nspin frequencies (or simple multiples/submultiples thereof) of the un derlying neutron stars.\nA classic timing property exhibited by many LMXBs is quasiperiodic oscilla tions (QPO) at\nlow, medium, and high frequencies, to which we return in Sec.6.2. Cor relating the above\ntiming behaviors of the X-ray ﬂuxes from these classes of neutron -star sources with those\nof their X-ray polarization properties (amount/degree of polariza tion and",
        "page": 2,
        "link": "https://ui.adsabs.harvard.edu/link_gateway/2013arXiv1301.5514G/EPRINT_PDF",
        "title": "White Paper on GEMS Study of Polarized Xrays from Neutron Stars"
    },
    "2013arXiv1301.5514G_page_2_chunk_4": {
        "text": "in Sec.6.2. Cor relating the above\ntiming behaviors of the X-ray ﬂuxes from these classes of neutron -star sources with those\nof their X-ray polarization properties (amount/degree of polariza tion and its position angle,\nor, alternatively, the Stokes parameters) will be a principal diagno stic available to GEMS\nfor addressing the scientiﬁc questions listed in Sec.7.\nThe magnetic ﬁeld of the neutron star is the most important parame ter for categorizing",
        "page": 2,
        "link": "https://ui.adsabs.harvard.edu/link_gateway/2013arXiv1301.5514G/EPRINT_PDF",
        "title": "White Paper on GEMS Study of Polarized Xrays from Neutron Stars"
    },
    "2013arXiv1301.5514G_page_3_chunk_1": {
        "text": "– 3 –\nthe X-ray polarization properties at the source ( i.e., the environs of the neutron star), as\nexpected, since the primary cause for the emission polarized X-ray s from APPs, RPPs and\nmagnetars is this magnetic ﬁeld — directly or indirectly — as explained be low. Among\nthe above classes of neutron-star sources, APPs and RPPs are u niversally believed to have\nthe “standard” surface ﬁeld-strengths of ∼1012G canonical for neutron stars, with a rough\nspread of about one order of magnitude around this value. Magnet ars are thought to have\nsuperstrong ﬁelds∼1014−1015G by this standard, whence the name. By contrast, LMXBs\nand AMXPs are thought to have ﬁelds ∼108−109G,lowby the above standards. Such\nlow ﬁelds are believed to have been produced by a reduction of the st andard neutron-star\nﬁeld strengths in the process of recycling which occurs during the lo ng accretion phases in\nLMXBs (van den Heuvel 1992).\nFor APPs and magnetars, it is their magnetic ﬁelds that dominate bot h (a) the pro",
        "page": 3,
        "link": "https://ui.adsabs.harvard.edu/link_gateway/2013arXiv1301.5514G/EPRINT_PDF",
        "title": "White Paper on GEMS Study of Polarized Xrays from Neutron Stars"
    },
    "2013arXiv1301.5514G_page_3_chunk_2": {
        "text": " strengths in the process of recycling which occurs during the lo ng accretion phases in\nLMXBs (van den Heuvel 1992).\nFor APPs and magnetars, it is their magnetic ﬁelds that dominate bot h (a) the produc-\ntionprocesses ofpolarizedX-raysatornear theneutron-stars urface, and, (b)thesubsequent\npropagation of these polarized X-rays through the magnetosphe re surrounding the neutron\nstar (see Secs.2 and 4). This happens because the magnetic ﬁeld st rongly inﬂuences both\n(a) the diﬀerential opacity between the ordinary (O) and extraor dinary (E) polarization\nmodes, and, (b) the scattering cross-sections (Meszaros & Nag el 1985a,b). For RPPs, the\nX-rayemission process inthe magnetosphere is dominated by the loc al magnetic ﬁeld, and so\ntherefore is the polarization of the resultant radiation (Sec.3). Fo r LMXBs and AMXPs, by\ncontrast, the magnetic ﬁeld is so low that its eﬀects are thought to be negligible in the con-\ntext of X-ray polarization, so that the latter is described in terms o f no",
        "page": 3,
        "link": "https://ui.adsabs.harvard.edu/link_gateway/2013arXiv1301.5514G/EPRINT_PDF",
        "title": "White Paper on GEMS Study of Polarized Xrays from Neutron Stars"
    },
    "2013arXiv1301.5514G_page_3_chunk_3": {
        "text": ".3). Fo r LMXBs and AMXPs, by\ncontrast, the magnetic ﬁeld is so low that its eﬀects are thought to be negligible in the con-\ntext of X-ray polarization, so that the latter is described in terms o f non-magnetic Compton\nscattering (see Secs.5 and 6).\nIn addition to its magnetic ﬁeld, the other essential property which characterizes a\nneutron star is its spin period, so that it is most useful to display neu tron stars in a period\n- magnetic ﬁeld ( P−B) diagram, as shown in Fig.1. The diﬀerent classes of neutron-star\nsystems introduced above occupy characteristically diﬀerent are as in this diagram, as shown.\nThe dominant X-ray polarization-producing mechanisms are also cha racteristically diﬀerent.\nFor APPs and magnetars, it is the strong diﬀerential opacity betwe en O and E modes, while\nfor RPPs, it is the inherent strongly-polarized nature of the synch rotron/curvature radiation\nemitted from their magnetospheres, and in both cases the polariza tion degree can be very\nhigh, upto ∼80%. F",
        "page": 3,
        "link": "https://ui.adsabs.harvard.edu/link_gateway/2013arXiv1301.5514G/EPRINT_PDF",
        "title": "White Paper on GEMS Study of Polarized Xrays from Neutron Stars"
    },
    "2013arXiv1301.5514G_page_3_chunk_4": {
        "text": " RPPs, it is the inherent strongly-polarized nature of the synch rotron/curvature radiation\nemitted from their magnetospheres, and in both cases the polariza tion degree can be very\nhigh, upto ∼80%. For LMXBs and AMXPs, it is the characteristically low polarization\n(∼10%−15%) signature given to the radiation by non-magnetic Compton sca ttering in the\naccreting plasma around the neutron star.\nIn the following sections, we summarize the current state of knowle dge of the expected\nX-ray polarization properties of the above classes of neutron-st ar sources, and GEMS strate-\ngies for observing and utilizing them for diagnostics of emission geome try, magnetic ﬁeld",
        "page": 3,
        "link": "https://ui.adsabs.harvard.edu/link_gateway/2013arXiv1301.5514G/EPRINT_PDF",
        "title": "White Paper on GEMS Study of Polarized Xrays from Neutron Stars"
    },
    "2013arXiv1301.5514G_page_4_chunk_1": {
        "text": "– 4 –\nstructure, and fundamental quantum electrodynamic (QED) eﬀe cts. In Sec.2, we consider\nAPPs. RPPs are considered in Sec.3, and magnetars are dealt with in S ec.4. Low magnetic\nﬁeld systems are considered in later sections, Sec.5 dealing with AMXP s and Sec.6 describ-\ning LMXBs, including both burst oscillations and QPO sources. Finally, w e summarize our\nconclusions in Sec.7, discussing the key scientiﬁc questions to be add ressed by GEMS.\n2. Accretion Powered Pulsars (APPs)\nPlasma accreting onto the neutron star in an APP is channeled by the stellar magnetic\nﬁeld to the magnetic poles and so forms accretion columns above these poles (Lamb et al.\n1973; Davidson & Ostriker 1973). X-rays generated at the bases of the accretion columns\nare transported through the highly magnetized plasma there, and the transport properties\n(e.g., the scattering and absorption cross-sections) depend strong ly on the polarization of\nthe X-rays, being very diﬀerent for the ordinary (O) mode and the ext",
        "page": 4,
        "link": "https://ui.adsabs.harvard.edu/link_gateway/2013arXiv1301.5514G/EPRINT_PDF",
        "title": "White Paper on GEMS Study of Polarized Xrays from Neutron Stars"
    },
    "2013arXiv1301.5514G_page_4_chunk_2": {
        "text": "a there, and the transport properties\n(e.g., the scattering and absorption cross-sections) depend strong ly on the polarization of\nthe X-rays, being very diﬀerent for the ordinary (O) mode and the extraordinary (E) mode.\nWhen vacuum polarization eﬀects (see below) are negligible, the O mod e has its electric\nvector (which is the conventional deﬁnition of the direction of polar ization) lying in the\nplane deﬁned by the external ( i.e., stellar) magnetic ﬁeld Band the wave vector k, while\nthe E mode has its direction of polarization perpendicular to the ( k,B) plane. When\nvacuum polarization eﬀects are signiﬁcant, the mode characterist ics are more complicated\n(Pavlovet al.1980). This strong disparity between the transport of O and E mod es leads to\na strong polarization of the emergent radiation. A simple, rule-of-t humb argument widely\nused to illustrate the point is that, at photon energies E=hνfar below the cyclotron\nenergyEc=/planckover2pi1(eB/m ec)≈11.6B12keV (here, B12isBin units ",
        "page": 4,
        "link": "https://ui.adsabs.harvard.edu/link_gateway/2013arXiv1301.5514G/EPRINT_PDF",
        "title": "White Paper on GEMS Study of Polarized Xrays from Neutron Stars"
    },
    "2013arXiv1301.5514G_page_4_chunk_3": {
        "text": "ation. A simple, rule-of-t humb argument widely\nused to illustrate the point is that, at photon energies E=hνfar below the cyclotron\nenergyEc=/planckover2pi1(eB/m ec)≈11.6B12keV (here, B12isBin units of 1012G), the opacity κE\nof the E mode is drastically reduced compared to that of the opacity κOof the O mode,\nscaling roughly as κE∼(E/Ec)2κO(Lai & Ho 2003). Consequently, the emergent radiation\nis dominated by the E mode, which comes from the deeper and hotter layers of plasma,\nand so is strongly polarized in the direction of the E mode. We shall see below that the\nactual situation is more complicated, but that the general thrust of the above argument is\nqualitatively correct.\nEmission of X-ray pulses from APPs is conceptually visualized in terms o f rotating X-\nray beams which can be characterized as either pencil- orfan-shaped in two useful limits.\nIn the former, the opacity along the accretion column is suﬃciently lo w that the beam\nemerges preferentially along the column, in a penci",
        "page": 4,
        "link": "https://ui.adsabs.harvard.edu/link_gateway/2013arXiv1301.5514G/EPRINT_PDF",
        "title": "White Paper on GEMS Study of Polarized Xrays from Neutron Stars"
    },
    "2013arXiv1301.5514G_page_4_chunk_4": {
        "text": "cterized as either pencil- orfan-shaped in two useful limits.\nIn the former, the opacity along the accretion column is suﬃciently lo w that the beam\nemerges preferentially along the column, in a pencil shape. In the lat ter, the opacity along\nthe column is so high that the beam emerges preferentially through t he sides of the column,\nin a fan shape (Lamb et al.1973). Pulse proﬁles for these beam geometries are diﬀerent\n(Meszaros & Nagel 1985b), and so are the polarization properties (Meszaros et al.1988).",
        "page": 4,
        "link": "https://ui.adsabs.harvard.edu/link_gateway/2013arXiv1301.5514G/EPRINT_PDF",
        "title": "White Paper on GEMS Study of Polarized Xrays from Neutron Stars"
    },
    "2013arXiv1301.5514G_page_5_chunk_1": {
        "text": "– 5 –\nWe follow here the description of these properties pioneered by Mes zaros and co-authors on\nthe basis of their extensive numerical treatment of radiative tran sfer through the strongly\nmgnetized plasma in the accretion columns (Meszaros & Nagel 1985a ).\nIntheMeszaros et al.approach, thepencilbeamismodeledasemissionfromthefaceofa\nplasma slab lying on the stellar magnetic pole (the stellar magnetic ﬁeld b eing perpendicular\nto the slab surface), while the fan beam is modeled as emission from th e sides of a plasma\ncylinder sticking outofthestellarsurfacearoundthemagneticpole (thestellar magneticﬁeld\nbeing along the cylinder axis). Transfer of radiation is handled in eithe r geometry through\nthe Feautrier formalism (Feautrier 1964), using scattering and ab sorption cross-sections for\nO and E modes, and a redistribution matrix that keeps track of the s cattering of photons\nfrom one angle to another, from one energy to another, and from one polarization mode to\nthe other (Meszaros & N",
        "page": 5,
        "link": "https://ui.adsabs.harvard.edu/link_gateway/2013arXiv1301.5514G/EPRINT_PDF",
        "title": "White Paper on GEMS Study of Polarized Xrays from Neutron Stars"
    },
    "2013arXiv1301.5514G_page_5_chunk_2": {
        "text": "and E modes, and a redistribution matrix that keeps track of the s cattering of photons\nfrom one angle to another, from one energy to another, and from one polarization mode to\nthe other (Meszaros & Nagel 1985a).\nIn a strong magnetic ﬁeld, not only is the plasma birefringent, but so also is the vac-\nuum, the latter being a fundamental quantum electrodynamical (Q ED) eﬀect ﬁrst pointed\nout long ago (Heisenberg & Euler 1936). These two eﬀects generally work “against” each\nother in a sense, and so “compensate” each other at a point called vacuum resonance\n(Meszaros & Ventura 1979), where the degree of linear polarizatio n vanishes1. This vac-\nuum resonance energy Evdepends on both the magnetic ﬁeld strength Band the electron\ndensityne, and is given by Ev≈13B−1\n12n1/2\ne,22keV (here, ne,22isnein units of 1022cm−3, and\nB12as before). For photon energies below Ev, the normal modes of the plasma dominate\nin the radiation-transfer process, while those of the vacuum domin ate atE > E v. Cross-\ns",
        "page": 5,
        "link": "https://ui.adsabs.harvard.edu/link_gateway/2013arXiv1301.5514G/EPRINT_PDF",
        "title": "White Paper on GEMS Study of Polarized Xrays from Neutron Stars"
    },
    "2013arXiv1301.5514G_page_5_chunk_3": {
        "text": "n units of 1022cm−3, and\nB12as before). For photon energies below Ev, the normal modes of the plasma dominate\nin the radiation-transfer process, while those of the vacuum domin ate atE > E v. Cross-\nsections for scattering and absorption for both E and O modes sho w strong features both at\nthe cyclotron energy Ecand at the vacuum resonance energy Ev(Meszaros & Nagel 1985a),\nso that the polarization properties of the emergent X-rays from A PPs go through strong\nchanges when the X-ray photon energy passes through either of these resonances, providing\nvaluable diagnostics of magnetic ﬁelds and plasma conditions. For can onical ﬁeld strengths\nof APPs (see above), it is clear that Ecwould be outside the energy range of GEMS op-\neration, so that our focus here will necessarily be on the expected changes in the essential\npolarization parameters at Ev.\nThe GEMS energy-band of ∼1−10 keV deﬁnes an allowed region in the Magnetic\nField - Luminosity ( B−L) plane of APPs, so that, within this region",
        "page": 5,
        "link": "https://ui.adsabs.harvard.edu/link_gateway/2013arXiv1301.5514G/EPRINT_PDF",
        "title": "White Paper on GEMS Study of Polarized Xrays from Neutron Stars"
    },
    "2013arXiv1301.5514G_page_5_chunk_4": {
        "text": " changes in the essential\npolarization parameters at Ev.\nThe GEMS energy-band of ∼1−10 keV deﬁnes an allowed region in the Magnetic\nField - Luminosity ( B−L) plane of APPs, so that, within this region, Evliesinsidethe\nGEMS band, and therefore valuable diagnsotics at Evwould be possible with GEMS. A\n1Actually, the directions of the dominant linear polarizations generat ed by plasma and vacuum birefrin-\ngence are perpendicular to each other. At vacuum resonance, th eir strengths are equal, so that the resultant\npolarization is circular, not linear.",
        "page": 5,
        "link": "https://ui.adsabs.harvard.edu/link_gateway/2013arXiv1301.5514G/EPRINT_PDF",
        "title": "White Paper on GEMS Study of Polarized Xrays from Neutron Stars"
    },
    "2013arXiv1301.5514G_page_6_chunk_1": {
        "text": "– 6 –\nrough sketch of this allowed region is shown in Fig.2, for canonical pro perties of accreting\nneutron stars and accretion geometry (Ghosh et al.2013).\nModel X-ray pulse proﬁles of APPs are shown in Figs.3 and 4, togethe r with the (linear)\nX-ray polarization degree PLand the polarization angle χas functions of the pulse phase φ,\nas obtained from the numerical scheme of Meszaros et al., referred to henceforth as the M\nscheme. For the particular neutron-star and accreting-plasma paramet ers used in the results\ndisplayed in Figs.3 and 4, the cyclotron resonance energy is Ec≈38 keV, and the vacuum\nresonance energy is Ev≈22 keV. (Note that we have shown here for illustration the original\nM scheme results obtained for the parameters used by those auth ors. Recent estimates of\nthese parameters for well-known, bright APPs indicate that Evis expected to be in the\nGEMS band for a substantial number of them (Ghosh et al.2013).) We shall henceforth\ncall libraries of such model proﬁles of tot",
        "page": 6,
        "link": "https://ui.adsabs.harvard.edu/link_gateway/2013arXiv1301.5514G/EPRINT_PDF",
        "title": "White Paper on GEMS Study of Polarized Xrays from Neutron Stars"
    },
    "2013arXiv1301.5514G_page_6_chunk_2": {
        "text": "ers for well-known, bright APPs indicate that Evis expected to be in the\nGEMS band for a substantial number of them (Ghosh et al.2013).) We shall henceforth\ncall libraries of such model proﬁles of total X-ray intensity ( I),PL, andχas functions of\nessential system parameters ( e.g., the inclination angle and the observer angle) as atlases.\nComparison of such atlases with GEMS data on APPs will be a major diag nostic probe in\nour work, and we hereby name this probe pulse phase polarimetry , which will indeed be a\nmost useful probe for X-ray pulsars of any kind, as we shall see in s ubsequent sections.\nA key signature of the beam geometry (pencil or fan) is the phase c orrelation between\nthe pulse proﬁle (which we can also call the intensity proﬁle or I-proﬁle) and the PL-proﬁle,\nwhich can be seen clearly in Figs.3 and 4. For pencil beams, the maximum inPLis generally\nin phase with the pulse maximum for photon energies below Ev, but generally out of phase\nfor photon energies above Ev. Fo",
        "page": 6,
        "link": "https://ui.adsabs.harvard.edu/link_gateway/2013arXiv1301.5514G/EPRINT_PDF",
        "title": "White Paper on GEMS Study of Polarized Xrays from Neutron Stars"
    },
    "2013arXiv1301.5514G_page_6_chunk_3": {
        "text": "e seen clearly in Figs.3 and 4. For pencil beams, the maximum inPLis generally\nin phase with the pulse maximum for photon energies below Ev, but generally out of phase\nfor photon energies above Ev. For fan beams, the situation is exactly the opposite. In a\nsimilar vein, the phase correlation between the pulse proﬁle and the χ-proﬁle is also a good\ndiagnostic. For pencil beams, χgenerally goes from positive to negative values at the pulse\nmaximum, and from negative to positive values at the pulse minimum2. Again, for fan\nbeams, the situation is exactly the opposite.\nIt follows from the above that a good pictorial representation of t heI−PLdiagnostic\nwould be a direct I−PLplot, which can be obtained from the I- andPL-proﬁles, treating\nthe phase φas a parameter. This I−PLplot would be a closed, ellipse-like, but more\ncomplicated curve, in analogy with the familiar Lissajous ﬁgure which w ould occur if the\nabove proﬁles were sinusoids (Ghosh et al.2013). The major axis of this ﬁgure would ",
        "page": 6,
        "link": "https://ui.adsabs.harvard.edu/link_gateway/2013arXiv1301.5514G/EPRINT_PDF",
        "title": "White Paper on GEMS Study of Polarized Xrays from Neutron Stars"
    },
    "2013arXiv1301.5514G_page_6_chunk_4": {
        "text": "d, ellipse-like, but more\ncomplicated curve, in analogy with the familiar Lissajous ﬁgure which w ould occur if the\nabove proﬁles were sinusoids (Ghosh et al.2013). The major axis of this ﬁgure would have\na positive slope below Ev, but a negative slope above this energy for pencil beams, so that\nthe ﬁgure would turn dramatically by about 90 degrees as the obser vation energy passes\n2We exclude here discontinuous jumps χby 180 degrees, which occur when the line of sight points directly\ndown at the magnetic pole at some pulse phase, and there is a discont inuous jump in the angle between\nsky-projected stellar magnetic ﬁeld vector and the sky-project ed rotation axis.",
        "page": 6,
        "link": "https://ui.adsabs.harvard.edu/link_gateway/2013arXiv1301.5514G/EPRINT_PDF",
        "title": "White Paper on GEMS Study of Polarized Xrays from Neutron Stars"
    },
    "2013arXiv1301.5514G_page_7_chunk_1": {
        "text": "– 7 –\nthroughEv. For fan beams, the situation would be the opposite, and the turn w ould be in\nthe opposite direction (Ghosh et al.2013). Similar considerations apply to the I−χplot.\nThe slab or cylinder shaped emission regions envisaged in the above M s cheme are typ-\nically of radial extents ∼1−103m (Meszaros & Nagel 1985a,b), i.e., small compared to the\nneutron-star radius, and quite tiny compared to the typical exte nt of an APP magnetosphere\n(∼106−107m). Polarized X-raysproduced bytheseregionspropagatesubse quently through\nthe magnetospheres of APPs, which lead to possible modiﬁcations of their properties. There\nare two major propagation eﬀects whose polarization signatures o n X-rays from APPs need\nto be quantiﬁed fully.\nThe ﬁrst eﬀect is the resonant Compton scattering of an outgoing photon generated by\nthe M scheme fromthose points in the accretion column where the ph oton’s frequency equals\nthe local cyclotron frequency in the rest frame of the infalling plasm a. In the rest f",
        "page": 7,
        "link": "https://ui.adsabs.harvard.edu/link_gateway/2013arXiv1301.5514G/EPRINT_PDF",
        "title": "White Paper on GEMS Study of Polarized Xrays from Neutron Stars"
    },
    "2013arXiv1301.5514G_page_7_chunk_2": {
        "text": "g photon generated by\nthe M scheme fromthose points in the accretion column where the ph oton’s frequency equals\nthe local cyclotron frequency in the rest frame of the infalling plasm a. In the rest frame of\ntheneutron star , then, the corresponding condition in terms of the energies deﬁne d earlier\ncan be written as\nE=Ec\nγ(1−βµ). (1)\nHere,µ≡ˆk.ˆBis the cosine of the angle between the photon propagation ( ˆk) and magnetic\nﬁeld (ˆB) directions, β≡v/cis the dimensionless electron velocity, and γ≡(1−β2)−1/2is the\nLorentz factor. There is a limiting surface of last scattering, or escapesurface, outside which\nit is not possible to satisfy the condition given by Eq. (1). The location of this escape surface\nis given by the condition ( Ec/E)2+µ2= 1 (Fern´ andez & Davis 2011). Its radius reshas\nbeen calculated for magnetars (see Sec.4), and the values for APP s with characteristically\nlower magnetic ﬁelds (see Sec.1) are correspondingly lower, being giv en for a purely dipolar\nneutron-star magn",
        "page": 7,
        "link": "https://ui.adsabs.harvard.edu/link_gateway/2013arXiv1301.5514G/EPRINT_PDF",
        "title": "White Paper on GEMS Study of Polarized Xrays from Neutron Stars"
    },
    "2013arXiv1301.5514G_page_7_chunk_3": {
        "text": "n calculated for magnetars (see Sec.4), and the values for APP s with characteristically\nlower magnetic ﬁelds (see Sec.1) are correspondingly lower, being giv en for a purely dipolar\nneutron-star magnetic ﬁeld roughly as\nres\nRNS≈2.3/bracketleftBigg/parenleftbiggE\n1keV/parenrightbigg−1\nB12/parenleftbig\n1−µ2/parenrightbig−1/2/bracketrightBigg1/3\n. (2)\nThe second eﬀect is that of the polarization freezing radius rpl. As the X-ray photons\npropagate outward in the magnetosphere, normal modes do not m ix signiﬁcantly at ﬁrst:\nthis propagation is called adiabatic , as each mode follows its own evolution in the changing\nmagnetic ﬁeld without being aﬀected by the other one. At a suﬃcient ly large radius rpland\nsmall magnetic ﬁeld strength, however, this adiabaticity breaks do wn and the modes mix,\nthereby ﬁxing the polarization degree and direction for all further outward propagation. rpl\nhas been calculated for magnetars (see Sec.4), where the entire m agnetosphere is dominated\nby vacuum polar",
        "page": 7,
        "link": "https://ui.adsabs.harvard.edu/link_gateway/2013arXiv1301.5514G/EPRINT_PDF",
        "title": "White Paper on GEMS Study of Polarized Xrays from Neutron Stars"
    },
    "2013arXiv1301.5514G_page_7_chunk_4": {
        "text": "thereby ﬁxing the polarization degree and direction for all further outward propagation. rpl\nhas been calculated for magnetars (see Sec.4), where the entire m agnetosphere is dominated\nby vacuum polarization eﬀects (Fern´ andez & Davis 2011). This can be seen by calculating\nthe radius rvof the vacuum resonance point (see above), and remembering tha t vacuum",
        "page": 7,
        "link": "https://ui.adsabs.harvard.edu/link_gateway/2013arXiv1301.5514G/EPRINT_PDF",
        "title": "White Paper on GEMS Study of Polarized Xrays from Neutron Stars"
    },
    "2013arXiv1301.5514G_page_8_chunk_1": {
        "text": "– 8 –\npolarization eﬀects dominate for r < rv, while plasma polarization eﬀects dominate for r >\nrv. For magentars, rv≈3000RNS, whereRNSis the neutron-star radius (Fern´ andez & Davis\n2011). For APPs, on the other hand, the magnetosphere is almost entirely dominated by\nplasma polarization eﬀects, since the vacuum resonance radius is giv en by (Ghosh et al.\n2013)\nrv\nRNS≈0.91/parenleftbiggE\n1Kev/parenrightbigg4/7\nB20/49\n12R1/49\n6/parenleftbiggM\nM⊙/parenrightbigg19/49\nL−10/49\n37. (3)\nIt is clear from Eq. (3) that, except at high photon energies, high m agnetic ﬁelds, and\nvery low luminosities, the entire magnetosphere is dominated by plasm a polarization eﬀects.\nThus, acalculationof rplforAPPs involves onlythepropertiesofplasma polarizationmodes,\nand so is entirely diﬀerent from that for magentars (Ghosh et al.2013).\nA third, interesting, fundamental eﬀect is that of general relativ ity on photon propaga-\ntion near the neutron-star surface, but it appears that its stre ngth is not large e",
        "page": 8,
        "link": "https://ui.adsabs.harvard.edu/link_gateway/2013arXiv1301.5514G/EPRINT_PDF",
        "title": "White Paper on GEMS Study of Polarized Xrays from Neutron Stars"
    },
    "2013arXiv1301.5514G_page_8_chunk_2": {
        "text": "ntars (Ghosh et al.2013).\nA third, interesting, fundamental eﬀect is that of general relativ ity on photon propaga-\ntion near the neutron-star surface, but it appears that its stre ngth is not large enough for\nneutron-star radii given by modern equations of state (EOS) to w arrant a detailed inclusion\ninto a polarization computational scheme at this stage. Gravitation al bending of photon\ntrajectories can lead to interesting eﬀects on the pulse proﬁles of APPs which were studied\nin the 1980s (Rieﬀert & Meszaros 1988; Meszaros & Rieﬀert 1988). Brieﬂy, a fraction of\nthe photons emitted near the stellar surface can be so bent as to p ropagate backward, so\nthat this backward ﬂux would partly (a) be blockedby the stellar surface, and partly (b)\nenhance the ﬂux from the other magnetic pole (Rieﬀert & Meszaros 1988). T his would oc-\ncur for both pencil and fan beams in the M scheme introduced above . Consequent changes\nin the pulse proﬁle, particularly in the degree of modulation, were stu di",
        "page": 8,
        "link": "https://ui.adsabs.harvard.edu/link_gateway/2013arXiv1301.5514G/EPRINT_PDF",
        "title": "White Paper on GEMS Study of Polarized Xrays from Neutron Stars"
    },
    "2013arXiv1301.5514G_page_8_chunk_3": {
        "text": "ert & Meszaros 1988). T his would oc-\ncur for both pencil and fan beams in the M scheme introduced above . Consequent changes\nin the pulse proﬁle, particularly in the degree of modulation, were stu died by the above\nauthors (Meszaros & Rieﬀert 1988). As expected, the strength of the GR eﬀects increases\nwith increasing compactness of the neutron star, i.e., decreasing values of the parameter\nα≡RNS/Rs, whereRs= 2GMNS/c2is the Schwarzschild radius. For MNS= 1.4M⊙,\nRs≈4.2 km. The above authors studied the parameter space 1 .6≤α≤4.0 (which corre-\nspond to RNSbetween 6.7 km and 16.8 km) and showed that GR eﬀects became impor tant\nforα≤2.0, which corresponds to RNS≤8.4 km. Those neutron-star EOS which are\ncurrently considered viable give values of RNSin a narrow range around ≈12 km (corre-\nsponding to α≈3), where GR eﬀects would be minor, estimated to be ≈10% or less, for\nboth pulse proﬁles and polarization properties (Meszaros et al.1988). Accordingly, we shall\nnot consider these eﬀects furt",
        "page": 8,
        "link": "https://ui.adsabs.harvard.edu/link_gateway/2013arXiv1301.5514G/EPRINT_PDF",
        "title": "White Paper on GEMS Study of Polarized Xrays from Neutron Stars"
    },
    "2013arXiv1301.5514G_page_8_chunk_4": {
        "text": "ng to α≈3), where GR eﬀects would be minor, estimated to be ≈10% or less, for\nboth pulse proﬁles and polarization properties (Meszaros et al.1988). Accordingly, we shall\nnot consider these eﬀects further in this paper.",
        "page": 8,
        "link": "https://ui.adsabs.harvard.edu/link_gateway/2013arXiv1301.5514G/EPRINT_PDF",
        "title": "White Paper on GEMS Study of Polarized Xrays from Neutron Stars"
    },
    "2013arXiv1301.5514G_page_9_chunk_1": {
        "text": "– 9 –\n3. Rotation Powered Pulsars (RPPs)\nRadio polarization measurements have been a valuable probe of the e mission geometry\nin RPPs, and the only measurement (i.e., not an upper limit) of X-ray polarization from\nneutron stars so far has been from the well-known RPP, the Crab p ulsar, and its nebula\n(Weisskopf et al.1976). However, the emission sites and mechanisms for X-ray and r adio\nemission are believed to be entirely diﬀerent because the X-ray and r adio pulse proﬁles are\nquite diﬀerent ingeneral. There are three main types of models for X -ray (andother high en-\nergy) emission fromRPPs, namely, (a) polar cap models (see Daughe rty & Harding 1996 and\nreferences therein), where the emission occurs within a few stellar radii of the neutron-star\nsurface, (b) the outer gap models (Cheng et al.1986), where the emission occurs in the outer\nmagnetosphere near the light cylinder, and, (c) striped wind models (Petri & Kirk 2005),\nwheretheemissionoccursinthepulsarwindoutsidethelightcylinde",
        "page": 9,
        "link": "https://ui.adsabs.harvard.edu/link_gateway/2013arXiv1301.5514G/EPRINT_PDF",
        "title": "White Paper on GEMS Study of Polarized Xrays from Neutron Stars"
    },
    "2013arXiv1301.5514G_page_9_chunk_2": {
        "text": "et al.1986), where the emission occurs in the outer\nmagnetosphere near the light cylinder, and, (c) striped wind models (Petri & Kirk 2005),\nwheretheemissionoccursinthepulsarwindoutsidethelightcylinder. Intheslotgapmodel,\na recently explored variation of polar cap-type models, the emission occurs at high altitudes\nalong the last open magnetic ﬁeld line, in the outer magnetosphere (M uslimov & Harding\n2003).\nPolar-cap models assume that particles begin accelerating near the neutron-star surface,\nand emit high-energy radiation at radii comparable to RNSthrough curvature radiation\nand/or inverse Compton-induced pair cascade in the strong magne tic ﬁelds there. The slot-\ngapmodelissomewhat similar, except thatthecurvature, synchr otron, andinverse Compton\ncomponents of theradiationoriginateintheouter magnetosphere . Outer-gapmodelsassume\nthat the acceleration occurs in vacuum gaps that form between th e null-charge surfaces and\nthe light cylinder in the outer magnetosphere, and that the ob",
        "page": 9,
        "link": "https://ui.adsabs.harvard.edu/link_gateway/2013arXiv1301.5514G/EPRINT_PDF",
        "title": "White Paper on GEMS Study of Polarized Xrays from Neutron Stars"
    },
    "2013arXiv1301.5514G_page_9_chunk_3": {
        "text": "heouter magnetosphere . Outer-gapmodelsassume\nthat the acceleration occurs in vacuum gaps that form between th e null-charge surfaces and\nthe light cylinder in the outer magnetosphere, and that the observ ed high-energy radiation\nis curvature radiation and photon-photon pair-production induce d cascades from these sites.\nStriped-wind models envisage the pulsed emission as originating in the p ulsar wind beyond\nthe light cylinder, due to toroidal magnetic ﬁelds of alternating sign in this wind, which\ncan form current sheets for pulsars with high inclination, and the re connection of these\nmagnetic ﬁelds can convert magnetic energy into particle energy, le ading to sharply (double)\npeaked pulse proﬁles if the dissipation region is small enough. Both slo t-gap and outer-gap\nmodels have causticsin their emission pattern, i.e., photons emitted over a broad range of\naltitudes tend to pile upat roughly the same phase, due to an almost complete cancellation\nbetween (a) the phase delay in photo",
        "page": 9,
        "link": "https://ui.adsabs.harvard.edu/link_gateway/2013arXiv1301.5514G/EPRINT_PDF",
        "title": "White Paper on GEMS Study of Polarized Xrays from Neutron Stars"
    },
    "2013arXiv1301.5514G_page_9_chunk_4": {
        "text": "csin their emission pattern, i.e., photons emitted over a broad range of\naltitudes tend to pile upat roughly the same phase, due to an almost complete cancellation\nbetween (a) the phase delay in photon emission with increasing altitud e along a trailing ﬁeld\nline, and, (b) special-relativity eﬀects like the aberration of photon -emission directions and\nthe time-of-ﬂight eﬀects caused by the ﬁnite speed of light. In the two-pole-caustic (TPC)\nconﬁguration, strong caustics form on ﬁeld lines trailing both polar c aps, leading to light\ncurves with widely-separated sharp double peaks.\nIn the light of extensive studies of high-energy emission from RPPs w ithFermiover the",
        "page": 9,
        "link": "https://ui.adsabs.harvard.edu/link_gateway/2013arXiv1301.5514G/EPRINT_PDF",
        "title": "White Paper on GEMS Study of Polarized Xrays from Neutron Stars"
    },
    "2013arXiv1301.5514G_page_10_chunk_1": {
        "text": "– 10 –\nlast several years, it is now clear that observations strongly disfa vor polar-cap type models\nwhere this emission occurs near the neutron-star surface, and s trongly support those types\nof models in which this emission takes place in the outer magnetospher e or beyond the\nlight cylinder (Harding 2010 and references therein). Accordingly, we shall consider only\nthe latter types here for X-ray polarization studies, giving an occa sional reference to results\nfor polar-cap type models to show the diﬀerence. Expected pulse- phase variation proﬁles\nof the X-ray polarization have to be calculated numerically for these models, since simple,\nempirical models like the rotating vector model, so useful for lower- altitude radio emission\n(see,e.g., Ghosh 2007 and references therein), are no longer relevant her e. Results from\nsuch calculations for the slot-gap and outer-gap models are shown in Fig.5, with that for\nthe polar-cap model also shown for reference. The latter shows a n S-shaped s",
        "page": 10,
        "link": "https://ui.adsabs.harvard.edu/link_gateway/2013arXiv1301.5514G/EPRINT_PDF",
        "title": "White Paper on GEMS Study of Polarized Xrays from Neutron Stars"
    },
    "2013arXiv1301.5514G_page_10_chunk_2": {
        "text": "ger relevant her e. Results from\nsuch calculations for the slot-gap and outer-gap models are shown in Fig.5, with that for\nthe polar-cap model also shown for reference. The latter shows a n S-shaped swing in the\npolarizationangle, reminiscent of the rotating vector model, but irr elevant here for the above\nreasons and also in strong disagreement with optical polarization me asurements of the Crab\npulsar. The polarization signatures of the TPC/slot-gap and outer -gap models are very\ndiﬀerent indeed. In particular, for the TPC/slot-gap models, the p olarization angle shows\nvery rapid sweeps through the main peak and the interpulse, and a s trong depolarization\nassociated with each peak. These features are actually observed in theopticalpolarization\nproﬁle of the Crab pulsar (Smith et al.1988).\nAs the diﬀerent outer-magnetosphere models produce high energ y RPP pulse proﬁles\nwhich are rather similar, it would be diﬃcult to discriminate between the m on this count.\nHowever, since diﬀerent ",
        "page": 10,
        "link": "https://ui.adsabs.harvard.edu/link_gateway/2013arXiv1301.5514G/EPRINT_PDF",
        "title": "White Paper on GEMS Study of Polarized Xrays from Neutron Stars"
    },
    "2013arXiv1301.5514G_page_10_chunk_3": {
        "text": ").\nAs the diﬀerent outer-magnetosphere models produce high energ y RPP pulse proﬁles\nwhich are rather similar, it would be diﬃcult to discriminate between the m on this count.\nHowever, since diﬀerent models of this type yield quite diﬀerent polar ization proﬁles at these\nenergiesbecauseoftheirdiﬀerentmagneticﬁeldstructuresinthe outermagnetosphere, pulse-\nphase polarimetry in the X-rays would serve as an excellent discrimina tor between models,\nand this would be a major direction of RPP study with GEMS. To this end , we shall have\natlasesof the proﬁles of I,PL, andχcorresponding to the above models, each such atlas\ndetailing the proﬁles for a particular model for a grid of values for th e essential parameters,\ne.g., the inclination angle and the observer angle. The idea is exactly analo gous to what we\ndescribed in Sec.2 for APPs, and examples of such RPP atlases are sh own in Figs.6 and 7.\n4. Magnetars\nMagnetars are believed to generate X-rays by conversion of the m agnetic energy stor",
        "page": 10,
        "link": "https://ui.adsabs.harvard.edu/link_gateway/2013arXiv1301.5514G/EPRINT_PDF",
        "title": "White Paper on GEMS Study of Polarized Xrays from Neutron Stars"
    },
    "2013arXiv1301.5514G_page_10_chunk_4": {
        "text": "s to what we\ndescribed in Sec.2 for APPs, and examples of such RPP atlases are sh own in Figs.6 and 7.\n4. Magnetars\nMagnetars are believed to generate X-rays by conversion of the m agnetic energy stored\nin the twisted magnetospheres of neutron stars with superstron g magnetic ﬁelds (see Sec.1).\nThis energy release near the stellar surface is thought to produce “hot spots”, which emit\nthermal X-rays through the very thin (typically 1 −10 cm thick) neutron-star atmosphere.\nThe polarization properties of this primary radiation are determined by the interplay be-",
        "page": 10,
        "link": "https://ui.adsabs.harvard.edu/link_gateway/2013arXiv1301.5514G/EPRINT_PDF",
        "title": "White Paper on GEMS Study of Polarized Xrays from Neutron Stars"
    },
    "2013arXiv1301.5514G_page_11_chunk_1": {
        "text": "– 11 –\ntween the radii of the photospheres of O and E modes on the one ha nd, and the vacuum\nresonance radius rvon the other (see Lai & Ho 2003 and references therein). At magn etar\nﬁeld strengths, the vacuum resonance lies between the O- and E-m ode photospheres (the\nlatter always lying deeper because of the lower opacity of the E-mod e), and the emergent\nradiation from the atmosphere is dominated by the E mode at all phot on energies of in-\nterest for GEMS observations. Expected pulse-phase variations in the polarization of this\nradiation, as given by model calculations (Lai & Ho 2003), are shown in Fig.8.\nPropagation of the above polarized X-rays through magnetar mag netospheres has two\nmajor eﬀects on the polarization, which have been already introduc ed in Sec.2, viz., resonant\nCompton scattering and polarization freezing. The ﬁrst is describe d by the limiting surface\noflastscattering orthe escapesurface, outsidewhich itisnotpossible tosatisfythecondition\ngiven by Eq. (1). The lo",
        "page": 11,
        "link": "https://ui.adsabs.harvard.edu/link_gateway/2013arXiv1301.5514G/EPRINT_PDF",
        "title": "White Paper on GEMS Study of Polarized Xrays from Neutron Stars"
    },
    "2013arXiv1301.5514G_page_11_chunk_2": {
        "text": "n scattering and polarization freezing. The ﬁrst is describe d by the limiting surface\noflastscattering orthe escapesurface, outsidewhich itisnotpossible tosatisfythecondition\ngiven by Eq. (1). The locationof this escape surface is given by the c ondition ( Ec/E)2+µ2=\n1 and its radius reshas been calculated (Fern´ andez & Davis 2011) for the standard t wisted-\ndipole magnetospheric structure (Thompson et al.2002) of magnetars to be\nres\nRNS≈12/bracketleftBigg/parenleftbiggE\n1keV/parenrightbigg−1\nB14ξ/parenleftbig\n1−µ2/parenrightbig−1/2/bracketrightBigg1/2.88\n. (4)\nHere,B14is the polar magnetic ﬁeld of the magnetar in units of 1014G,ξis a geometrical\nfactor describing the angular dependence of the magnetic ﬁeld, an d the speciﬁc result given\nby Eq.(4) is for a twist parameter of unity (Fern´ andez & Davis 2011 ).\nThe second eﬀect, viz., polarization freezing, is described in terms of a polarization\nfreezing radius rpl, the physics of which has been introduced in Sec.2. Magnetar magne to-",
        "page": 11,
        "link": "https://ui.adsabs.harvard.edu/link_gateway/2013arXiv1301.5514G/EPRINT_PDF",
        "title": "White Paper on GEMS Study of Polarized Xrays from Neutron Stars"
    },
    "2013arXiv1301.5514G_page_11_chunk_3": {
        "text": " andez & Davis 2011 ).\nThe second eﬀect, viz., polarization freezing, is described in terms of a polarization\nfreezing radius rpl, the physics of which has been introduced in Sec.2. Magnetar magne to-\nspheres are completely dominated by vacuum polarization eﬀects, a s seen by calculating the\nvacuum resonance point radius (see Sec.2) rv≈3000RNS(Fern´ andez & Davis 2011). Using\nthe properties of the vacuum modes, rplfor magnetars has been calculated as\nrpl\nRNS≈146/bracketleftBigg/parenleftbiggE\n1keV/parenrightbigg−1\nB2\n14R6ξ2ζ−1/parenleftbig\n1−µ2/parenrightbig/bracketrightBigg1/4.76\n. (5)\nHereζis a dimensionless function of order unity involved in calculating the sca le length on\nwhichBchanges in the magnetosphere.\nThe above separation by roughly one order of magnitude between RNS,res, andrpl\nfor magnetars makes the calculation of propagation eﬀects relativ ely straightforward for\nthem, since resonant scattering is basically decoupled from subseq uent polarization freezing\n(Fern´ andez &",
        "page": 11,
        "link": "https://ui.adsabs.harvard.edu/link_gateway/2013arXiv1301.5514G/EPRINT_PDF",
        "title": "White Paper on GEMS Study of Polarized Xrays from Neutron Stars"
    },
    "2013arXiv1301.5514G_page_11_chunk_4": {
        "text": "l\nfor magnetars makes the calculation of propagation eﬀects relativ ely straightforward for\nthem, since resonant scattering is basically decoupled from subseq uent polarization freezing\n(Fern´ andez & Davis 2011), and both are, in a sense, decoupled fr om the processes in the\nneutron star’s atmosphere. Such calculations have been done for the propagation of an",
        "page": 11,
        "link": "https://ui.adsabs.harvard.edu/link_gateway/2013arXiv1301.5514G/EPRINT_PDF",
        "title": "White Paper on GEMS Study of Polarized Xrays from Neutron Stars"
    },
    "2013arXiv1301.5514G_page_12_chunk_1": {
        "text": "– 12 –\nassumed completely polarized radiation from the neutron-star atm osphere through a model\nmagnetar magnetosphere, and the results for the ﬁnal emergen t radiation are summarized in\nFig.9. The propagation eﬀects tend to reduce the amount of polariz ation, but polarization\ndegrees are still relatively high ( ∼40−80%) at lower ( ∼2−4 keV) energies, and particularly\nso around the pulse minima. The calculated pulse-phase variation pro ﬁles of the X-ray\npolarization of magnetars are generally similar to those of pencil-bea m APPs (described\nby the slab model in the M scheme: see Sec.2), as expected, since ho t-spot emission from\nneutron-star surfaces in magnetars would have a pencil-beam cha racter.\n5. Accretion Powered Millisecond X-ray Pulsars (AMXPs)\nIn this and the next section, we consider systems containing accre ting neutron stars\nwith low magnetic ﬁelds ∼108−109G, where the magnetic ﬁeld is assumed to have a\nnegligible eﬀect on radiation transport, and X-ray polarization prop e",
        "page": 12,
        "link": "https://ui.adsabs.harvard.edu/link_gateway/2013arXiv1301.5514G/EPRINT_PDF",
        "title": "White Paper on GEMS Study of Polarized Xrays from Neutron Stars"
    },
    "2013arXiv1301.5514G_page_12_chunk_2": {
        "text": "sider systems containing accre ting neutron stars\nwith low magnetic ﬁelds ∼108−109G, where the magnetic ﬁeld is assumed to have a\nnegligible eﬀect on radiation transport, and X-ray polarization prop erties of such systems\nare described in terms of Compton scattering in a plasma conﬁgurat ion with a geometry\nappropriate for the system. We consider AMXPs ﬁrst, of which the re are about thirteen\ncurrently known. These systems are believed to have been produc ed by the recycling of\nneutron stars in low-mass X-ray binaries (LMXBs: see next section ), where accretion had\nboth (a) spun up the neutron stars to millisecond periods and (b) re duced their magnetic\nﬁelds to the above levels.\nThe emission sites of AMXPs are modeled as “hot spots” on the neutr on star surface, in\nanalogy with APPs. Thermal radiation from these hot spots underg oes Compton scattering\nin the plasma behind the accretion shock, which is modeled as a plane-p arallel slab of optical\ndepth of order unity ( τ∼1). The basic ",
        "page": 12,
        "link": "https://ui.adsabs.harvard.edu/link_gateway/2013arXiv1301.5514G/EPRINT_PDF",
        "title": "White Paper on GEMS Study of Polarized Xrays from Neutron Stars"
    },
    "2013arXiv1301.5514G_page_12_chunk_3": {
        "text": "mal radiation from these hot spots underg oes Compton scattering\nin the plasma behind the accretion shock, which is modeled as a plane-p arallel slab of optical\ndepth of order unity ( τ∼1). The basic polarization signatures of Compton scattering are\nwell-known (Chandrasekhar 1960; Loskutov & Sobolev 1982; Nagir ner & Poutanen 1993).\nFor an optically thick ( τ >>1) slab the direction of the linear polarization is pref-\nerentially in the plane of the slab, and for the classic problem of a semi- inﬁnite slab in\nthe Thompson scattering limit, the maximum degree of polarization po ssible is the Chan-\ndrasekhar limit ≈12% (Chandrasekhar 1960). Detailed calculations for τ= 1 have been\nperformed, which yield typical polarization degrees ∼10%−15% (Poutanen & Svensson\n1996).\nNumerical calculations of the expected polarization properties of C ompton-scattered\nradiation emitted by such hot spots on neutron stars have been do ne, including special\nrelativistic boosting and aberration, and general r",
        "page": 12,
        "link": "https://ui.adsabs.harvard.edu/link_gateway/2013arXiv1301.5514G/EPRINT_PDF",
        "title": "White Paper on GEMS Study of Polarized Xrays from Neutron Stars"
    },
    "2013arXiv1301.5514G_page_12_chunk_4": {
        "text": "f the expected polarization properties of C ompton-scattered\nradiation emitted by such hot spots on neutron stars have been do ne, including special\nrelativistic boosting and aberration, and general relativistic light be nding in Schwarzschild\nspace-time. Forslowly-rotating neutronstars, thepolarizationv ectorliesintheplanedeﬁned",
        "page": 12,
        "link": "https://ui.adsabs.harvard.edu/link_gateway/2013arXiv1301.5514G/EPRINT_PDF",
        "title": "White Paper on GEMS Study of Polarized Xrays from Neutron Stars"
    },
    "2013arXiv1301.5514G_page_13_chunk_1": {
        "text": "– 13 –\nby the normal to the hot spot and line of sight, as expected, since t hese are the basic\ndirections in a non-magnetic system. In fact, the polarization angle can be described by\na rotating-vector type model (see Sec.3) which includes the spec ial and general relativistic\neﬀects (Viironen & Poutanen 2004). Model pulse-phase proﬁles of I,PL, andχfrom such\ncalculations are shown in Fig.10. The idea in this case is also to have an a tlas of these\nproﬁles for a grid of values of the essential parameters like spot co latitude (referred to the\nrotation axis of the neutron star) and observer angle, to be comp ared with GEMS data on\nAMXPs. Such pulse phase polarimetry will be an excellent diagnostic pr obe of the emission\ngeometry in these systems.\n6. Low-Mass X-ray Binaries (LMXBs)\nBright, accretion-powered galactic-bulgeLMXBs areamongthe br ightest X-raybinaries\nknown, and are widely believed to be the nurseries producing AMXPs b y recycling. Their\npersistent X-ray emission does not sh",
        "page": 13,
        "link": "https://ui.adsabs.harvard.edu/link_gateway/2013arXiv1301.5514G/EPRINT_PDF",
        "title": "White Paper on GEMS Study of Polarized Xrays from Neutron Stars"
    },
    "2013arXiv1301.5514G_page_13_chunk_2": {
        "text": "accretion-powered galactic-bulgeLMXBs areamongthe br ightest X-raybinaries\nknown, and are widely believed to be the nurseries producing AMXPs b y recycling. Their\npersistent X-ray emission does not show periodicity at any possible rotation per iod relevant\nfor neutron stars, although they are thought to harbor fast-r otating neutron stars with\nmillisecondperiods. Variousexplanationshavebeenoﬀeredforthis, e.g., (a)thattheemitted\npulses are “washed out” by the dense plasma surrounding the neutron star, or (b) that th eir\nrotation and magnetic axes have become aligned by accretion torqu es, so that they actually\ndo not pulse. Thus, the kind of pulse phase polarimetry we have discu ssed so far in this\npaper is not possible for them.\n6.1. Burst Oscillations\nHowever, many LMXBs undergo X-ray bursts, and coherent pulsa tions at millisecond\nperiods have been detected during these bursts in about twenty o f them so far. Identifying\nthis periodicity with that of the neutron star’s rotation, we c",
        "page": 13,
        "link": "https://ui.adsabs.harvard.edu/link_gateway/2013arXiv1301.5514G/EPRINT_PDF",
        "title": "White Paper on GEMS Study of Polarized Xrays from Neutron Stars"
    },
    "2013arXiv1301.5514G_page_13_chunk_3": {
        "text": "sts, and coherent pulsa tions at millisecond\nperiods have been detected during these bursts in about twenty o f them so far. Identifying\nthis periodicity with that of the neutron star’s rotation, we can aga in use the above ideas\nof pulse phase polarimetry as a diagnostic probe of the emission geom etry in these systems.\nThese bursts are thought to be due to the ignition of thermonuclea r reactions in the accreted\nmaterial upon reaching a critical temperature and density, deep in the atmosphere of the\nneutron star where the optical depth is extremely large, so that t he semi-inﬁnite slab limit\ndiscussed in Sec.5 applies. Furthermore, at sub-Eddington luminosit ies, the burst process is\nnot expected to “lift” the atmosphere to any signiﬁcant extent, s o that the static slab limit\nstill applies, and straightforward calculations can and have been do ne with the aid of the\nChandrasekhar-Sobolev formalism mentioned above.",
        "page": 13,
        "link": "https://ui.adsabs.harvard.edu/link_gateway/2013arXiv1301.5514G/EPRINT_PDF",
        "title": "White Paper on GEMS Study of Polarized Xrays from Neutron Stars"
    },
    "2013arXiv1301.5514G_page_13_chunk_4": {
        "text": "ies, and straightforward calculations can and have been do ne with the aid of the\nChandrasekhar-Sobolev formalism mentioned above.",
        "page": 13,
        "link": "https://ui.adsabs.harvard.edu/link_gateway/2013arXiv1301.5514G/EPRINT_PDF",
        "title": "White Paper on GEMS Study of Polarized Xrays from Neutron Stars"
    },
    "2013arXiv1301.5514G_page_14_chunk_1": {
        "text": "– 14 –\nResults of such calculations (Viironen & Poutanen 2004) are shown in Fig.11, again\ndetailing the model pulse-phase proﬁles of I,PL, andχ. The procedure here is again to have\nan atlas of these proﬁles for a grid of values of the essential param eters like the colatitude of\nthe of the spot where the burst occurs, and the observer angle, to be compared with GEMS\ndata for diagnostics of the burst emission region.\n6.2. Quasiperiodic Oscillations (QPOs)\nA major property of bright LMXBs in the time or frequency domain is t he quasiperiodic\noscillation(QPO)exhibitedbythem. QPOsappearasrelativelywide, bu tclearlydiscernible,\npeaksinthepowerspectraofLMXBs, asopposedtotheextremely sharppeakscorresponding\nto periodic pulses that appear in the power spectra of APPs. QPOs o ccur at both low\nfrequencies ( νQPO∼6−50Hz) andhigh“kilohertz” frequencies ( νQPO∼400−1000Hz), and\nthey have also been detected recently at intermediate “hectoher tz”frequencies (van der Klis\n2006). The low-frequency (LF) ",
        "page": 14,
        "link": "https://ui.adsabs.harvard.edu/link_gateway/2013arXiv1301.5514G/EPRINT_PDF",
        "title": "White Paper on GEMS Study of Polarized Xrays from Neutron Stars"
    },
    "2013arXiv1301.5514G_page_14_chunk_2": {
        "text": "encies ( νQPO∼6−50Hz) andhigh“kilohertz” frequencies ( νQPO∼400−1000Hz), and\nthey have also been detected recently at intermediate “hectoher tz”frequencies (van der Klis\n2006). The low-frequency (LF) QPOs are particularly strong, and so were the ﬁrst to be\ndiscovered (van der Klis et al.1985). The study of QPOs and their relations with LMXB\nspectral states has become a most valuable diagnostic tool for pr obing the dynamics of inner\naccretion disks andtheinteractions between neutron starsanda ccretiondisks. Studies of the\npolarization properties of QPO sources have a great potential for adding a new dimension\nto this probe.\nInsteadofthepulse phasepolarimetrymethodsavailableforperiod icsources, theappro-\npriatediagnosticapproachforQPOsourceswouldbethroughstud iesofthecross-correlations\nbetween intensity and polarization parameters, and the associate d cross-spectral analysis,\nwhich, in a sense, are the natural extensions of pulse-phase polar imetry to quasiperiodic\nsources. Schemes for ",
        "page": 14,
        "link": "https://ui.adsabs.harvard.edu/link_gateway/2013arXiv1301.5514G/EPRINT_PDF",
        "title": "White Paper on GEMS Study of Polarized Xrays from Neutron Stars"
    },
    "2013arXiv1301.5514G_page_14_chunk_3": {
        "text": "een intensity and polarization parameters, and the associate d cross-spectral analysis,\nwhich, in a sense, are the natural extensions of pulse-phase polar imetry to quasiperiodic\nsources. Schemes for such analysis are being constructed (Ghos h & Swank 2013). The ana-\nlog of the atlases for periodic sources referred to in the earlier sec tions of this paper would,\nin this context, be the atlases of cross-spectra for various QPO m odels, for a grid of values\nof the essential parameters of each model. Comparison of such at lases with the observed\ncross-spectra obtained from GEMS data would discriminate betwee n models and constrain\nmodel parameters. AsLF QPOs areparticularly strong, these wou ld bethe ideal ﬁrst testing\ngrounds for this scheme.",
        "page": 14,
        "link": "https://ui.adsabs.harvard.edu/link_gateway/2013arXiv1301.5514G/EPRINT_PDF",
        "title": "White Paper on GEMS Study of Polarized Xrays from Neutron Stars"
    },
    "2013arXiv1301.5514G_page_15_chunk_1": {
        "text": "– 15 –\n7. Discussion\nWe have summarized here the principal polarization properties of th e known classes of\nneutron-star X-ray sources, as expected from model calculatio nal schemes summarized in\nthe earlier sections. Comparison of the atlases of these expected polarization properties with\nGEMS data will address some key scientiﬁc questions on X-ray emissio n from neutron stars,\nwhich we now summarize.\nFor APPs, the most immediate returns will be on the pencil/fan beam is sue. Whereas\nbeam-shape diagnostics from pulse-proﬁle studies have been indire ct and sometimes am-\nbiguous, pulse phase polarimetry provides a diagnostic, viz., the phase-relation between the\nintensity and the polarization degree or angle, which is simple, qualitatively diﬀerent for pen-\ncil and fan beams, and requires only a coarse binning in pulse phase to achieve clear results.\nHowever, the most fundamental discovery for APPs would be the d iscovery of the signature\nof vacuum resonance. As explained in Sec.2, the ",
        "page": 15,
        "link": "https://ui.adsabs.harvard.edu/link_gateway/2013arXiv1301.5514G/EPRINT_PDF",
        "title": "White Paper on GEMS Study of Polarized Xrays from Neutron Stars"
    },
    "2013arXiv1301.5514G_page_15_chunk_2": {
        "text": "nly a coarse binning in pulse phase to achieve clear results.\nHowever, the most fundamental discovery for APPs would be the d iscovery of the signature\nof vacuum resonance. As explained in Sec.2, the above phase-relat ion for a given beam-shape\nchanges sign at Ev. WhenEvlies in the GEMS band, even a very coarse energy-binning will\nbe able to ﬁnd this signature.\nFor RPPs, the major scientiﬁc issue to be addressed is the nature a nd site of the X-\nray emission, as described by the various outer-magnetosphere m odels summarized in Sec.3.\nTogether with the discrimination between these models through the ir polarization signature,\nit may also be possible to obtain valuable diagnostics of the magnetic ﬁe ld geometry, e.g.,\nwhether the ﬁeld is more similar to a retarded vacuum dipole (Deutsch ﬁeld) conﬁguration,\nor to a force-free conﬁguration.\nFor magnetars, the key issue is again the vacuum resonance point, if it is indeed within\nthe GEMS band for the observed magnetars. In contrast to the ",
        "page": 15,
        "link": "https://ui.adsabs.harvard.edu/link_gateway/2013arXiv1301.5514G/EPRINT_PDF",
        "title": "White Paper on GEMS Study of Polarized Xrays from Neutron Stars"
    },
    "2013arXiv1301.5514G_page_15_chunk_3": {
        "text": "d) conﬁguration,\nor to a force-free conﬁguration.\nFor magnetars, the key issue is again the vacuum resonance point, if it is indeed within\nthe GEMS band for the observed magnetars. In contrast to the p hase-relation which changes\nsign atEvfor APPs, it does not do so for the primary radiation emitted from the neutron-\nstar atmosphere in magnetars (Lai & Ho 2003). While the impact of p ropagation eﬀects\non this diagnostic feature need to be understood fully, all indication s at the present time\nare that they do not change it. This is thus a valuable signature of th e superstrong ﬁeld\nregime of magnetars, whose demonstration would impact the funda mental physics (QED) of\nvacuum resonance.\nFor AMXPs, the key subject amenable to polarizaton studies is the c haracter of non-\nmagnetic Compton scattering in neutron-star systems, for comp arison with that of similar\nscattering from accretion disks is black-hole systems, particularly at those radii in the latter\nsystems where GR eﬀects are mild.",
        "page": 15,
        "link": "https://ui.adsabs.harvard.edu/link_gateway/2013arXiv1301.5514G/EPRINT_PDF",
        "title": "White Paper on GEMS Study of Polarized Xrays from Neutron Stars"
    },
    "2013arXiv1301.5514G_page_15_chunk_4": {
        "text": "ttering in neutron-star systems, for comp arison with that of similar\nscattering from accretion disks is black-hole systems, particularly at those radii in the latter\nsystems where GR eﬀects are mild. This bears on the important issue of the possible impact\nof the remnant magnetic ﬁeld in AMXPs on the scattering and polariza tion signature. This\nmagnetic ﬁeld is still invoked for envisaging magnetic chanelling and pola r hot-spots of X-",
        "page": 15,
        "link": "https://ui.adsabs.harvard.edu/link_gateway/2013arXiv1301.5514G/EPRINT_PDF",
        "title": "White Paper on GEMS Study of Polarized Xrays from Neutron Stars"
    },
    "2013arXiv1301.5514G_page_16_chunk_1": {
        "text": "– 16 –\nray emission, and indeed one of the model parameters obtained by c omparing the atlases\nwith GEMS data would be the angle between the magnetic and rotation axes. Any residual\nsignature of this magnetic ﬁeld on X-ray polarization is therefore an intriguing possibilty.\nFor LMXB burst oscillations, a key question is the site of thermonucle ar ignition and\nX-ray bursts on the neutron-star surface. Recent observatio ns suggest various possible sites\nbetween the rotational equator and pole for the onset of ignition. Polarization diagnostics\nwould give us the angular position of this site in relation to the rotation axis, thus clarifying\nhow an X-ray burst develops as the burning front spreads on the r otating star. Once again,\nthe role of the residual magnetic ﬁeld in LMXBs remains an interesting issue here.\nFinally, a key target of polarization studies in LMXBs with QPOs woud be to discrimi-\nnate between various QPO models, particularly those aspects of th e models which deal with\nth",
        "page": 16,
        "link": "https://ui.adsabs.harvard.edu/link_gateway/2013arXiv1301.5514G/EPRINT_PDF",
        "title": "White Paper on GEMS Study of Polarized Xrays from Neutron Stars"
    },
    "2013arXiv1301.5514G_page_16_chunk_2": {
        "text": "eresting issue here.\nFinally, a key target of polarization studies in LMXBs with QPOs woud be to discrimi-\nnate between various QPO models, particularly those aspects of th e models which deal with\nthe interaction of the accretion disks in these systems with the rem nant magnetic ﬁeld in\nneutron stars in LMXBs. The role of rotating clumps or blobs of plasm a in quasiperiodic\nX-ray emission has been studied intensively in this context, and polar ization diagnostics will\nadd a new dimension to these studies.\n8. Epilogue\nGEMS was proposed in response to a NASA SMEX announcement of op portunity in\nDecember 2008. Itwasselected forphaseAdevelopment in2009an ddown-selected forphase\nB in 2010. A technically successful Preliminary Design Review was held in Feb 2012. NASA\nScience Mission Direectorate (SMD) indicated their intention to non- conﬁrm (or cancel) in\nMay 2012; the SMD decision was based on concerns that the eventu al cost would be too\nhigh.",
        "page": 16,
        "link": "https://ui.adsabs.harvard.edu/link_gateway/2013arXiv1301.5514G/EPRINT_PDF",
        "title": "White Paper on GEMS Study of Polarized Xrays from Neutron Stars"
    },
    "2013arXiv1301.5514G_page_16_chunk_3": {
        "text": "e (SMD) indicated their intention to non- conﬁrm (or cancel) in\nMay 2012; the SMD decision was based on concerns that the eventu al cost would be too\nhigh.",
        "page": 16,
        "link": "https://ui.adsabs.harvard.edu/link_gateway/2013arXiv1301.5514G/EPRINT_PDF",
        "title": "White Paper on GEMS Study of Polarized Xrays from Neutron Stars"
    },
    "2013arXiv1301.5514G_page_17_chunk_1": {
        "text": "– 17 –\nREFERENCES\nChandrasekhar, S. 1960, Radiative Transfer (Dover: New York) .\nCheng, K.S., Ho, C. and Ruderman, M. A. 1986, ApJ, 300, 500.\nDaugherty, J. K. and Harding, A. K. 1996, ApJ, 458, 278.\nDavidson, K. and Ostriker, J. P. 1973, ApJ, 179, 585.\nDyks J., Harding A. K., Rudak B., 2004, in Camilo F., Gaensler B. M., eds, I AU Symp. 218:\nYoung Neutron Stars and Their Environments. Astron. Soc. Pac., San Francisco, p.\n373\nFeautrier, P. 1964, Comptes Rendus Acad. Sci. Paris, 258, 3189.\nFern´ andez, R and Davis, S. 2011, ApJ, 730, 131.\nGhosh, P. 2007, Rotation and Accretion Powered Pulsars, World Sc ientiﬁc, Singapore.\nGhosh, P. and Swank, J. H. 2012, in preparation.\nGhosh, P., Kallman, T. R. and Swank, J. H. 2013, in preparation.\nHarding, A.K.2010inX-rayPolarimetry: ANewWindowinAstrophysic s, edsRonaldoBel-\nlazzini, Enrico Costa, Giorgio Matt and Gianpiero Tagliaferri, Cambridg e University\nPress, p 150.\nHarding, A. K. 2012, in preparation.\nHeisenberg, W. and Euler, H. 1936, Z. Phys,",
        "page": 17,
        "link": "https://ui.adsabs.harvard.edu/link_gateway/2013arXiv1301.5514G/EPRINT_PDF",
        "title": "White Paper on GEMS Study of Polarized Xrays from Neutron Stars"
    },
    "2013arXiv1301.5514G_page_17_chunk_2": {
        "text": "ic s, edsRonaldoBel-\nlazzini, Enrico Costa, Giorgio Matt and Gianpiero Tagliaferri, Cambridg e University\nPress, p 150.\nHarding, A. K. 2012, in preparation.\nHeisenberg, W. and Euler, H. 1936, Z. Phys, 98, 714.\nLai, D. & Ho, W. C. G. 2003, Phys Rev Lett, 91, 71101.\nLoskutov, V. M. and Sobolev, V. V. 1982, Astroﬁzika, 18, 81.\nLamb, F. K., Pethick, C. J. and Pines, D. 1973, ApJ, 184, 271.\nMeszaros, P. and Nagel, W. 1985a, ApJ, 298, 147.\nMeszaros, P. and Nagel, W. 1985b, ApJ, 299, 138.\nMeszaros, P. and Rieﬀert, H. 1988, ApJ, 327,712.\nMeszaros, P. and Ventura, J. 1979, Phys Rev D 19, 3565.",
        "page": 17,
        "link": "https://ui.adsabs.harvard.edu/link_gateway/2013arXiv1301.5514G/EPRINT_PDF",
        "title": "White Paper on GEMS Study of Polarized Xrays from Neutron Stars"
    },
    "2013arXiv1301.5514G_page_18_chunk_1": {
        "text": "– 18 –\nMeszaros, P., Novick, R., Chanan, G. A., Weisskopf, M.C. and Szentg y¨ orgyi, A. 1988, ApJ,\n324, 1056.\nMuslimov, A. G. and Harding, A. K. 2003, ApJ, 588, 430.\nNagirner, D. I. and Poutanen, J. 1993, A&A, 275, 325.\nPavlov, G. G., Shibanov, Yu. A. and Yakovlev, D. G. 1980, Ap. Space Sci., 73, 33.\nPetri, J. and Kirk, J. G. 2005, ApJ, 627, L37.\nPoutanen, J. 2010, in X-ray Polarimetry: A New Window in Astrophys ics, eds. Ronaldo Bel-\nlazzini, Enrico Costa, Giorgio Matt and Gianpiero Tagliaferri, Cambridg e University\nPress, p 168.\nPoutanen, J. and Svensson, R. 1996, ApJ, 470, 249.\nRieﬀert, H. and Meszaros, P. 1988, ApJ, 325, 207.\nShapiro, S. L. and Teukolsky, S. A. 1983, Black Holes, White Dwarfs , and Neutron Stars:\nThe Physics of Compact Objects, Wiley & Sons, New York.\nSlowikowska, A., Kanbach, G., Kramer, M. & Stefanescu, A. 2009, M on. Not. R. Astron.\nSoc., 397, 103\nSmith, F. G., et al.1988, MNRAS, 233, 305.\nThompson, C., Lyutikov, M. and Kulkarni, S. R. 2002, ApJ, 574, 332 .\nvan",
        "page": 18,
        "link": "https://ui.adsabs.harvard.edu/link_gateway/2013arXiv1301.5514G/EPRINT_PDF",
        "title": "White Paper on GEMS Study of Polarized Xrays from Neutron Stars"
    },
    "2013arXiv1301.5514G_page_18_chunk_2": {
        "text": " Kanbach, G., Kramer, M. & Stefanescu, A. 2009, M on. Not. R. Astron.\nSoc., 397, 103\nSmith, F. G., et al.1988, MNRAS, 233, 305.\nThompson, C., Lyutikov, M. and Kulkarni, S. R. 2002, ApJ, 574, 332 .\nvan den Heuvel, E. P. J. 1992, in X-ray Binaries and Recycled Pulsars , eds. E. P. J. van den\nHeuvel and S. A. Rappaport, Kluwer, Dordrecht, p. 233.\nvan der Klis, M., Jansen, F., van Paradijs, J. et al.1985, Nature, 316, 225.\nvan der Klis, M. 2006, Compact Stellar X-Ray Sources, eds. W.H.G. Le win and M. van der\nKlis, Cambridge University Press, p. 39.\nViironen, K. and Poutanen, J. 2004, A&A, 426, 985.\nWeisskopf, M.C., et al.1976, ApJ, 202, L77.\nThis preprint was prepared with the AAS L ATEX macros v5.2.",
        "page": 18,
        "link": "https://ui.adsabs.harvard.edu/link_gateway/2013arXiv1301.5514G/EPRINT_PDF",
        "title": "White Paper on GEMS Study of Polarized Xrays from Neutron Stars"
    },
    "2013arXiv1301.5514G_page_19_chunk_1": {
        "text": "– 19 –\nFig. 1.— Period - Magnetic Field ( P-B) diagram of neutron stars, showing regions con-\ntaining accretion powered pulsars (APPs, examples denoted by ast erisks), rotation powered\npulsars (RPPs, examples denoted by dots, those in binaries encircle d), and magnetars. Re-\ncycled RPPs include both millisecond radio pulsars (MSPs) and accretin g millisecond X-ray\npulsars(AMXPs). Several well-known binarysystems andsinglerec ycled pulsarsarelabeled.\nAfter Ghosh 2007.",
        "page": 19,
        "link": "https://ui.adsabs.harvard.edu/link_gateway/2013arXiv1301.5514G/EPRINT_PDF",
        "title": "White Paper on GEMS Study of Polarized Xrays from Neutron Stars"
    },
    "2013arXiv1301.5514G_page_20_chunk_1": {
        "text": "– 20 –\nFig. 2.— Allowed region, between the two solid lines, in the B−Lplane, where the vacuum\nresonance energy Evfalls in the GEMS X-ray band (see text). Only the schematic form is\nshown, with a rough scaling given by standard accretion theory. Th e upper line corresponds\nto the lower end of the GEMS band, and the lower line to the upper end .",
        "page": 20,
        "link": "https://ui.adsabs.harvard.edu/link_gateway/2013arXiv1301.5514G/EPRINT_PDF",
        "title": "White Paper on GEMS Study of Polarized Xrays from Neutron Stars"
    },
    "2013arXiv1301.5514G_page_21_chunk_1": {
        "text": "– 21 –\nFig. 3.— Atlas of pulse proﬁles (top panel), polarization amounts (midd le panel), and\nposition angles (bottom panel) for APPs with pencil beams . In each panel, the ﬁve columns\ncorrespond to diﬀerent geometries, labeled by the value of i1/i2, wherei1= observer angle\nreferred to the rotation axis, i2= inclination angle between magnetic and rotation axes,\nboth in degrees. The eight curves in each panel and column corresp ond to diﬀerent photon\nenergies, labels 1 through 8 referring to energies of 1.6, 3.8, 9.0, 18 .4, 29.1, 38.4, 51.7 and\n84.7 keV, respectively. From Meszaros et al.1988.",
        "page": 21,
        "link": "https://ui.adsabs.harvard.edu/link_gateway/2013arXiv1301.5514G/EPRINT_PDF",
        "title": "White Paper on GEMS Study of Polarized Xrays from Neutron Stars"
    },
    "2013arXiv1301.5514G_page_22_chunk_1": {
        "text": "– 22 –\nFig. 4.— Same as Fig.3, but for fan beams . From Meszaros et al.1988.",
        "page": 22,
        "link": "https://ui.adsabs.harvard.edu/link_gateway/2013arXiv1301.5514G/EPRINT_PDF",
        "title": "White Paper on GEMS Study of Polarized Xrays from Neutron Stars"
    },
    "2013arXiv1301.5514G_page_23_chunk_1": {
        "text": "– 23 –\nFig. 5.— Pulse proﬁles, polarization amounts, and position angles for t he Crab pulsar,\nshowing optical observations from Slowikowska et al. (2009) compa red with polar cap, slot\ngap/two-pole caustic, and outer gap models (see text) from Dyks et al. (2004) and the\nstriped wind model from Petri & Kirk (2005). The latter model is calc ulated for two Lorentz\nfactors, 20 and 50, shown as solid and dashed lines, respectively. α= inclination angle\nbetween rotation and magnetic axes, ζ= observer angle with respect to the rotation axis.\nFrom Slowikowska et al. (2009).",
        "page": 23,
        "link": "https://ui.adsabs.harvard.edu/link_gateway/2013arXiv1301.5514G/EPRINT_PDF",
        "title": "White Paper on GEMS Study of Polarized Xrays from Neutron Stars"
    },
    "2013arXiv1301.5514G_page_24_chunk_1": {
        "text": "– 24 –\nFig. 6.— Atlas of pulse proﬁles (black), polarization amounts (blue), a nd position angles\n(red) for RPPs with a vacuum (Deutsch) magnetic ﬁeld conﬁguratio n in the two-pole caustic\n(TPC) model (see text). Angles αandζas deﬁned in caption of Fig.5. From Harding 2012.",
        "page": 24,
        "link": "https://ui.adsabs.harvard.edu/link_gateway/2013arXiv1301.5514G/EPRINT_PDF",
        "title": "White Paper on GEMS Study of Polarized Xrays from Neutron Stars"
    },
    "2013arXiv1301.5514G_page_25_chunk_1": {
        "text": "– 25 –\nFig. 7.— Same as Fig.6, but for the outer gap (OG) model (see text). From Harding 2012.",
        "page": 25,
        "link": "https://ui.adsabs.harvard.edu/link_gateway/2013arXiv1301.5514G/EPRINT_PDF",
        "title": "White Paper on GEMS Study of Polarized Xrays from Neutron Stars"
    },
    "2013arXiv1301.5514G_page_26_chunk_1": {
        "text": "– 26 –\nFig. 8.— Pulse proﬁles and polarization amounts for magnetar emission from neutron-star\natmospheres. Line style coded by photon energy: 1keV (dashed) , 2 keV (long-dashed), 5\nkeV (solid). γ= observer angle referred to the rotation axis, β= inclination angle between\nrotation and magnetic axes. From Lai and Ho 2003.",
        "page": 26,
        "link": "https://ui.adsabs.harvard.edu/link_gateway/2013arXiv1301.5514G/EPRINT_PDF",
        "title": "White Paper on GEMS Study of Polarized Xrays from Neutron Stars"
    },
    "2013arXiv1301.5514G_page_27_chunk_1": {
        "text": "– 27 –\nFig. 9.—Pulseproﬁles, polarizationamountsandpositionanglesforth eﬁnalmagnetaremis-\nsion after including propagation eﬀects in the magnetosphere. Res ults shown for two energy\nbands: 2-4 keV and 4-12 keV. Line style/color coded by geometry, i.e., the combination (in-\nclination angle, observer angle), as follows. (45,70): solid/black, (7 0, 45): dotted/red), (60,\n70) : dashed/blue, and (90, 90) : dot-dashed/green. All angles in degrees. From Fernandez\nand Davis 2011.",
        "page": 27,
        "link": "https://ui.adsabs.harvard.edu/link_gateway/2013arXiv1301.5514G/EPRINT_PDF",
        "title": "White Paper on GEMS Study of Polarized Xrays from Neutron Stars"
    },
    "2013arXiv1301.5514G_page_28_chunk_1": {
        "text": "– 28 –\nFig. 10.— Pulse proﬁles, polarization amounts and position angles for A MXPs.θ= inclina-\ntion angle between rotation and magnetic axes, i= observer angle referred to the rotation\naxis. From Poutanen 2010.",
        "page": 28,
        "link": "https://ui.adsabs.harvard.edu/link_gateway/2013arXiv1301.5514G/EPRINT_PDF",
        "title": "White Paper on GEMS Study of Polarized Xrays from Neutron Stars"
    },
    "2013arXiv1301.5514G_page_29_chunk_1": {
        "text": "– 29 –\nFig. 11.— Pulse proﬁles, polarization amounts and position angles for b urst oscillations\nfrom LMXBs. θ= colatitude of the ignition site and i= observer angle, both referred to\nthe rotation axis. iis taken as 60 degrees in all cases shown. From Poutanen 2010.",
        "page": 29,
        "link": "https://ui.adsabs.harvard.edu/link_gateway/2013arXiv1301.5514G/EPRINT_PDF",
        "title": "White Paper on GEMS Study of Polarized Xrays from Neutron Stars"
    }
}