{
    "2013A&A...553A.118K_page_1_chunk_1": {
        "text": "Astronomy & Astrophysics manuscript no. Konrad˙arxiv c\rESO 2021\nJuly 28, 2021\nJoint reconstruction of galaxy clusters from gravitational lensing\nand thermal gas\nI. Outline of a non-parametric method\nSara Konrad, Charles L. Majer, Sven Meyer, Eleonora Sarli, and Matthias Bartelmann\nUniversit ¨at Heidelberg, Zentrum f ¨ur Astronomie, Institut f ¨ur Theoretische Astrophysik, Philosophenweg 12, 69120 Heidelberg,\nGermany\nJuly 28, 2021\nABSTRACT\nWe present a method to estimate the lensing potential from massive galaxy clusters for given observational X-ray data. The concepts\ndeveloped and applied in this work can easily be combined with other techniques to infer the lensing potential, e.g. weak gravitational\nlensing or galaxy kinematics, to obtain an overall best ﬁt model for the lensing potential. After elaborating on the physical details and\nassumptions the method is based on, we explain how the numerical algorithm itself is implemented with a Richardson-Lucy algorithm\nas a central part. Ou",
        "page": 1,
        "link": "https://ui.adsabs.harvard.edu/link_gateway/2013A&A...553A.118K/EPRINT_PDF",
        "title": "Joint reconstruction of galaxy clusters from gravitational lensing and thermal gas. I. Outline of a nonparametric method"
    },
    "2013A&A...553A.118K_page_1_chunk_2": {
        "text": "l. After elaborating on the physical details and\nassumptions the method is based on, we explain how the numerical algorithm itself is implemented with a Richardson-Lucy algorithm\nas a central part. Our reconstruction method is tested on simulated galaxy clusters with a spherically symmetric NFW density proﬁle\nﬁlled with gas in hydrostatic equilibrium. We describe in detail how these simulated observational data sets are created and how they\nneed to be fed into our algorithm. We test the robustness of the algorithm against small parameter changes and estimate the quality of\nthe reconstructed lensing potentials. As it turns out we achieve a very high degree of accuracy in reconstructing the lensing potential.\nThe statistical errors remain below 2 :0 % whereas the systematical error does not exceed 1 :0 %.\nKey words. (Cosmology:) dark matter, Galaxies: clusters: general, X-rays: galaxies: clusters, Gravitational lensing: strong,\nGravitational lensing: weak\n1. Introduction\nThe core structu",
        "page": 1,
        "link": "https://ui.adsabs.harvard.edu/link_gateway/2013A&A...553A.118K/EPRINT_PDF",
        "title": "Joint reconstruction of galaxy clusters from gravitational lensing and thermal gas. I. Outline of a nonparametric method"
    },
    "2013A&A...553A.118K_page_1_chunk_3": {
        "text": "exceed 1 :0 %.\nKey words. (Cosmology:) dark matter, Galaxies: clusters: general, X-rays: galaxies: clusters, Gravitational lensing: strong,\nGravitational lensing: weak\n1. Introduction\nThe core structure of galaxy clusters provides important cosmo-\nlogical information. Based on numerical simulations, we expect\nthe dark-matter distribution to follow a universal proﬁle with\ncharacteristic gradients and a scale radius (Navarro et al. 1997).\nOutside relatively small central regions, cluster density proﬁles\nshould not be strongly a \u000bected by baryonic physics because of\nthe long cooling times in the intracluster plasma. Cold dark mat-\nter is expected to clump on virtually arbitrarily small scales. The\nlevel of substructure in clusters thus potentially constrains the\nnature of the dark-matter particles (Boylan-Kolchin et al. 2009;\nGao et al. 2011).\nThe ratio between the scale and the virial radii of galaxy\nclusters, dubbed the concentration parameter, is frequently ob-\nserved to be substantial",
        "page": 1,
        "link": "https://ui.adsabs.harvard.edu/link_gateway/2013A&A...553A.118K/EPRINT_PDF",
        "title": "Joint reconstruction of galaxy clusters from gravitational lensing and thermal gas. I. Outline of a nonparametric method"
    },
    "2013A&A...553A.118K_page_1_chunk_4": {
        "text": "icles (Boylan-Kolchin et al. 2009;\nGao et al. 2011).\nThe ratio between the scale and the virial radii of galaxy\nclusters, dubbed the concentration parameter, is frequently ob-\nserved to be substantially di \u000berent than theoretically expected.\nIn particular in strongly gravitationally lensing clusters, concen-\ntration parameters signiﬁcantly higher than those found in nu-\nmerical simulations have been detected (Broadhurst et al. 2008;\nCoe et al. 2012, Fig. 14). It is fundamentally important to ﬁnd\nout whether this discrepancy reﬂects insu \u000ecient understanding\nat the level of our theory of cosmological structure formation, or\nwhether it is a combination of baryonic physics, selection e \u000bects\nand measurement biases that gives rise to this observation.\nA multitude of precise observational data on galaxy clusters\nis or is becoming available: Weak and strong gravitational lens-\ning constrain the distribution of the total matter density projected\nalong the line-of-sight. X-ray emission and the",
        "page": 1,
        "link": "https://ui.adsabs.harvard.edu/link_gateway/2013A&A...553A.118K/EPRINT_PDF",
        "title": "Joint reconstruction of galaxy clusters from gravitational lensing and thermal gas. I. Outline of a nonparametric method"
    },
    "2013A&A...553A.118K_page_1_chunk_5": {
        "text": "on galaxy clusters\nis or is becoming available: Weak and strong gravitational lens-\ning constrain the distribution of the total matter density projected\nalong the line-of-sight. X-ray emission and the thermal Sunyaev-\nZel’dovich e \u000bect constrain the density, temperature and pressure\nof the intracluster gas. Galaxy kinematics constrain the gradient\nof the gravitational potential, albeit in a fairly entangled way. Weshould expect to ﬁnd the strongest constraints on the core struc-\nture of galaxy clusters by combining all available types of data\nin a common and consistent way.\nWithout equilibrium or symmetry assumptions, only data\nfrom gravitational lensing can be interpreted, while the inter-\npretation of gas physics and galaxy kinematics requires at least\nequilibrium assumptions. Given such assumptions, however, all\ntypes of galaxy cluster data can be theoretically modelled on the\nbasis of the gravitational potential. In this ﬁrst paper of an in-\ntended series, we are focussing on X-ray",
        "page": 1,
        "link": "https://ui.adsabs.harvard.edu/link_gateway/2013A&A...553A.118K/EPRINT_PDF",
        "title": "Joint reconstruction of galaxy clusters from gravitational lensing and thermal gas. I. Outline of a nonparametric method"
    },
    "2013A&A...553A.118K_page_1_chunk_6": {
        "text": " assumptions, however, all\ntypes of galaxy cluster data can be theoretically modelled on the\nbasis of the gravitational potential. In this ﬁrst paper of an in-\ntended series, we are focussing on X-ray emission, devising an\nalgorithm to convert the observed surface brightness proﬁle into\na projected potential that can then directly be combined with data\nfrom gravitational lensing. Studies in progress, to be reported on\nin due course, will concern the thermal Sunyaev-Zel’dovich ef-\nfect and galaxy kinematics. The ultimate goal of our studies is\na non-parametric method combining strong and weak lensing,\nobservations of thermal gas physics and galaxy kinematics into\none consistent model for the projected cluster potential.\nThis paper is structured as follows: In Sect. 2, we develop an\nalgorithm (see Lucy 1974, 1994) for reconstructing the projected\ncluster potential from the X-ray surface brightness. Numerical\ntests, described in Sect. 3, illustrate how this algorithm per-\nforms under reas",
        "page": 1,
        "link": "https://ui.adsabs.harvard.edu/link_gateway/2013A&A...553A.118K/EPRINT_PDF",
        "title": "Joint reconstruction of galaxy clusters from gravitational lensing and thermal gas. I. Outline of a nonparametric method"
    },
    "2013A&A...553A.118K_page_1_chunk_7": {
        "text": "m (see Lucy 1974, 1994) for reconstructing the projected\ncluster potential from the X-ray surface brightness. Numerical\ntests, described in Sect. 3, illustrate how this algorithm per-\nforms under reasonably realistic conditions. Although we adopt\na spherically symmetric cluster potential for this test, spherical\nsymmetry is not a necessary condition for our algorithm to work.\nThe inﬂuence of a possible deviation from spherical symmetry\nis exempliﬁed in Sect. 3.3. The results and our conclusions are\nsummarised in Sect. 4.\n1arXiv:1304.5443v1  [astro-ph.CO]  19 Apr 2013",
        "page": 1,
        "link": "https://ui.adsabs.harvard.edu/link_gateway/2013A&A...553A.118K/EPRINT_PDF",
        "title": "Joint reconstruction of galaxy clusters from gravitational lensing and thermal gas. I. Outline of a nonparametric method"
    },
    "2013A&A...553A.118K_page_2_chunk_1": {
        "text": "Sara Konrad et al.: Joint reconstruction of galaxy clusters from gravitational lensing and thermal gas\n2. Recovering the projected gravitational potential\nfrom X-ray surface brightness\n2.1. Basic relations\nThe central object of our study is the Newtonian gravitational\npotential \b. Gravitational lensing measures the projection\n (\u0012)=2Dls\nDlDsZ\ndz\b(Dl\u0012;z); (1)\ngeometrically weighted by a combination of the angular-\ndiameter distances Dl;s;lsfrom the observer to the lens, to the\nsource, and from the lens to the source, respectively. Di \u000berent\nlensing observables characterise derivatives of  of di\u000berent\norder. Time-delay measurements constrain di \u000berences in  \nalong di \u000berent lines-of-sight, deﬂection-angle di \u000berences be-\ntween components of a multiple image constrain di \u000berences in\nthe gradient of  , elliptical distortions constrain the curvature\nmatrix of , and ﬂexion will hopefully soon constrain its third-\norder derivatives. Combining all available lensing observables\nthus naturally le",
        "page": 2,
        "link": "https://ui.adsabs.harvard.edu/link_gateway/2013A&A...553A.118K/EPRINT_PDF",
        "title": "Joint reconstruction of galaxy clusters from gravitational lensing and thermal gas. I. Outline of a nonparametric method"
    },
    "2013A&A...553A.118K_page_2_chunk_2": {
        "text": "nt of  , elliptical distortions constrain the curvature\nmatrix of , and ﬂexion will hopefully soon constrain its third-\norder derivatives. Combining all available lensing observables\nthus naturally leads to a reconstruction of the lensing potential\n which can be more detailed where observables sensitive to\nhigher-order derivatives can be measured.\nAt least in or near hydrostatic equilibrium, the density and\ntemperature of gas in the lensing potential well are also fully\ncharacterised by the Newtonian potential. We begin with the hy-\ndrostatic equation\nrP=\u0000\u001ar\b (2)\nand assume that the gas satisﬁes the polytropic relation\nP\nP0= \u001a\n\u001a0!\r\n; (3)\nwith an e \u000bective adiabatic index \r. Assuming spherical symme-\ntry, equation (2) is immediately integrated to give\n \u001a\n\u001a0!\r\u00001\n=\r\u00001\n\r\u001a0\nP0(\bcut\u0000\b); (4)\nwhere quantities with a subscript 0 refer to an arbitrary radius r0\nwhich could, for example, be set to zero. For practical reasons,\nwe introduce a cuto \u000bradius rcut>r0and ﬁx the potential such\nthat\bcut\u0000\b",
        "page": 2,
        "link": "https://ui.adsabs.harvard.edu/link_gateway/2013A&A...553A.118K/EPRINT_PDF",
        "title": "Joint reconstruction of galaxy clusters from gravitational lensing and thermal gas. I. Outline of a nonparametric method"
    },
    "2013A&A...553A.118K_page_2_chunk_3": {
        "text": "e quantities with a subscript 0 refer to an arbitrary radius r0\nwhich could, for example, be set to zero. For practical reasons,\nwe introduce a cuto \u000bradius rcut>r0and ﬁx the potential such\nthat\bcut\u0000\b(rcut)=0.\nFor\r > 1 and a density proﬁle that decreases monotoni-\ncally1,\b(r) can be arranged to be negative for r<r0by the\nstructure of Eq. (4). Therefore \u001aremains positive and semi-\ndeﬁnite. The quantity\n\rP0\n\u001a0=c2\ns;0 (5)\nappearing in Eq. (4) is the squared sound speed at the cuto \u000bra-\ndius. For convenience, we introduce the dimension-less potential\n'=\r\u00001\nc2\ns;0(\bcut\u0000\b) (6)\nand obtain the gas density\n\u001a=\u001a0'1=(\r\u00001): (7)\nThe temperature of an ideal gas in thermal equilibrium with the\npotential'is\nT=¯m\nkBP\n\u001a=¯m\nkBP0\n\u001a0'=T0'; (8)\n1It can be seen below that both cases are fulﬁlled in our considera-\ntion.where ¯ mis the mean gas-particle mass and kBis Boltzmann’s\nconstant.\nSince the frequency-integrated emissivity due to\nbremsstrahlung is given by\njX=C\u001a2T1=2; (9)\nit can be related to the potenti",
        "page": 2,
        "link": "https://ui.adsabs.harvard.edu/link_gateway/2013A&A...553A.118K/EPRINT_PDF",
        "title": "Joint reconstruction of galaxy clusters from gravitational lensing and thermal gas. I. Outline of a nonparametric method"
    },
    "2013A&A...553A.118K_page_2_chunk_4": {
        "text": "\ntion.where ¯ mis the mean gas-particle mass and kBis Boltzmann’s\nconstant.\nSince the frequency-integrated emissivity due to\nbremsstrahlung is given by\njX=C\u001a2T1=2; (9)\nit can be related to the potential by\njX=C\u001a2\n0T1=2\n0'\u0011; \u0011 =3+\r\n2(\r\u00001): (10)\nFor realistic e \u000bective adiabatic indices 1 :1.\r.1:2\n(Finoguenov et al. 2001), the exponent \u0011is quite a large num-\nber, 10 .\u0011.20.\nEquation (10), together with the fact that ordinary lensing\ne\u000bects are determined by second-order derivatives of the pro-\njected Newtonian potential, suggests the following algorithm for\ncombining X-ray and lensing data:\n1. By deprojection of an X-ray surface brightness map SX, ﬁnd\nan estimate ˜jXfor the X-ray emissivity jX. How this could\nbe done e.g. by means of Richardson-Lucy deprojection will\nbe discussed below.\n2. Use Eq. (10) to infer an estimate\n˜'=0BBBBB@˜jX\nC\u001a2\n0T1=2\n01CCCCCA1=\u0011\n(11)\nfor the three-dimensional, scaled Newtonian potential.\n3. Project ˜'along the line-of-sight to obtain an estimate ˜ for\nthe two",
        "page": 2,
        "link": "https://ui.adsabs.harvard.edu/link_gateway/2013A&A...553A.118K/EPRINT_PDF",
        "title": "Joint reconstruction of galaxy clusters from gravitational lensing and thermal gas. I. Outline of a nonparametric method"
    },
    "2013A&A...553A.118K_page_2_chunk_5": {
        "text": "e Eq. (10) to infer an estimate\n˜'=0BBBBB@˜jX\nC\u001a2\n0T1=2\n01CCCCCA1=\u0011\n(11)\nfor the three-dimensional, scaled Newtonian potential.\n3. Project ˜'along the line-of-sight to obtain an estimate ˜ for\nthe two-dimensional potential, which is proportional to the\nlensing potential and can thus directly be combined with es-\ntimates of derived from lensing.\nSince\u0011is large, 1=\u0011\u001c1, which is a most welcome property\nof Eq. (11): Inevitable ﬂuctuations in the deprojected estimate\n˜jXwill be considerably smoothed that way.\n2.2. Deprojection\nDi\u000berent algorithms exist for the deprojection of two- into three-\ndimensional distributions. Without symmetry assumptions, such\nalgorithms cannot be unique. Assuming spherical symmetry for\nsimplicity, a three-dimensional function f(r) is related to its two-\ndimensional projection g(s) by\ng(s)=Z1\n\u00001dz f\u0012p\ns2+z2\u0013\n; (12)\nwhere sis the projected radius and the coordinate system is cho-\nsen such that the z-axis points along the line-of-sight. At ﬁxed s,\nwe have zdz=rdr, a",
        "page": 2,
        "link": "https://ui.adsabs.harvard.edu/link_gateway/2013A&A...553A.118K/EPRINT_PDF",
        "title": "Joint reconstruction of galaxy clusters from gravitational lensing and thermal gas. I. Outline of a nonparametric method"
    },
    "2013A&A...553A.118K_page_2_chunk_6": {
        "text": "rojection g(s) by\ng(s)=Z1\n\u00001dz f\u0012p\ns2+z2\u0013\n; (12)\nwhere sis the projected radius and the coordinate system is cho-\nsen such that the z-axis points along the line-of-sight. At ﬁxed s,\nwe have zdz=rdr, allowing us to transform Eq. (12) to\ng(s)=2Z1\nsrdrp\nr2\u0000s2f(r); (13)\nwhich will be more convenient for our purposes. We rewrite the\nlast equation\n2\n\u0019g(s)=Z1\n0dr K(sjr)f(r);K(sjr)=2\n\u0019rp\nr2\u0000s2\u0002(r2\u0000s2);\n(14)\nwhere the factor 2 =\u0019was introduced to ensure that the kernel K\nis normalised, Z1\n0ds K(sjr)=1; (15)\n2",
        "page": 2,
        "link": "https://ui.adsabs.harvard.edu/link_gateway/2013A&A...553A.118K/EPRINT_PDF",
        "title": "Joint reconstruction of galaxy clusters from gravitational lensing and thermal gas. I. Outline of a nonparametric method"
    },
    "2013A&A...553A.118K_page_3_chunk_1": {
        "text": "Sara Konrad et al.: Joint reconstruction of galaxy clusters from gravitational lensing and thermal gas\nwith respect to integration over s.\nRichardson-Lucy deprojection begins with the generalised\nconvolution relation\ng(y)=Z\ndx K(yjx)f(x); (16)\nwhere the integral kernel Krelates the variables xandy. By\nBayes’ theorem, the inverse problem\nf(x)=Z\ndy K0(xjy)g(y) (17)\nhas the deconvolution kernel\nK0(xjy)=f(x)\ng(y)K(yjx); (18)\nprovided the deprojection kernel Kis normalised as in Eq. (14)\nand the functions fandgare normalised with respect to the inte-\ngrals over their domains.2These normalisations are a necessary\ncondition for the algorithm to converge.\nSince f(x) is unknown, so is the deconvolution kernel.\nHowever, given an estimate ˜fi(x) for the function f(x), a cor-\nresponding estimate ˜ gi(y) of the projection is\n˜gi(y)=Z\ndx K(yjx)˜fi(x); (19)\nallowing us to estimate the deprojection kernel ˜K0by\n˜K0(xjy)=˜fi(x)\n˜gi(y)K(yjx): (20)\nInserting this expression into Eq. (17) gives the update",
        "page": 3,
        "link": "https://ui.adsabs.harvard.edu/link_gateway/2013A&A...553A.118K/EPRINT_PDF",
        "title": "Joint reconstruction of galaxy clusters from gravitational lensing and thermal gas. I. Outline of a nonparametric method"
    },
    "2013A&A...553A.118K_page_3_chunk_2": {
        "text": "y) of the projection is\n˜gi(y)=Z\ndx K(yjx)˜fi(x); (19)\nallowing us to estimate the deprojection kernel ˜K0by\n˜K0(xjy)=˜fi(x)\n˜gi(y)K(yjx): (20)\nInserting this expression into Eq. (17) gives the updated estimate\n˜fi+1(x)=˜fi(x)Z\ndyg(y)\n˜gi(y)K(yjx) (21)\nfor the function f(x) given the convolved function g(y), which\nwill later represent the data. Beginning with a reasonable guess\nfor˜f0(x), the iteration Eq. (21) usually quickly converges.\nA regularisation term needs to be included in presence of\nnoise to prevent overﬁtting. Lucy (1994) showed that, provided\ng(y) is normalised, the deprojection algorithm described by the\niteration (21) can be cast into the form\n\u0001H˜fi(x)=˜fi+1(x)\u0000˜fi(x)\n=˜fi(x)\"\u000eH[˜fi]\n\u000e˜fi(x)\u0000Z\ndx˜fi(x)\u000eH[˜fi]\n\u000e˜fi(x)#\n(22)\ncontaining the functional derivative of\nH[˜f]=Z\ndy g(y) ln ˜g(y) (23)\nwith respect to ˜fi(x). Where H[˜f] is equivalent to a likelihood\nfunction, which is maximised in order to obtain the best possible\nsolution. He suggested to augment H[˜f] by the en",
        "page": 3,
        "link": "https://ui.adsabs.harvard.edu/link_gateway/2013A&A...553A.118K/EPRINT_PDF",
        "title": "Joint reconstruction of galaxy clusters from gravitational lensing and thermal gas. I. Outline of a nonparametric method"
    },
    "2013A&A...553A.118K_page_3_chunk_3": {
        "text": "g(y) ln ˜g(y) (23)\nwith respect to ˜fi(x). Where H[˜f] is equivalent to a likelihood\nfunction, which is maximised in order to obtain the best possible\nsolution. He suggested to augment H[˜f] by the entropic term\nS[˜f]=\u0000Z\ndx˜f(x) ln˜f(x)\n\u001f(x)(24)\n2Z\nf(x)dx=1;Z\ng(y)dy=1containing a prior \u001f(x), to suppress small scale ﬂuctuations. The\nfunctional His then replaced by\nH[˜f]!Q[˜f]=H[˜f]+\u000bS[˜f] (25)\nwith a parameter \u000bcontrolling the inﬂuence of the entropic term.\nSince\n\u000eS[˜fi]\n\u000e˜fi(x)=\u0000ln˜fi\n\u001f\u00001; (26)\nthe entropic term changes the iteration prescription to\n\u0001˜fi= \u0001 H˜fi+ \u0001 S˜fi (27)\nwith\n\u0001S˜fi=\u0000\u000b˜fi\"\nln˜fi\n\u001f+S#\n; (28)\nprovided ˜fiis also normalised.\nThis procedure completes our algorithm: We specialise the\ngeneral deprojection kernel K(yjx) to the projection kernel K(sjr)\ndeﬁned in Eq. (14), identify xwith the radius randywith the\nprojected radius s. The function g(s) is replaced by the measured\nX-ray surface brightness proﬁle SX(s). Then, Eqs. (22), (27) and\n(28) allow us to iteratively recon",
        "page": 3,
        "link": "https://ui.adsabs.harvard.edu/link_gateway/2013A&A...553A.118K/EPRINT_PDF",
        "title": "Joint reconstruction of galaxy clusters from gravitational lensing and thermal gas. I. Outline of a nonparametric method"
    },
    "2013A&A...553A.118K_page_3_chunk_4": {
        "text": "ify xwith the radius randywith the\nprojected radius s. The function g(s) is replaced by the measured\nX-ray surface brightness proﬁle SX(s). Then, Eqs. (22), (27) and\n(28) allow us to iteratively reconstruct an estimate ˜jX(r) for the\nthree-dimensional emissivity proﬁle jX(r), including an entropic\nregularisation term comparing the estimate ˜jX(r) to a prior\u001f(r).\nRecall that SX(s) and ˜jX(r) are assumed to be normalised as well\nas the kernel K(sjr). The complete iteration including the en-\ntropic regularisation term reads\n\u0001˜jX;i=˜jX;i\"Z\ndsSX(s)\n˜SX;i(s)K(sjr)\u00001\u0000\u000b \nln˜jX;i\n\u001f+S!#\n;(29)\nwith\n˜SX;i(s)=Z\ndr K(sjr)˜jX;i(r);K(sjr)=2r\n\u0019\u0002(r2\u0000s2)p\nr2\u0000s2(30)\nand\nS[˜jX;i]=\u0000Z\ndr˜jX;i(r) ln˜jX;i\n\u001fi: (31)\nThe deprojection begins with a ﬁrst guess ˜jX;0(r) for the X-\nray emissivity proﬁle, the prior \u001f(r) against which the deprojec-\ntion is to be regularised, and a parameter \u000bcontrolling the degree\nof regularisation.\nThe choice of a constant prior, \u001f, leads to a statistical bias in\nthe estimates of the ",
        "page": 3,
        "link": "https://ui.adsabs.harvard.edu/link_gateway/2013A&A...553A.118K/EPRINT_PDF",
        "title": "Joint reconstruction of galaxy clusters from gravitational lensing and thermal gas. I. Outline of a nonparametric method"
    },
    "2013A&A...553A.118K_page_3_chunk_5": {
        "text": "gainst which the deprojec-\ntion is to be regularised, and a parameter \u000bcontrolling the degree\nof regularisation.\nThe choice of a constant prior, \u001f, leads to a statistical bias in\nthe estimates of the deprojected functions such that they appear\nﬂatter than they should (Narayan & Nityananda 1986; Lahav &\nGull 1989; Lucy 1994).\nThis issue can be addressed by selecting as a default solution\na smoothed version of the obtained result. This approximation,\nknown as ﬂoating default (Horne 1985; Lucy 1994), is built by\nadopting the following deﬁnition:\n\u001f(r)=Z1\n0P(rjr0)f(r0)dr0; (32)\nwhere P(rjr0) is a normalised, sharply peaked, symmetric\nfunction of r\u0000r0andf(r0) corresponds to ˜jX(r). In our investi-\ngations, we decided to choose a (properly normalised) Gaussian\nform with smoothing scale L:\nP(rjr0)\u0018exp \n\u0000(r\u0000r0)2\nL2!\n:\nFor practical considerations, we are working with discretised\ndata sets and therefore the above integral formulation has to be\napproximated by sums.\n3",
        "page": 3,
        "link": "https://ui.adsabs.harvard.edu/link_gateway/2013A&A...553A.118K/EPRINT_PDF",
        "title": "Joint reconstruction of galaxy clusters from gravitational lensing and thermal gas. I. Outline of a nonparametric method"
    },
    "2013A&A...553A.118K_page_3_chunk_6": {
        "text": "\u0018exp \n\u0000(r\u0000r0)2\nL2!\n:\nFor practical considerations, we are working with discretised\ndata sets and therefore the above integral formulation has to be\napproximated by sums.\n3",
        "page": 3,
        "link": "https://ui.adsabs.harvard.edu/link_gateway/2013A&A...553A.118K/EPRINT_PDF",
        "title": "Joint reconstruction of galaxy clusters from gravitational lensing and thermal gas. I. Outline of a nonparametric method"
    },
    "2013A&A...553A.118K_page_4_chunk_1": {
        "text": "Sara Konrad et al.: Joint reconstruction of galaxy clusters from gravitational lensing and thermal gas\n3. Numerical tests\n3.1. Simulating X-ray observations\nFig. 1. Simulated image of photon counts from a galaxy cluster\nwith a mass of 5\u00021014h\u00001M\f, a redshift of 0 :2 and an exposure\ntime of 1000 s. The detected photons have energies in the range\nof 0:5\u00008 keV . The resolution of this image was lowered by a\nfactor of 6 compared to the resolution of the simulated Chandra\nimage for visibility.\nThe goal of this paper is to show that the algorithm deﬁned in\nthe previous section allows to recover the projected gravitational\npotential of galaxy clusters from their X-ray surface brightness\nproﬁle, assuming spherical symmetry and hydrostatic equilib-\nrium. For testing this method we simulate galaxy clusters for\nwhich we choose a ﬂat standard \u0003CDM model with \nm=0:3,\n\nb=0:04 and \n\u0003=0:7. For the dark matter, building up the\ncluster potential well, we use an NFW (Navarro et al. 1997) den-\nsity proﬁle",
        "page": 4,
        "link": "https://ui.adsabs.harvard.edu/link_gateway/2013A&A...553A.118K/EPRINT_PDF",
        "title": "Joint reconstruction of galaxy clusters from gravitational lensing and thermal gas. I. Outline of a nonparametric method"
    },
    "2013A&A...553A.118K_page_4_chunk_2": {
        "text": "lusters for\nwhich we choose a ﬂat standard \u0003CDM model with \nm=0:3,\n\nb=0:04 and \n\u0003=0:7. For the dark matter, building up the\ncluster potential well, we use an NFW (Navarro et al. 1997) den-\nsity proﬁle\n\u001a(r)=\u001as\n(r=rs)(1+r=rs)2; (33)\nwith the scale radius rsand the characteristic density of the\nhalo. We choose the concentration parameter c=5:0. The gas-\nmass fraction is set equal to the universal baryon mass fraction\nfb= \n b=\nm. The gas is assumed to consist of 75% hydrogen and\n25% helium, both completely ionised, with an e \u000bective adiabatic\nindex of\r=1:2.\nWe approximated the virial radius rvirof the simulated clus-\nters with r200, which is deﬁned to be the radius within which the\ncluster’s mean density is equal to 200 times the universal critical\ndensity at the given redshift,\nr200= 3M200\n4\u0019200\u001acr(z)!1=3\n: (34)\nThe gas density and temperature proﬁles are then calculated, us-\ning Eqs. (6) and (8). To obtain a temperature proﬁle which drops\nto zero at a large radius, we choose a large cut-",
        "page": 4,
        "link": "https://ui.adsabs.harvard.edu/link_gateway/2013A&A...553A.118K/EPRINT_PDF",
        "title": "Joint reconstruction of galaxy clusters from gravitational lensing and thermal gas. I. Outline of a nonparametric method"
    },
    "2013A&A...553A.118K_page_4_chunk_3": {
        "text": "200\u001acr(z)!1=3\n: (34)\nThe gas density and temperature proﬁles are then calculated, us-\ning Eqs. (6) and (8). To obtain a temperature proﬁle which drops\nto zero at a large radius, we choose a large cut-o \u000bradius forthe gravitational potential of rcut=100\u0001r200. The frequency-\ndependent emissivity due to bremsstrahlung is given by\njX(\u0017)=C\u001a2T\u00001=2exp \n\u0000h\u0017\nkBT!\n: (35)\nThe expectation value for the number of photons, emitted in\na detectable energy interval [ E0,E1] per unit volume and time\nthen reads\nNX=ZE1(1+zcl)\nE0(1+zcl)d(h\u0017)\nhjX(\u0017)\nh\u0017; (36)\nwith the cluster’s redshift zcl.\nIn order to obtain an image comparable to observations we\nsimulate the CCD as follows:\n–We neglect the convolution of the image with the telescope\nbeam: Each pixel is mapped to a unique solid-angle element.\nThe physical area \u000eAimaged by one pixel is\n\u000eA=\u000e\u00122D2\nang; (37)\nwhere Dangis the angular diameter distance of the cluster and\n\u000e\u0012the angular side length of one pixel, assuming them to be\nperfectly quadratic.\n–We did not ",
        "page": 4,
        "link": "https://ui.adsabs.harvard.edu/link_gateway/2013A&A...553A.118K/EPRINT_PDF",
        "title": "Joint reconstruction of galaxy clusters from gravitational lensing and thermal gas. I. Outline of a nonparametric method"
    },
    "2013A&A...553A.118K_page_4_chunk_4": {
        "text": " \u000eAimaged by one pixel is\n\u000eA=\u000e\u00122D2\nang; (37)\nwhere Dangis the angular diameter distance of the cluster and\n\u000e\u0012the angular side length of one pixel, assuming them to be\nperfectly quadratic.\n–We did not include any cooling e \u000bects on the intracluster\nplasma even though cooling may steepen the X-ray surface\nbrightness proﬁle near the cluster core.\n–Any absorption of X-ray photons between the cluster and the\ntelescope is neglected.\n–The detector has a perfect quantum e \u000eciency within a sharp\nenergy interval. Given the photon counts of the cluster given\nby Eq. (36), a pixel centred on the radial coordinate sis ex-\npected to collect\n\u000eN(s)=\u000eAZ\ndzNX\u0014p\ns2+z2\u0015Ae\u000b\n4\u0019D2\nlum(zcl)(1+zcl)(38)\nphotons per second. Dlumis the luminosity distance to the\ncluster and Ae\u000bis the e \u000bective telescope or detector area.\nSince Eq. (38) inherits a conversion from photon energy to\nphoton counts, only one factor of (1 +zcl) appears.\n–The limited energy resolution of the telescope is mimicked\nby choosing appropriate e",
        "page": 4,
        "link": "https://ui.adsabs.harvard.edu/link_gateway/2013A&A...553A.118K/EPRINT_PDF",
        "title": "Joint reconstruction of galaxy clusters from gravitational lensing and thermal gas. I. Outline of a nonparametric method"
    },
    "2013A&A...553A.118K_page_4_chunk_5": {
        "text": "ea.\nSince Eq. (38) inherits a conversion from photon energy to\nphoton counts, only one factor of (1 +zcl) appears.\n–The limited energy resolution of the telescope is mimicked\nby choosing appropriate energy intervals in Eq. (36).\nFor the exact properties of the CCD, we adopt the same charac-\nteristics as the Chandra Advanced CCD Imaging Spectrometer\n(ACIS). The detection energy range is set to 0 :5\u00008 keV . We\nchoose\u0010\nEup\u0000Elow\u0011\n=Eres=15 energy intervals, since our\nmethod is sensitive only to total numbers of photons and no\nspectral information is needed. We calculate photon numbers to\npixels by drawing Poisson deviates with the appropriate expec-\ntation value \u000eNfor all 15 energy intervals. The mean energy\n(E1\u0000E0)=2 is assigned to each photon and the sum of energies\nallotted to the corresponding pixel. We include statistical noise\nby adding a constant background such that approximately 15 %\nof the detected photons is due to background.\nThe pixel width is taken to be 0.5 arcseconds and the",
        "page": 4,
        "link": "https://ui.adsabs.harvard.edu/link_gateway/2013A&A...553A.118K/EPRINT_PDF",
        "title": "Joint reconstruction of galaxy clusters from gravitational lensing and thermal gas. I. Outline of a nonparametric method"
    },
    "2013A&A...553A.118K_page_4_chunk_6": {
        "text": "ing pixel. We include statistical noise\nby adding a constant background such that approximately 15 %\nof the detected photons is due to background.\nThe pixel width is taken to be 0.5 arcseconds and the expo-\nsure time is set to 1000 s. In this way we obtain an X-ray sur-\nface brightness which is then azimuthally averaged around the\ncentre of the cluster and binned. This proﬁle is used as an esti-\nmate for the X-ray surface brightness proﬁle and supplied to the\nRichardson-Lucy deprojection algorithm described above.\nFigures 1 and 2 show the photon counts and the normalised\nsurface brightness of the synthetic observation and the nor-\nmalised surface brightness proﬁle of a simulated Chandra im-\nage for one realization of a galaxy cluster with a mass of\n4",
        "page": 4,
        "link": "https://ui.adsabs.harvard.edu/link_gateway/2013A&A...553A.118K/EPRINT_PDF",
        "title": "Joint reconstruction of galaxy clusters from gravitational lensing and thermal gas. I. Outline of a nonparametric method"
    },
    "2013A&A...553A.118K_page_5_chunk_1": {
        "text": "Sara Konrad et al.: Joint reconstruction of galaxy clusters from gravitational lensing and thermal gas\n5\u00021014h\u00001M\fand a redshift of 0 :2. With these characteris-\ntics and the cosmology given above, this cluster has a scale ra-\ndius of approximately rs=0:25h\u00001Mpc and a virial radius of\nrvir=1:2h\u00001Mpc.\n 0.0001 0.001 0.01 0.1 1\n 0.2 0.4 0.6 0.8 1 1.2Sx(s)/Sx(smin)\ns/Mpc/hSurface brightness\nFig. 2. Azimuthally averaged and normalised surface bright-\nness proﬁle of a simulated galaxy cluster with a mass of 5 \u0002\n1014h\u00001M\fand a redshift of 0 :2. The corresponding synthetic\nobservational data is shown in Fig. 1.\nThe reconstructed and normalised gravitational potential \u001e\nis shown in Fig. 3a together with the true potential, the clusters\nwere modeled with. Despite the statistical ﬂuctuations of the sur-\nface brightness proﬁle supplied to the algorithm, the contribution\nof the background noise exceeds the real surface brightness pro-\nﬁle at large radii (i.e. s&0:8h\u00001Mpc) which then leads to an\nove",
        "page": 5,
        "link": "https://ui.adsabs.harvard.edu/link_gateway/2013A&A...553A.118K/EPRINT_PDF",
        "title": "Joint reconstruction of galaxy clusters from gravitational lensing and thermal gas. I. Outline of a nonparametric method"
    },
    "2013A&A...553A.118K_page_5_chunk_2": {
        "text": "ur-\nface brightness proﬁle supplied to the algorithm, the contribution\nof the background noise exceeds the real surface brightness pro-\nﬁle at large radii (i.e. s&0:8h\u00001Mpc) which then leads to an\noverestimation of the gravitational potential. This e \u000bect and the\nnormalisation condition of the deprojection algorithm leads to\na slight underestimation at smaller radii (i.e. s.0:3h\u00001Mpc).\nHowever, as we are only interested in the lensing potential, ma-\njor ﬂuctuations are averaged out as seen in Fig. 3b.\n3.2. Testing the algorithm\nNext, we test the sensitivity of the potential reconstruction\nagainst changing certain parameters of the deprojection algo-\nrithm. We compare reconstructions of the X-ray emissivity ob-\ntained by assigning di \u000berent weights \u000bfrom [0:0;0:4;0:7;0:9]\nto the entropic regularisation term, with \u000b=0:0 corresponding\nto no regularisation, and constant L=0:3h\u00001Mpc.\nHowever, strong regularisation causes the reconstruction to\noverestimate the signal because of broad averagi",
        "page": 5,
        "link": "https://ui.adsabs.harvard.edu/link_gateway/2013A&A...553A.118K/EPRINT_PDF",
        "title": "Joint reconstruction of galaxy clusters from gravitational lensing and thermal gas. I. Outline of a nonparametric method"
    },
    "2013A&A...553A.118K_page_5_chunk_3": {
        "text": "gularisation term, with \u000b=0:0 corresponding\nto no regularisation, and constant L=0:3h\u00001Mpc.\nHowever, strong regularisation causes the reconstruction to\noverestimate the signal because of broad averaging by means of\nthe ﬂattening default kernel, because the regularisation penalises\ncurvature. This can be seen at large radii.\nA similar conclusion can be drawn from Fig. 4b, which con-\ntains the deprojected proﬁle for di \u000berent choices of the smooth-\ning scale L from [0 :1;0:3;0:7;0:9]h\u00001Mpc while \u000b=0:4 is\nkept ﬁxed. Due to the smoothing process performed by the ﬂoat-\ning default regularisation, a large fraction of the noise pattern,\nespecially for large radii, is averaged out, which improves the\nconvergence towards the expected result.\nAs a ﬁnal test, we calculate the uncertainty of our recon-\nstructed lensing potentials. We obtain this uncertainty by boot-\nstrapping, sampling the synthetic cluster data N=200 times andapplying our reconstruction algorithm. For each result of the re-\nconst",
        "page": 5,
        "link": "https://ui.adsabs.harvard.edu/link_gateway/2013A&A...553A.118K/EPRINT_PDF",
        "title": "Joint reconstruction of galaxy clusters from gravitational lensing and thermal gas. I. Outline of a nonparametric method"
    },
    "2013A&A...553A.118K_page_5_chunk_4": {
        "text": "-\nstructed lensing potentials. We obtain this uncertainty by boot-\nstrapping, sampling the synthetic cluster data N=200 times andapplying our reconstruction algorithm. For each result of the re-\nconstruction the mean squared deviation from the true potential\nis calculated and then averaged over the number of bootstraps,\ngiving the rms deviation:\nrms(s; )=vut\n1\nNNX\nn=1\u0000 norm(s)\u0000 norm\ntrue(s)\u00012\n norm\ntrue(s)2; (39)\nwhere quantities marked with a superscript ’norm’ are nor-\nmalised to reach zero at the maximum projected radius. These\nrms are shown in the ﬁrst panel of Fig. 5. Since this rms incorpo-\nrates statistical as well as systematic errors, we obtain a relative\ndeviation from the true lensing potential of about 2 % for large\nvalues of s. The relative rms increases with increasing radius due\nto the poorer signal.\nSince we also know the exact surface brightness of the clus-\nter simulation, we can estimate the relative systematic error of\nthe algorithm itself. Doing so, we bin the real",
        "page": 5,
        "link": "https://ui.adsabs.harvard.edu/link_gateway/2013A&A...553A.118K/EPRINT_PDF",
        "title": "Joint reconstruction of galaxy clusters from gravitational lensing and thermal gas. I. Outline of a nonparametric method"
    },
    "2013A&A...553A.118K_page_5_chunk_5": {
        "text": " due\nto the poorer signal.\nSince we also know the exact surface brightness of the clus-\nter simulation, we can estimate the relative systematic error of\nthe algorithm itself. Doing so, we bin the real surface brightness\nproﬁle in the same way as we binned our statistical CCD images\nand obtain a reconstruction that does not inherit any statistical\nﬂuctuations or noise. We call this the best possible reconstruc-\ntion ideal. Its rms with respect to the true lensing potential  true\nprovides an estimate for the systematic error of our reconstruc-\ntion algorithm (shown in the lower panel of Fig. 5). This mean\nsquared deviation increases slightly with the cluster radius, but\nalways remains below 1 :0 %.\n 0.01 0.02 0.03rms(s; s)\n 0.005 0.01rms(s; sideal)\n 0.01 0.02 0.03 0 0.2 0.4 0.6 0.8 1 1.2rms(s; ssub halo)s/Mpc/h\nFig. 5. From top to bottom: rms deviation of  from true, rms\ndeviation of  idealfrom trueand rms deviation of  subhalo from\n true, according to Eq. (39). Calculated from 200 reali",
        "page": 5,
        "link": "https://ui.adsabs.harvard.edu/link_gateway/2013A&A...553A.118K/EPRINT_PDF",
        "title": "Joint reconstruction of galaxy clusters from gravitational lensing and thermal gas. I. Outline of a nonparametric method"
    },
    "2013A&A...553A.118K_page_5_chunk_6": {
        "text": "s; ssub halo)s/Mpc/h\nFig. 5. From top to bottom: rms deviation of  from true, rms\ndeviation of  idealfrom trueand rms deviation of  subhalo from\n true, according to Eq. (39). Calculated from 200 realisations of a\nmodeled galaxy cluster with a mass of 5 \u00021014h\u00001M\f, a subhalo\nwith mass 1\u00021014h\u00001M\frespectively, and a redshift of 0 :2. The\nblue lines represent a 2 :0% and 1:0% threshold.\n3.3. Deviations from spherical symmetry\nAs a last test we show how deviations from spherical sym-\nmetry a \u000bect our reconstruction algorithm. For this purpose we\ncreate a CCD image of a single subhalo with a mass of 1 \u0002\n1014h\u00001M\fat redshift zcl=0:2, having a virial radius of\nrsubhalo\u00190:7h\u00001Mpc. We combine this CCD image with the\nsimulated image of the cluster shown previously, with a pro-\njected distance of 0 :5h\u00001Mpc between the two cluster centres. In\n5",
        "page": 5,
        "link": "https://ui.adsabs.harvard.edu/link_gateway/2013A&A...553A.118K/EPRINT_PDF",
        "title": "Joint reconstruction of galaxy clusters from gravitational lensing and thermal gas. I. Outline of a nonparametric method"
    },
    "2013A&A...553A.118K_page_5_chunk_7": {
        "text": "5h\u00001Mpc between the two cluster centres. In\n5",
        "page": 5,
        "link": "https://ui.adsabs.harvard.edu/link_gateway/2013A&A...553A.118K/EPRINT_PDF",
        "title": "Joint reconstruction of galaxy clusters from gravitational lensing and thermal gas. I. Outline of a nonparametric method"
    },
    "2013A&A...553A.118K_page_6_chunk_1": {
        "text": "Sara Konrad et al.: Joint reconstruction of galaxy clusters from gravitational lensing and thermal gas\n 0 0.2 0.4 0.6 0.8\n 0 0.2 0.4 0.6 0.8 1 1.2q(r) - q(rmax)\nr/Mpc/hgravitational potential (finite)gravitational potential (expected)\n(a)\n 0 0.5 1 1.5 2\n 0 0.2 0.4 0.6 0.8 1 1.2s(s)-s(smax)\ns/Mpc/hlensing potential (finite)lensing potential (expected) (b)\nFig. 3. (a) Reconstructed and normalised gravitational potential of a simulated galaxy cluster with a mass of 5 \u00021014h\u00001M\fand a\nredshift of 0 :2. The potential was reconstructed assuming \u000b=0:4 and L=0:3h\u00001Mpc. (b) Corresponding lensing potential for this\nsimulated cluster.\n 0.001 0.01 0.1 1 10\n 0.2 0.4 0.6 0.8 1 1.2jx(r)\nr/Mpc/h_ = 0.0_ = 0.4_ = 0.7_ = 0.9expected result 0.1 1\n 0.2 0.4 0.6\n(a)\n 0.001 0.01 0.1 1 10\n 0.2 0.4 0.6 0.8 1 1.2jx(r)\nr/Mpc/hL = 0.1L = 0.3L = 0.7L = 0.9expected result 0.1 1\n 0.2 0.4 0.6 (b)\nFig. 4. (a) Comparison between di \u000berent choices for the weights \u000bof the penalty function in the reconstruction of the X-ra",
        "page": 6,
        "link": "https://ui.adsabs.harvard.edu/link_gateway/2013A&A...553A.118K/EPRINT_PDF",
        "title": "Joint reconstruction of galaxy clusters from gravitational lensing and thermal gas. I. Outline of a nonparametric method"
    },
    "2013A&A...553A.118K_page_6_chunk_2": {
        "text": "r)\nr/Mpc/hL = 0.1L = 0.3L = 0.7L = 0.9expected result 0.1 1\n 0.2 0.4 0.6 (b)\nFig. 4. (a) Comparison between di \u000berent choices for the weights \u000bof the penalty function in the reconstruction of the X-ray\nemissivity with constant smoothing scale L=0:3h\u00001Mpc. The expected result based on Eq. (10) is plotted for reference. Whereas\n\u000b=0:0 correspond to no regularisation. (b) Comparison between di \u000berent choices of the smoothing scale of the regularisation\nfunction in the reconstruction of the X-ray emissivity and \u000b=0:4. The expected result is plotted for reference.\na ﬁrst order approximation we accumulate the surface brightness\nof these two cluster realisations, before we apply our radial aver-\naging scheme, again assuming spherical symmetry. Even though\nthe subhalo is clearly visible in the lower panel of Fig. 5 (black\narrow), we ﬁnd that the maximum rms deviation of the lensing\npotential does not exceed the 2 :0% deviation achieved without a\nsubhalo. However, the reconstruction is rather in",
        "page": 6,
        "link": "https://ui.adsabs.harvard.edu/link_gateway/2013A&A...553A.118K/EPRINT_PDF",
        "title": "Joint reconstruction of galaxy clusters from gravitational lensing and thermal gas. I. Outline of a nonparametric method"
    },
    "2013A&A...553A.118K_page_6_chunk_3": {
        "text": "r panel of Fig. 5 (black\narrow), we ﬁnd that the maximum rms deviation of the lensing\npotential does not exceed the 2 :0% deviation achieved without a\nsubhalo. However, the reconstruction is rather insensitive to this\nkind of perturbation because of the radial averaging being ap-\nplied to the input data. Further simulations show that the closer\nthe subhalo lies to the center of the hosting galaxy cluster the\nless is the inﬂuence on the reconstruction, since the degree of\nasymmetry decreases.4. Conclusions\nThis work is motivated by existing and upcoming observational\ndata on galaxy clusters. A set of accurate tools to constrain fun-\ndamental cluster quantities is available: weak and strong gravi-\ntational lensing observations constrain the line-of-sight projec-\ntion of the cluster potential, X-ray observations constrain the\ndensity and the temperature of the intracluster gas, while the\nSunyaev-Zel’dovich e \u000bect constrains the gas pressure. A further\nconstraint on the gradient of the gra",
        "page": 6,
        "link": "https://ui.adsabs.harvard.edu/link_gateway/2013A&A...553A.118K/EPRINT_PDF",
        "title": "Joint reconstruction of galaxy clusters from gravitational lensing and thermal gas. I. Outline of a nonparametric method"
    },
    "2013A&A...553A.118K_page_6_chunk_4": {
        "text": ", X-ray observations constrain the\ndensity and the temperature of the intracluster gas, while the\nSunyaev-Zel’dovich e \u000bect constrains the gas pressure. A further\nconstraint on the gradient of the gravitational potential can be\nfound by means of galaxy kinematics. Our ﬁnal goal is to com-\nbine all non-lensing information on clusters with existing lens-\ning reconstruction methods (e.g. Bartelmann et al. 1996; Brada ˇc\net al. 2005, 2006; Cacciato et al. 2006; Merten et al. 2009).\n6",
        "page": 6,
        "link": "https://ui.adsabs.harvard.edu/link_gateway/2013A&A...553A.118K/EPRINT_PDF",
        "title": "Joint reconstruction of galaxy clusters from gravitational lensing and thermal gas. I. Outline of a nonparametric method"
    },
    "2013A&A...553A.118K_page_7_chunk_1": {
        "text": "Sara Konrad et al.: Joint reconstruction of galaxy clusters from gravitational lensing and thermal gas\nIn this ﬁrst paper of an intended series, we have outlined a\nnon-parametric reconstruction method for the projected gravi-\ntational potential of galaxy clusters from thermal X-ray emis-\nsion, assuming hydrostatic equilibrium and spherical symmetry.\nIt is more cumbersome, but quite straightforward to extend this\nmethod to triaxial halos. This extension is now being addressed.\nOur algorithm was laid out in Sect. 2. Assuming that\nthe cluster is near or in hydrostatic equilibrium, we de-\nrived an analytic relation between the frequency-integrated\nbremsstrahlung emissivity and the three-dimensional Newtonian\npotential, Eq. (10). The algorithm deprojects the observed X-\nray surface-brightness proﬁle by means of the Richardson-Lucy\nmethod, converts it to the potential and projects that.\nNumerical tests show how this algorithm performs under\nreasonably realistic conditions and how sensitive i",
        "page": 7,
        "link": "https://ui.adsabs.harvard.edu/link_gateway/2013A&A...553A.118K/EPRINT_PDF",
        "title": "Joint reconstruction of galaxy clusters from gravitational lensing and thermal gas. I. Outline of a nonparametric method"
    },
    "2013A&A...553A.118K_page_7_chunk_2": {
        "text": "roﬁle by means of the Richardson-Lucy\nmethod, converts it to the potential and projects that.\nNumerical tests show how this algorithm performs under\nreasonably realistic conditions and how sensitive it is to its pa-\nrameters. We used one representative cluster realisation to ob-\ntain a realistic simulation of observational data. A comparison\nof di\u000berent values of the weight \u000band the smoothing scale L\nof the regularisation term suggested that there is no signiﬁcant\nvariation in the ﬁnal reconstruction of the X-ray emissivity if the\nﬂoating default regularisation function is adopted with reason-\nable values.\nEven though our simulated galaxy clusters have a rather\nsmooth surface brightness proﬁle, this technique can be applied\nwithout restrictions to less well-behaved observational data,\ne.g. strongly peaked emission in the cluster centre due to cool-\ning e \u000bects. In such cases, the peaked centre could be masked\nand then passed to the Richardson-Lucy algorithm. The results\nwould still be ",
        "page": 7,
        "link": "https://ui.adsabs.harvard.edu/link_gateway/2013A&A...553A.118K/EPRINT_PDF",
        "title": "Joint reconstruction of galaxy clusters from gravitational lensing and thermal gas. I. Outline of a nonparametric method"
    },
    "2013A&A...553A.118K_page_7_chunk_3": {
        "text": " strongly peaked emission in the cluster centre due to cool-\ning e \u000bects. In such cases, the peaked centre could be masked\nand then passed to the Richardson-Lucy algorithm. The results\nwould still be reliable due to the local character of the recon-\nstruction scheme.\nFurthermore, we determined the systematic error of our al-\ngorithm by applying it to ideally smooth rather than discretely\nsampled data to be at most 1 :0 %. We ﬁnally estimated the\ncombination of systematic and statistical errors of our cluster-\nreconstruction algorithm to be at most 2 :0 % for s\u0019rvir. Both\nrms were shown in Fig. 5.\nWe also addressed the problem of a galaxy cluster with\nan asymmetric surface brightness, e.g. containing a subhalo, in\nSect. 3.3. Due to azimuthal averaging, our reconstruction algo-\nrithm turns out to be rather insensitive to such kinds of perturba-\ntions.\nAcknowledgements. This work was supported in part by contract research\n‘Internationale Spitzenforschung II-1’ of the Baden-W ¨urttemberg S",
        "page": 7,
        "link": "https://ui.adsabs.harvard.edu/link_gateway/2013A&A...553A.118K/EPRINT_PDF",
        "title": "Joint reconstruction of galaxy clusters from gravitational lensing and thermal gas. I. Outline of a nonparametric method"
    },
    "2013A&A...553A.118K_page_7_chunk_4": {
        "text": "ut to be rather insensitive to such kinds of perturba-\ntions.\nAcknowledgements. This work was supported in part by contract research\n‘Internationale Spitzenforschung II-1’ of the Baden-W ¨urttemberg Stiftung, by\nthe Collaborative Research Centre TR 33 and project BA 1369 /17 of the\nDeutsche Forschungsgemeinschaft.\nReferences\nBartelmann, M., Narayan, R., Seitz, S., & Schneider, P. 1996, ApJ, 464, L115\nBoylan-Kolchin, M., Springel, V ., White, S. D. M., Jenkins, A., & Lemson, G.\n2009, MNRAS, 398, 1150\nBrada ˇc, M., Clowe, D., Gonzalez, A. H., et al. 2006, ApJ, 652, 937\nBrada ˇc, M., Schneider, P., Lombardi, M., & Erben, T. 2005, A&A, 437, 39\nBroadhurst, T., Umetsu, K., Medezinski, E., Oguri, M., & Rephaeli, Y . 2008,\nApJ, 685, L9\nCacciato, M., Bartelmann, M., Meneghetti, M., & Moscardini, L. 2006, A&A,\n458, 349\nCoe, D., Umetsu, K., Zitrin, A., et al. 2012, ApJ, 757, 22\nFinoguenov, A., Reiprich, T. H., & B ¨ohringer, H. 2001, A&A, 368, 749\nGao, L., Frenk, C. S., Boylan-Kolchin, M., et al.",
        "page": 7,
        "link": "https://ui.adsabs.harvard.edu/link_gateway/2013A&A...553A.118K/EPRINT_PDF",
        "title": "Joint reconstruction of galaxy clusters from gravitational lensing and thermal gas. I. Outline of a nonparametric method"
    },
    "2013A&A...553A.118K_page_7_chunk_5": {
        "text": " 2006, A&A,\n458, 349\nCoe, D., Umetsu, K., Zitrin, A., et al. 2012, ApJ, 757, 22\nFinoguenov, A., Reiprich, T. H., & B ¨ohringer, H. 2001, A&A, 368, 749\nGao, L., Frenk, C. S., Boylan-Kolchin, M., et al. 2011, MNRAS, 410, 2309\nHorne, K. 1985, in NATO ASIC Proc. 150: Interacting Binaries, ed. P. P.\nEggleton & J. E. Pringle, 327–348\nLahav, O. & Gull, S. F. 1989, MNRAS, 240, 753\nLucy, L. B. 1974, AJ, 79, 745\nLucy, L. B. 1994, A&A, 289, 983\nMerten, J., Cacciato, M., Meneghetti, M., Mignone, C., & Bartelmann, M. 2009,\nA&A, 500, 681Narayan, R. & Nityananda, R. 1986, ARA&A, 24, 127\nNavarro, J. F., Frenk, C. S., & White, S. D. M. 1997, ApJ, 490, 493\n7",
        "page": 7,
        "link": "https://ui.adsabs.harvard.edu/link_gateway/2013A&A...553A.118K/EPRINT_PDF",
        "title": "Joint reconstruction of galaxy clusters from gravitational lensing and thermal gas. I. Outline of a nonparametric method"
    }
}