{
    "2013PhRvL.111v1803D_page_1_chunk_1": {
        "text": "Searching for Light Dark Matter with the SLAC Millicharge Experiment\nM. Diamond1,\u0003and P. Schuster1,y\n1Perimeter Institute for Theoretical Physics, Waterloo, ON N2L 2Y5, Canada\n(Dated: November 6, 2018)\nNew sub-GeV gauge forces (“dark photons”) that kinetically mix with the photon provide a promising sce-\nnario for MeV\u0000GeV dark matter, and are the subject of a program of searches at ﬁxed-target and collider\nfacilities around the world. In such models, dark photons produced in collisions may decay invisibly into dark\nmatter states, thereby evading current searches. We re-examine results of the SLAC mQ electron beam dump\nexperiment designed to search for millicharged particles, and ﬁnd that it was strongly sensitive to any secondary\nbeam of dark matter produced by electron-nucleus collisions in the target. The constraints are competitive for\ndark photon masses in the \u00181\u000030 MeV range, covering part of the parameter space that can reconcile the\napparent (g\u00002)\u0016anomaly. Simple adjustments to ",
        "page": 1,
        "link": "https://ui.adsabs.harvard.edu/link_gateway/2013PhRvL.111v1803D/EPRINT_PDF",
        "title": "Searching for Light Dark Matter with the SLAC Millicharge Experiment"
    },
    "2013PhRvL.111v1803D_page_1_chunk_2": {
        "text": "in the target. The constraints are competitive for\ndark photon masses in the \u00181\u000030 MeV range, covering part of the parameter space that can reconcile the\napparent (g\u00002)\u0016anomaly. Simple adjustments to the original SLAC search for millicharges may extend sen-\nsitivity to cover a sizeable portion of the remaining (g\u00002)\u0016anomaly-motivated region. The mQ sensitivity is\ntherefore complementary to on-going searches for visible decays of dark photons. Compared to existing direct\ndetection searches, mQ sensitivity to electron-dark matter scattering cross sections is more than an order of\nmagnitude better for a signiﬁcant range of masses and couplings in simple models.\nIdentifying dark matter is one of the most pressing open\nproblems in fundamental physics. Although a rich experimen-\ntal program continues to probe dark matter (DM) interactions\nfor masses in the 10 GeV -TeV range, sensitivity to DM at\nlower masses remains remarkably poor. There are well moti-\nvated scenarios of sub- GeV DM, especi",
        "page": 1,
        "link": "https://ui.adsabs.harvard.edu/link_gateway/2013PhRvL.111v1803D/EPRINT_PDF",
        "title": "Searching for Light Dark Matter with the SLAC Millicharge Experiment"
    },
    "2013PhRvL.111v1803D_page_1_chunk_3": {
        "text": "inues to probe dark matter (DM) interactions\nfor masses in the 10 GeV -TeV range, sensitivity to DM at\nlower masses remains remarkably poor. There are well moti-\nvated scenarios of sub- GeV DM, especially those that include\nnew gauge forces (“dark forces”) that kinetically mix with the\nphoton – these models can account for the observed relic den-\nsity consistently with all available data, and have been the fo-\ncus of intense discussion in the literature [1].\nIn this note, we show that the electron beam dump mil-\nlicharge search at SLAC (mQ) was sensitive to sub-GeV DM\ninteracting through dark photons. In a simple model, we com-\npute the total detection yield for MeV -scale DM components\nthat would have been produced in the mQ target. We use these\nyields and the original mQ analysis to establish constraints on\nsuch DM. The new constraints cover part of the parameter\nspace that can reconcile the apparent (g\u00002)\u0016anomaly, and\nfuture adjustments to the original analysis may signiﬁcantly\nexte",
        "page": 1,
        "link": "https://ui.adsabs.harvard.edu/link_gateway/2013PhRvL.111v1803D/EPRINT_PDF",
        "title": "Searching for Light Dark Matter with the SLAC Millicharge Experiment"
    },
    "2013PhRvL.111v1803D_page_1_chunk_4": {
        "text": "blish constraints on\nsuch DM. The new constraints cover part of the parameter\nspace that can reconcile the apparent (g\u00002)\u0016anomaly, and\nfuture adjustments to the original analysis may signiﬁcantly\nextend sensitivity. We also provide estimates for the level of\nsensitivity that might be attained with a re-designed version of\nthis experiment at modern high-intensity electron beam facil-\nities. These results highlight the potential for using electron\nbeam dump experiments to powerfully probe anyDM compo-\nnents (or other long-lived particles) that couple to leptons and\nquarks (see [2]), and they complement the on-going effort to\nsearch for dark photons in visible decay channels [3].\nAs a simple example, we consider a benchmark model con-\nsisting of a long-lived fermion \u001fcoupled to a dark sector\nU(1)Dgauge boson that kinetically mixes with the photon.\nThe Lagrangian is\nL\u001b\u000fYFY;\u0016\u0017FD;\u0016\u0017\u00001\n4F\u0016\u0017\nDFD;\u0016\u0017+m2\nA0\n2A0\u0016A0\n\u0016+gDJ\u0016\nA0A0\n\u0016\nwhereFY;\u0016\u0017=@[\u0016B\u0017]is the ﬁeld strength tensor for Standard\nModel (SM) ",
        "page": 1,
        "link": "https://ui.adsabs.harvard.edu/link_gateway/2013PhRvL.111v1803D/EPRINT_PDF",
        "title": "Searching for Light Dark Matter with the SLAC Millicharge Experiment"
    },
    "2013PhRvL.111v1803D_page_1_chunk_5": {
        "text": "U(1)Dgauge boson that kinetically mixes with the photon.\nThe Lagrangian is\nL\u001b\u000fYFY;\u0016\u0017FD;\u0016\u0017\u00001\n4F\u0016\u0017\nDFD;\u0016\u0017+m2\nA0\n2A0\u0016A0\n\u0016+gDJ\u0016\nA0A0\n\u0016\nwhereFY;\u0016\u0017=@[\u0016B\u0017]is the ﬁeld strength tensor for Standard\nModel (SM) hypercharge U(1)Y,FD;\u0016\u0017 =@[\u0016A0\n\u0017]for the\nnewU(1)D, andJ\u0016\nA0is the interaction current of the A0with\nany dark-sector ﬁelds, in this case a fermion \u001f. We deﬁne\u000f\u0011\u000fYcos\u0012Wwhere\u0012Wis the SM weak mixing angle, and \u000f2=\n\u000bdark\n\u000bEM. A ﬁeld redeﬁnition removes the kinetic mixing term\nand generates a coupling \u000feA0\n\u0016J\u0016\nEMbetween the A0and SM\nelectrically-charged particles. This effectively gives charged\nparticles a small dark force charge, without giving dark sector\nparticles electric charge. Kinetic mixing with \u000f\u001810\u00003\u0000\n10\u00002can be generated by loops of heavy ﬁelds charged under\nbothU(1)Dand U(1)Y, and is a natural range to consider [4].\nPrevious literature has considered numerous constraints on\nsub-GeV DM derived from the CMB, supernovae, B-factory\nsearches, rare Kaon decay measurements, and precision (g",
        "page": 1,
        "link": "https://ui.adsabs.harvard.edu/link_gateway/2013PhRvL.111v1803D/EPRINT_PDF",
        "title": "Searching for Light Dark Matter with the SLAC Millicharge Experiment"
    },
    "2013PhRvL.111v1803D_page_1_chunk_6": {
        "text": "atural range to consider [4].\nPrevious literature has considered numerous constraints on\nsub-GeV DM derived from the CMB, supernovae, B-factory\nsearches, rare Kaon decay measurements, and precision (g\u0000\n2)\u0016and(g\u00002)emeasurements [5]. For comparison to the mQ\nsensitivity, we include the constraints relevant for the low mA0\nrange. A companion paper [2] discusses the viability of using\nthe simple benchmark Lagrangian above to model ﬁxed-target\nphysics, where \u001fcan be all of or a sub-dominant part of the\nDM consistent with all available data.\nIn the mQ experiment, 1.35 Coulombs ( 8:4\u00021018e\u0000) of\n29:5 GeV electrons were deposited on a tungsten production\ntarget. Approximately 90 m of sandstone separated the tar-\nget from the detector (Bicron-408 plastic scintillator), which\nwas sensitive to signals as small as a single scintillation pho-\nton and subtended a solid angle of 2\u00022mrad2. SM particles\nessentially ranged out in the sandstone, while any penetrating\nparticles like mQ’s were able to reach",
        "page": 1,
        "link": "https://ui.adsabs.harvard.edu/link_gateway/2013PhRvL.111v1803D/EPRINT_PDF",
        "title": "Searching for Light Dark Matter with the SLAC Millicharge Experiment"
    },
    "2013PhRvL.111v1803D_page_1_chunk_7": {
        "text": " as small as a single scintillation pho-\nton and subtended a solid angle of 2\u00022mrad2. SM particles\nessentially ranged out in the sandstone, while any penetrating\nparticles like mQ’s were able to reach the detector and trigger\na small scintillation signal [6]. Collected data consisted en-\ntirely of timing and height of PMT pulses. No signiﬁcant sig-\nnal was found over a rather large ( \u0018146K) but well-measured\ninstrumental background [7].\nAs illustrated in Figure 1, this setup would have produced\nsigniﬁcant numbers of A0s in the target via a bremsstrahlung-\nlike process. We examine the case of prompt invisible de-\ncayA0!\u001f\u0016\u001f; the\u001f’s would have traversed the sand-\nstone given their large mean free path. The secondary beam\nof\u001f’s could have deposited energy in the mQ detector via\nZ2-enhanced elastic scattering off carbon nuclei (and sub-\ndominantly though quasi-elastic \u001f-nucleon scattering, which\nwe neglect).arXiv:1307.6861v1  [hep-ph]  25 Jul 2013",
        "page": 1,
        "link": "https://ui.adsabs.harvard.edu/link_gateway/2013PhRvL.111v1803D/EPRINT_PDF",
        "title": "Searching for Light Dark Matter with the SLAC Millicharge Experiment"
    },
    "2013PhRvL.111v1803D_page_1_chunk_8": {
        "text": "stic scattering off carbon nuclei (and sub-\ndominantly though quasi-elastic \u001f-nucleon scattering, which\nwe neglect).arXiv:1307.6861v1  [hep-ph]  25 Jul 2013",
        "page": 1,
        "link": "https://ui.adsabs.harvard.edu/link_gateway/2013PhRvL.111v1803D/EPRINT_PDF",
        "title": "Searching for Light Dark Matter with the SLAC Millicharge Experiment"
    },
    "2013PhRvL.111v1803D_page_2_chunk_1": {
        "text": "2\nχsandstone\nA' Production A' Prompt Decay Elastic Scattering\nFIG. 1. Layout of the SLAC mQ experiment [6]. We investigate the\npossibility of A0production in the target, followed by prompt decay\nto long-lived dark sector particles \u001f, which could traverse the sand-\nstone and undergo elastic scattering off carbon nuclei in the detector.\nOur analysis assumes 2m\u001f< mA0(on-shellA0), but we\nexpect this approach to have sensitivity even for 2m\u001f>mA0\nwhere\u001f’s are produced via an off-shellA0(see [4]). We used\nthe procedure in [4], based on a variation on the Weizsacker-\nWilliams method, for computing A0production. We also sim-\nulated all reactions using MadGraph and MadEvent 4 [8]. We\nassigned to the e\u0000e\u0000A0vertex the coupling eEM\u000f, and to the\nNtNt\rvertexeEMZt\u0011(for target nucleus Ntof atomic num-\nberZt, with\u0011tthe square root of the form-factor in [4].)\nThe typical emission angle for the A0relative to the beam\nis parametrically smaller than the opening angle of A0decay\nproducts, and is collinear to",
        "page": 2,
        "link": "https://ui.adsabs.harvard.edu/link_gateway/2013PhRvL.111v1803D/EPRINT_PDF",
        "title": "Searching for Light Dark Matter with the SLAC Millicharge Experiment"
    },
    "2013PhRvL.111v1803D_page_2_chunk_2": {
        "text": "t, with\u0011tthe square root of the form-factor in [4].)\nThe typical emission angle for the A0relative to the beam\nis parametrically smaller than the opening angle of A0decay\nproducts, and is collinear to a good approximation. Neglect-\ningme,\nd\u001bA0prod\ndx\u00198Z2\u000b3\u000f2x\u0002Log\n3m2\nA0\u0012\n3 +x2\n1\u0000x\u0013\n;(1)\nwhereZis the atomic number of the target nucleus, x\u0011\nEA0=E0withE0the lab-frame energy of the beam elec-\ntron, andLog is anO(10) factor dependent upon kinematics,\natomic screening, and nuclear size effects [4].\nSince the angular size of the mQ detector was \u0012d\u00192mrad,\nangular acceptance limits overall sensitivity. Produced A0s\ntypically carry most of the beam energy, with xmedian\u00181\u0000\nmin\u0010\nme\nmA0;mA0\nE0\u0011\n[4]. In theA0!\u001f\u001fdecay, the angle \u0012\u001f\nof the\u001f’s relative to the beamline scales asmA0\nE0. The angular\ndistribution of \u001fis shown in Figure 2 for reference.\nFor the coherent scattering illustrated in Figure 1, we as-\nsigned theNdNdA0vertex the coupling eEMZd\u0011d\u000f(for de-\ntector nucleus Ndcarbon.) With Tthe lab-fra",
        "page": 2,
        "link": "https://ui.adsabs.harvard.edu/link_gateway/2013PhRvL.111v1803D/EPRINT_PDF",
        "title": "Searching for Light Dark Matter with the SLAC Millicharge Experiment"
    },
    "2013PhRvL.111v1803D_page_2_chunk_3": {
        "text": "ion of \u001fis shown in Figure 2 for reference.\nFor the coherent scattering illustrated in Figure 1, we as-\nsigned theNdNdA0vertex the coupling eEMZd\u0011d\u000f(for de-\ntector nucleus Ndcarbon.) With Tthe lab-frame kinetic en-\nergy of the recoiling nucleus of mass M\u001cT, the coherent\nscattering cross-section (neglecting \u0011) is approximately\nd\u001b\u001fNscatt\ndT\u0019\u00008\u0019\u000b\u000bD\u000f2Z2M\n(m2\nA0+ 2MT)2: (2)\n0.0000.0050.0100.0150.0200.0010.010.11.\nqc@radDmA'=0.25 GeVmA'=0.03 GeVFIG. 2. Sample \u001fangular distributions, generated using MG/ME\n(m\u001f= 10 MeV). Normalized to 1. Angular acceptance of mQ de-\ntector is 0.002 rad. mA0= 0:03GeV (steep curve): 90% accepted.\nmA0= 0:25GeV (shallow): 6% accepted.\nThe recoil distributions in full simulation for representative\nmA0are shown in Figure 3. The nuclear recoil energy is typ-\nicallyO(0:025\u00001:0)MeV . Based on neutron scattering ex-\nperiments with plastic scintillator, a proton recoiling with ki-\nnetic energy 1 MeV should produce \u001859PEs, and 0.1 MeV\n\u00182:3PEs. The quenching factor for a C ",
        "page": 2,
        "link": "https://ui.adsabs.harvard.edu/link_gateway/2013PhRvL.111v1803D/EPRINT_PDF",
        "title": "Searching for Light Dark Matter with the SLAC Millicharge Experiment"
    },
    "2013PhRvL.111v1803D_page_2_chunk_4": {
        "text": "\u00001:0)MeV . Based on neutron scattering ex-\nperiments with plastic scintillator, a proton recoiling with ki-\nnetic energy 1 MeV should produce \u001859PEs, and 0.1 MeV\n\u00182:3PEs. The quenching factor for a C nucleus is about half\nthat for a proton [9]. Therefore a 1 MeV recoiling C should\nproduce\u001830PEs, and 0.1 MeV \u00181PE. Figure 3 shows\nthat with a\u00180:1MeV threshold for producing a PE, about\n20% of the\u001f-C events would produce at least a single PE at\nmA0= 0:03GeV , and 90% at mA0= 0:25GeV .\n0.00.51.01.52.00.010.11.\nRecoiling Nucleus KE@MeV DmA'=0.25 GeVmA'=0.03 GeV\nFIG. 3. Sample nuclear recoil distributions, generated using MG/ME\n(m\u001f= 10 MeV), at the approximate median \u001flab-frame energy\n(12 GeV for mA0= 0:03GeV , 27 GeV for mA0= 0:25GeV .)\nNormalized to 1.\nIn ﬁnding the total number of \u001fproduced in the target, we\ncan neglect\u001fproduction in lower energy showers initiated by",
        "page": 2,
        "link": "https://ui.adsabs.harvard.edu/link_gateway/2013PhRvL.111v1803D/EPRINT_PDF",
        "title": "Searching for Light Dark Matter with the SLAC Millicharge Experiment"
    },
    "2013PhRvL.111v1803D_page_2_chunk_5": {
        "text": "the target, we\ncan neglect\u001fproduction in lower energy showers initiated by",
        "page": 2,
        "link": "https://ui.adsabs.harvard.edu/link_gateway/2013PhRvL.111v1803D/EPRINT_PDF",
        "title": "Searching for Light Dark Matter with the SLAC Millicharge Experiment"
    },
    "2013PhRvL.111v1803D_page_3_chunk_1": {
        "text": "3\nthe beam electron because the angular acceptance of mQ is\nsmall. To account for the more important effect of the en-\nergy loss of the beam e\u0000as it traverses the target, we use\nan “effective” radiation length of Teff= 1. This can be\njustiﬁed as follows. For the small angular size of mQ, the\nangular acceptance scales as E2(for lowA0masses), where\nEis the beam electron energy. Thus, the E2-weighted aver-\nage of the beam energy distribution integrated over the thick-\nness of the target (6 radiation lengths) and energy yields an\neffective thickness (in units of radiation length). Using the\nbeam energy distribution I(E;E 0)in [4], we obtain Teff=R\ndsR\ndE(E=E 0)2I(E;E 0;s) =3\n2ln 2\u00191. To a good ap-\nproximation, the differential production yield for ﬁxed \u001fen-\nergyE\u001fis\ndN\u001f\ndE\u001f\u00192TeffNeN0X0\nAd\u001b\u001fprod\ndE\u001f(3)\nwhereNeis the total number of beam e\u0000incident on target,\nN0is Avogadro’s number, X0is the unit radiation length of\ntarget material, and Ais the target atomic mass. The differen-\ntial producti",
        "page": 3,
        "link": "https://ui.adsabs.harvard.edu/link_gateway/2013PhRvL.111v1803D/EPRINT_PDF",
        "title": "Searching for Light Dark Matter with the SLAC Millicharge Experiment"
    },
    "2013PhRvL.111v1803D_page_3_chunk_2": {
        "text": "d\ndE\u001f(3)\nwhereNeis the total number of beam e\u0000incident on target,\nN0is Avogadro’s number, X0is the unit radiation length of\ntarget material, and Ais the target atomic mass. The differen-\ntial production cross section at ﬁxed \u001fenergy,d\u001b\u001fprod\ndE\u001f, was\ncomputed with full simulation. To ﬁnd the number of ex-\npected\u001f\u0000Ndscattering events in the mQ detector, Nevts, we\ninclude angular acceptance cuts with full simulation, which\nreducesN\u001ftoN\u001facc . The ﬁnal yield is then\nNevts=Z\ndE\u001fdN\u001facc\ndE\u001f\u001b\u001fNscatt (E\u001f)tDet\u001aDet;(4)\nwheretDetis the detector thickness, and \u001aDetis the number\ndensity of C nuclei in the detector.\nAn order-of-magnitude estimate can be obtained by\nN\u001facc\u00192NePprodPscattF, where the probability per beam\ne\u0000to produce a \u001fpair is\nPprod\u00191:2\u000210\u000011\u0012\u000f2\n10\u00006\u0013\u00120:05 GeV\nmA0\u00132\n;\nthe probability of \u001f-C coherent nuclear scattering is\nPscatt\u00192:5\u000210\u00008\u0012\u000f2\n10\u00006\u0013\u00120:05 GeV\nmA0\u0013\u000bD\n\u000bEM;\nandF\u0018(\u0012dE0=mA0)2is the fraction of \u001f’s that pass angu-\nlar acceptance cuts. Table I gives the simulated cross-sections\nand",
        "page": 3,
        "link": "https://ui.adsabs.harvard.edu/link_gateway/2013PhRvL.111v1803D/EPRINT_PDF",
        "title": "Searching for Light Dark Matter with the SLAC Millicharge Experiment"
    },
    "2013PhRvL.111v1803D_page_3_chunk_3": {
        "text": " coherent nuclear scattering is\nPscatt\u00192:5\u000210\u00008\u0012\u000f2\n10\u00006\u0013\u00120:05 GeV\nmA0\u0013\u000bD\n\u000bEM;\nandF\u0018(\u0012dE0=mA0)2is the fraction of \u001f’s that pass angu-\nlar acceptance cuts. Table I gives the simulated cross-sections\nand production totals, along with the corresponding analyti-\ncal estimates, for one example set of parameter values – the\nagreement is quite good.\nUsing ﬁve “benchmark” points with m\u001f= 0:01GeV , in\nthemA0= 0:03\u00000:25 GeV range, we evaluated the limits in\nthe(mA0;\u000f)parameter space by comparing total yields to sin-\ngle PE mQ background measurements. The mQ data analysis\nestimated\u001894% of the 146061 background events involved\nonly a single PE [7]. For mA0>100 MeV , scattering events\nshould produce much more than one PE, so it should be pos-\nsible to use a PMT pulse-height cut to help separate \u001fsignalQuantity Simulated Value Analytic Estimate\n\u001b\u001fprod [pb] 37722 38000\nNo.\u001fproduced 1:39\u000210101:42\u00021010\nF 0.52 0.60\n\u001b\u001fNscatt;rel [pb] 3950 4200\nNo. scattering evts 189 239\nTABLE I. For the benchmark point m",
        "page": 3,
        "link": "https://ui.adsabs.harvard.edu/link_gateway/2013PhRvL.111v1803D/EPRINT_PDF",
        "title": "Searching for Light Dark Matter with the SLAC Millicharge Experiment"
    },
    "2013PhRvL.111v1803D_page_3_chunk_4": {
        "text": "uantity Simulated Value Analytic Estimate\n\u001b\u001fprod [pb] 37722 38000\nNo.\u001fproduced 1:39\u000210101:42\u00021010\nF 0.52 0.60\n\u001b\u001fNscatt;rel [pb] 3950 4200\nNo. scattering evts 189 239\nTABLE I. For the benchmark point mA0= 0:05GeV ,m\u001f=\n0:01GeV with\u000f= 10\u00003,\u000bD=\u000bEM:\u001fproduction cross-section,\ntotal no.\u001fproduced, fraction of \u001fthat pass the angular acceptance\ncut,\u001f-C coherent scattering cross-section for relativistic \u001f, and total\nno. of\u001f-C coherent scattering events in the mQ detector.\nfrom background. It is reasonable to expect such a cut to im-\nprove S/B by at least an order of magnitude in the higher mA0\nrange because the vast majority of the background is single\nPE noise. Figure 4 shows the 2\u001bconstraints that would be ob-\ntained form\u001f= 10 MeV with no background reduction, and\nwith 100\u0002the reported S/B. Note, Figure 4 assumes every\nscattering event in the detector produces at least one photo-\nelectron and is observed. Losses from failure to produce any\nPEs could reduce sensitivity by a factor of \u00182in the lo",
        "page": 3,
        "link": "https://ui.adsabs.harvard.edu/link_gateway/2013PhRvL.111v1803D/EPRINT_PDF",
        "title": "Searching for Light Dark Matter with the SLAC Millicharge Experiment"
    },
    "2013PhRvL.111v1803D_page_3_chunk_5": {
        "text": "igure 4 assumes every\nscattering event in the detector produces at least one photo-\nelectron and is observed. Losses from failure to produce any\nPEs could reduce sensitivity by a factor of \u00182in the lowest\n(\u001830 MeV) part of themA0range.\nGiven signiﬁcant background reduction, mQ would be able\nto cover a sizeable swath of unexplored parameter space, in-\ncluding part of the (g\u00002)\u0016anomaly-motivated region for\nmA0\u00180:03\u00000:160GeV . It should be noted that there is\ncurrently a MiniBooNE proposal for further running speciﬁ-\ncally to cover this range [10]. Likewise, LSND could likely\nimpose constraints at the level of \u000f\u001810\u00004\u000010\u00003for\nmA0< O (100 MeV ),m\u001f\u001cmA0\n2though no analysis is yet\npublicly available.\nOur analysis results can be interpreted as constraints on\nelectron-\u001fscattering cross sections \u001be, which can also be\nprobed by direct detection. Recent results from XENON10\nestablished limits on \u001beas a function of DM mass in the 1–\n1000 MeV range [11]. Using “benchmark” points shown in\nFigure 5, we",
        "page": 3,
        "link": "https://ui.adsabs.harvard.edu/link_gateway/2013PhRvL.111v1803D/EPRINT_PDF",
        "title": "Searching for Light Dark Matter with the SLAC Millicharge Experiment"
    },
    "2013PhRvL.111v1803D_page_3_chunk_6": {
        "text": "which can also be\nprobed by direct detection. Recent results from XENON10\nestablished limits on \u001beas a function of DM mass in the 1–\n1000 MeV range [11]. Using “benchmark” points shown in\nFigure 5, we employed mQ constraints on (mA0;\u000f)to estab-\nlish constraints on \u001bevia\u001be=16\u0019\u000bEM\u000bD\u000f2m2\ne\nm4\nA0. If\u001faccounts\nforallthe DM, mQ sets limits more stringent than XENON10\nform\u001f<20MeV .\u001fcould instead be a sub-dominant DM\ncomponent, in which case XENON10 constraints are weak-\nened.\nIt is convenient to consider mQ because the data al-\nready exists – but this experiment was not optimized for\nlight DM searches. Characteristics that would make future\ne\u0000beam-dumps even more effective for this purpose in-\nclude optimal sensitivity to quasi-elastic \u001f-nucleon processes,\nbroader angular acceptance, greater luminosity, and an ef-\nfective background-rejection scheme [2]. The main back-\ngrounds are typically intrinsic detector noise, cosmic rays,\n\r’s from ambient radioactivity, and fast neutrons (produced\nfrom",
        "page": 3,
        "link": "https://ui.adsabs.harvard.edu/link_gateway/2013PhRvL.111v1803D/EPRINT_PDF",
        "title": "Searching for Light Dark Matter with the SLAC Millicharge Experiment"
    },
    "2013PhRvL.111v1803D_page_3_chunk_7": {
        "text": "nosity, and an ef-\nfective background-rejection scheme [2]. The main back-\ngrounds are typically intrinsic detector noise, cosmic rays,\n\r’s from ambient radioactivity, and fast neutrons (produced\nfrom the target). Neutral-current \u0017interactions are negligible\n[7]. As an exercise, each benchmark point in Figure 4 was",
        "page": 3,
        "link": "https://ui.adsabs.harvard.edu/link_gateway/2013PhRvL.111v1803D/EPRINT_PDF",
        "title": "Searching for Light Dark Matter with the SLAC Millicharge Experiment"
    },
    "2013PhRvL.111v1803D_page_4_chunk_1": {
        "text": "4\nFIG. 4. For each benchmark mA0withm\u001f= 0:010 GeV , the\u000f\nthat would correspond to a 2\u001bresult in SLAC mQ. Note the depen-\ndence on\u000bD, and the improvement that would come from achieving\n100\u0002the reported mQ S/B. These results change fairly little with\nm\u001f. Overlaid on existing A0!inv constraints; (g\u00002)eis a\n2\u001bpower constrained limit [2]. Yellow band: (g\u00002)\u0016anomaly-\nfavoured [12]. Note, LSND would be expected to provide additional\nconstraints, at the level of \u000f2\u001810\u00006\u000010\u00008formA060:05GeV .\nFIG. 5. For benchmark m\u001fwithmA0= 0:10GeV andmA0=\n0:05GeV (\u000bD=\u000bEM), the constraints on scattering cross-section\nof DM offe\u0000corresponding to a 2\u001bresult in mQ, assuming the re-\nported mQ signal-to-background. Overlaid on the XENON10 direct\ndetection results [11]; direct comparison valid only assuming \u001fac-\ncounts for all the DM in the universe.\nre-calculated for a luminosity of 1022electrons, with no an-\ngular acceptance cuts. This luminosity could be reasonably\nachieved at a facility such as Jefferson Laborato",
        "page": 4,
        "link": "https://ui.adsabs.harvard.edu/link_gateway/2013PhRvL.111v1803D/EPRINT_PDF",
        "title": "Searching for Light Dark Matter with the SLAC Millicharge Experiment"
    },
    "2013PhRvL.111v1803D_page_4_chunk_2": {
        "text": "or all the DM in the universe.\nre-calculated for a luminosity of 1022electrons, with no an-\ngular acceptance cuts. This luminosity could be reasonably\nachieved at a facility such as Jefferson Laboratory or a future\nLinear Collider. Sensitivity to 500 signal events for example\n(realistic for >>1PE yield signals), would cover an impres-\nsive swath of parameter space (dotted line in Figure 4).\nIn conclusion, we ﬁnd the SLAC mQ search is indeed rele-\nvant for exploring the parameter of models where a dark pho-\nton of mass\u001830\u0000300 MeV decays to lighter, long-lived\n\u001f’s. This includes a parameter region in which dark pho-\nton models can alleviate the current (g\u00002)\u0016discrepancy,and adjustments to the original SLAC analysis are expected\nto strengthen the constraints – or make a discovery – in this\nregion. In a broader context, our analysis provides a proof-of-\nconcept for the use of e\u0000beam-dumps to search for DM par-\nticles with masses of tens to hundreds of MeV , a regime that\nposes great difﬁcu",
        "page": 4,
        "link": "https://ui.adsabs.harvard.edu/link_gateway/2013PhRvL.111v1803D/EPRINT_PDF",
        "title": "Searching for Light Dark Matter with the SLAC Millicharge Experiment"
    },
    "2013PhRvL.111v1803D_page_4_chunk_3": {
        "text": "gion. In a broader context, our analysis provides a proof-of-\nconcept for the use of e\u0000beam-dumps to search for DM par-\nticles with masses of tens to hundreds of MeV , a regime that\nposes great difﬁculty for direct detection and collider experi-\nments. In simple models, we ﬁnd that mQ constrains the DM-\nelectron scattering cross-section \u001be.10\u000038\u000010\u000037cm2for\nm\u001f\u001810\u000040 MeV – up to an order of magnitude stronger\nthan the leading direct-detection limits where applicable.\nAcknowledgments We thank Natalia Toro, Gordan Krnjaic,\nand Eder Izaguirre for helpful feedback and discussion. This\nresearch was supported in part by Perimeter Institute for The-\noretical Physics. Research at Perimeter Institute is supported\nby the Government of Canada through Industry Canada and\nby the Province of Ontario through the Ministry of Research\nand Innovation.\n\u0003miriam.diamond@alumni.carleton.ca\nypschuster@perimeterinstitute.ca\n[1] B. Holdom, Phys.Lett. B166 , 196 (1986); N. Arkani-Hamed,\nD. P. Finkbeiner, T. R. S",
        "page": 4,
        "link": "https://ui.adsabs.harvard.edu/link_gateway/2013PhRvL.111v1803D/EPRINT_PDF",
        "title": "Searching for Light Dark Matter with the SLAC Millicharge Experiment"
    },
    "2013PhRvL.111v1803D_page_4_chunk_4": {
        "text": "ugh the Ministry of Research\nand Innovation.\n\u0003miriam.diamond@alumni.carleton.ca\nypschuster@perimeterinstitute.ca\n[1] B. Holdom, Phys.Lett. B166 , 196 (1986); N. Arkani-Hamed,\nD. P. Finkbeiner, T. R. Slatyer, and N. Weiner, Phys.Rev. D79,\n015014 (2009), 0810.0713; M. Pospelov, A. Ritz, and M. B.\nV oloshin, Phys.Lett. B662 , 53 (2008), 0711.4866.\n[2] E. Izaguirre, G. Krnjaic, P. Schuster, and N. Toro (2013).\n[3] S. Abrahamyan et al. (APEX Collaboration), Phys.Rev.Lett.\n107, 191804 (2011), 1108.2750; H. Merkel et al. (A1 Collabo-\nration), Phys.Rev.Lett. 106, 251802 (2011), 1101.4091; R. Es-\nsig, P. Schuster, N. Toro, and B. Wojtsekhowski, JHEP 1102 ,\n009 (2011), 1001.2557; B. Aubert et al. (BaBar Collaboration),\nPhys.Rev.Lett. 103, 081803 (2009), 0905.4539; B. Echenard,\nAdv.High Energy Phys. 2012 , 514014 (2012), 1209.1143;\nD. Babusci et al. (KLOE-2 Collaboration), Phys.Lett. B720 ,\n111 (2013), 1210.3927; P. Adlarson et al. (WASA-at-COSY\nCollaboration) (2013), 1304.0671.\n[4] J. D. Bjorken",
        "page": 4,
        "link": "https://ui.adsabs.harvard.edu/link_gateway/2013PhRvL.111v1803D/EPRINT_PDF",
        "title": "Searching for Light Dark Matter with the SLAC Millicharge Experiment"
    },
    "2013PhRvL.111v1803D_page_4_chunk_5": {
        "text": "2012 , 514014 (2012), 1209.1143;\nD. Babusci et al. (KLOE-2 Collaboration), Phys.Lett. B720 ,\n111 (2013), 1210.3927; P. Adlarson et al. (WASA-at-COSY\nCollaboration) (2013), 1304.0671.\n[4] J. D. Bjorken, R. Essig, P. Schuster, and N. Toro, Phys.Rev.\nD80, 075018 (2009), 0906.0580; R. Essig, P. Schuster, and\nN. Toro, Phys.Rev. D80, 015003 (2009), 0903.3941.\n[5] J. Hewett, H. Weerts, R. Brock, J. Butler, B. Casey, et al. (2012),\n1205.2671.\n[6] A. Prinz, R. Baggs, J. Ballam, S. Ecklund, C. Fertig, et al.,\nPhys.Rev.Lett. 81, 1175 (1998), hep-ex/9804008.\n[7] A. Prinz, Ph.D. thesis, Stanford University, Stanford, CA 94309\n(2001).\n[8] J. Alwall, P. Demin, S. de Visscher, R. Frederix, M. Herquet,\net al., JHEP 0709 , 028 (2007), 0706.2334.\n[9] S. P. Ahlen, T. M. Liss, C. Lane, and G. Liu, Phys. Rev. Lett.\n55, 181 (1985); J. Harvey and N. Hill, Nuclear Instruments\nand Methods 162, 507 (1979), ISSN 0029-554X; L. Reichhart,\nD. Y . Akimov, H. Araujo, E. Barnes, V . Belov, et al., Phys.Rev.\nC85, 065801",
        "page": 4,
        "link": "https://ui.adsabs.harvard.edu/link_gateway/2013PhRvL.111v1803D/EPRINT_PDF",
        "title": "Searching for Light Dark Matter with the SLAC Millicharge Experiment"
    },
    "2013PhRvL.111v1803D_page_4_chunk_6": {
        "text": "ett.\n55, 181 (1985); J. Harvey and N. Hill, Nuclear Instruments\nand Methods 162, 507 (1979), ISSN 0029-554X; L. Reichhart,\nD. Y . Akimov, H. Araujo, E. Barnes, V . Belov, et al., Phys.Rev.\nC85, 065801 (2012), 1111.2248.\n[10] R. Dharmapalan et al. (MiniBooNE) (2012), 1211.2258.\n[11] R. Essig, A. Manalaysay, J. Mardon, P. Sorensen, and T. V olan-\nsky, Phys.Rev.Lett. 109, 021301 (2012), 1206.2644.\n[12] G. Giudice, P. Paradisi, and M. Passera, JHEP 1211 , 113\n(2012), 1208.6583; M. Pospelov, Phys.Rev. D80, 095002\n(2009), 0811.1030.",
        "page": 4,
        "link": "https://ui.adsabs.harvard.edu/link_gateway/2013PhRvL.111v1803D/EPRINT_PDF",
        "title": "Searching for Light Dark Matter with the SLAC Millicharge Experiment"
    }
}