{
    "2014PhRvD..89h5026K_page_1_chunk_1": {
        "text": "Parametrizing the local dark matter speed distribution: a detailed analysis\nBradley J. Kavanagh\u0003\nSchool of Physics & Astronomy,University of Nottingham, University Park, Nottingham, NG7 2RD, UK\n(Dated: 6thJuly, 2021)\nIn a recent paper, a new parametrization for the dark matter (DM) speed distribution f(v) was\nproposed for use in the analysis of data from direct detection experiments. This parametrization\ninvolves expressing the logarithm of the speed distribution as a polynomial in the speed v. We\npresent here a more detailed analysis of the properties of this parametrization. We show that the\nmethod leads to statistically unbiased mass reconstructions and exact coverage of credible intervals.\nThe method performs well over a wide range of DM masses, even when \fnite energy resolution\nand backgrounds are taken into account. We also show how to select the appropriate number of\nbasis functions for the parametrization. Finally, we look at how the speed distribution itself can be\nreconstruct",
        "page": 1,
        "link": "https://ui.adsabs.harvard.edu/link_gateway/2014PhRvD..89h5026K/EPRINT_PDF",
        "title": "Parametrizing the local dark matter speed distribution A detailed analysis"
    },
    "2014PhRvD..89h5026K_page_1_chunk_2": {
        "text": "ckgrounds are taken into account. We also show how to select the appropriate number of\nbasis functions for the parametrization. Finally, we look at how the speed distribution itself can be\nreconstructed, and how the method can be used to determine if the data are consistent with some\ntest distribution. In summary, we show that this parametrization performs consistently well over a\nwide range of input parameters and over large numbers of statistical ensembles and can therefore\nreliably be used to reconstruct both the DM mass and speed distribution from direct detection data.\nPACS numbers: 07.05.Kf,14.80.-j,95.35.+d,98.62.Gq\nI. INTRODUCTION\nThe dark matter (DM) paradigm has enjoyed much\nsuccess in explaining a wide range of astronomical obser-\nvations (for a review, see e.g. Ref. [1]). As yet no conclu-\nsive evidence has been provided for the identity of parti-\ncle DM, though there are a variety of candidates, includ-\ning the supersymmetric neutralino [2], sterile neutrinos\n[3], axions [",
        "page": 1,
        "link": "https://ui.adsabs.harvard.edu/link_gateway/2014PhRvD..89h5026K/EPRINT_PDF",
        "title": "Parametrizing the local dark matter speed distribution A detailed analysis"
    },
    "2014PhRvD..89h5026K_page_1_chunk_3": {
        "text": "t no conclu-\nsive evidence has been provided for the identity of parti-\ncle DM, though there are a variety of candidates, includ-\ning the supersymmetric neutralino [2], sterile neutrinos\n[3], axions [4] and the lightest Kaluza-Klein particle [5].\nHere, we focus on the search for particles which belong\nto the generic class of Weakly Interacting Massive Parti-\ncles (WIMPs). Direct detection experiments [6, 7] aim to\nmeasure the energies of nuclear recoils induced by WIMP\nDM in the Galactic halo. Under standard assumptions\nabout the DM halo, this data can be used to extract the\nWIMP mass and interaction cross section, allowing us to\ncheck for consistency with other search channels (such as\nindirect detection [8] and collider experiments [9]) and to\nprobe underlying models of DM.\nDirect detection experiments are traditionally ana-\nlyzed within the framework of the Standard Halo Model\n(SHM), in which WIMPs are assumed to have a Maxwell-\nBoltzmann speed distribution in the Galactic frame. Th",
        "page": 1,
        "link": "https://ui.adsabs.harvard.edu/link_gateway/2014PhRvD..89h5026K/EPRINT_PDF",
        "title": "Parametrizing the local dark matter speed distribution A detailed analysis"
    },
    "2014PhRvD..89h5026K_page_1_chunk_4": {
        "text": "ion experiments are traditionally ana-\nlyzed within the framework of the Standard Halo Model\n(SHM), in which WIMPs are assumed to have a Maxwell-\nBoltzmann speed distribution in the Galactic frame. The\nimpact of uncertainties in the WIMP speed distribution\nhas been much studied (see e.g. Refs. [10{12]), leading\nto the conclusion that such uncertainties may introduce\na bias into any reconstruction of the WIMP mass from\ndirect detection data. As yet, the speed distribution is\nunknown, while a number of proposals have been put\nforward for its form, including analytic parametrizations\n(e.g. Ref. [13]) and distributions reconstructed from the\npotential of the Milky Way [14] or from N-body simu-\nlations [15{18]. Recent results from N-body simulations\nwhich attempt to include the e\u000bects of baryons on struc-\nture formation also report the possible presence of a dark\n\u0003Electronic address: ppxbk2@nottingham.ac.ukdisk in the Milky Way [19{21]. With such a wide range\nof possibilities, we should tak",
        "page": 1,
        "link": "https://ui.adsabs.harvard.edu/link_gateway/2014PhRvD..89h5026K/EPRINT_PDF",
        "title": "Parametrizing the local dark matter speed distribution A detailed analysis"
    },
    "2014PhRvD..89h5026K_page_1_chunk_5": {
        "text": "s on struc-\nture formation also report the possible presence of a dark\n\u0003Electronic address: ppxbk2@nottingham.ac.ukdisk in the Milky Way [19{21]. With such a wide range\nof possibilities, we should take an agnostic approach to\nthe speed distribution, not only to avoid introducing bias\ninto the analysis of data, but also with the hope of mea-\nsuring the speed distribution and thereby probing the\nformation history of the Milky Way.\nSeveral methods of evading these uncertainties have\nbeen proposed. These include simultaneously \ftting\nthe parameters of the SHM and dark matter properties\n[22, 23], \ftting to empirical forms of the speed distribu-\ntion (e.g. Ref. [24]) and \ftting to a self-consistent distri-\nbution function [25]. However, these methods typically\nrequire that the speed distribution can be well \ftted by\na particular functional form. More model-independent\nmethods, such as \ftting the moments of the speed distri-\nbution [26, 27] or using a step-function speed distribution\n[11], ha",
        "page": 1,
        "link": "https://ui.adsabs.harvard.edu/link_gateway/2014PhRvD..89h5026K/EPRINT_PDF",
        "title": "Parametrizing the local dark matter speed distribution A detailed analysis"
    },
    "2014PhRvD..89h5026K_page_1_chunk_6": {
        "text": " can be well \ftted by\na particular functional form. More model-independent\nmethods, such as \ftting the moments of the speed distri-\nbution [26, 27] or using a step-function speed distribution\n[11], have also been presented. However, these methods\ncan still introduce a bias into the measurement of the\nWIMP mass and perform less well with the inclusion of\nrealistic experimental energy thresholds.\nIn a recent paper [28] (hereafter referred to as Pa-\nper 1), a new parametrization of the speed distribution\nwas presented, which allowed the WIMP mass to be ex-\ntracted from hypothetical direct detection data without\nprior knowledge of the speed distribution itself. Paper\n1 demonstrated this for a WIMP of mass 50 GeV, using\nseveral underlying distribution functions. In the present\npaper, we extend this analysis to a wider range of masses.\nWe also aim to demonstrate the statistical properties of\nthe method and show how realistic experimental parame-\nters a\u000bect its performance. Finally, we will a",
        "page": 1,
        "link": "https://ui.adsabs.harvard.edu/link_gateway/2014PhRvD..89h5026K/EPRINT_PDF",
        "title": "Parametrizing the local dark matter speed distribution A detailed analysis"
    },
    "2014PhRvD..89h5026K_page_1_chunk_7": {
        "text": "this analysis to a wider range of masses.\nWe also aim to demonstrate the statistical properties of\nthe method and show how realistic experimental parame-\nters a\u000bect its performance. Finally, we will also elaborate\non some of the technical details of the method and as-\nsess its ability to reconstruct the underlying WIMP speed\ndistribution.\nSection II of this paper explains the direct detection\nevent rate formalism and presents the parametrization of\nthe speed distribution introduced in Paper 1. In Sec. III,\nthe methodology for testing the parametrization is out-arXiv:1312.1852v1  [astro-ph.CO]  6 Dec 2013",
        "page": 1,
        "link": "https://ui.adsabs.harvard.edu/link_gateway/2014PhRvD..89h5026K/EPRINT_PDF",
        "title": "Parametrizing the local dark matter speed distribution A detailed analysis"
    },
    "2014PhRvD..89h5026K_page_2_chunk_1": {
        "text": "2\nlined. In Section IV, we consider the choice and number\nof basis functions for the method. We then study the\nperformance of the method as a function of input WIMP\nmass (Sec. V) and when Poisson \ructations in the data\nare taken into account (Sec. VI). In Sec. VII, we demon-\nstrate how the speed distribution can be extracted from\nthis parametrization and examine whether or not di\u000ber-\nent distribution functions can be distinguished. Finally,\nwe summarize in Sec. VIII the main results of this paper.\nII. DIRECT DETECTION EVENT RATE\nDark matter direct detection experiments aim to mea-\nsure the energies Eof nuclear recoils induced by interac-\ntions with WIMPs in the Galactic halo. Calculation of\nthe event rate at such detectors has been much studied\n(e.g. Refs. [2, 6, 7, 29]). For a target nucleus with nu-\ncleon number A, interacting with a WIMP of mass m\u001f,\nthe event rate per unit detector mass is given by:\ndR\ndE=\u001a0\u001bp\n2m\u001f\u00162\u001fpA2F2(E)\u0011(vmin); (1)\nwhere\u001a0is the local dark matter mass density, ",
        "page": 2,
        "link": "https://ui.adsabs.harvard.edu/link_gateway/2014PhRvD..89h5026K/EPRINT_PDF",
        "title": "Parametrizing the local dark matter speed distribution A detailed analysis"
    },
    "2014PhRvD..89h5026K_page_2_chunk_2": {
        "text": "eus with nu-\ncleon number A, interacting with a WIMP of mass m\u001f,\nthe event rate per unit detector mass is given by:\ndR\ndE=\u001a0\u001bp\n2m\u001f\u00162\u001fpA2F2(E)\u0011(vmin); (1)\nwhere\u001a0is the local dark matter mass density, \u001bpis the\nWIMP-proton spin-independent cross section and the re-\nduced mass is de\fned as \u0016AB=mAmB=(mA+mB). The\nHelm form factor F2(E) [30] describes the loss of coher-\nence of spin-independent scattering due to the \fnite size\nof the nucleus. A wide range of possible interactions have\nbeen considered in the literature, including inelastic [31],\nisospin-violating [32] and more general non-relativistic in-\nteractions [33{35]. We focus here on the impact of the\nWIMP speed distribution on the direct detection event\nrate. We therefore restrict ourselves to considering only\nspin-independent scattering, which is expected to domi-\nnate over the spin-dependent contribution for heavy nu-\nclei, due to the A2enhancement in the rate.\nInformation about the WIMP velocity distribution\nf(v) is encoded in the",
        "page": 2,
        "link": "https://ui.adsabs.harvard.edu/link_gateway/2014PhRvD..89h5026K/EPRINT_PDF",
        "title": "Parametrizing the local dark matter speed distribution A detailed analysis"
    },
    "2014PhRvD..89h5026K_page_2_chunk_3": {
        "text": ", which is expected to domi-\nnate over the spin-dependent contribution for heavy nu-\nclei, due to the A2enhancement in the rate.\nInformation about the WIMP velocity distribution\nf(v) is encoded in the function \u0011, sometimes referred\nto as the mean inverse speed,\n\u0011(vmin) =Z\nv>v minf(v)\nvd3v; (2)\nwhere vis the WIMP velocity in the reference frame\nof the detector. The integration is performed only over\nthose WIMPs with su\u000ecient speed to induce a nuclear\nrecoil of energy E. The minimum required speed for a\ntarget nucleus of mass mNis\nvmin(E) =s\nmNE\n2\u00162\n\u001fN: (3)\nWe distinguish between the directionally averaged ve-\nlocity distribution\nf(v) =I\nf(v) d\n v; (4)and the 1-dimensional speed distribution\nf1(v) =I\nf(v)v2d\nv: (5)\nThe distribution function should in principle be time-\ndependent, due to the motion of the Earth around the\nSun. However, this is expected to be a percent-level e\u000bect\n(for a review, see e.g. Ref. [36]) and we therefore assume\nthatf1(v) is time independent in the present work.\n",
        "page": 2,
        "link": "https://ui.adsabs.harvard.edu/link_gateway/2014PhRvD..89h5026K/EPRINT_PDF",
        "title": "Parametrizing the local dark matter speed distribution A detailed analysis"
    },
    "2014PhRvD..89h5026K_page_2_chunk_4": {
        "text": "motion of the Earth around the\nSun. However, this is expected to be a percent-level e\u000bect\n(for a review, see e.g. Ref. [36]) and we therefore assume\nthatf1(v) is time independent in the present work.\nWe consider several benchmark speed distributions in\nthis work, including the SHM and the SHM with the\naddition of a moderate dark disk which accounts for 23%\nof the total WIMP density [21]. We model the speed\ndistributions as combinations of Gaussian functions in\nthe Earth frame\ng(v) =Nexp\u0012\n\u0000(v\u0000vlag)2\n2\u001b2v\u0013\n\u0002(vesc\u0000jv\u0000vlagj);(6)\nwhere vlagspeci\fes the peak velocity of the distribution\nin the Earth frame and \u001bvthe velocity dispersion. We\ntruncate the distribution above the escape speed vescin\nthe Galactic frame and the factor Nis required to sat-\nisfy the normalization condition (Eq. 9). We use the\nvaluevesc= 544 km s\u00001, which lies within the 90% con-\n\fdence limits obtained from the RAVE survey [37, 38].\nIn addition, we also use the speed distribution of Lisanti\net al. [13], which has the f",
        "page": 2,
        "link": "https://ui.adsabs.harvard.edu/link_gateway/2014PhRvD..89h5026K/EPRINT_PDF",
        "title": "Parametrizing the local dark matter speed distribution A detailed analysis"
    },
    "2014PhRvD..89h5026K_page_2_chunk_5": {
        "text": " the\nvaluevesc= 544 km s\u00001, which lies within the 90% con-\n\fdence limits obtained from the RAVE survey [37, 38].\nIn addition, we also use the speed distribution of Lisanti\net al. [13], which has the following form in the Earth's\nframe:\nf(v) =N\u0014\nexp\u0012v2\nesc\u0000jv\u0000v0j2\nkv2\n0\u0013\n\u00001\u0015k\n\u0002(vesc\u0000jv\u0000v0j):\n(7)\nWe use the parameter values k= 2 andv0= 220 km s\u00001\nin this work. We summarize in Tab. I the di\u000berent speed\ndistributions considered. We also plot several of these in\nFig. 1 for reference.\nIn Paper 1, a parametrization for the WIMP speed\ndistribution was introduced, for use in the analysis of\ndirect detection data. The parametrization of Paper 1\nhas the form:\nf1(v) =v2exp(\n\u0000N\u00001X\nk=0akPk(v))\n(8)\nwherePk(v) is some basis of polynomial functions of v.\nWe \ft the coe\u000ecients fa1;:::;aN\u00001gusing data, and \fx\naoby normalization\na0= ln Z1\n0v2exp(\n\u0000N\u00001X\nk=1akPk(v))\ndv!\n: (9)\nThis form of parametrization ensures that the distribu-\ntion function f1(v) is everywhere positive and can be used\nto \ft an arbitrary ",
        "page": 2,
        "link": "https://ui.adsabs.harvard.edu/link_gateway/2014PhRvD..89h5026K/EPRINT_PDF",
        "title": "Parametrizing the local dark matter speed distribution A detailed analysis"
    },
    "2014PhRvD..89h5026K_page_2_chunk_6": {
        "text": "\naoby normalization\na0= ln Z1\n0v2exp(\n\u0000N\u00001X\nk=1akPk(v))\ndv!\n: (9)\nThis form of parametrization ensures that the distribu-\ntion function f1(v) is everywhere positive and can be used\nto \ft an arbitrary underlying directionally-averaged dis-\ntribution function (given a su\u000eciently large number of\npolynomial basis functions). We explore in Sec. IV which\nbasis functions should be used in the parametrization, as\nwell as how many basis functions are required.",
        "page": 2,
        "link": "https://ui.adsabs.harvard.edu/link_gateway/2014PhRvD..89h5026K/EPRINT_PDF",
        "title": "Parametrizing the local dark matter speed distribution A detailed analysis"
    },
    "2014PhRvD..89h5026K_page_3_chunk_1": {
        "text": "3\nSpeed distribution\nbenchmarkFraction vlag=km s\u00001\u001bv=km s\u00001\nSHM 1 220 156\nSHM+DD0.77 220 156\n0.23 50 50\nStream 1 400 20\nBump0.97 220 156\n0.03 500 20\nDouble-peak0.5 200 20\n0.5 400 20\nLisanti et al. v0= 220 km s\u00001k= 2\nTABLE I. Summary of speed distribution benchmarks used\nin this work. Some benchmarks are modelled as mixtures of\ntwo gaussian components (de\fned in Eq. 6), for which we\ngive the fractional contribution of each component (labelled\n`Fraction'). The remaining parameters are de\fned in Eqs. 6\nand 7 and the accompanying text. The `bump' and `double-\npeak' distributions are discussed in Sec. IV.\n0 200 400 600 800 1000\nv/km s−1012345f1(v)/ km−1 s1e3\nSHM\nSHM+DD\nLisanti et al.\nStream\nFIG. 1. Several of the benchmark speed distributions used in\nthis work. They are de\fned in Eqs. 6 and 7 with parameters\nfrom Tab. I. These distributions are the SHM (solid blue),\nSHM+DD (dashed green), Lisanti et al. (dot-dashed red)\nand the stream (dotted magenta).\nIII. PARAMETER RECONSTRUCTION\nIn order",
        "page": 3,
        "link": "https://ui.adsabs.harvard.edu/link_gateway/2014PhRvD..89h5026K/EPRINT_PDF",
        "title": "Parametrizing the local dark matter speed distribution A detailed analysis"
    },
    "2014PhRvD..89h5026K_page_3_chunk_2": {
        "text": "ith parameters\nfrom Tab. I. These distributions are the SHM (solid blue),\nSHM+DD (dashed green), Lisanti et al. (dot-dashed red)\nand the stream (dotted magenta).\nIII. PARAMETER RECONSTRUCTION\nIn order to assess the performance of the parametriza-\ntion method, we attempt to reconstruct the WIMP mass\nm\u001fand polynomial coe\u000ecients fa1;:::;aN\u00001gusing the\nnested sampling software MultiNest [39{41]. We also\ninclude the WIMP-proton spin-independent cross section\n\u001bpas a free parameter. However, we are forced to treat\nthe cross section as a nuisance parameter. As has previ-\nously been noted [28, 42], taking an agnostic approach to\nthe DM speed distribution means that we do not know\nwhat fraction of WIMPs lie above the energy thresholdsExperimentTarget\nMass,ADetector\nMass (\fd.),\nmdet/kgE\u000eciency,\n\u000fEnergy\nRange/keV\nXenon 131 1100 [48] 0.7 [49] 7-45 [50]\nArgon 40 1000 0.9 [51] 30-100 [52]\nGermanium 73 150 [53] 0.6 [54] 8-100 [54]\nTABLE II. Summary of experimental parameters used in this\nwork, de\fned ",
        "page": 3,
        "link": "https://ui.adsabs.harvard.edu/link_gateway/2014PhRvD..89h5026K/EPRINT_PDF",
        "title": "Parametrizing the local dark matter speed distribution A detailed analysis"
    },
    "2014PhRvD..89h5026K_page_3_chunk_3": {
        "text": "gy\nRange/keV\nXenon 131 1100 [48] 0.7 [49] 7-45 [50]\nArgon 40 1000 0.9 [51] 30-100 [52]\nGermanium 73 150 [53] 0.6 [54] 8-100 [54]\nTABLE II. Summary of experimental parameters used in this\nwork, de\fned in Sec. III A. An exposure of texp= 2 years is\nused for all 3 experiments.\nof the experiments. While this does not adversely impact\nthe reconstruction of the WIMP mass, it does result in\na strong degeneracy, such that only lower limits can be\nplaced on the cross section using such methods. In any\ncase, the cross section appears in the event rate (Eq. 1)\nin the degenerate combination \u001a0\u001bp. Uncertainties on\nthe local DM density \u001a0are at present on the order of\na factor of 2 (see e.g. [43{46]) and thus any reconstruc-\ntion of the cross section would be subject to the same\nsystematic uncertainty. In this work, we focus instead\non reconstructing the WIMP mass and the shape of the\nspeed distribution. For concreteness, we use the values\n\u001bp= 10\u000045cm2and\u001a0= 0:3 GeV cm\u00003throughout this\nwork.\nA. Expe",
        "page": 3,
        "link": "https://ui.adsabs.harvard.edu/link_gateway/2014PhRvD..89h5026K/EPRINT_PDF",
        "title": "Parametrizing the local dark matter speed distribution A detailed analysis"
    },
    "2014PhRvD..89h5026K_page_3_chunk_4": {
        "text": "In this work, we focus instead\non reconstructing the WIMP mass and the shape of the\nspeed distribution. For concreteness, we use the values\n\u001bp= 10\u000045cm2and\u001a0= 0:3 GeV cm\u00003throughout this\nwork.\nA. Experimental benchmarks\nIn order to generate mock data sets, we consider three\nidealized mock experiments, loosely based on detectors\nwhich are currently in development. As previous work\nhas shown [42, 47], the WIMP mass and speed distri-\nbution are degenerate when data from only a single ex-\nperiment is considered. However, this degeneracy can\nbe broken by including data from additional experiments\nwith di\u000berent nuclear target masses. The three target\nmaterials we consider here are Xenon, Argon and Ger-\nmanium. We describe each experiment in terms of its\nnucleon number A, \fducial detector mass mdet, e\u000eciency\n\u000fand energy sensitivity window [ Emin;Emax]. We incor-\nporate the e\u000bects of detector sensitivity, analysis cuts\nand detector down-time into the value of the e\u000eciency\n\u000f, which we take to b",
        "page": 3,
        "link": "https://ui.adsabs.harvard.edu/link_gateway/2014PhRvD..89h5026K/EPRINT_PDF",
        "title": "Parametrizing the local dark matter speed distribution A detailed analysis"
    },
    "2014PhRvD..89h5026K_page_3_chunk_5": {
        "text": "et, e\u000eciency\n\u000fand energy sensitivity window [ Emin;Emax]. We incor-\nporate the e\u000bects of detector sensitivity, analysis cuts\nand detector down-time into the value of the e\u000eciency\n\u000f, which we take to be energy independent for simplicity.\nWe consider a total exposure time for all experiments of\ntexp= 2 years. The experimental parameter values used\nin this work are summarized in Tab. II.\nThe exact parameter values we used in this work do\nnot strongly impact the results we present. However, it\nis important to note that the total mass and exposure\nof the experiments will a\u000bect the total number of events\nobserved. This in turn will a\u000bect the precision of the\nreconstructions. For example, we have chosen a total\nArgon mass of 1000 kg. This is the stated target for\nArgon-based experiments which are in development (e.g.\nRef. [55]), though at present typical \fducial masses for",
        "page": 3,
        "link": "https://ui.adsabs.harvard.edu/link_gateway/2014PhRvD..89h5026K/EPRINT_PDF",
        "title": "Parametrizing the local dark matter speed distribution A detailed analysis"
    },
    "2014PhRvD..89h5026K_page_3_chunk_6": {
        "text": " in development (e.g.\nRef. [55]), though at present typical \fducial masses for",
        "page": 3,
        "link": "https://ui.adsabs.harvard.edu/link_gateway/2014PhRvD..89h5026K/EPRINT_PDF",
        "title": "Parametrizing the local dark matter speed distribution A detailed analysis"
    },
    "2014PhRvD..89h5026K_page_4_chunk_1": {
        "text": "4\nParameter Prior type Prior range\nm\u001f=GeV log-\rat\u0002\n100;103\u0003\n\u001bp=cm2log-\rat\u0002\n10\u000046;10\u000042\u0003\nfakg linear-\rat [\u000050;50]\nRBG=dru log-\rat\u0002\n10\u000012;10\u00005\u0003\nTABLE III. Summary of the priors on the parameters used\nin this work. The background rate RBGis de\fned in Sec. V,\nwhile the remaining parameters are de\fned in Sec. II.\nParameter Value\nNlive 10000\ne\u000eciency 0.25\ntolerance 10\u00004\nTABLE IV. Summary of the MultiNest sampling parameters\nused in this work.\nArgon prototypes are of the order of 100 kg [52]. The\ndata we have generated does not represent the `high-\nstatistics' regime: across all three experiments the total\nnumber of events observed is roughly 200-300 with as few\nas 10 events in the Germanium detector for some scenar-\nios. Using a smaller exposure (or equivalently a smaller\ninteraction cross section) will reduce the precision of the\nresults, but should not introduce any additional bias. We\nalso brie\ry consider the impact of a larger number of\nevents in Sec. VII.\nB. Parameter sampling\nWe make p",
        "page": 4,
        "link": "https://ui.adsabs.harvard.edu/link_gateway/2014PhRvD..89h5026K/EPRINT_PDF",
        "title": "Parametrizing the local dark matter speed distribution A detailed analysis"
    },
    "2014PhRvD..89h5026K_page_4_chunk_2": {
        "text": "on) will reduce the precision of the\nresults, but should not introduce any additional bias. We\nalso brie\ry consider the impact of a larger number of\nevents in Sec. VII.\nB. Parameter sampling\nWe make parameter inferences using a combination of\nBayesian and frequentist statistics. Bayes theorem for\nthe probability of a particular set of theoretical parame-\nters\u0002given the observed data Dis:\nP(\u0002jD) =P(\u0002)P(Dj\u0002)\nP(D); (10)\nwhereP(\u0002) is the prior on the parameters and P(D) is\nthe Bayesian evidence, which acts as a normalizing factor\nand has no impact on parameter inference. We summa-\nrize the priors used in this work in Tab. III. We also\nsummarize in Tab. IV the MultiNest sampling parame-\nters used.\nThe factorP(Dj\u0002) is simply the likelihood of the data\ngiven the parameters \u0002. In Sec. IV and Sec. V, we con-\nsider the e\u000bects of varying the form of the parametriza-\ntion and of varying the input WIMP mass. In order\nto eliminate the e\u000bects of Poisson noise, we use Asimov\ndata [56] for these sectio",
        "page": 4,
        "link": "https://ui.adsabs.harvard.edu/link_gateway/2014PhRvD..89h5026K/EPRINT_PDF",
        "title": "Parametrizing the local dark matter speed distribution A detailed analysis"
    },
    "2014PhRvD..89h5026K_page_4_chunk_3": {
        "text": "V, we con-\nsider the e\u000bects of varying the form of the parametriza-\ntion and of varying the input WIMP mass. In order\nto eliminate the e\u000bects of Poisson noise, we use Asimov\ndata [56] for these sections. This means that we divide\nthe energy window of each experiment into bins of width\n1 keV. We then set the observed number of events No;iin biniequal to the expected number of events Ne;i. In\nthis case, we use the binned likelihood, calculated for Nb\nenergy bins:\nLb=NbY\ni=1NNo;i\ne;ie\u0000Ne;i\nNo;i!: (11)\nIn Sec. VI and Sec. VII, we consider many realisa-\ntions of data, including the e\u000bects of Poisson noise. We\ntherefore use the extended likelihood which has previ-\nously been used by both the Xenon [57] and CDMS [58]\ncollaborations, which for a single experiment is given by:\nL=NNoee\u0000Ne\nNo!NoY\ni=1P(Ei); (12)\nwhere the expected number of events is given by:\nNe=\u000fmdettexpZEmax\nEmindR\ndEdE; (13)\nand the normalised recoil spectrum is given by:\nP(E) =\u000fmdettexp\nNedR\ndE: (14)\nThe total likelihood is t",
        "page": 4,
        "link": "https://ui.adsabs.harvard.edu/link_gateway/2014PhRvD..89h5026K/EPRINT_PDF",
        "title": "Parametrizing the local dark matter speed distribution A detailed analysis"
    },
    "2014PhRvD..89h5026K_page_4_chunk_4": {
        "text": "P(Ei); (12)\nwhere the expected number of events is given by:\nNe=\u000fmdettexpZEmax\nEmindR\ndEdE; (13)\nand the normalised recoil spectrum is given by:\nP(E) =\u000fmdettexp\nNedR\ndE: (14)\nThe total likelihood is then the product over all experi-\nments considered.\nUsing nested sampling, we can extract the full poste-\nrior probability distribution of the parameters P(\u0002jD),\nas well as the likelihood L(\u0002). However, we often want to\nmake inferences not jointly for all parameters but for only\na subset (treating the remaining as nuisance parameters).\nIf we conceptually partition the parameter space into the\nparameters of interest  and the remaining nuisance pa-\nrameters\u001e, we would like to make inferences about the\nvalues of , without reference to the values of \u001e. One\noption for doing this is to calculate the marginalized pos-\nterior distribution, obtained by integrating the posterior\nprobability over the parameters we are not interested in:\nPm( ) =Z\nP( ;\u001e) d\u001e: (15)\nThis method performs well for small numb",
        "page": 4,
        "link": "https://ui.adsabs.harvard.edu/link_gateway/2014PhRvD..89h5026K/EPRINT_PDF",
        "title": "Parametrizing the local dark matter speed distribution A detailed analysis"
    },
    "2014PhRvD..89h5026K_page_4_chunk_5": {
        "text": "marginalized pos-\nterior distribution, obtained by integrating the posterior\nprobability over the parameters we are not interested in:\nPm( ) =Z\nP( ;\u001e) d\u001e: (15)\nThis method performs well for small numbers of observa-\ntions (compared to the number of free parameters in the\n\ft). We take the mode of the distribution to be the re-\nconstructed parameter value and construct p% minimal\ncredible intervals, which include those parameter values\nwithPm( )\u0015h, wherehis chosen such that p% of\nthe probability distribution lies within the interval. The\nmarginalized posterior method is used in Sec. VI and\nSec. VII, where in some cases the number of events ob-\nserved in an experiment is less than 10.\nAn alternative method is to calculate the pro\fle likeli-\nhood. This is obtained by maximizing the full likelihood\nfunction over the nuisance parameters:\nLp( ) = max\n\u001eL( ;\u001e): (16)",
        "page": 4,
        "link": "https://ui.adsabs.harvard.edu/link_gateway/2014PhRvD..89h5026K/EPRINT_PDF",
        "title": "Parametrizing the local dark matter speed distribution A detailed analysis"
    },
    "2014PhRvD..89h5026K_page_4_chunk_6": {
        "text": "hood\nfunction over the nuisance parameters:\nLp( ) = max\n\u001eL( ;\u001e): (16)",
        "page": 4,
        "link": "https://ui.adsabs.harvard.edu/link_gateway/2014PhRvD..89h5026K/EPRINT_PDF",
        "title": "Parametrizing the local dark matter speed distribution A detailed analysis"
    },
    "2014PhRvD..89h5026K_page_5_chunk_1": {
        "text": "5\n0 200 400 600 800 1000\nv/km s−10.0000.0020.0040.0060.0080.0100.012f1(v)/ km−1 sBump\nDouble-peak\nFIG. 2. Benchmark speed distributions used in Sec. IV to test\nthe performance of the parametrization as a function of the\nnumber and type of basis functions.\nFor a large number of observations, we can take the value\nwhich maximizes Lpas the reconstructed value and con-\nstruct con\fdence intervals using the asymptotic proper-\nties of the pro\fle likelihood. We use the pro\fle likelihood\nfor parameter inferences in Sec. IV and Sec. V, as the Asi-\nmov data sets provide a large number of measurements\nofNe;iover a large number of bins. The pro\fle likeli-\nhood can also lead to less noisy reconstructions than the\nmarginalized posterior, especially when the dimensional-\nity of the parameter space becomes high, as in Sec. IV\nand Sec. V.\nIV. TESTING THE PARAMETRIZATION\nWe now consider the two questions: 1. how many ba-\nsis functions are required and 2. which polynomial basis\nshould be used? In order to",
        "page": 5,
        "link": "https://ui.adsabs.harvard.edu/link_gateway/2014PhRvD..89h5026K/EPRINT_PDF",
        "title": "Parametrizing the local dark matter speed distribution A detailed analysis"
    },
    "2014PhRvD..89h5026K_page_5_chunk_2": {
        "text": " high, as in Sec. IV\nand Sec. V.\nIV. TESTING THE PARAMETRIZATION\nWe now consider the two questions: 1. how many ba-\nsis functions are required and 2. which polynomial basis\nshould be used? In order to answer these questions, we\nuse the two benchmark distribution functions illustrated\nin Fig. 2. We have chosen these benchmarks not be-\ncause they are necessarily realistic distribution functions\nbut because they should be di\u000ecult to \ft using standard\ntechniques and \ftting functions (e.g. [13]). The \frst dis-\ntribution (referred to as `bump') is a SHM distribution\nwith the addition of a small bump, which contributes\njust 3% of the total WIMP population and could corre-\nspond to a small sub-halo or stream [15]. This should\nbe di\u000ecult to \ft because it represents only a very small\ndeviation from the standard scenario. The second dis-\ntribution (referred to as `double-peak') has a sharp and\nrapidly varying structure, which we anticipate should be\ndi\u000ecult to capture using a small number of basi",
        "page": 5,
        "link": "https://ui.adsabs.harvard.edu/link_gateway/2014PhRvD..89h5026K/EPRINT_PDF",
        "title": "Parametrizing the local dark matter speed distribution A detailed analysis"
    },
    "2014PhRvD..89h5026K_page_5_chunk_3": {
        "text": "the standard scenario. The second dis-\ntribution (referred to as `double-peak') has a sharp and\nrapidly varying structure, which we anticipate should be\ndi\u000ecult to capture using a small number of basis func-\ntions.A. Varying the number of basis functions\nWe \frst investigate how the reconstructed WIMP mass\nmrecand uncertainty varies with the number of basis\nfunctionsN. For now, we \fx our choice of basis to shifted\nLegendre polynomials, as used in Paper 1:\nPk(v) =Lk\u0012\n2v\nvmax\u00001\u0013\n; (17)\nwhereLkis the Legendre polynomial of order k, andvmax\nis a cut o\u000b for the parametrization. We should choose\nvmaxto ensure that f1(v) is negligible above the cut o\u000b.\nHowever, too high a choice of vmaxwill result in f1(v)\nbeing close to zero over a large range of the parametriza-\ntion, making \ftting more di\u000ecult. We use the value\nvmax= 1000 km s\u00001, while lies signi\fcantly above the\nGalactic escape speed.\nThe lower panel of Fig. 3 shows the best \ft mass and\n68% con\fdence intervals as a function of N, using as\n",
        "page": 5,
        "link": "https://ui.adsabs.harvard.edu/link_gateway/2014PhRvD..89h5026K/EPRINT_PDF",
        "title": "Parametrizing the local dark matter speed distribution A detailed analysis"
    },
    "2014PhRvD..89h5026K_page_5_chunk_4": {
        "text": " We use the value\nvmax= 1000 km s\u00001, while lies signi\fcantly above the\nGalactic escape speed.\nThe lower panel of Fig. 3 shows the best \ft mass and\n68% con\fdence intervals as a function of N, using as\ninput a WIMP of mass 50 GeV and the `bump' distri-\nbution function. The reconstructed mass very rapidly\nsettles close to the true value, using as few as three ba-\nsis functions. This is because adding the bump near\nv\u0018500 km s\u00001still leaves the mean inverse speed rel-\natively smooth, so a large number of basis function are\nnot required. The correct mass is reconstructed and we\nemphasize in the lower panel of Fig. 3 that the reconstruc-\ntion is stable with the addition of more basis functions.\nWe should also consider how the quality of the \ft\nchanges as a function of N. We would expect that adding\n\ft parameters should always lead to a better \ft. Eventu-\nally, the \ft should be good enough that adding additional\nbasis functions will no longer improve it signi\fcantly. We\ncan then be con\fdent th",
        "page": 5,
        "link": "https://ui.adsabs.harvard.edu/link_gateway/2014PhRvD..89h5026K/EPRINT_PDF",
        "title": "Parametrizing the local dark matter speed distribution A detailed analysis"
    },
    "2014PhRvD..89h5026K_page_5_chunk_5": {
        "text": "ng\n\ft parameters should always lead to a better \ft. Eventu-\nally, the \ft should be good enough that adding additional\nbasis functions will no longer improve it signi\fcantly. We\ncan then be con\fdent that our reconstruction is accurate\nand not an artifact of using too few basis functions. In\norder to investigate this, we utilise the Bayesian Infor-\nmation Criterion (BIC) [59], which is given by:\nBIC = 2Npln(Nm)\u0000ln(Lmax); (18)\nwhereNpis the number of free parameters, Nmis the\nnumber of measurements or observations and Lmaxis\nthe maximum likelihood value obtained in the reconstruc-\ntion. For the case of binned data, Nmcorresponds simply\nto the total number of energy bins across all experiments.\nThis criterion penalises the inclusion of additional free\nparameters and in comparing several models, we should\nprefer the one which minimises the BIC.\nThe upper panel of Fig. 3 shows the BIC (in arbitrary\nunits) as a function of the number of basis functions for\nthe `bump' distribution function. Th",
        "page": 5,
        "link": "https://ui.adsabs.harvard.edu/link_gateway/2014PhRvD..89h5026K/EPRINT_PDF",
        "title": "Parametrizing the local dark matter speed distribution A detailed analysis"
    },
    "2014PhRvD..89h5026K_page_5_chunk_6": {
        "text": ", we should\nprefer the one which minimises the BIC.\nThe upper panel of Fig. 3 shows the BIC (in arbitrary\nunits) as a function of the number of basis functions for\nthe `bump' distribution function. The BIC is compara-\nble for the cases of N= 2 andN= 3, indicating that\nthe quality of the \ft is improved slightly by the addition\nof another basis function. However, adding further basis\nfunctions does not have a signi\fcant impact on the max-\nimum likelihood, leading to an increase in the BIC. This",
        "page": 5,
        "link": "https://ui.adsabs.harvard.edu/link_gateway/2014PhRvD..89h5026K/EPRINT_PDF",
        "title": "Parametrizing the local dark matter speed distribution A detailed analysis"
    },
    "2014PhRvD..89h5026K_page_6_chunk_1": {
        "text": "6\nBIC / arb.\n2 3 4 5 6 7 8 9 10\nNumber of basis functions, N20406080100mrec / GeV\nFIG. 3. Bayesian information criterion (BIC) as a function\nof the number of basis functions for an underlying `bump'\ndistribution function, 50 GeV WIMP and using Legendre\npolynomial basis functions (upper panel). Also shown (lower\npanel) are the reconstructed WIMP mass (dashed blue line),\n68% con\fdence interval (shaded blue region) and underlying\nWIMP mass (solid horizontal black line).\ncoincides with the stabilization of the reconstructed mass\naround the true value and we conclude that only two or\nthree basis functions are required to provide a good \ft\nto the data.\nFigure 4 shows the corresponding results for the\n`double-peak' distribution function. Here, we note that\nthe bias induced by using too small a number of basis\nfunctions is larger than for the case of the `bump' dis-\ntribution, due to the more complicated structure in this\ncase. The BIC is minimized for N= 7, indicating that\nadditional basis fu",
        "page": 6,
        "link": "https://ui.adsabs.harvard.edu/link_gateway/2014PhRvD..89h5026K/EPRINT_PDF",
        "title": "Parametrizing the local dark matter speed distribution A detailed analysis"
    },
    "2014PhRvD..89h5026K_page_6_chunk_2": {
        "text": "mber of basis\nfunctions is larger than for the case of the `bump' dis-\ntribution, due to the more complicated structure in this\ncase. The BIC is minimized for N= 7, indicating that\nadditional basis functions do not signi\fcantly improve\nthe quality of the \ft to data. This suggests that the\nshape of the speed distribution can be well \ft by N\u00157\nbasis functions. As shown in the lower panel of Fig. 4,\nthe reconstruction of the WIMP mass is stable around\nthe true mass for these values of N.\nWe propose that such a procedure should be used in\nthe case of real data should a dark matter signal be ob-\nserved at multiple detectors. We have shown that by\nanalyzing the reconstructed mass as a function of Nwe\ncan recover the true mass and that by using the BIC we\ncan be con\fdent that we have obtained an adequate \ft\nto data.\nB. Choice of basis functions\nWe now consider the second question posed at the start\nof Sec. IV: which polynomial basis should be used? We\nsee immediately that a naive power series",
        "page": 6,
        "link": "https://ui.adsabs.harvard.edu/link_gateway/2014PhRvD..89h5026K/EPRINT_PDF",
        "title": "Parametrizing the local dark matter speed distribution A detailed analysis"
    },
    "2014PhRvD..89h5026K_page_6_chunk_3": {
        "text": "adequate \ft\nto data.\nB. Choice of basis functions\nWe now consider the second question posed at the start\nof Sec. IV: which polynomial basis should be used? We\nsee immediately that a naive power series of the form\nlnf(v)\u0019a0+a1v+a2v2+a3v3+:::; (19)\nBIC / arb.\n2 3 4 5 6 7 8 9 10\nNumber of basis functions, N20406080100mrec / GeV\nFIG. 4. As Fig. 3 but for an underlying `double-peak' distri-\nbution function.\nis not practical for the purposes of parameter estima-\ntion. Higher powers of vwill have rapidly growing con-\ntributions to ln f, meaning that the associated coe\u000ecients\nmust be rapidly decreasing in order to suppress these con-\ntributions. Fitting to the SHM using just 5 terms, the\nrange of values for the akin the case of a simple power\nseries would span around 13 orders of magnitude. Ide-\nally, we would like to specify an identical prior on each\nof the coe\u000ecients. However, in this scenario this would\nresult in a highly ine\u000ecient exploration of the parameter\nspace when some of the terms ",
        "page": 6,
        "link": "https://ui.adsabs.harvard.edu/link_gateway/2014PhRvD..89h5026K/EPRINT_PDF",
        "title": "Parametrizing the local dark matter speed distribution A detailed analysis"
    },
    "2014PhRvD..89h5026K_page_6_chunk_4": {
        "text": "lly, we would like to specify an identical prior on each\nof the coe\u000ecients. However, in this scenario this would\nresult in a highly ine\u000ecient exploration of the parameter\nspace when some of the terms are so small.\nThis problem can be signi\fcantly improved by rescal-\ningv. We choose to rescale by a factor of vmax =\n1000 km s\u00001, and cut o\u000b the distribution function at\nvmax. The basis functions ( v=vmax)kare now less than\nunity by construction and the coe\u000ecients akare now di-\nmensionless:\nlnf(v)\u0019a0+a1(v=vmax)+a2(v=vmax)2+a3(v=vmax)3+::::\n(20)\nWe now address the problem of conditioning of the\npolynomial basis (see e.g. Refs. [60, 61]). Condition-\ning is a measure of how much the value of a polynomial\nchanges, given a small change in the coe\u000ecients. For a\nwell-conditioned polynomial, small changes in the coe\u000e-\ncient are expected to lead to small changes in the value of\nthe polynomial. This is ideal for parameter estimation as\nit leads to a more e\u000ecient exploration of the parameter\nspace. Or",
        "page": 6,
        "link": "https://ui.adsabs.harvard.edu/link_gateway/2014PhRvD..89h5026K/EPRINT_PDF",
        "title": "Parametrizing the local dark matter speed distribution A detailed analysis"
    },
    "2014PhRvD..89h5026K_page_6_chunk_5": {
        "text": "ges in the coe\u000e-\ncient are expected to lead to small changes in the value of\nthe polynomial. This is ideal for parameter estimation as\nit leads to a more e\u000ecient exploration of the parameter\nspace. Orthogonal polynomial basis functions typically\nhave improved conditioning [60] and we consider two spe-\nci\fc choices: the Legendre polynomials which have al-\nready been considered and the Chebyshev polynomials.\nThe Chebyshev polynomials are used extensively in poly-\nnomial approximation theory [62] and are expected to be\nwell conditioned [60].\nWe have checked that the reconstruction results us-\ning Chebyshev polynomials are largely indistinguishable",
        "page": 6,
        "link": "https://ui.adsabs.harvard.edu/link_gateway/2014PhRvD..89h5026K/EPRINT_PDF",
        "title": "Parametrizing the local dark matter speed distribution A detailed analysis"
    },
    "2014PhRvD..89h5026K_page_7_chunk_1": {
        "text": "7\n2 4 6 8 10\nNumber of basis functions, N020004000600080001000012000140001600018000Running time, t / mins.\nLegendre\nChebyshev\nFIG. 5. Time taken (using 4 processors in parallel) for the re-\nconstruction of the `bump' benchmark, as a function of num-\nber of basis functions. The time taken using the Chebyshev\nbasis (blue squares) grows more slowly with Nthan for the\nLegendre basis (red triangles).\nfrom the case of Legendre polynomials for both the\n`bump' and `double-peak' distributions and as a func-\ntion ofN. This leads us to conclude that the accuracy of\nthe reconstruction is independent of the speci\fc choice\nof basis. However, the reconstruction was much faster\nin the case of the Chebyshev basis. This is illustrated\nin Fig. 5, which shows the time taken for reconstruction\nof the `bump' benchmark as a function of N. The time\ntaken grows much more slowly for the Chebyshev basis\n(roughly as N2) than for the Legendre basis (roughly as\nN3). We have also checked that this di\u000berence is not a",
        "page": 7,
        "link": "https://ui.adsabs.harvard.edu/link_gateway/2014PhRvD..89h5026K/EPRINT_PDF",
        "title": "Parametrizing the local dark matter speed distribution A detailed analysis"
    },
    "2014PhRvD..89h5026K_page_7_chunk_2": {
        "text": "nchmark as a function of N. The time\ntaken grows much more slowly for the Chebyshev basis\n(roughly as N2) than for the Legendre basis (roughly as\nN3). We have also checked that this di\u000berence is not an\nartifact of how we calculate the basis functions. These\nresults indicate that this choice of basis provides both\nreliable and e\u000ecient reconstruction for the WIMP mass\nand we therefore use the Chebyshev basis in the remain-\nder of this work.\nV. VARYING m\u001f\nIn previous work [28], this parametrization method was\nonly tested for a single WIMP mass of 50 GeV. Here, we\nextend this analysis to a wider range of WIMP masses.\nWe generate Asimov data for WIMP masses of 10, 20,\n30, 40, 50, 75, 100, 200 and 500 GeV and reconstruct the\nbest \ft WIMP mass mrecand 68% and 95% con\fdence\nintervals from the pro\fle likelihood. We use the SHM as a\nbenchmark distribution function and use a \fxed number\nofN= 5 basis functions. The results are shown in Fig. 6,\nalong with the line mrec=m\u001ffor reference.\nFor large va",
        "page": 7,
        "link": "https://ui.adsabs.harvard.edu/link_gateway/2014PhRvD..89h5026K/EPRINT_PDF",
        "title": "Parametrizing the local dark matter speed distribution A detailed analysis"
    },
    "2014PhRvD..89h5026K_page_7_chunk_3": {
        "text": "le likelihood. We use the SHM as a\nbenchmark distribution function and use a \fxed number\nofN= 5 basis functions. The results are shown in Fig. 6,\nalong with the line mrec=m\u001ffor reference.\nFor large values of m\u001f, the shape of the event spec-\ntrum becomes independent of m\u001f[63], which results in a\nwidening of the con\fdence intervals as the WIMP mass\nincreases. For low mass WIMPs, fewer events are ob-\n101\n102\nmχ / GeV101102103mrec / GeVFIG. 6. Reconstructed WIMP mass mrec(central dashed blue\nline) as a function of input WIMP mass m\u001fas well as 68%\nand 95% intervals (inner and outer blue dashed lines respec-\ntively). The line mrec=m\u001f(solid red line) is also plotted for\nreference.\nserved in each bin, again resulting in wider con\fdence\nintervals. It should be noted that for this analysis we\nhave used Asimov data, in which the exact (non-integer)\nnumber of events is recorded in each bin. For low mass\nWIMPs, this means that the spectrum (and therefore the\ncorrect WIMP mass) is still well reconst",
        "page": 7,
        "link": "https://ui.adsabs.harvard.edu/link_gateway/2014PhRvD..89h5026K/EPRINT_PDF",
        "title": "Parametrizing the local dark matter speed distribution A detailed analysis"
    },
    "2014PhRvD..89h5026K_page_7_chunk_4": {
        "text": "sed Asimov data, in which the exact (non-integer)\nnumber of events is recorded in each bin. For low mass\nWIMPs, this means that the spectrum (and therefore the\ncorrect WIMP mass) is still well reconstructed using Asi-\nmov data, in spite of the small number of events. The\ntightest constraints are obtained when the input WIMP\nmass is close to the masses of several of the detector nu-\nclei (in the range 30-80 GeV). There also appears to be\nno bias in the WIMP mass: the reconstruction matches\nthe true mass across all values considered.\nAn alternative parametrization method was proposed\nin Ref. [42], in which the momentum distribution of halo\nWIMPs was parametrized. For a given speed distribu-\ntion, the corresponding momentum distribution may be\nbroad and easily reconstructed for high mass WIMPs.\nHowever, for low mass WIMPs the momentum distri-\nbution would be much narrower, owing to their lower\nmomenta. The momentum parametrization method\ntherefore performs poorly for low mass WIMPs. The\np",
        "page": 7,
        "link": "https://ui.adsabs.harvard.edu/link_gateway/2014PhRvD..89h5026K/EPRINT_PDF",
        "title": "Parametrizing the local dark matter speed distribution A detailed analysis"
    },
    "2014PhRvD..89h5026K_page_7_chunk_5": {
        "text": "s.\nHowever, for low mass WIMPs the momentum distri-\nbution would be much narrower, owing to their lower\nmomenta. The momentum parametrization method\ntherefore performs poorly for low mass WIMPs. The\nparametrization presented in this paper does not su\u000ber\nfrom similar problems.\nSo far, we have only considered idealized direct de-\ntection experiments. We now apply the method to more\nrealistic mock detectors, taking into account the e\u000bects of\n\fnite energy resolution, as well as unrejected background\nevents. We assume here that each experiment has a gaus-\nsian energy resolution with \fxed width \u001bE= 1 keV, such\nthat the observed event rate for recoils of energy Eis\ngiven by:\ndR\ndE=Z1\n01p\n2\u0019\u001bEexp\u001a\n\u0000(E\u0000E0)2\n2\u001b2\nE\u001bdR0\ndE0dE0;(21)",
        "page": 7,
        "link": "https://ui.adsabs.harvard.edu/link_gateway/2014PhRvD..89h5026K/EPRINT_PDF",
        "title": "Parametrizing the local dark matter speed distribution A detailed analysis"
    },
    "2014PhRvD..89h5026K_page_8_chunk_1": {
        "text": "8\nwhere the primed event rate is the underlying (per-\nfect resolution) rate. We also assume a constant \rat\nbackground rate for each experiment RBG= 10\u00006\nevents/kg/keV/day (which has been suggested as a pos-\nsible background rate for Xenon1T [50] and WArP-100L\n[52]) when generating mock data sets. However, we allow\nthe \rat background rate in each experiment to vary as\nfree parameters during the \ft.\nWe have chosen relatively generic resolution and back-\nground parameters in this work, because the precise de-\ntails of energy resolution and background shape and rate\nwill depend on the speci\fc experiment under consider-\nation. Instead, we hope to show that the inclusion of\nmore realistic experimental setups does not introduce an\nadditional bias or otherwise spoil the good properties of\nthe method presented here.\nFigure 7 shows the reconstructed mass as a function\nof input mass in this more realistic scenario. The 68%\nand 95% con\fdence intervals are now wider and the re-\nconstructed mass doe",
        "page": 8,
        "link": "https://ui.adsabs.harvard.edu/link_gateway/2014PhRvD..89h5026K/EPRINT_PDF",
        "title": "Parametrizing the local dark matter speed distribution A detailed analysis"
    },
    "2014PhRvD..89h5026K_page_8_chunk_2": {
        "text": "od presented here.\nFigure 7 shows the reconstructed mass as a function\nof input mass in this more realistic scenario. The 68%\nand 95% con\fdence intervals are now wider and the re-\nconstructed mass does not appear to be as accurate. For\ninput masses above \u0018100 GeV, the uncertainties become\nvery wide, with only a lower limit of mrec>20 GeV be-\ning placed on the WIMP mass. Due to the poorer energy\nresolution the shape of the energy spectrum is less well-\ndetermined. In addition, a \rat background contribution\ncan mimic a higher mass WIMP, as it leads to a \ratter\nspectrum. This leads to a strong degeneracy, as a wide\nrange of mass values can provide a good \ft to the data.\nFor high input masses, the pro\fle likelihood is approx-\nimately constant above mrec\u001820 GeV, indicating that\nthere is no sensitivity to the underlying WIMP mass.\nIn spite of this, the true mass values still lie within the\n68% and 95% con\fdence intervals. In addition, the poor\nvalues for the reconstructed mass for heavy WIMP",
        "page": 8,
        "link": "https://ui.adsabs.harvard.edu/link_gateway/2014PhRvD..89h5026K/EPRINT_PDF",
        "title": "Parametrizing the local dark matter speed distribution A detailed analysis"
    },
    "2014PhRvD..89h5026K_page_8_chunk_3": {
        "text": "itivity to the underlying WIMP mass.\nIn spite of this, the true mass values still lie within the\n68% and 95% con\fdence intervals. In addition, the poor\nvalues for the reconstructed mass for heavy WIMPs are\na side e\u000bect of the loss of sensitivity. Because the pro\fle\nlikelihood is approximately \rat, the maximum likelihood\npoint is equally likely to be anywhere within the 68%\ninterval. These e\u000bects would be present even if we had\nconsidered a \fxed form for the speed distribution. How-\never, when we allow for a range of possible speed dis-\ntributions, the e\u000bects become more pronounced. These\nresults show that for more realistic experimental scenar-\nios, the method presented in this paper remains reliable\nover a range of masses, though its precision may be sig-\nni\fcantly reduced.\nVI. STATISTICAL PROPERTIES\nWe now consider the impact of statistical \ructuations\non the reconstruction of the WIMP mass. In reality,\nthe number of events observed Noat a given experiment\nwill be Poisson distributed",
        "page": 8,
        "link": "https://ui.adsabs.harvard.edu/link_gateway/2014PhRvD..89h5026K/EPRINT_PDF",
        "title": "Parametrizing the local dark matter speed distribution A detailed analysis"
    },
    "2014PhRvD..89h5026K_page_8_chunk_4": {
        "text": "L PROPERTIES\nWe now consider the impact of statistical \ructuations\non the reconstruction of the WIMP mass. In reality,\nthe number of events observed Noat a given experiment\nwill be Poisson distributed about the expected value Ne,\nwhile the observed distribution of recoil energies will not\nexactly match that expected from the calculated event\nrate. The fundamental statistical limitations of future\ndirect detection experiments have been studied in detail\nin Ref. [64]. In this work, we generate 250 realisations\n101\n102\nmχ / GeV101102103mrec / GeVFIG. 7. As \fg. 6 but including the e\u000bects of \fnite energy\nresolution and non-zero backgrounds, as described in the text.\nof data from the mock experiments described in Tab. II.\nEach realisation of the mock data is generated as follows:\n1. Calculate the number of expected events Ne, given\nfm\u001f;\u001bp;f(v)g, using Eq. 13,\n2. Pick the number of observed events Nofrom a Pois-\nson distribution with mean Ne,\n3. Pick recoil energies fE1;E2;:::;ENog, from the ",
        "page": 8,
        "link": "https://ui.adsabs.harvard.edu/link_gateway/2014PhRvD..89h5026K/EPRINT_PDF",
        "title": "Parametrizing the local dark matter speed distribution A detailed analysis"
    },
    "2014PhRvD..89h5026K_page_8_chunk_5": {
        "text": "e number of expected events Ne, given\nfm\u001f;\u001bp;f(v)g, using Eq. 13,\n2. Pick the number of observed events Nofrom a Pois-\nson distribution with mean Ne,\n3. Pick recoil energies fE1;E2;:::;ENog, from the dis-\ntributionP(E) in Eq. 14,\n4. Repeat for all three experiments.\nFor each realisation, we then use the method described\nin Sec. III (using N= 5 basis functions) to reconstruct\nthe WIMP mass and 68% and 95% credible intervals.\nFigure 8 shows the distribution of reconstructed masses\nfor an input mass of 50 GeV for three benchmark speed\ndistributions: SHM, SHM+DD and Lisanti et al. as de-\nscribed in Sec. II. In all three cases, the reconstructions\nare peaked close to the true value, regardless of the un-\nderlying distribution. For the SHM+DD distribution,\nthe spread of reconstructions is slightly wider (with more\nreconstructions extending up to higher masses). This is\ndue to the smaller number of events for this benchmark,\nmaking the data sets more susceptible to Poisson \ructu-\nations.\nIn o",
        "page": 8,
        "link": "https://ui.adsabs.harvard.edu/link_gateway/2014PhRvD..89h5026K/EPRINT_PDF",
        "title": "Parametrizing the local dark matter speed distribution A detailed analysis"
    },
    "2014PhRvD..89h5026K_page_8_chunk_6": {
        "text": "ly wider (with more\nreconstructions extending up to higher masses). This is\ndue to the smaller number of events for this benchmark,\nmaking the data sets more susceptible to Poisson \ructu-\nations.\nIn order to assess the accuracy of the reconstructed\nvalue of the mass mrec, we also calculate the bias bfor\neach realisation:\nb= ln(mrec=GeV)\u0000ln(mtrue=GeV): (22)\nWe compare the logarithms of the mass values because we\nhave used logarithmically-\rat priors on the WIMP mass.\nIn Tab. V we show the average bias across all 250 reali-\nsations for each of the three benchmark distributions. In",
        "page": 8,
        "link": "https://ui.adsabs.harvard.edu/link_gateway/2014PhRvD..89h5026K/EPRINT_PDF",
        "title": "Parametrizing the local dark matter speed distribution A detailed analysis"
    },
    "2014PhRvD..89h5026K_page_9_chunk_1": {
        "text": "9\nBenchmark speed\ndistributionMean biashbi\nSHM 0.002\u00060.008\nSHM+DD 0.005\u00060.007\nLisanti et al. 0.01\u00060.01\nTABLE V. Mean bias hbiin the reconstructed log WIMP\nmass (Eq. 22). This was calculated over 250 realisations using\nthree di\u000berent benchmark speed distributions.\nBenchmark speed\ndistribution68% coverage 95% coverage\nSHM 71\u00063 % 94\u00063 %\nSHM+DD 68\u00063 % 91\u00064 %\nLisanti et al. 70\u00063 % 95\u00063 %\nTABLE VI. Coverage of 68% and 95% credible intervals cal-\nculated from 250 data realisations each for three benchmark\nspeed distributions. The concept of coverage is described in\nthe text of Sec. VI.\nall three cases, the average bias is consistent with zero.\nEven in the SHM+DD case, which shows larger \ructu-\nations away from the true value, there is no statistical\nbias.\nWe also test the coverage of the credible intervals which\nhave been constructed. For a p% credible interval, we ex-\npect that the true parameter value of the WIMP mass\nwill lie within the interval in p% of realisations. In this\ncase, we say ",
        "page": 9,
        "link": "https://ui.adsabs.harvard.edu/link_gateway/2014PhRvD..89h5026K/EPRINT_PDF",
        "title": "Parametrizing the local dark matter speed distribution A detailed analysis"
    },
    "2014PhRvD..89h5026K_page_9_chunk_2": {
        "text": " intervals which\nhave been constructed. For a p% credible interval, we ex-\npect that the true parameter value of the WIMP mass\nwill lie within the interval in p% of realisations. In this\ncase, we say that the method provides exact coverage .\nHowever, if the true parameter lies within the interval\nin fewer than p% of realisations, our reconstructed cred-\nible intervals are too narrow and provide undercoverage .\nAlternatively, we obtain overcoverage when the true pa-\nrameter lies within the interval more often that p% of\nthe time. Table VI shows the coverage values for the\n68% and 95% intervals obtained in this section. In each\ncase, there is very close to exact coverage. We have also\nchecked that these intervals only provide exact coverage\nfor the true WIMP mass of 50 GeV. Other values of mrec\nare contained within the intervals less frequently than the\ntrue value, again indicating that this parametrization al-\nlows for unbiased and statistically robust reconstructions\nof the WIMP mass.\n",
        "page": 9,
        "link": "https://ui.adsabs.harvard.edu/link_gateway/2014PhRvD..89h5026K/EPRINT_PDF",
        "title": "Parametrizing the local dark matter speed distribution A detailed analysis"
    },
    "2014PhRvD..89h5026K_page_9_chunk_3": {
        "text": "rec\nare contained within the intervals less frequently than the\ntrue value, again indicating that this parametrization al-\nlows for unbiased and statistically robust reconstructions\nof the WIMP mass.\nVII. RECONSTRUCTING f1(v)\nUsing the method described in this paper, we can ob-\ntain the posterior probability distribution for the coef-\n\fcientsfa1;:::;aN\u00001ggiven the data, which we refer to\nasP(a). We would like to be able to present this in-\nformation in terms of the distribution function f1(v) in\norder to compare with some known distribution or look\n101\n102\n103\nmrec/GeV0510152025303540Number of realisationsSHM\n101\n102\n103\nmrec/GeV0510152025303540Number of realisationsSHM+DD\n101\n102\n103\nmrec/GeV0510152025303540Number of realisationsLisanti et al.FIG. 8. Distribution of the reconstructed mass mrecfor\n250 mock data sets generated using several benchmark speed\ndistributions, de\fned in Sec. II. These are the SHM (top),\nSHM+DD (middle) and Lisanti et al. (bottom) distributions.\nThe input WIMP",
        "page": 9,
        "link": "https://ui.adsabs.harvard.edu/link_gateway/2014PhRvD..89h5026K/EPRINT_PDF",
        "title": "Parametrizing the local dark matter speed distribution A detailed analysis"
    },
    "2014PhRvD..89h5026K_page_9_chunk_4": {
        "text": " mrecfor\n250 mock data sets generated using several benchmark speed\ndistributions, de\fned in Sec. II. These are the SHM (top),\nSHM+DD (middle) and Lisanti et al. (bottom) distributions.\nThe input WIMP mass of m\u001f= 50 GeV is shown as a vertical\ndashed red line.",
        "page": 9,
        "link": "https://ui.adsabs.harvard.edu/link_gateway/2014PhRvD..89h5026K/EPRINT_PDF",
        "title": "Parametrizing the local dark matter speed distribution A detailed analysis"
    },
    "2014PhRvD..89h5026K_page_10_chunk_1": {
        "text": "10\n0 200 400 600 800 1000\nv/km s−10.00.51.01.52.0f1(v)/ km−1 s1e2\nSHM\n68% interval\n95% interval\nFIG. 9. Reconstructed speed distribution for a single realisa-\ntion of data, generated for a 50 GeV WIMP. 68% and 95%\ncredible intervals are shown as dark and light shaded regions\nrespectively, while the underlying SHM distribution function\nis shown as a solid blue line.\nfor particular features in the distribution. However, due\nto the fact that the distribution function is normalized,\nthe values of f1at di\u000berent speeds will be strongly cor-\nrelated. We illustrate here how robust comparisons with\nbenchmark distributions can be made.\nAs a \frst step, we can attempt to sample from the\nP(a), in order to obtain P(f1(v)). This is the probabil-\nity distribution for the value of f1at a particular speed\nv, marginalizing over the values of f1at all other speeds.\nWe can repeat for a range of speeds to obtain 68% and\n95% credible intervals for the whole of f1(v). The result\nof this procedure is presented",
        "page": 10,
        "link": "https://ui.adsabs.harvard.edu/link_gateway/2014PhRvD..89h5026K/EPRINT_PDF",
        "title": "Parametrizing the local dark matter speed distribution A detailed analysis"
    },
    "2014PhRvD..89h5026K_page_10_chunk_2": {
        "text": ", marginalizing over the values of f1at all other speeds.\nWe can repeat for a range of speeds to obtain 68% and\n95% credible intervals for the whole of f1(v). The result\nof this procedure is presented in Fig. 9, for a randomly\nselected realisation from the SHM ensemble of Sec. VI.\nThe underlying SHM distribution is shown as a solid line,\nwhile the 68% and 95% marginalized intervals are shown\nas dark and light shaded regions respectively. In this\nnaive approach, we see that there is little shape informa-\ntion which can be recovered from the reconstruction, with\nonly upper limits being placed on the speed distribution.\nThis method performs poorly because, as initially men-\ntioned in Sec. III, we have no information about the frac-\ntion of dark matter particles below the energy threshold\nof our experiments. If this fraction is large, the event\nrate for a given cross-section is suppressed. However,\nincreasing the cross-section will increase the total event\nrate. There is thus a degeneracy ",
        "page": 10,
        "link": "https://ui.adsabs.harvard.edu/link_gateway/2014PhRvD..89h5026K/EPRINT_PDF",
        "title": "Parametrizing the local dark matter speed distribution A detailed analysis"
    },
    "2014PhRvD..89h5026K_page_10_chunk_3": {
        "text": "ur experiments. If this fraction is large, the event\nrate for a given cross-section is suppressed. However,\nincreasing the cross-section will increase the total event\nrate. There is thus a degeneracy between the shape of the\nspeed distribution and the cross-section, meaning that we\ncan only probe the shape of f1(v), rather than its overall\nnormalization. This degeneracy has not been accounted\nfor in Fig. 9. We can attempt to correct for this by ad-\njusting the normalization of f1(v). If we \fx f1(v) to be\nnormalized to unity above va(whereva\u0019171 km s\u00001is\nthe lowest speed probed by the experiments for a WIMP\nof mass 50 GeV), we can compare the shapes of the un-\n0 200 400 600 800 1000\nv/km s−10.00.51.01.52.0f1(v)/ km−1 s1e2\nSHM\n68% interval\n95% interval\nFIG. 10. Reconstructed speed distribution for the same reali-\nsation of data as Fig. 9. In this case, we have also normalized\nf1(v) to unity above va\u0019171 km s\u00001(vertical dashed line).\nThis is the lowest speed accessible to the experiments ",
        "page": 10,
        "link": "https://ui.adsabs.harvard.edu/link_gateway/2014PhRvD..89h5026K/EPRINT_PDF",
        "title": "Parametrizing the local dark matter speed distribution A detailed analysis"
    },
    "2014PhRvD..89h5026K_page_10_chunk_4": {
        "text": "on for the same reali-\nsation of data as Fig. 9. In this case, we have also normalized\nf1(v) to unity above va\u0019171 km s\u00001(vertical dashed line).\nThis is the lowest speed accessible to the experiments for a\nWIMP of mass 50 GeV. 68% and 95% credible intervals are\nshown as dark and light shaded regions respectively, while the\nunderlying SHM distribution function is shown as a solid blue\nline.\nderlying and reconstructed distribution functions. This is\nillustrated in Fig. 10, which shows that we now broadly\nreconstruct the correct shape of f1(v). Belowva, the\nvalue off1(v) is poorly constrained, because the exper-\niments provide no information about the shape of the\ndistribution below theshold.\nThere remain several issues with this approach. In\norder to utilize this method, we must know the approx-\nimate value of the lowest speed probed by the experi-\nments. However, this value is set by the WIMP mass.\nWe could determine vausing the reconstructed WIMP\nmass, but this would be subject to sign",
        "page": 10,
        "link": "https://ui.adsabs.harvard.edu/link_gateway/2014PhRvD..89h5026K/EPRINT_PDF",
        "title": "Parametrizing the local dark matter speed distribution A detailed analysis"
    },
    "2014PhRvD..89h5026K_page_10_chunk_5": {
        "text": "rox-\nimate value of the lowest speed probed by the experi-\nments. However, this value is set by the WIMP mass.\nWe could determine vausing the reconstructed WIMP\nmass, but this would be subject to signi\fcant uncertainty.\nIn addition, direct reconstructions of the speed distribu-\ntion are easily biased. The upper limit of the energy\nwindows of the experiments corresponds to a particular\nWIMP speed (for a given WIMP mass). WIMPs above\nthis speed still contribute to the total event rate, but con-\ntribute no spectral information. The reconstructed shape\nof the high speed tail of the distribution is therefore not\nconstrained by the data, but may a\u000bect the reconstructed\nvalue off1at lower speeds.\nAn alternative approach is to reconstruct the mean\ninverse speed \u0011(v) (de\fned in Eq. 2) at some speed v.\nBecause\u0011(v) is an integral function of f1, it is less prone\nto bias as it takes into account the full shape of the dis-\ntribution at speeds greater than v. However, we do not\nknow the normalizatio",
        "page": 10,
        "link": "https://ui.adsabs.harvard.edu/link_gateway/2014PhRvD..89h5026K/EPRINT_PDF",
        "title": "Parametrizing the local dark matter speed distribution A detailed analysis"
    },
    "2014PhRvD..89h5026K_page_10_chunk_6": {
        "text": " v.\nBecause\u0011(v) is an integral function of f1, it is less prone\nto bias as it takes into account the full shape of the dis-\ntribution at speeds greater than v. However, we do not\nknow the normalization of f1and so we must normal-\nize\u0011appropriately. For each point sampled from P(a),\nwe calculate \u0011. We then divide by \u000b(v), the fraction of\nWIMPs above speed v, calculated using the same param-",
        "page": 10,
        "link": "https://ui.adsabs.harvard.edu/link_gateway/2014PhRvD..89h5026K/EPRINT_PDF",
        "title": "Parametrizing the local dark matter speed distribution A detailed analysis"
    },
    "2014PhRvD..89h5026K_page_11_chunk_1": {
        "text": "11\neter point:\n\u000b(v) =Z1\nvf1(v0) dv0: (23)\nWe will write this rescaled mean inverse speed as\n\u0011\u0003(v) =\u0011(v)=\u000b(v). The value of \u0011\u0003(v) is a measure of\nthe shape of the distribution function above v. However,\ninformation about the normalization of the distribution\nhas been factored out by dividing by \u000b(v). We no longer\nneed to know the value of vain order to obtain informa-\ntion about the shape of the distribution at higher speeds.\nWe may still need to decide the speed down to which we\ntrust our reconstruction, but this no longer relies on an\narbitrary choice of vato normalize the reconstructions at\nall speeds.\nIn Fig. 11, we plot the mean reconstructed value of\n\u0011\u0003at several values of v, using 250 realisations of the\n50 GeV SHM benchmark. We also show the mean upper\nand lower limits of the 68% credible intervals as errorbars.\nThe form of \u0011\u0003for the SHM is shown as a solid blue line.\nIn all cases except for v= 100 km s\u00001, the mean recon-\nstructed value is close to the true value, indicating tha",
        "page": 11,
        "link": "https://ui.adsabs.harvard.edu/link_gateway/2014PhRvD..89h5026K/EPRINT_PDF",
        "title": "Parametrizing the local dark matter speed distribution A detailed analysis"
    },
    "2014PhRvD..89h5026K_page_11_chunk_2": {
        "text": "edible intervals as errorbars.\nThe form of \u0011\u0003for the SHM is shown as a solid blue line.\nIn all cases except for v= 100 km s\u00001, the mean recon-\nstructed value is close to the true value, indicating that\n\u0011\u0003can be reconstructed without bias using this method.\nAt low speeds, the reconstructed value deviates from the\ntrue value. In addition, the credible intervals lead to un-\ndercoverage in the v= 100 km s\u00001case. However, this\npoint lies below the lowest speed to which the exper-\niments are sensitive and therefore we cannot trust the\nreconstruction at this low speed. We have checked that\nfor the remaining values of vthe method provides exact\nor overcoverage, indicating that at higher speeds we can\nuse\u0011\u0003as a reliable and statistically robust measure of\nthe shape of the distribution.\nIn the case of a single realisation of data, we would\nlike to compare the probability distribution for \u0011\u0003(v) (ob-\ntained from P(a)) to the value calculated from some test\ndistribution. We note that several distri",
        "page": 11,
        "link": "https://ui.adsabs.harvard.edu/link_gateway/2014PhRvD..89h5026K/EPRINT_PDF",
        "title": "Parametrizing the local dark matter speed distribution A detailed analysis"
    },
    "2014PhRvD..89h5026K_page_11_chunk_3": {
        "text": "of a single realisation of data, we would\nlike to compare the probability distribution for \u0011\u0003(v) (ob-\ntained from P(a)) to the value calculated from some test\ndistribution. We note that several distributions may pro-\nduce the same value of \u0011\u0003(v) at a given value of v. Thus,\nwe may fail to reject a distribution function which is not\nthe true distribution. However, if the calculated value of\n\u0011\u0003(v) does lie outside the p% interval, we can reject it at\nthep% level.\nWe can increase the discriminating power of this\nmethod by repeating this reconstruction over all speeds\nand checking to see if the benchmark value of \u0011\u0003is re-\njected at any value of v. The result of this procedure is\nshown in Fig. 12 for a single realisation of data generated\nusing an SHM distribution (the same data as in Figs. 9\nand 10). We plot the 68%, 95% and 99% credible inter-\nvals as shaded regions, as well as the values of \u0011\u0003(v) calcu-\nlated from several benchmark speed distribution. We will\nfocus on the intermediate sp",
        "page": 11,
        "link": "https://ui.adsabs.harvard.edu/link_gateway/2014PhRvD..89h5026K/EPRINT_PDF",
        "title": "Parametrizing the local dark matter speed distribution A detailed analysis"
    },
    "2014PhRvD..89h5026K_page_11_chunk_4": {
        "text": "nd 10). We plot the 68%, 95% and 99% credible inter-\nvals as shaded regions, as well as the values of \u0011\u0003(v) calcu-\nlated from several benchmark speed distribution. We will\nfocus on the intermediate speed range ( v>\u0018200 km s\u00001),\nas we do not know a priori the lowest speed to which the\nexperiments are sensitive.\nThe reconstructed intervals are consistent with a\nrange of possible distribution functions. The SHM and\nSHM+DD distributions are identical over a wide range\nof speeds. This is because above \u0018200 km s\u00001, the two\n0 100 200 300 400 500 600 700 800\nv/km s−11.01.52.02.53.03.54.04.5(η(v)/α(v))/ km−1 s1e3\nSHMFIG. 11. Mean reconstructed values of the rescaled mean in-\nverse speed \u0011(v)=\u000b(v) at several values of v, calculated over\n250 realisations of data using a 50 GeV WIMP and underly-\ning SHM distribution function. Errorbars indicate the mean\nupper and lower limits of the 68% credible intervals. The un-\nderlying form of \u0011(v)=\u000b(v) obtained from the SHM is shown\nas a solid blue line.\ndist",
        "page": 11,
        "link": "https://ui.adsabs.harvard.edu/link_gateway/2014PhRvD..89h5026K/EPRINT_PDF",
        "title": "Parametrizing the local dark matter speed distribution A detailed analysis"
    },
    "2014PhRvD..89h5026K_page_11_chunk_5": {
        "text": "HM distribution function. Errorbars indicate the mean\nupper and lower limits of the 68% credible intervals. The un-\nderlying form of \u0011(v)=\u000b(v) obtained from the SHM is shown\nas a solid blue line.\ndistributions di\u000ber in normalization but not in shape.\nDi\u000berences appear between the two at low speeds where\ntheir shapes diverge. The Lisanti et al. distribution re-\nsults in a larger deviation from the SHM, but not su\u000e-\nciently large to di\u000berentiate between the two distribu-\ntions given the size of the uncertainties. Finally, the\nstream distribution results in a signi\fcantly di\u000berent\nform for\u0011\u0003(v). At approximately 400 km s\u00001, the curve\nfor the stream distribution lies outside the reconstructed\n99% credible interval. We can therefore use this method\nto reject the stream distribution at the 99% con\fdence\nlevel.\nFigure 13 shows the results of a reconstruction using\na larger exposure. In this case, we generate data using\nthe Lisanti et al. distribution and an exposure increased\nby a factor of 2",
        "page": 11,
        "link": "https://ui.adsabs.harvard.edu/link_gateway/2014PhRvD..89h5026K/EPRINT_PDF",
        "title": "Parametrizing the local dark matter speed distribution A detailed analysis"
    },
    "2014PhRvD..89h5026K_page_11_chunk_6": {
        "text": "on\fdence\nlevel.\nFigure 13 shows the results of a reconstruction using\na larger exposure. In this case, we generate data using\nthe Lisanti et al. distribution and an exposure increased\nby a factor of 2 :5, resulting in approximately 1000 events\nacross the three detectors. As expected, the resulting\ncredible intervals are now substantially narrower. The\nstream distribution now lies signi\fcantly outside the 99%\ninterval. In Fig. 14, we show the same results, but focus-\ning in on the region around v\u0018400 km s\u00001. At cer-\ntain points, the SHM and SHM+DD distributions now\nlie outside the 95% credible interval, suggesting that with\na number of events of the order of 1000, we may be able\nto reject these benchmarks.\nWhile the method displayed in Fig. 10 allows the ap-\nproximate shape of the speed distribution to be recon-\nstructed, reconstructions of \u0011\u0003(v) allow more statistically\nrobust statements to be made about the underlying speed\ndistribution. In particular, Fig. 14 illustrates that with\nla",
        "page": 11,
        "link": "https://ui.adsabs.harvard.edu/link_gateway/2014PhRvD..89h5026K/EPRINT_PDF",
        "title": "Parametrizing the local dark matter speed distribution A detailed analysis"
    },
    "2014PhRvD..89h5026K_page_11_chunk_7": {
        "text": "tribution to be recon-\nstructed, reconstructions of \u0011\u0003(v) allow more statistically\nrobust statements to be made about the underlying speed\ndistribution. In particular, Fig. 14 illustrates that with\nlarger exposures deviations from Maxwellian speed distri-\nbutions can be detected in a model-independent fashion.",
        "page": 11,
        "link": "https://ui.adsabs.harvard.edu/link_gateway/2014PhRvD..89h5026K/EPRINT_PDF",
        "title": "Parametrizing the local dark matter speed distribution A detailed analysis"
    },
    "2014PhRvD..89h5026K_page_12_chunk_1": {
        "text": "12\n0 200 400 600 800 1000\nv/km s−11.01.52.02.53.03.54.0(η(v)/α(v))/ km−1 s1e3\nSHM\nSHM+DD\nLisanti et al.\nStream\nFIG. 12. Rescaled mean inverse speed \u0011(v)=\u000b(v), recon-\nstructed from a single realisation of data using a 50 GeV\nWIMP and underlying SHM distribution function. At each\nvalue ofvwe calculate 68%, 95% and 99% credible intervals\n(shown as shaded intervals). We also show the calculated val-\nues of\u0011(v)=\u000b(v) for several possible benchmark speed distri-\nbutions: SHM (solid blue), SHM+DD (dashed green), Lisanti\net al. (dot-dashed red) and stream (dotted magenta). The\nbenchmark curves are truncated when the underlying distri-\nbution function goes to zero.\n0 200 400 600 800 1000\nv/km s−11.01.52.02.53.03.54.0(η(v)/α(v))/ km−1 s1e3\nSHM\nSHM+DD\nLisanti et al.\nStream\nFIG. 13. As Fig. 12, but using as input a Lisanti et al. speed\ndistribution and an exposure time which is 2.5 times longer.\nVIII. CONCLUSIONS\nWe have studied in detail the parametrization for the\nlocal dark matter speed distribu",
        "page": 12,
        "link": "https://ui.adsabs.harvard.edu/link_gateway/2014PhRvD..89h5026K/EPRINT_PDF",
        "title": "Parametrizing the local dark matter speed distribution A detailed analysis"
    },
    "2014PhRvD..89h5026K_page_12_chunk_2": {
        "text": "ng as input a Lisanti et al. speed\ndistribution and an exposure time which is 2.5 times longer.\nVIII. CONCLUSIONS\nWe have studied in detail the parametrization for the\nlocal dark matter speed distribution introduced in Pa-\nper 1. This method involves writing the logarithm of the\nspeed distribution as a polynomial in speed vand \ftting\nthe polynomial coe\u000ecients (along with the WIMP mass\nand cross section) to the data. We have attempted to\ndisentangle in this paper the in\ruence of di\u000berent bench-\n300 350 400 450 500 550\nv/km s−11.61.82.02.22.42.62.83.0(η(v)/α(v))/ km−1 s1e3\nSHM\nSHM+DD\nLisanti et al.\nStreamFIG. 14. As Fig. 13, but focusing on the region around v\u0018\n400 km s\u00001. Notice that in the range 400 \u0000550 km s\u00001, both\nthe SHM and SHM+DD curves lie at or below the lower limit\nof the 95% credible interval.\nmark speed distributions, di\u000berent benchmark WIMP\nmasses and di\u000berent forms for the parametrization. We\nsummarize our conclusions as follows:\n\u000fWe have shown that the reconstruction of t",
        "page": 12,
        "link": "https://ui.adsabs.harvard.edu/link_gateway/2014PhRvD..89h5026K/EPRINT_PDF",
        "title": "Parametrizing the local dark matter speed distribution A detailed analysis"
    },
    "2014PhRvD..89h5026K_page_12_chunk_3": {
        "text": "ible interval.\nmark speed distributions, di\u000berent benchmark WIMP\nmasses and di\u000berent forms for the parametrization. We\nsummarize our conclusions as follows:\n\u000fWe have shown that the reconstruction of the\nWIMP mass is robust under changes in the number\nof basis functions N. We have used the Bayesian In-\nformation Criterion (BIC) to compare models with\ndi\u000berent values of Nand have shown that minimiz-\ning the BIC allows us to determine how many basis\nfunctions are required for a reliable reconstruction.\nWe have also demonstrated that the results of the\nmethod do not depend strongly on the choice of ba-\nsis functions, but that the speed of reconstructions\nmay improved by using the Chebyshev polynomial\nbasis.\n\u000fWe have shown that the method leads to unbiased\nreconstructions of the WIMP mass for masses in the\nrange 10-500 GeV. Including realistic experimental\nparameters, including non-zero backgrounds and\n\fnite energy resolution, reduces the precision of\nthese reconstructions. In particular, f",
        "page": 12,
        "link": "https://ui.adsabs.harvard.edu/link_gateway/2014PhRvD..89h5026K/EPRINT_PDF",
        "title": "Parametrizing the local dark matter speed distribution A detailed analysis"
    },
    "2014PhRvD..89h5026K_page_12_chunk_4": {
        "text": "asses in the\nrange 10-500 GeV. Including realistic experimental\nparameters, including non-zero backgrounds and\n\fnite energy resolution, reduces the precision of\nthese reconstructions. In particular, for large val-\nues of the input mass, we can only place a lower\nlimit of approximately 20 GeV on the reconstructed\nmass. This is signi\fcantly lower than in the ide-\nalized case, where we can typically constrain the\nWIMP mass to be heavier than around 50 GeV.\n\u000fWe have used several ensembles of data realisations\nto demonstrate the statistical properties of the\nmethod, including unbiased reconstructions and ex-\nact coverage of the WIMP mass.\n\u000fWe have presented several ways of displaying the\nreconstructed WIMP speed distribution using this",
        "page": 12,
        "link": "https://ui.adsabs.harvard.edu/link_gateway/2014PhRvD..89h5026K/EPRINT_PDF",
        "title": "Parametrizing the local dark matter speed distribution A detailed analysis"
    },
    "2014PhRvD..89h5026K_page_13_chunk_1": {
        "text": "13\nmethod. In order to make robust statistical infer-\nences about the speed distribution, we calculate the\nprobability distribution of \u0011(v)=\u000b(v). This is the\nmean inverse speed \u0011(v), which appears in the di-\nrect detection event rate (eq. 1), rescaled by the\nfraction of WIMPs \u000b(v) above speed v. This can\nbe used as a measure of the shape of the distribu-\ntion function, from which the unknown normaliza-\ntion has been factored out. We can then compare\nto the expected value of \u0011(v)=\u000b(v) from a given\nbenchmark speed distribution, allowing us to dis-\ntinguish between di\u000berent underlying models.\nWe have shown that this parametrization method is\nstatistically robust and works well over a large range of\ninput parameters, both in terms of particle physics and\nastrophysics. The inclusion of more realistic experimen-tal parameters does not introduce any additional bias,\nbut does reduce the precision of reconstructions. We ob-\ntain unbiased estimates of the WIMP mass over large\nnumbers of data set",
        "page": 13,
        "link": "https://ui.adsabs.harvard.edu/link_gateway/2014PhRvD..89h5026K/EPRINT_PDF",
        "title": "Parametrizing the local dark matter speed distribution A detailed analysis"
    },
    "2014PhRvD..89h5026K_page_13_chunk_2": {
        "text": "listic experimen-tal parameters does not introduce any additional bias,\nbut does reduce the precision of reconstructions. We ob-\ntain unbiased estimates of the WIMP mass over large\nnumbers of data sets. Finally, we have shown that we\ncan distinguish di\u000berent forms of the speed distribution.\nWith around 1000 events, it may be possible to detect\nminor deviations from the Standard Halo Model and be-\ngin to search for more interesting structure in the speed\ndistribution of the Milky Way.\nACKNOWLEDGMENTS\nThe author thanks Anne M. Green and Mattia Fornasa\nfor helpful comments. BJK is supported by STFC. Ac-\ncess to the University of Nottingham High Performance\nComputing Facility is also gratefully acknowledged.\n[1] G. Bertone, D. Hooper, and J. Silk, Phys. Rep. 405, 279\n(2005), hep-ph/0404175.\n[2] G. Jungman, M. Kamionkowski, and K. Griest, Phys.\nRep.267, 195 (1996), hep-ph/9506380.\n[3] S. Dodelson and L. Widrow, Phys. Rev. Lett. 72, 17\n(1994), hep-ph/9303287.\n[4] L. D. Du\u000by and K. v. Bibber,",
        "page": 13,
        "link": "https://ui.adsabs.harvard.edu/link_gateway/2014PhRvD..89h5026K/EPRINT_PDF",
        "title": "Parametrizing the local dark matter speed distribution A detailed analysis"
    },
    "2014PhRvD..89h5026K_page_13_chunk_3": {
        "text": "] G. Jungman, M. Kamionkowski, and K. Griest, Phys.\nRep.267, 195 (1996), hep-ph/9506380.\n[3] S. Dodelson and L. Widrow, Phys. Rev. Lett. 72, 17\n(1994), hep-ph/9303287.\n[4] L. D. Du\u000by and K. v. Bibber, New J. Phys. 11, 105008\n(2009), arXiv:0904.3346.\n[5] E. W. Kolb and R. Slansky, Phys. Lett. B 135, 378\n(1984).\n[6] M. W. Goodman and E. Witten, Phys. Rev. D 31, 3059\n(1985).\n[7] A. K. Drukier, K. Freese, and D. N. Spergel, Phys. Rev.\nD33, 3495 (1986).\n[8] J. Lavalle and P. Salati, C. R. Phys. 13, 740 (2012),\narXiv:1205.1004.\n[9] M. Battaglia and M. E. Peskin, in Particle Dark Matter:\nObservation, Models and Searches , edited by G. Bertone\n(Cambridge University Press, 2010) Chap. 14.\n[10] A. M. Green, J. Cosmol. Astropart. Phys. 10, 034 (2010),\narXiv:1009.0916.\n[11] A. H. G. Peter, Phys. Rev. D 83, 125029 (2011),\narXiv:1103.5145.\n[12] M. Fairbairn, T. Douce, and J. Swift, J. Astropart. Phys.\n47, 45 (2013), arXiv:1206.2693.\n[13] M. Lisanti, L. E. Strigari, J. G. Wacker, and R. H. Wech-\nsler",
        "page": 13,
        "link": "https://ui.adsabs.harvard.edu/link_gateway/2014PhRvD..89h5026K/EPRINT_PDF",
        "title": "Parametrizing the local dark matter speed distribution A detailed analysis"
    },
    "2014PhRvD..89h5026K_page_13_chunk_4": {
        "text": "D 83, 125029 (2011),\narXiv:1103.5145.\n[12] M. Fairbairn, T. Douce, and J. Swift, J. Astropart. Phys.\n47, 45 (2013), arXiv:1206.2693.\n[13] M. Lisanti, L. E. Strigari, J. G. Wacker, and R. H. Wech-\nsler, Phys. Rev. D 83, 023519 (2010), arXiv:1010.4300.\n[14] P. Bhattacharjee, S. Chaudhury, S. Kundu, and\nS. Majumdar, Phys. Rev. D 87, 083525 (2013),\narXiv:1210.2328.\n[15] M. Vogelsberger, A. Helmi, V. Springel, S. D. M. White,\nJ. Wang, C. S. Frenk, A. Jenkins, A. Ludlow, and J. F.\nNavarro, Mon. Not. R. Astron. Soc. 395, 797 (2009),\narXiv:0812.0362.\n[16] M. Kuhlen, N. Weiner, J. Diemand, P. Madau, B. Moore,\nD. Potter, J. Stadel, and M. Zemp, J. Cosmol. Astropart.\nPhys. 02, 030 (2010), arXiv:0912.2358.\n[17] M. Kuhlen, M. Lisanti, and D. N. Spergel, Phys. Rev.\nD86, 063505 (2012), arXiv:1202.0007.\n[18] Y.-Y. Mao, L. E. Strigari, R. H. Wechsler, H.-Y. Wu, and\nO. Hahn, Astrophys. J. 764, 35 (2012), arXiv:1210.2721.[19] J. I. Read, L. Mayer, A. M. Brooks, F. Governato, and\nG. Lake, Mon. Not. R. Ast",
        "page": 13,
        "link": "https://ui.adsabs.harvard.edu/link_gateway/2014PhRvD..89h5026K/EPRINT_PDF",
        "title": "Parametrizing the local dark matter speed distribution A detailed analysis"
    },
    "2014PhRvD..89h5026K_page_13_chunk_5": {
        "text": "18] Y.-Y. Mao, L. E. Strigari, R. H. Wechsler, H.-Y. Wu, and\nO. Hahn, Astrophys. J. 764, 35 (2012), arXiv:1210.2721.[19] J. I. Read, L. Mayer, A. M. Brooks, F. Governato, and\nG. Lake, Mon. Not. R. Astron. Soc. 397, 44 (2009),\narXiv:0902.0009.\n[20] J. I. Read et al. , AIP Conf. Proc. 1240 , 391 (2010),\narXiv:0901.2938.\n[21] M. Kuhlen, A. Pillepich, J. Guedes, and P. Madau,\n(2013), arXiv:1308.1703.\n[22] L. E. Strigari and R. Trotta, J. Cosmol. Astropart. Phys.\n11, 019 (2009), arXiv:0906.5361.\n[23] A. H. G. Peter, Phys. Rev. D 81, 087301 (2010),\narXiv:0910.4765.\n[24] M. Pato, L. Baudis, G. Bertone, R. R. de Austri, L. E.\nStrigari, and R. Trotta, Phys. Rev. D 83, 083505 (2011),\narXiv:1012.3458.\n[25] M. Pato, L. E. Strigari, R. Trotta, and G. Bertone,\nJ. Cosmol. Astropart. Phys. 02, 041 (2013),\narXiv:1211.7063.\n[26] M. Drees and C.-L. Shan, J. Cosmol. Astropart. Phys.\n06, 011 (2007), astro-ph/0703651.\n[27] M. Drees and C.-L. Shan, J. Cosmol. Astropart. Phys.\n06, 012 (2008), arXiv:0803.4477.",
        "page": 13,
        "link": "https://ui.adsabs.harvard.edu/link_gateway/2014PhRvD..89h5026K/EPRINT_PDF",
        "title": "Parametrizing the local dark matter speed distribution A detailed analysis"
    },
    "2014PhRvD..89h5026K_page_13_chunk_6": {
        "text": "\narXiv:1211.7063.\n[26] M. Drees and C.-L. Shan, J. Cosmol. Astropart. Phys.\n06, 011 (2007), astro-ph/0703651.\n[27] M. Drees and C.-L. Shan, J. Cosmol. Astropart. Phys.\n06, 012 (2008), arXiv:0803.4477.\n[28] B. J. Kavanagh and A. M. Green, Phys. Rev. Lett. 111,\n031302 (2013), arXiv:1303.6868.\n[29] J. D. Lewin and P. F. Smith, J. Astropart. Phys. 6, 87\n(1996).\n[30] R. Helm, Phys. Rev. 104, 1466 (1956).\n[31] D. Smith and N. Weiner, Phys. Rev. D 64, 043502 (2001),\nhep-ph/0101138.\n[32] A. Kurylov and M. Kamionkowski, Phys. Rev. D 69,\n063503 (2003), hep-ph/0307185.\n[33] J. Fan, M. Reece, and L.-T. Wang, J. Cosmol. Astropart.\nPhys. 11, 042 (2010), arXiv:1008.1591.\n[34] A. L. Fitzpatrick, W. Haxton, E. Katz, N. Lubbers, and\nY. Xu, (2012), arXiv:1211.2818.\n[35] A. L. Fitzpatrick, W. Haxton, E. Katz, N. Lubbers,\nand Y. Xu, J. Cosmol. Astropart. Phys. 02, 004 (2013),\narXiv:1203.3542.\n[36] K. Freese, M. Lisanti, and C. Savage, (2013),\narXiv:1209.3339.\n[37] M. C. Smith et al. , Mon. Not. R. Astron. ",
        "page": 13,
        "link": "https://ui.adsabs.harvard.edu/link_gateway/2014PhRvD..89h5026K/EPRINT_PDF",
        "title": "Parametrizing the local dark matter speed distribution A detailed analysis"
    },
    "2014PhRvD..89h5026K_page_13_chunk_7": {
        "text": " N. Lubbers,\nand Y. Xu, J. Cosmol. Astropart. Phys. 02, 004 (2013),\narXiv:1203.3542.\n[36] K. Freese, M. Lisanti, and C. Savage, (2013),\narXiv:1209.3339.\n[37] M. C. Smith et al. , Mon. Not. R. Astron. Soc. 379, 755\n(2007), astro-ph/0611671.",
        "page": 13,
        "link": "https://ui.adsabs.harvard.edu/link_gateway/2014PhRvD..89h5026K/EPRINT_PDF",
        "title": "Parametrizing the local dark matter speed distribution A detailed analysis"
    },
    "2014PhRvD..89h5026K_page_14_chunk_1": {
        "text": "14\n[38] T. Pi\u000f et al. , (2013), arXiv:1309.4293.\n[39] F. Feroz, M. P. Hobson, and M. Bridges, Mon. Not. R.\nAstron. Soc. 398, 1601 (2008), arXiv:0809.3437.\n[40] F. Feroz and M. P. Hobson, Mon. Not. R. Astron. Soc.\n384, 449 (2007), arXiv:0704.3704.\n[41] F. Feroz, M. P. Hobson, E. Cameron, and A. N. Pettitt,\n(2013), arXiv:1306.2144.\n[42] B. J. Kavanagh and A. M. Green, Phys. Rev. D 86,\n065027 (2012), arXiv:1207.2039.\n[43] F. Iocco, M. Pato, G. Bertone, and P. Jetzer, J. Cosmol.\nAstropart. Phys. 11, 029 (2011), arXiv:1107.5810.\n[44] J. Bovy and S. Tremaine, Astrophys. J. 756, 89 (2012),\narXiv:1205.4033.\n[45] L. Zhang, H.-W. Rix, G. van de Ven, J. Bovy, C. Liu, and\nG. Zhao, Astrophys. J. 772, 108 (2013), arXiv:1209.0256.\n[46] F. Nesti and P. Salucci, J. Cosmol. Astropart. Phys. 07,\n016 (2013), arXiv:1304.5127.\n[47] A. H. G. Peter, V. Gluscevic, A. M. Green, B. J. Ka-\nvanagh, and S. K. Lee, (2013), arXiv:1310.7039.\n[48] E. Aprile (XENON Collaboration), (2012),\narXiv:1206.6288.\n[49] E. Aprile",
        "page": 14,
        "link": "https://ui.adsabs.harvard.edu/link_gateway/2014PhRvD..89h5026K/EPRINT_PDF",
        "title": "Parametrizing the local dark matter speed distribution A detailed analysis"
    },
    "2014PhRvD..89h5026K_page_14_chunk_2": {
        "text": "arXiv:1304.5127.\n[47] A. H. G. Peter, V. Gluscevic, A. M. Green, B. J. Ka-\nvanagh, and S. K. Lee, (2013), arXiv:1310.7039.\n[48] E. Aprile (XENON Collaboration), (2012),\narXiv:1206.6288.\n[49] E. Aprile et al. (XENON100 Collaboration), Phys. Rev.\nLett.109, 181301 (2012), online supplementary material,\narXiv:1207.5988.\n[50] E. Aprile, \\XENON1T at LNGS: Proposal April 2010,\"\nwww.bo.infn.it/xenon/docs/xe1t_proposal_v2.pdf\n(2010).\n[51] P. Benetti et al. , J. Astropart. Phys. 28, 495 (2007),\narXiv:astro-ph/0701286.[52] L. Grandi, WARP: an argon double phase technique for\nDark Matter search , Ph.D. thesis, Department of Nuclear\nand Theoretical Physics, University of Pavia (2005).\n[53] D. Bauer, \\SuperCDMS SNOLAB,\" https:\n//indico.fnal.gov/getFile.py/access?sessionId=\n1&resId=0&materialId=0&confId=6584 (2013).\n[54] D. Bauer, \\SuperCDMS update,\" www.fnal.gov/\ndirectorate/program_planning/all_experimenters_\nmeetings/special_reports/Bauer_supercdms_status_\n02_04_13.pdf (2013).\n[55] A. Badertscher ",
        "page": 14,
        "link": "https://ui.adsabs.harvard.edu/link_gateway/2014PhRvD..89h5026K/EPRINT_PDF",
        "title": "Parametrizing the local dark matter speed distribution A detailed analysis"
    },
    "2014PhRvD..89h5026K_page_14_chunk_3": {
        "text": "6584 (2013).\n[54] D. Bauer, \\SuperCDMS update,\" www.fnal.gov/\ndirectorate/program_planning/all_experimenters_\nmeetings/special_reports/Bauer_supercdms_status_\n02_04_13.pdf (2013).\n[55] A. Badertscher et al. (ArDM Collaboration), (2013),\narXiv:1307.0117.\n[56] G. Cowan, K. Cranmer, E. Gross, and O. Vitells, Eur.\nPhys. J. C 71, 1 (2013), arXiv:1007.1727.\n[57] E. Aprile et al. (XENON100 Collaboration), Phys. Rev.\nD84, 052003 (2011), arXiv:1103.0303.\n[58] Z. Ahmed et al. (CDMS Collaboration), Phys. Rev. Lett.\n102, 011301 (2009), arXiv:0802.3530.\n[59] G. Schwarz, Ann. Stat. 6, 461 (1978).\n[60] W. Gautschi, in Recent advances in numerical analysis ,\nedited by C. De Boor and G. H. Golub (Academic Press,\nNew York, 1978) pp. 45{72.\n[61] J. H. Wilkinson, in Studies in numerical analysis , edited\nby G. H. Golub (Mathematical Association of America,\n1984) p. 3.\n[62] J. C. Mason and D. C. Handscomb, Chebyshev polyno-\nmials , 1st ed. (Chapman & Hall/CRC, 2002).\n[63] A. M. Green, J. Cosmol. Astropart.",
        "page": 14,
        "link": "https://ui.adsabs.harvard.edu/link_gateway/2014PhRvD..89h5026K/EPRINT_PDF",
        "title": "Parametrizing the local dark matter speed distribution A detailed analysis"
    },
    "2014PhRvD..89h5026K_page_14_chunk_4": {
        "text": ". H. Golub (Mathematical Association of America,\n1984) p. 3.\n[62] J. C. Mason and D. C. Handscomb, Chebyshev polyno-\nmials , 1st ed. (Chapman & Hall/CRC, 2002).\n[63] A. M. Green, J. Cosmol. Astropart. Phys. 06, 005 (2008),\narXiv:0805.1704.\n[64] C. Strege, R. Trotta, G. Bertone, A. H. G. Pe-\nter, and P. Scott, Phys. Rev. D 86, 023507 (2012),\narXiv:1201.3631.",
        "page": 14,
        "link": "https://ui.adsabs.harvard.edu/link_gateway/2014PhRvD..89h5026K/EPRINT_PDF",
        "title": "Parametrizing the local dark matter speed distribution A detailed analysis"
    }
}