{
    "2014AN....335..763V_page_1_chunk_1": {
        "text": "arXiv:1402.5624v1  [astro-ph.SR]  23 Feb 2014Astron. Nachr./ AN 000,No.00,1–7 (0000)/ DOIpleaseset DOI!\nEffective Field Theory for Neutron Stars with Genuine Many- body\nForces\nC.A.Z.Vasconcellos1,⋆,R.O.Gomes1,V.Dexheimer2,R.P.Negreiros3,J.Horvath4,andD.Hadjimichef1\n1Instituto de F´ ısica, Universidade Federal do Rio Grande do Sul, Av. Bento Gonc ¸alves 9500, CEP 91501-970, Porto\nAlegre,RS,Brazil\n2Department of Physics,Kent StateUniversity, Kent OH, 4424 2 USA\n3Departamento de F´ ısica, Universidade Federal Fluminense , Av. Gal. Milton Tavares de Souza, s/n, Campus da Praia\nVermelha,CEP24210-346, Niter´ oi,RJ,Brazil\n4Instituto de Astronomia, Geof´ ısica e Ciˆ encias Atmosf´ er icas, Rua do Mat˜ ao, 1226, Cidade Universit´ aria, CEP 05508 -\n090, S˜ aoPaulo,SP,Brazil\nReceivedDec 2013, accepted 2014\nPublishedonline later\nKeywords Neutron stars,many-body forces, effective theory\nThe aim of our contribution is to shed some light on open quest ions facing the high density nuclear many-body pr",
        "page": 1,
        "link": "https://ui.adsabs.harvard.edu/link_gateway/2014AN....335..763V/EPRINT_PDF",
        "title": "Effective field theory for neutron stars with genuine manybody forces"
    },
    "2014AN....335..763V_page_1_chunk_2": {
        "text": "d 2014\nPublishedonline later\nKeywords Neutron stars,many-body forces, effective theory\nThe aim of our contribution is to shed some light on open quest ions facing the high density nuclear many-body problem.\nWefocusourattentionontheconceptualissueofnaturalnes sanditsroleforthebaryon-mesoncouplingfornuclearmatt er\nat high densities. As a guideline for the strengths of the var ious couplings the concept of naturalness has been adopted.\nIn order to encourage possible new directions of research, w e discuss relevant aspects of a relativistic effective theo ry\nfor nuclear matter with naturalparametric couplings and genuine many-body forces. Among o ther topics, we discuss in\nthis work the connection of this theory with other known effe ctive Quantum Hadrodynamics (QHD) models found in\nliterature and how we can potentially use our approach to des cribe new physics for neutron stars. We also show some\npreliminary results for the equation of state, population p roﬁles and mass-radius relation f",
        "page": 1,
        "link": "https://ui.adsabs.harvard.edu/link_gateway/2014AN....335..763V/EPRINT_PDF",
        "title": "Effective field theory for neutron stars with genuine manybody forces"
    },
    "2014AN....335..763V_page_1_chunk_3": {
        "text": " and how we can potentially use our approach to des cribe new physics for neutron stars. We also show some\npreliminary results for the equation of state, population p roﬁles and mass-radius relation for neutron stars assuming local\ncharge neutralityand beta equilibrium.\nc/circlecopyrt0000WILEY-VCH VerlagGmbH&Co.KGaA, Weinheim\n1 Introduction\nQuantum Chromodynamics (QCD) with quark and gluon\ndegreesoffreedomistheunderlyingtheoryofthestrongin-\nteractionphysics.However,atenergiesrelevantformostn u-\nclear phenomena, hadron and meson ﬁelds provide a more\nappropriate and convenient description. In this domain, ef -\nfective quantum ﬁeld theory (EFT) and, more precisely,\nQuantumHadrodynamics(QHD)representefﬁcientframe-\nworks for describing the nuclear many-body problem as a\nrelativistic systemofbaryonsandmesons.\nThe motivation for using QHD in this domain can be\nsynthesized in a few words: simplicity, efﬁciency, consis-\ntency. There are many arguments that vindicate this asser-\ntion: it is the ",
        "page": 1,
        "link": "https://ui.adsabs.harvard.edu/link_gateway/2014AN....335..763V/EPRINT_PDF",
        "title": "Effective field theory for neutron stars with genuine manybody forces"
    },
    "2014AN....335..763V_page_1_chunk_4": {
        "text": "yonsandmesons.\nThe motivation for using QHD in this domain can be\nsynthesized in a few words: simplicity, efﬁciency, consis-\ntency. There are many arguments that vindicate this asser-\ntion: it is the simplest approachfordescribingnuclearmat -\nter and nuclear systems based on a local Lorentz-invariant\nlagrangian density; it represents an efﬁcient way to param-\neterize an S matrix or other observables in nuclear mat-\nter; this approach is consistent with analyticity, unitari ty,\ncausality, cluster decomposition, parity conservation, s pin\nandisospinsymmetries,andspontaneouslybreakingofchi-\nral symmetryforsystemsundergoingstronginteraction.\n⋆Corresponding author: e-mail: cesarzen@cesarzen.comMoreover,since the most relevant globalphenomenain\nnuclear physics are conﬁned to longer length scales, ie, in\nthe interaction sector where less massive meson ﬁelds do-\nminate, it is not necessary to explicitly include dynamics\nat signiﬁcantly shorter length scales, where the presence o f\nthemostmassi",
        "page": 1,
        "link": "https://ui.adsabs.harvard.edu/link_gateway/2014AN....335..763V/EPRINT_PDF",
        "title": "Effective field theory for neutron stars with genuine manybody forces"
    },
    "2014AN....335..763V_page_1_chunk_5": {
        "text": ", ie, in\nthe interaction sector where less massive meson ﬁelds do-\nminate, it is not necessary to explicitly include dynamics\nat signiﬁcantly shorter length scales, where the presence o f\nthemostmassivemesonﬁeldsbecomescrucial.Thus,inde-\nscribingglobalpropertiesofnuclearsystemsthrougheffe c-\ntiveﬁeldtheory,onecanignorethelatterby integratingout\nheavier degreesof freedomcorrespondingto shorter length\nscales.Itisimportanttonotice,however,theeffectsofth ese\nheavier degrees of freedom are still implicitly contained i n\nthe coupling parameters of the effective ﬁeld theory (Serot\n&Walecka 1997).EFTandQHDcontainontheotherhand\nan inﬁnite numberof interactiontermsand degreesof free-\ndom.Thus,oneneedsan organizingprinciple to makesen-\nsible calculations.\nAsaconventionalwayofclassifyingandorganizingthe\ninteraction terms in our EFT approach as well as a guide-\nlineforthestrengthsofthevariouscouplingstheconcepto f\nnaturalnesshasbeenadopted.\n1.1 Naturalness\nWe take an interaction Lagrangian, which i",
        "page": 1,
        "link": "https://ui.adsabs.harvard.edu/link_gateway/2014AN....335..763V/EPRINT_PDF",
        "title": "Effective field theory for neutron stars with genuine manybody forces"
    },
    "2014AN....335..763V_page_1_chunk_6": {
        "text": "he\ninteraction terms in our EFT approach as well as a guide-\nlineforthestrengthsofthevariouscouplingstheconcepto f\nnaturalnesshasbeenadopted.\n1.1 Naturalness\nWe take an interaction Lagrangian, which involves the σ\nisoscalar-scalar meson and the ωisoscalar-vector meson\nﬁelds coupled to the nucleon ﬁeld, deﬁned in Serot &\nc/circlecopyrt0000WILEY-VCH VerlagGmbH&Co.KGaA, Weinheim",
        "page": 1,
        "link": "https://ui.adsabs.harvard.edu/link_gateway/2014AN....335..763V/EPRINT_PDF",
        "title": "Effective field theory for neutron stars with genuine manybody forces"
    },
    "2014AN....335..763V_page_2_chunk_1": {
        "text": "2 C.A.Z.Vasconcellos et al.:EffectiveFieldTheoryfor Neu tron StarswithGenuine Many-body Forces\nWalecka (1997)as\nL=/summationdisplay\ni,kci,k\ni!k!(σ\nfπ)i(ω\nfπ)k/parenleftbigg∂\nM/parenrightbigg\n(¯ψΓψ\nf2πM)ℓf2\nπΛ2,(1)\nwith unknownexpansioncoefﬁcients ci,k(overallcoupling\nconstants). In the expression above, ψrepresents a baryon\nﬁeld,Γis a Dirac matrix, and derivatives are denoted by\n∂. The resultingexpressionsof the Lagrangiandensity also\ncontain factorial counting factors, needed to accomplish\nnormalization. A direct generalization of this expression\nmay involve additional ﬁelds such as the π,̺andδmeson\nﬁeldsaswell asthephoton.\nThereisevidencefromstudiesonpropertiesofordinary\nnuclear matter, that the expansion in the nonlinear meson\ncouplingsectorquicklyconverges.Infact,keepingonlyth e\ncubic and quartic couplings of the σmeson one obtains,\nat saturationandintermediatedensities, a semi-quantita tive\nﬁt of nuclear matter properties (Boguta & Bodmer 1997;\nSerot & Walecka 1986). Nevertheless,",
        "page": 2,
        "link": "https://ui.adsabs.harvard.edu/link_gateway/2014AN....335..763V/EPRINT_PDF",
        "title": "Effective field theory for neutron stars with genuine manybody forces"
    },
    "2014AN....335..763V_page_2_chunk_2": {
        "text": "and quartic couplings of the σmeson one obtains,\nat saturationandintermediatedensities, a semi-quantita tive\nﬁt of nuclear matter properties (Boguta & Bodmer 1997;\nSerot & Walecka 1986). Nevertheless, a controlled expan-\nsion of the Lagrangian density to signiﬁcantly higher den-\nsities (ρ≥5ρ0), as those found in the interior of neutron\nstars, requires some assumptions on a natural ordering of\ntheexpansioncoefﬁcients.Toaccomplishthatgoal,wemay\nexpressequation(1)in theform\nL=/parenleftbigg∂orm π\nM/parenrightbigg\n(¯ψΓψ\nf2πM)ℓf2\nπΛ2/summationdisplay\ni,k˜ci,k\ni!k!(gσσ\nM)i(gωω\nM)k,(2)\nwhere, in this expression, the Goldberger-Treiman relatio n\n(gsfπ∼M) was used to eliminate the fπfactor in the\nsum. The assumption of naturalness in the strong interac-\ntion physics means that, unless a more detailed explana-\ntion exists, all conceivable action terms that preserve the\nrequired fundamental symmetries should appear in the ef-\nfective action of a theorywith natural couplingcoefﬁcient s\n(Georgi 199",
        "page": 2,
        "link": "https://ui.adsabs.harvard.edu/link_gateway/2014AN....335..763V/EPRINT_PDF",
        "title": "Effective field theory for neutron stars with genuine manybody forces"
    },
    "2014AN....335..763V_page_2_chunk_3": {
        "text": "ed explana-\ntion exists, all conceivable action terms that preserve the\nrequired fundamental symmetries should appear in the ef-\nfective action of a theorywith natural couplingcoefﬁcient s\n(Georgi 1993; Manohar 1996).Thus, the naturalnesscon-\ndition, when applied to an effective theory of the strong\ninteraction, establishes that once the appropriate dimen-\nsional scales have been extracted using the naive dimen-\nsional analysis proposed by Georgi (1993) and Manohar\n(1996),the remaining dimensionlesscoefﬁcientsappearin g\nin theeffectiveactionshouldallremainoforderunity.\nIf the naturalness assumption is valid, then the effec-\ntive stronginteractionLagrangiandensitycan betruncate d,\nwith an acceptable conﬁdence, within the phenomenologi-\ncal physical domain of the theory. The naive dimensional\nanalysiswhenappliedintheformulationofaneffectiveLa-\ngrangian density involving nucleons and strongly interact -\ning meson ﬁelds may be synthesized as follows: the am-\nplitude of each strongly intera",
        "page": 2,
        "link": "https://ui.adsabs.harvard.edu/link_gateway/2014AN....335..763V/EPRINT_PDF",
        "title": "Effective field theory for neutron stars with genuine manybody forces"
    },
    "2014AN....335..763V_page_2_chunk_4": {
        "text": "l\nanalysiswhenappliedintheformulationofaneffectiveLa-\ngrangian density involving nucleons and strongly interact -\ning meson ﬁelds may be synthesized as follows: the am-\nplitude of each strongly interacting ﬁeld in the lagrangian ,\ni.e. the meson ﬁelds, becomes dimensionless when divided\nby the pion decay weak constant; furthermore, to obtain\nthe correct dimension ((energy)4) for the Lagrangian den-\nsity, an overall normalization scale f2\nπΛ2≃f2\nπM2, with\nMdenoting the nucleon mass, has to be included; ﬁnally,\nforidenticalmesonﬁelds,self-interactingtermsofpower n\nandasymmetrizationfactor n!(forpropercounting)shouldbe included in the formalism. The overall dimensionless\ncoefﬁcients, after the dimensional factors and appropriat e\ncounting factors are extracted, are of order O(1)if natu-\nralness holds. Of course, there is no general proof of the\nnaturalnessproperty,since no one knows how to derive the\neffective strong interaction Lagrangiandensity from Quan -\ntum Chromodynamics(QCD). Never",
        "page": 2,
        "link": "https://ui.adsabs.harvard.edu/link_gateway/2014AN....335..763V/EPRINT_PDF",
        "title": "Effective field theory for neutron stars with genuine manybody forces"
    },
    "2014AN....335..763V_page_2_chunk_5": {
        "text": "ss holds. Of course, there is no general proof of the\nnaturalnessproperty,since no one knows how to derive the\neffective strong interaction Lagrangiandensity from Quan -\ntum Chromodynamics(QCD). Nevertheless, the validity of\nnaturalnessand naivepowercountingrules is supportedby\nphenomenologicalstudies.\nAtleasttwoschemesallowacompactsummationofthe\nLagrangiandensity(2).For ci,κ= 1,wehave\nL=/parenleftbigg∂orm π\nM/parenrightbigg/parenleftbigg¯ψΓψ\nf2πM/parenrightbiggℓ\nexp/parenleftBigσ\nM+ω\nM/parenrightBig\nf2\nπΛ2\nχ;(3)\nandforci,κ=i!κ!weobtain\nL=/parenleftbigg∂orm π\nM/parenrightbigg/parenleftbigg¯ψΓψ\nf2πM/parenrightbiggℓ/parenleftbigg1\n1+σ\nM/parenrightbigg/parenleftbigg1\n1+ω\nM/parenrightbigg\nf2\nπΛ2\nχ.(4)\n1.2 LagrangianDensity\nOurstrategyinthisworkistoconsideraphenomenological\nand more ﬂexible parametrization of the QHD Lagrangian\ndensity which combinesthe two previouslimits and an ex-\ntension of the interactionphase space of baryonand meson\nﬁelds.ThecompleteexpressionofourQHDinteractionLa-\ngr",
        "page": 2,
        "link": "https://ui.adsabs.harvard.edu/link_gateway/2014AN....335..763V/EPRINT_PDF",
        "title": "Effective field theory for neutron stars with genuine manybody forces"
    },
    "2014AN....335..763V_page_2_chunk_6": {
        "text": "ametrization of the QHD Lagrangian\ndensity which combinesthe two previouslimits and an ex-\ntension of the interactionphase space of baryonand meson\nﬁelds.ThecompleteexpressionofourQHDinteractionLa-\ngrangian exhausts the whole fundamental baryon octet ( n,\np,Σ−,Σ0,Σ+,Λ,Ξ−,Ξ0)andincludesmany-bodyforces\nsimulatedbynonlinearself-couplingsandmeson-mesonin-\nteraction terms involving scalar-isoscalar ( σ,σ∗), vector-\nisoscalar (ω,φ), vector-isovector ( ̺) and scalar-isovector\n(δ).\nTheinteractiontermof ourLagrangiandensity, Lint, is\ndeﬁnedas\n/summationtext\nB¯ψB/bracketleftBig\niγµ∂µ−γµΣµ\nBξ(σ,σ∗,δ,ω)−γµτ·Σµ\nBκ(σ,σ∗,δ,̺)\n−γµΣµ\nBη(σ,σ∗,δ,φ)−Σs\nBς(σ,σ∗,δ)/bracketrightBig\nψB (5)\nwhereonecanidentifythefollowingself-energyinsertion s:\nΣµ\nBξ(σ,σ∗,δ,ω) =g∗\nωBξωµ;Σµ\nBκ(σ,σ∗,δ,̺) =1\n2g∗\n̺Bκ̺µ\nΣµ\nBη(σ,σ∗,δ,φ)−g∗\nφBηφµ; Σs\nBς(σ,σ∗,δ) =MΣs\nBς.(6)\nIn these expressions, g∗\nΦ, withΦ =σ,σ∗,ω,φ,̺,δ , re-\npresents the effective parametrizedbaryon-mesoncouplin g\nconstants, deﬁned as g∗\nωBξ=gωBm∗\nBξ,g∗\n̺Bκ=g̺Bm∗\nBκ",
        "page": 2,
        "link": "https://ui.adsabs.harvard.edu/link_gateway/2014AN....335..763V/EPRINT_PDF",
        "title": "Effective field theory for neutron stars with genuine manybody forces"
    },
    "2014AN....335..763V_page_2_chunk_7": {
        "text": "−g∗\nφBηφµ; Σs\nBς(σ,σ∗,δ) =MΣs\nBς.(6)\nIn these expressions, g∗\nΦ, withΦ =σ,σ∗,ω,φ,̺,δ , re-\npresents the effective parametrizedbaryon-mesoncouplin g\nconstants, deﬁned as g∗\nωBξ=gωBm∗\nBξ,g∗\n̺Bκ=g̺Bm∗\nBκ,\ng∗\nφBη=gφBm∗\nBη,andΣs\nBς=m∗\nBς,with\nm∗\nBα≡/parenleftbigg\n1+gσBσ+gσ∗Bσ∗+1\n2gδBτ·δ\nαMB/parenrightbigg−α\n;(7)\n(α=ξ,κ,η,ς) (Taurines et al. 2001; Vasconcellos et al.\n2012).Propertiesoftheﬁeldsconsideredinourformulatio n\narepresentedin table(1)).\nc/circlecopyrt0000WILEY-VCH VerlagGmbH&Co.KGaA, Weinheim www.an-journal.org",
        "page": 2,
        "link": "https://ui.adsabs.harvard.edu/link_gateway/2014AN....335..763V/EPRINT_PDF",
        "title": "Effective field theory for neutron stars with genuine manybody forces"
    },
    "2014AN....335..763V_page_3_chunk_1": {
        "text": "Astron. Nachr./ AN(0000) 3\nTable 1 Properties of the ﬁelds considered in the for-\nmulation (9). In what follows, we use the abbreviations:\nISS: isoscalar-scalar; IVS: isovector-scalar; ISV: isosc alar-\nvector;IVV:isovector-vector.\nFields Classiﬁcation Particles Coupling Mass\nConstants (MeV)\nψBBaryons N, Λ, N/A 939, 1116,\nΣ,Ξ 1193, 1318\nψlLeptons e−,µ−N/A 0,5,106\nσ ISS-meson σ g∗\nσB550\nδ IVS-meson a0g∗\nδB980\nωµISV-meson ω g∗\nωB782\n̺µIVV-meson ρ g∗\n̺B770\nσ∗ISS-meson f0g∗\nσ∗B975\nφµISV-meson φ g∗\nφB1020\nThe complete expression for the Lagrangian density in\nthe meanﬁeld approximation, Lξςκη, becomes\n1\n2m2\nσσ2\n0+1\n2m2\nσ∗σ∗2\n0+1\n2m2\nωω2\n0+1\n2m2\nφφ2\n0(8)\n+1\n2m2\nρ̺2\n03+1\n2m2\nδδ2\n3+/summationdisplay\nl¯ψl(iγµ∂µ−ml)ψl\n+/summationdisplay\nB¯ψB(iγµ∂µ−gωBm∗\nBξγ0ω0−M∗\nBς)ψB\n−/summationdisplay\nB¯ψB(1\n2g̺Bm∗\nBκγ0τ(3)̺03+gφBm∗\nBηγ0φ0)ψB,\nwiththeeffectivebaryonmassdeﬁnedas M∗\nBς=MBm∗\nBς.\nThe resulting expression for the Lagrangian density is\nknownastheparameterizedcouplingmodel.Amongthenu-\nmerous possibili",
        "page": 3,
        "link": "https://ui.adsabs.harvard.edu/link_gateway/2014AN....335..763V/EPRINT_PDF",
        "title": "Effective field theory for neutron stars with genuine manybody forces"
    },
    "2014AN....335..763V_page_3_chunk_2": {
        "text": "\nBκγ0τ(3)̺03+gφBm∗\nBηγ0φ0)ψB,\nwiththeeffectivebaryonmassdeﬁnedas M∗\nBς=MBm∗\nBς.\nThe resulting expression for the Lagrangian density is\nknownastheparameterizedcouplingmodel.Amongthenu-\nmerous possibilities of choice of parameters for the model\nwe may focus our attention in variations of the ςparame-\nter keeping ξ=κ=η= 0(scalar or S-model). This\nparametrization reduces to the Walecka’s QHD-I model\n(Serot & Walecka 1997) if ς= 0andg̺B=gφB= 0.\nIn case only g̺B/negationslash= 0, this parametrization reduces to the\nWalecka’s QHD-II model (Serot & Walecka 1997). As-\nsumingς= 1, performing a binomial expansion of mBς,\ntruncating the perturbative series to cubic and quartic sel f-\ninteractions terms involving the scalar-isoscalar σmeson\n(makinggσ∗B=gδB= 0), this parametrization reduces\nto the model of Boguta & Bodmer (1997). The second\nchoice contemplates variations of the parameters ςandξ\nwhile keeping κ=η= 0(scalar-isoscalar-vectoror SISV-\nmodel). In the third choice we may consider variation",
        "page": 3,
        "link": "https://ui.adsabs.harvard.edu/link_gateway/2014AN....335..763V/EPRINT_PDF",
        "title": "Effective field theory for neutron stars with genuine manybody forces"
    },
    "2014AN....335..763V_page_3_chunk_3": {
        "text": " of Boguta & Bodmer (1997). The second\nchoice contemplates variations of the parameters ςandξ\nwhile keeping κ=η= 0(scalar-isoscalar-vectoror SISV-\nmodel). In the third choice we may consider variations of\nς,ξ, andκ, and ﬁxing η= 0(scalar-isoscalar-vector-\nisovector-vectororSISVIVV-I-model),asalreadydiscuss ed\nin(Dexheimer,Vasconcellos&Bodmann 2008).Finally,in\nthefourthchoicewemayconsidervariationsofthefourpa-\nrametersofthetheory, ς,ξ,κ,andς(scalar-isoscalar-vector-\nisovector-vectororSISVIVV-II-model).Theseexamplesof\nparameterizationsofourapproachareshownin Table(2).\nWe consider, as an example, the expansion of the term\ngωBm∗\nBξγ0ω0in expression (9), in the particular case ξ=Table 2 Examples of parameterizations of our model.\nS: scalar model; SISV: scalar-isoscalar-vector model;\nSISVIVV: scalar-isoscalar-vector-isovector-vector mod el.\nModel II differs from I, due to the presence of the φme-\nson.\nModel ς ξ κ η\nS /negationslash= 0 0 0 0\nSISV /negationslash= 0/negationslash= 0 0 0\nSISVIVV",
        "page": 3,
        "link": "https://ui.adsabs.harvard.edu/link_gateway/2014AN....335..763V/EPRINT_PDF",
        "title": "Effective field theory for neutron stars with genuine manybody forces"
    },
    "2014AN....335..763V_page_3_chunk_4": {
        "text": "alar-isoscalar-vector-isovector-vector mod el.\nModel II differs from I, due to the presence of the φme-\nson.\nModel ς ξ κ η\nS /negationslash= 0 0 0 0\nSISV /negationslash= 0/negationslash= 0 0 0\nSISVIVV-I /negationslash= 0/negationslash= 0/negationslash= 0 0\nSISVIVV-II /negationslash= 0/negationslash= 0/negationslash= 0/negationslash= 0\n1. In the framework of a local mean ﬁeld approxima-\ntion, expectationvaluesof meson ﬁeldscorrespondto clas-\nsical numbers1. In this context, taking into account that\ngσBσ0+gσ∗Bσ∗\n0+1\n2gδBτ3δ30\nMB<<1, we may use the binomial\ntheorem to expand the contribution gωBm∗\nBξγ0ω0for the\nparticularchoice ξ= 1:\ngωBm∗\nB1γ0ω0∼gωBγ0ω0\n−gωB/parenleftBig\ngσBσ0+gσ∗Bσ∗\n0+1\n2gδBτ3δ30\nMB/parenrightBig\nγ0ω0\n+gωB/parenleftBiggσBσ0+gσ∗Bσ∗\n0+1\n2gδBτ3δ30\nMB/parenrightBig2\nγ0ω0\n−gωB/parenleftBiggσBσ0+gσ∗Bσ∗\n0+1\n2gδBτ3δ30\nMB/parenrightBig3\nγ0ω0... (9)\nFrom this expression we can identify many-body attrac-\ntive and/orrepulsivecouplingtermslike for instance σ0ω0,\nσ2\n0ω0,σ∗2\n0ω0,δ30ω0",
        "page": 3,
        "link": "https://ui.adsabs.harvard.edu/link_gateway/2014AN....335..763V/EPRINT_PDF",
        "title": "Effective field theory for neutron stars with genuine manybody forces"
    },
    "2014AN....335..763V_page_3_chunk_5": {
        "text": "arenleftBiggσBσ0+gσ∗Bσ∗\n0+1\n2gδBτ3δ30\nMB/parenrightBig3\nγ0ω0... (9)\nFrom this expression we can identify many-body attrac-\ntive and/orrepulsivecouplingtermslike for instance σ0ω0,\nσ2\n0ω0,σ∗2\n0ω0,δ30ω0,δ2\n30ω0,σ0σ∗δ30ω0and many others.\nSimilarly, the remaining terms of the Lagrangian density\nalso exhibit additional many-body coupling terms. Again,\nthe ﬁnal selection of the contributions to be considered re-\nquires an analysis of the formal coherence of the theory.\nIn this sense, it is important to remember that the theory\nmust embody fundamental symmetries, conservation laws\nas well as physical properties which are relevant for strong\ninteracting relativistic nuclear many-bodysystems, such as\nLorentz covariance, microscopic causality, naturalness, an-\nalyticity,uniqueness,amongothers.\nFromexpression(1),anextensionofthemodelofSerot\n& Walecka (1997), which exhausts the whole fundamental\nbaryon octet ( n,p,Σ−,Σ0,Σ+,Λ,Ξ−,Ξ0) and includes\nbaryon-meson interaction terms involving scalar-isosc",
        "page": 3,
        "link": "https://ui.adsabs.harvard.edu/link_gateway/2014AN....335..763V/EPRINT_PDF",
        "title": "Effective field theory for neutron stars with genuine manybody forces"
    },
    "2014AN....335..763V_page_3_chunk_6": {
        "text": "xpression(1),anextensionofthemodelofSerot\n& Walecka (1997), which exhausts the whole fundamental\nbaryon octet ( n,p,Σ−,Σ0,Σ+,Λ,Ξ−,Ξ0) and includes\nbaryon-meson interaction terms involving scalar-isoscal ar\n(σ,σ∗), vector-isoscalar ( ω,φ), vector-isovector ( ̺) and\nscalar-isovector( δ)maybesynthesizedas\nL=/summationdisplay\nB/summationdisplay\n℘c℘\nΠ℘℘!/parenleftbigg∂orm π\nMB/parenrightbigg\n(¯ψBΓψB\nf2πMB)ℓf2\nπΛ2\n×(σ\nfπ)i(σ∗\nfπ)j(ω\nfπ)k(̺\nfπ)m(δ\nfπ)n(φ\nfπ)q,(10)\nwith℘=i,j,k,m,n,q . Thenaturallimit of this expres-\nsion,namely,byassuming c(℘)→1,is\nL=/summationdisplay\nB/parenleftbigg∂orm π\nMB/parenrightbigg\n(¯ψBΓψB\nf2πMB)ℓf2\nπΛ2exp/summationdisplay\nιgιΦι\nMB,(11)\n1It is well known that in the realm of the mean ﬁeld approximati on,\nexpectation values of meson ﬁelds may be treated as classica l numbers in\nspace-time despite the density dependence of these ﬁelds in Fermi space.\nwww.an-journal.org c/circlecopyrt0000WILEY-VCH VerlagGmbH&Co.KGaA, Weinheim",
        "page": 3,
        "link": "https://ui.adsabs.harvard.edu/link_gateway/2014AN....335..763V/EPRINT_PDF",
        "title": "Effective field theory for neutron stars with genuine manybody forces"
    },
    "2014AN....335..763V_page_3_chunk_7": {
        "text": "rs in\nspace-time despite the density dependence of these ﬁelds in Fermi space.\nwww.an-journal.org c/circlecopyrt0000WILEY-VCH VerlagGmbH&Co.KGaA, Weinheim",
        "page": 3,
        "link": "https://ui.adsabs.harvard.edu/link_gateway/2014AN....335..763V/EPRINT_PDF",
        "title": "Effective field theory for neutron stars with genuine manybody forces"
    },
    "2014AN....335..763V_page_4_chunk_1": {
        "text": "4 C.A.Z.Vasconcellos et al.:EffectiveFieldTheoryfor Neu tron StarswithGenuine Many-body Forces\nwithΦι=σ,σ∗,ω,φ,̺,δ . Throughsystematic choicesfor\ntheparametersoftheLagrangiandensity(9)wealsoobtain,\nin thelimit ofnaturalness,exponentialcouplings.\n2 ScalarModel\nIn the following, we consider a simpliﬁed version of the\nmodel described above. In this version, we analyze the ef-\nfects of the long range many-body components of the nu-\nclearforceonthestructureofthestar.Weseekinthiswayto\nunderstand how these nonlinear contributions affect globa l\nproperties of neutron stars, as for instance the equation of\nstate, the stellar mass and the stellar populationof partic les\ninthemedium.Theunderstandingoftheseeffectsisimpor-\ntant,sincethelong-rangecomponentsofthestronginterac -\ntion play a fundamental role in the stability of the star. In\na later contribution, we will speciﬁcally examine the cor-\nresponding contribution of the short-range components of\nthe strong interaction, which also play a fundam",
        "page": 4,
        "link": "https://ui.adsabs.harvard.edu/link_gateway/2014AN....335..763V/EPRINT_PDF",
        "title": "Effective field theory for neutron stars with genuine manybody forces"
    },
    "2014AN....335..763V_page_4_chunk_2": {
        "text": "le in the stability of the star. In\na later contribution, we will speciﬁcally examine the cor-\nresponding contribution of the short-range components of\nthe strong interaction, which also play a fundamental role\ninthestabilityofthestar.Fromtheglobalpointofview,th e\nlong-range attractive components contribute to stellar co n-\ntraction. The short-rangecomponentsof the strong interac -\ntionact intheoppositedirection.\nWe consider a mean ﬁeld scalar version of our model\nwith the explicit inclusion of an Yukawa attractive term in\nthe Lagrangiandensity:\nLλ=1\n2m2\nσσ2\n0+1\n2m2\nωω2\n0+1\n2m2\nρ̺2\n03 (12)\n+/summationdisplay\nl¯ψl(iγµ∂µ−ml)ψl\n+/summationdisplay\nB¯ψB(iγµ∂µ−gωBγ0ω0−M∗\nBλ)ψB\n−/summationdisplay\nB¯ψB(1\n2g̺Bγ0τ(3)̺03)ψB,\nwhere the subscripts Bandllabel, respectively,the baryon\noctet (n,p,Λ0,Σ−,Σ0,Σ+,Ξ−,Ξ0) and lepton ( e−,µ−)\nspecies. Formoredetailssee (Vasconcelloset al.2012).\nEvidently,ourmodelmustbein agreementwith theex-\nperimental data related to the saturation properties of nu-\nclear ma",
        "page": 4,
        "link": "https://ui.adsabs.harvard.edu/link_gateway/2014AN....335..763V/EPRINT_PDF",
        "title": "Effective field theory for neutron stars with genuine manybody forces"
    },
    "2014AN....335..763V_page_4_chunk_3": {
        "text": ",Σ+,Ξ−,Ξ0) and lepton ( e−,µ−)\nspecies. Formoredetailssee (Vasconcelloset al.2012).\nEvidently,ourmodelmustbein agreementwith theex-\nperimental data related to the saturation properties of nu-\nclear matter. We adopt for the saturation density of nu-\nclear matter ρ0= 0.17fm−3and for the binding en-\nergyǫB=−16.0MeV. Theλparameter is constrained to\ndescribe the nucleon effective mass at saturation between\n0.70−0.78MeV. The isovector coupling constant g̺, on\nthe other hand, is chosen to describe the symmetry energy\ncoefﬁcientaasym= 32.5MeV; for more details see for in-\nstance Haensel, Potekhin& Yakovlev(2007).Furthermore,\nweusetheequilibriumpropertiesofnuclearmattertointro -\nduceacoherentset ofNM couplingconstantsin thesatura-\ntiondensityrange, gσN,gωN,g̺N(seetable(3).Inthehigh\ndensityregime,theHM couplingconstantshavebeenﬁtted\nto hypernuclearproperties(Schaffneret al. 1994),with th e\nscalar couplingconstantsﬁxed to the potential depth of the\ncorrespondinghyperonspecies: UΛ=UΣ=−30MeVand\nUΞ=",
        "page": 4,
        "link": "https://ui.adsabs.harvard.edu/link_gateway/2014AN....335..763V/EPRINT_PDF",
        "title": "Effective field theory for neutron stars with genuine manybody forces"
    },
    "2014AN....335..763V_page_4_chunk_4": {
        "text": "eHM couplingconstantshavebeenﬁtted\nto hypernuclearproperties(Schaffneret al. 1994),with th e\nscalar couplingconstantsﬁxed to the potential depth of the\ncorrespondinghyperonspecies: UΛ=UΣ=−30MeVand\nUΞ= 30MeV.The effective parameterized nucleon mass M∗\nBλ, for\ngσBσ0\nλMB<<1,isdeﬁnedas\nM∗\nBλ≃MB/parenleftBigg\n1−gσBσ0\nMB+/parenleftbigg\nλ\n2/parenrightbigg/parenleftbigggσBσ0\nλMB/parenrightbigg2/parenrightBigg\n+O(3),(13)\nwith(λ\n2)representingthegeneralizedbinomialcoefﬁcients\noftheexpansionandwhereweemphasizethedirectdepen-\ndenceoftheeffectivebaryonmassonthe λparameterofthe\nmodel.Thedependenceoftheeffectivenucleonmassonthe\nλparameterat nuclearsaturationisshowninFig.(1).\n0.550.60.650.70.750.80.850.9\n0 0.2 0.4 0.6 0.8 1 1.2 1.4M∗\nN/MN\nλasym= 32.5MeV\nFig.1Dependence of the effective nucleon mass at nu-\nclearsaturationonthe λparameter.\nThedensitydependenceofthenuclearmattersymmetry\nenergy (Esym) can be characterized in terms of a few bulk\nparameters by expanding it in a Taylor series around the\nnucl",
        "page": 4,
        "link": "https://ui.adsabs.harvard.edu/link_gateway/2014AN....335..763V/EPRINT_PDF",
        "title": "Effective field theory for neutron stars with genuine manybody forces"
    },
    "2014AN....335..763V_page_4_chunk_5": {
        "text": "\nclearsaturationonthe λparameter.\nThedensitydependenceofthenuclearmattersymmetry\nenergy (Esym) can be characterized in terms of a few bulk\nparameters by expanding it in a Taylor series around the\nnuclearsaturationdensity ρ0\nEsym(ρ) =Esym(ρ0)+L/parenleftbiggρ−ρ0\n3ρ0/parenrightbigg\n+Ksym\n2/parenleftbiggρ−ρ0\n3ρ0/parenrightbigg2\n+O(3)+...(14)\nwhereEsym(ρ0) =aasymis the value of the symmetry nu-\nclear energyat saturation.In this expression, Lis the slope\nparameterandthecurvatureparameter Ksymistheisovector\ncorrectiontothecompressionmodulus,deﬁnedrespectivel y\nas\nL= 3ρ0/parenleftbigg∂aasym\n∂ρ/parenrightbigg\nρ=ρ0;Ksym= 9ρ2\n0/parenleftbigg∂2aasym\n∂ρ2/parenrightbigg\nρ=ρ0.(15)\nFig. (2) shows the dependence of Lonλand on the sym-\nmetry coefﬁcient aasym. The slope parameter Lis related\ntoP0,the pressurefromthesymmetryenergyforpureneu-\ntronmatteratsaturationdensity.Thesymmetrypressure P0\nprovides the dominant baryon contribution to the pressure\nin neutronstarsat saturationdensity.\n3 Results andConc",
        "page": 4,
        "link": "https://ui.adsabs.harvard.edu/link_gateway/2014AN....335..763V/EPRINT_PDF",
        "title": "Effective field theory for neutron stars with genuine manybody forces"
    },
    "2014AN....335..763V_page_4_chunk_6": {
        "text": "refromthesymmetryenergyforpureneu-\ntronmatteratsaturationdensity.Thesymmetrypressure P0\nprovides the dominant baryon contribution to the pressure\nin neutronstarsat saturationdensity.\n3 Results andConclusions\nInthefollowing,wedeterminetheEoSandpopulationpro-\nﬁles for neutron stars assuming local charge neutrality and\nc/circlecopyrt0000WILEY-VCH VerlagGmbH&Co.KGaA, Weinheim www.an-journal.org",
        "page": 4,
        "link": "https://ui.adsabs.harvard.edu/link_gateway/2014AN....335..763V/EPRINT_PDF",
        "title": "Effective field theory for neutron stars with genuine manybody forces"
    },
    "2014AN....335..763V_page_5_chunk_1": {
        "text": "Astron. Nachr./ AN(0000) 5\n80859095100105110115\n0 0.05 0.1 0.15 0.2 0.25 0.3 0.35 0.4L(MeV)\nλaasym= 30.5MeV\n31.5MeV\n32.5MeV\n33.5MeV\n34.5MeV\nFig.2Dependenceoftheslopeparameter Lonλfordif-\nferentvaluesofthesymmetryenergy aasym.\nbeta equilibrium for the scalar version of our approach. By\nsolvingtheTolman-Oppenheimer-Volkoff(TOV)equations\n(Tolman 1939; Oppenheimer & Volkoff 1939) we obtain\nthe mass-radius relation for families of neutron stars with\nhyperon content. Our results for different values of the λ\nparameter are illustrated in Figs. (3), (4), (5), (6), and (7 ).\nIn the ﬁgures,each valueof λgeneratesa sequenceof neu-\nTable 3 Couplingparametersofourapproach.\nλ(M∗\nM)0K0(MeV) (gσB\nmσ)2(gωB\nmω)2(g̺B\nm̺)2\n0.06 0.70 262 11.87 6.49 3.69\n0.10 0.75 226 10.42 5.10 3.94\n0.14 0.78 216 9.51 4.32 4.07\ntrons stars, where each star will have a different EoS, par-\nticle population, central density, and maximum mass. The\nparametrizationthatgeneratesthehigherpressureandmax -\nimum mass of a neutronstar",
        "page": 5,
        "link": "https://ui.adsabs.harvard.edu/link_gateway/2014AN....335..763V/EPRINT_PDF",
        "title": "Effective field theory for neutron stars with genuine manybody forces"
    },
    "2014AN....335..763V_page_5_chunk_2": {
        "text": "7\ntrons stars, where each star will have a different EoS, par-\nticle population, central density, and maximum mass. The\nparametrizationthatgeneratesthehigherpressureandmax -\nimum mass of a neutronstar is the one with the lower pos-\nsible valueofthe parameter λ, ieλ= 0.06,whichprovides\namassof 1.97M⊙,inverygoodagreementwithrecentob-\nservations (Demorest et al. 2010). This result corresponds\nto the parametrization which provides a smaller effective\nbaryon mass and, hence, a more bound matter. Although\nsmaller lambda values originate higher values for the max-\nimum mass of neutron stars, this parameter should attain\na minimum value that allows the model to reproduce nu-\nclearsaturationproperties,likeforexampleacompressib il-\nity modulussmallerthan300MeV.\nTheanalysisofthese resultsdemandsﬁrst to remember\nthat a stiffer, or equivalently, more rigid equation of stat e\nof nuclear matter is related to higher values of the internal\npressureof thesystem and,accordingly,to highervaluesof\nthecompr",
        "page": 5,
        "link": "https://ui.adsabs.harvard.edu/link_gateway/2014AN....335..763V/EPRINT_PDF",
        "title": "Effective field theory for neutron stars with genuine manybody forces"
    },
    "2014AN....335..763V_page_5_chunk_3": {
        "text": "to remember\nthat a stiffer, or equivalently, more rigid equation of stat e\nof nuclear matter is related to higher values of the internal\npressureof thesystem and,accordingly,to highervaluesof\nthecompressibilitymodulus |Ksym|ofnuclearmatter.This\nin turn requires stronger contributionsfrom repulsive com -\nponentsofthenuclearforcewhencomparedtotheattractive\nones. In our general approach, however, many body forces\nlowers the intensities both of attractive and repulsive int er-action terms due to shielding effects , which result in higher\n(lower) values of the compressibility modulus |Ksym|of\nnuclear matter in the case of higher (lower) relative reduc-\ntionoftheattractive(repulsive)contributions.\nOur present results (scalar model) are consistent with\ntheanalysisabove,sincewehaveobtainedastifferequatio n\nof state for lower values of the λparameter (λ= 0.06),\nwhich corresponds to the stronger relative reduction of the\nattractive contribution (see Eq. (13)). Similarly, the res ults\nfor the par",
        "page": 5,
        "link": "https://ui.adsabs.harvard.edu/link_gateway/2014AN....335..763V/EPRINT_PDF",
        "title": "Effective field theory for neutron stars with genuine manybody forces"
    },
    "2014AN....335..763V_page_5_chunk_4": {
        "text": "equatio n\nof state for lower values of the λparameter (λ= 0.06),\nwhich corresponds to the stronger relative reduction of the\nattractive contribution (see Eq. (13)). Similarly, the res ults\nfor the particle populationshow that the thresholdequatio n\nforagivenspecies(Glendenning 1996),\nµn−qBµe−gωBω0−g̺B̺03I3B≥MB(1−gσBσ0/MB),\nis also affected by the presence of many-body forces com-\nponentsin thestronginteractionsector(sse Eq.(13):\nµn−qBµe−gωBω0−g̺B̺03I3B≥MB(1−g∗\nσBσ0/MB)\n≃MB/parenleftbigg\n1−gσBσ0\nMB+/parenleftbiggλ\n2/parenrightbigg/parenleftBig\ngσBσ0\nλMB/parenrightBig2/parenrightbigg\n+O(3),(16)\nwhereµnandµerepresent respectively the neutron and\nelectron chemical potential, and qBis the baryon charge.\nAccording to Eq. (16) many body forces shift the critical\ndensity for hyperonsaturation to higher densities and orig -\ninate an anti-correlation between the amount of hyperons\nand the values of λ: to the lowest values of λcorrespond\nlargeramountsofhyperonsinthesystem,whichmaycause\nthesofteni",
        "page": 5,
        "link": "https://ui.adsabs.harvard.edu/link_gateway/2014AN....335..763V/EPRINT_PDF",
        "title": "Effective field theory for neutron stars with genuine manybody forces"
    },
    "2014AN....335..763V_page_5_chunk_5": {
        "text": "igher densities and orig -\ninate an anti-correlation between the amount of hyperons\nand the values of λ: to the lowest values of λcorrespond\nlargeramountsofhyperonsinthesystem,whichmaycause\nthesofteningoftheEoS.However,ourresultsshowthatthe\nshieldingeffectofthelong-rangenuclearcomponentsofth e\nnuclearforceispredominant.Theﬁrst hyperonspeciesthat\nappearsisthe Σ−,closelyfollowedbythe Λ,sincetheneg-\native charge of the Σ−outweighs the 80 MeV mass differ-\nence, as a result of the more lenient conditions µΛ=µn\nandµΣ−=µn+µe. TheΣ−fraction saturates at about\n0.3, whileΛ, free of isospin-dependent forces, continue to\naccumulateuntilshort-rangerepulsionforcescausethemt o\nsaturate.Otherhyperonspeciesfollowat higherdensities .\n0300600900\n0 500 1000 1500 2000p(fm−4)\nε(fm−4)λ= 0.06\nλ= 0.10\nλ= 0.14\nFig.3 Dependenceoftheequationofstate (EoS)on λ.\nIt is our understanding that the naturalness condition is\nequivalent to exhaust the phase space of the fundamental\nwww.an-journal.org c/circlecopyrt0000WILE",
        "page": 5,
        "link": "https://ui.adsabs.harvard.edu/link_gateway/2014AN....335..763V/EPRINT_PDF",
        "title": "Effective field theory for neutron stars with genuine manybody forces"
    },
    "2014AN....335..763V_page_5_chunk_6": {
        "text": "3 Dependenceoftheequationofstate (EoS)on λ.\nIt is our understanding that the naturalness condition is\nequivalent to exhaust the phase space of the fundamental\nwww.an-journal.org c/circlecopyrt0000WILEY-VCH VerlagGmbH&Co.KGaA, Weinheim",
        "page": 5,
        "link": "https://ui.adsabs.harvard.edu/link_gateway/2014AN....335..763V/EPRINT_PDF",
        "title": "Effective field theory for neutron stars with genuine manybody forces"
    },
    "2014AN....335..763V_page_6_chunk_1": {
        "text": "6 C.A.Z.Vasconcellos et al.:EffectiveFieldTheoryfor Neu tron StarswithGenuine Many-body Forces\n0.00010.0010.010.11\n1 2 3 4 5 6 7 8ρ\nρB\nρB/ρ0n\np\nΛ0Σ+\nΣ0Σ−Ξ0\nΞ−e−\nµ−\nFig.4Particle populationfor λ= 0.06.In the ﬁgure,the\nlabelsρBandρ0indicate respectively baryon density and\nnuclearsaturationdensity.\n0.00010.0010.010.11\n1 2 3 4 5 6 7 8 9 10ρ\nρB\nρB/ρ0n\np\nΛ0Σ+Σ0\nΣ−Ξ0\nΞ−e−\nµ−\nFig.5Particle population for λ= 0.10. The symbols\nhavethesame meaningasin thepreviousﬁgure.\ninteractions. This depletion of the phase space can be ac-\ncomplished by including in nuclear matter the largest pos-\nsible numberof information , ie. baryonand meson degrees\nof freedom and additionally considering many body forces\nbetween baryon and meson ﬁelds, as well as self-coupling\nterms involving meson ﬁelds. When the condition of natu-\nralness is achieved, it is unnecessary to get rid of heavier\ndegrees of freedom by integrating then out. In this case,\nthe effects of heavier degrees of freedom are not anymore\nimplicitly con",
        "page": 6,
        "link": "https://ui.adsabs.harvard.edu/link_gateway/2014AN....335..763V/EPRINT_PDF",
        "title": "Effective field theory for neutron stars with genuine manybody forces"
    },
    "2014AN....335..763V_page_6_chunk_2": {
        "text": "of natu-\nralness is achieved, it is unnecessary to get rid of heavier\ndegrees of freedom by integrating then out. In this case,\nthe effects of heavier degrees of freedom are not anymore\nimplicitly containedin couplingparametersofthe effecti ve\nﬁeld theory.An interestingaspect ofourstudy isthat appa-\nrently,manybodyforcesoccupyalargerrolethanoriginall y\nthought in the description of properties of nuclear system\nat high density. Moreover, the condition of naturalness is\nachieved with only a small part of the parameter set. This\nresult was expected and can be explained by the saturation\nproperty of nuclear matter: for parameter values less than\n3, the model with parameterized couplings completely ex-\nhauststhephasespaceofmany-bodyinteractions.\nThemodelwithparameterizedcouplingsshowspromis-\ning results. However, the model needs to broaden its scope\nby the adoption of new parameterizations, expanding the0.00010.0010.010.11\n2 4 6 8 10ρ\nρB\nρB/ρ0n\np\nΛ0Σ+\nΣ0Σ−Ξ−e−\nµ−\nFig.6Particlepopulationfor ",
        "page": 6,
        "link": "https://ui.adsabs.harvard.edu/link_gateway/2014AN....335..763V/EPRINT_PDF",
        "title": "Effective field theory for neutron stars with genuine manybody forces"
    },
    "2014AN....335..763V_page_6_chunk_3": {
        "text": "g results. However, the model needs to broaden its scope\nby the adoption of new parameterizations, expanding the0.00010.0010.010.11\n2 4 6 8 10ρ\nρB\nρB/ρ0n\np\nΛ0Σ+\nΣ0Σ−Ξ−e−\nµ−\nFig.6Particlepopulationfor λ= 0.14.Symbolshavethe\nsame meaningasinpreviousﬁgures.\n00.511.52\n8.5 9 9.5 10 10.5 11 11.5 12 12.5 13M(M⊙)\nR(km)M∗\nN/MN,= 0.70,λ= 0.06\nM∗\nN/MN,= 0.75,λ= 0.10\nM∗\nN/MN,= 0.78,λ= 0.14\nFig.7 Mass-radius diagram for three different param-\neterizations of the scalar version of the model: λ=\n0.06,0.10,0.14.\nset of parametersof the theory.Interestingissues for futu re\nstudies will also be the role of ﬁnite temperature, neutrino\ntrappingandstrongmagneticeffectsin neutronstars. Work\nalongthese linesisin progress.\nReferences\nBoguta, J.,Bodmer, A.R.:1997, Nucl.Phys. A292, 413\nDemorest, P., Pennucci, T., Ransom, S., Roberts, M., Hessel s, J.:\n2010, Nature 467, 1081\nDexheimer, V.A., Vasconcellos, C.A.Z., Bodmann, B.E.J.: 2 008,\nPhys.Rev.C77, 065803\nGeorgi, H.:1993, Annu. Rev. Nucl. Part.Sci.43, 209\nGlen",
        "page": 6,
        "link": "https://ui.adsabs.harvard.edu/link_gateway/2014AN....335..763V/EPRINT_PDF",
        "title": "Effective field theory for neutron stars with genuine manybody forces"
    },
    "2014AN....335..763V_page_6_chunk_4": {
        "text": "ansom, S., Roberts, M., Hessel s, J.:\n2010, Nature 467, 1081\nDexheimer, V.A., Vasconcellos, C.A.Z., Bodmann, B.E.J.: 2 008,\nPhys.Rev.C77, 065803\nGeorgi, H.:1993, Annu. Rev. Nucl. Part.Sci.43, 209\nGlendenning, N.K.:1996, Compact Stars,Springer Verlag, B erlin\nHaensel,P.,Potekhin,A.Y.,Yakovlev,D.G.:2007,Neutron StarsI\n-Equation of StateandStructure, Springer Verlag,Berlin\nManohar, A.V.: 1996, Lectures at Schladming Winter School, e-\nprint hep-ph/9606222\nSchaffner, J., Dover, C.B., Gal, A., Millener, D.J., Greine r, C.,\nStoecker, H.:1994, Ann. Phys.(N.Y.)235, 35\nSerot, B.D.,Walecka, J.D.: 1997, International Journal of Modern\nPhysicsE 515, 6\nSerot, B.D., Walecka, J.D.: 1986, The Relativistic Nuclear Many-\nBody Problem, in: J.W. Negele, E. Vogt (Eds.) Advances in\nNuclear Physics 16, 1\nc/circlecopyrt0000WILEY-VCH VerlagGmbH&Co.KGaA, Weinheim www.an-journal.org",
        "page": 6,
        "link": "https://ui.adsabs.harvard.edu/link_gateway/2014AN....335..763V/EPRINT_PDF",
        "title": "Effective field theory for neutron stars with genuine manybody forces"
    },
    "2014AN....335..763V_page_6_chunk_5": {
        "text": "copyrt0000WILEY-VCH VerlagGmbH&Co.KGaA, Weinheim www.an-journal.org",
        "page": 6,
        "link": "https://ui.adsabs.harvard.edu/link_gateway/2014AN....335..763V/EPRINT_PDF",
        "title": "Effective field theory for neutron stars with genuine manybody forces"
    },
    "2014AN....335..763V_page_7_chunk_1": {
        "text": "Astron. Nachr./ AN(0000) 7\nTaurines, A.R., Vasconcellos, C.A.Z., Malheiro, M., Chiap parini,\nM.: 2001, Phys.Rev. C63, 065801\nTolman, R.C.:1939, Phys.Rev.55, 364\nOppenheimer, J.,Volkoff, G.:1939, Phys.Rev. 55, 374\nVasconcellos, C.A.Z.,Horvath, J., Hadjimichef, D., Gomes , R.O,:\n2012, Int.J. Mod. Phys.Conf. Ser.18, 182\nwww.an-journal.org c/circlecopyrt0000WILEY-VCH VerlagGmbH&Co.KGaA, Weinheim",
        "page": 7,
        "link": "https://ui.adsabs.harvard.edu/link_gateway/2014AN....335..763V/EPRINT_PDF",
        "title": "Effective field theory for neutron stars with genuine manybody forces"
    }
}