{
    "2014APh....54..110B_page_1_chunk_1": {
        "text": "PARSEC: A Parametrized Simulation Engine for Ultra-High Energy Cosmic Ray\nProtons\nHans-Peter Bretza, Martin Erdmanna, Peter Schi\u000berb, David Walza, Tobias Winchena,\u0003\naIII. Physikalisches Institut A, RWTH Aachen University, Germany\nbII. Institut f ur Theoretische Physik, Universit at Hamburg, Germany\nAbstract\nWe present a new simulation engine for fast generation of ultra-high energy cosmic ray data based on parametrizations\nof common assumptions of UHECR origin and propagation. Implemented are de\rections in unstructured turbulent\nextragalactic \felds, energy losses for protons due to photo{pion production and electron{pair production, as well as\ne\u000bects from the expansion of the universe. Additionally, a simple model to estimate propagation e\u000bects from iron nuclei\nis included. De\rections in the Galactic magnetic \feld are included using a matrix approach with precalculated lenses\ngenerated from backtracked cosmic rays. The PARSEC program is based on object oriented programming paradigms\n",
        "page": 1,
        "link": "https://ui.adsabs.harvard.edu/link_gateway/2014APh....54..110B/EPRINT_PDF",
        "title": "PARSEC A parametrized simulation engine for ultrahigh energy cosmic ray protons"
    },
    "2014APh....54..110B_page_1_chunk_2": {
        "text": " the Galactic magnetic \feld are included using a matrix approach with precalculated lenses\ngenerated from backtracked cosmic rays. The PARSEC program is based on object oriented programming paradigms\nenabling users to extend the implemented models and is steerable with a graphical user interface.\nKeywords: High energy cosmic rays, UHECR, Extra-galactic, propagation, simulation, magnetic \felds, GMF, EGMF\n1. Introduction\nRecent results of the Pierre Auger Observatory im-\nply that the ultra-high energy cosmic rays (UHECR) are\naccelerated at extragalactic sources with a distribution\nfollowing the large scale structure [1, 2]. Nevertheless,\nthe exact origin of these cosmic rays remains so far un-\nknown. UHECR are likely charged particles [2, 3] and\nthus de\rected in the extragalactic and Galactic magnetic\n\feld. They can therefore be considered messengers of cos-\nmic accelerators as well as \felds they are subjected to\nwhile propagating to the Earth. During their propaga-\ntion from the sources",
        "page": 1,
        "link": "https://ui.adsabs.harvard.edu/link_gateway/2014APh....54..110B/EPRINT_PDF",
        "title": "PARSEC A parametrized simulation engine for ultrahigh energy cosmic ray protons"
    },
    "2014APh....54..110B_page_1_chunk_3": {
        "text": "c magnetic\n\feld. They can therefore be considered messengers of cos-\nmic accelerators as well as \felds they are subjected to\nwhile propagating to the Earth. During their propaga-\ntion from the sources to the Earth UHECR lose energy\ndue to interactions with di\u000berent photon backgrounds. In\nthe case of protons the dominant processes are photo-pion\nand electron-pair production, while for nuclei also photo-\ndisintegration has to be accounted for. The composition\nof UHECR is still under debate [4, 5].\nProgress in the understanding of origin and propaga-\ntion of UHECR is enabled by comparison of measured data\nwith simulated UHECR data. A second \feld of applica-\ntion for simulated UHECR data is development and bench-\nmarking of observables suited for disentangling speci\fc as-\npects from the observed data.\nThe interpretation of cosmic ray data relies on the con-\nsideration of models for the:\n1. Locations and luminosities of likely sources,\n2. De\rections in extragalactic magnetic \felds,\n\u0003Corresp",
        "page": 1,
        "link": "https://ui.adsabs.harvard.edu/link_gateway/2014APh....54..110B/EPRINT_PDF",
        "title": "PARSEC A parametrized simulation engine for ultrahigh energy cosmic ray protons"
    },
    "2014APh....54..110B_page_1_chunk_4": {
        "text": "ed data.\nThe interpretation of cosmic ray data relies on the con-\nsideration of models for the:\n1. Locations and luminosities of likely sources,\n2. De\rections in extragalactic magnetic \felds,\n\u0003Corresponding author\nEmail address: winchen@physik.rwth-aachen.de (Tobias\nWinchen)3. Composition, and hence energy losses, for the UHE-\nCRs, and\n4. De\rections in the Galactic magnetic \feld.\nTo test these models a fast generation of su\u000eciently large\ndata samples at every point of the parameter-space is re-\nquired.\nThe most obvious approach for a UHECR Monte-Carlo\ngenerator allowing detailed simulations of individual phys-\nics processes is to follow the trajectories of individual par-\nticles from the source to the observer and account for en-\nergy losses and de\rections during the propagation. This\nforward-propagation is for example implemented in the\nCRPropa program [6]. In this approach the, compared\nto intergalactic distances, small size of the observer makes\nthe generation of large Monte-Carlo d",
        "page": 1,
        "link": "https://ui.adsabs.harvard.edu/link_gateway/2014APh....54..110B/EPRINT_PDF",
        "title": "PARSEC A parametrized simulation engine for ultrahigh energy cosmic ray protons"
    },
    "2014APh....54..110B_page_1_chunk_5": {
        "text": "ard-propagation is for example implemented in the\nCRPropa program [6]. In this approach the, compared\nto intergalactic distances, small size of the observer makes\nthe generation of large Monte-Carlo data sets, needed for\nextensive parameter scans, highly challenging. The chal-\nlenge becomes more and more complex for contributions\nfrom distant sources. However, it can be approached by\ncombining forward propagation codes with parametrized\nsimulation software as e.g. presented here; a \frst attempt\nof such a combination using CRPropa and PARSEC has\nbeen presented in reference [7].\nA di\u000berent approach aiming at UHECR mass produc-\ntion is to backtrack particles starting at the observer and\nassociate them to the objects in the source model. This\napproach is well understood and documented in the lit-\nerature (e.g. [8, 9]). However, it requires huge trajectory\ndatabases (e.g. [10]) and the trajectories are associated to\nsources only at the end of the simulation.\nTo enable UHECR simulations for ",
        "page": 1,
        "link": "https://ui.adsabs.harvard.edu/link_gateway/2014APh....54..110B/EPRINT_PDF",
        "title": "PARSEC A parametrized simulation engine for ultrahigh energy cosmic ray protons"
    },
    "2014APh....54..110B_page_1_chunk_6": {
        "text": "it-\nerature (e.g. [8, 9]). However, it requires huge trajectory\ndatabases (e.g. [10]) and the trajectories are associated to\nsources only at the end of the simulation.\nTo enable UHECR simulations for arbitrary source mod-\nels with su\u000ecient speed for extensive parameter scans we\ndeveloped PARSEC as a parametrized simulation engine.\nPreprint submitted to Elsevier October 31, 2018arXiv:1302.3761v2  [astro-ph.HE]  12 Dec 2013",
        "page": 1,
        "link": "https://ui.adsabs.harvard.edu/link_gateway/2014APh....54..110B/EPRINT_PDF",
        "title": "PARSEC A parametrized simulation engine for ultrahigh energy cosmic ray protons"
    },
    "2014APh....54..110B_page_2_chunk_1": {
        "text": "PARSEC calculates the probability to observe a particle\nwith energy Efrom a direction with spherical coordinates\n(\u001e;\u0012) by summing up the individual contributions of point\nsources. It uses parameterizations for the energy losses and\nthe e\u000bects from de\rections in extragalactic magnetic \felds\nto calculate these contributions. Pre-calculated models for\nthe Galactic magnetic \feld can then be applied in a sepa-\nrate simulation step using matrix techniques. This allows\nfor independent combination of models for extragalactic\nand Galactic propagation without redundant calculations.\nFrom the resulting probability densities, simulated data\nsets can be generated quickly.\nThis publication is structured as follows: The imple-\nmented models and details of the implementation are pre-\nsented in section 2. The resulting energy spectra, parti-\ncle horizons, mean de\rections, and exemplary probabil-\nity density maps are presented together with performance\nbenchmarks in section 3. The conclusions in section",
        "page": 2,
        "link": "https://ui.adsabs.harvard.edu/link_gateway/2014APh....54..110B/EPRINT_PDF",
        "title": "PARSEC A parametrized simulation engine for ultrahigh energy cosmic ray protons"
    },
    "2014APh....54..110B_page_2_chunk_2": {
        "text": "The resulting energy spectra, parti-\ncle horizons, mean de\rections, and exemplary probabil-\nity density maps are presented together with performance\nbenchmarks in section 3. The conclusions in section 4\nare followed by an appendix explaining uncertainties in\nthe generation of the galactic lenses and optional improve-\nments concerning the computing time.\n2. Methods\nWe calculate the probability to observe a particle with\nenergy E from direction ( \u001e;\u0012) in discrete energy bins El\ni\u0014\nEi<Er\niand discrete directions (pixel) indexed with j. For\nevery energy range i, the probabilities to observe a particle\nfrom all directions jforms a vector pobs\ni= (pobs\ni;1;pobs\ni;2;:::)T.\nThe total probability distribution is thus a set of vectors\nPobs=fpobs\n1;pobs\n2;:::gwith one vector for every energy\nrange. First, probability vectors peg\nifor the expected `ex-\ntragalactic' distribution including all e\u000bects except the\nGalactic magnetic \feld are calculated. In a second step\nthis probability vector is transf",
        "page": 2,
        "link": "https://ui.adsabs.harvard.edu/link_gateway/2014APh....54..110B/EPRINT_PDF",
        "title": "PARSEC A parametrized simulation engine for ultrahigh energy cosmic ray protons"
    },
    "2014APh....54..110B_page_2_chunk_3": {
        "text": "irst, probability vectors peg\nifor the expected `ex-\ntragalactic' distribution including all e\u000bects except the\nGalactic magnetic \feld are calculated. In a second step\nthis probability vector is transformed by a matrix Lide-\nscribing the e\u000bects of the galactic magnetic \feld in energy\nbinireading\nLi\u0001peg\ni=pobs\ni: (1)\n2.1. Extragalactic Propagation\nThe discrete probability distribution peg\niis calculated\nby the sum of the contributions of every individual source\nSkof a source model fS1\u0001\u0001\u0001SNgto every pixel pi;j. We\nseparate the contribution of Sktopi;jinto three factors:\n1. A factor fE=fE(\r;zg;B;\u0003) describing the in\ru-\nence of the source spectra with spectral index \rand\nenergy loss of the particles. The energy loss depends\non the red shift at time of injection of the particle zg,\nand the elongation of the trajectory of the particle\nby the magnetic \feld with strength Band coherence\nlength \u0003.\n2. A factor fB=fB(B;\u0003;Dk) describing the distri-\nbution of the \rux from a source in distance Dkon\nmu",
        "page": 2,
        "link": "https://ui.adsabs.harvard.edu/link_gateway/2014APh....54..110B/EPRINT_PDF",
        "title": "PARSEC A parametrized simulation engine for ultrahigh energy cosmic ray protons"
    },
    "2014APh....54..110B_page_2_chunk_4": {
        "text": "ation of the trajectory of the particle\nby the magnetic \feld with strength Band coherence\nlength \u0003.\n2. A factor fB=fB(B;\u0003;Dk) describing the distri-\nbution of the \rux from a source in distance Dkon\nmultiple pixels caused by the magnetic \feld, and3. A factor fS=fS(Dk;Lk;B;\u0003) describing the den-\nsity of particles from source kwith luminosity Lkaf-\nter propagation through the extragalactic magnetic\n\feld.\nWith these ingredients the probability to observe a particle\nwith energy Eiin pixeljcan be written as\npi;j= \u0000i\u0001X\nkfEfBfS(2)\nwhere \u0000 denotes a normalization factor ensuringP\ni;jpi;j=\n1.\n2.1.1. Energy Losses\nA particle emitted by source Skwith the injected en-\nergyEinjpropagated a distance c\u001cwithin the extragalac-\ntic magnetic \feld model, and is then observed with energy\nEi. Herecis the vacuum speed of light and \u001cdenotes\nthe propagation time of the particle. The probability to\nobserve the particle therefore depends on the source spec-\ntra, the energy loss of the particle and the propagation",
        "page": 2,
        "link": "https://ui.adsabs.harvard.edu/link_gateway/2014APh....54..110B/EPRINT_PDF",
        "title": "PARSEC A parametrized simulation engine for ultrahigh energy cosmic ray protons"
    },
    "2014APh....54..110B_page_2_chunk_5": {
        "text": "speed of light and \u001cdenotes\nthe propagation time of the particle. The probability to\nobserve the particle therefore depends on the source spec-\ntra, the energy loss of the particle and the propagation\ndistance, which is summarized in fE. For source spectra\nfollowing a power law described with spectral index \rthis\ncorresponds to\nfE=1\n1 +zg\u0010\n(Einj;r\ni)\r+1\u0000(Einj;l\ni)\r+1\u0011\n(3)\nwhere the scaling factor (1 + zg)\u00001of the universe at the\ncosmological epoch of particle injection accounts for cos-\nmological time dilation. The range of injection energies\nEinj;l=r\ni is calculated with the continuous energy loss ap-\nproximation by numerically integrating\n\u0012\n\u00001\nEdE\ndx\u0013\n=1\nL(z;E)(4)\nwith the total energy loss length de\fned as L(E;z)\u00001=\nLad(z)\u00001+Lph(E;z)\u00001. HereLad(z) =c=H(z) is the\nenergy loss length for the adiabatic energy loss by the ex-\npansion of the universe with Hubble parameter H(z) =\nH0p\n\nm;0(1 +z)3+ \n \u0003;0at the cosmological epoch z. Here\nwe use for the current matter density \n m;0= 0:3 and th",
        "page": 2,
        "link": "https://ui.adsabs.harvard.edu/link_gateway/2014APh....54..110B/EPRINT_PDF",
        "title": "PARSEC A parametrized simulation engine for ultrahigh energy cosmic ray protons"
    },
    "2014APh....54..110B_page_2_chunk_6": {
        "text": "he adiabatic energy loss by the ex-\npansion of the universe with Hubble parameter H(z) =\nH0p\n\nm;0(1 +z)3+ \n \u0003;0at the cosmological epoch z. Here\nwe use for the current matter density \n m;0= 0:3 and the\ncurrent dark energy density \n \u0003;0= 0:7 [11].\nFor the energy loss lengths for interactions in back-\nground photon \felds Lph(E;z= 0) as published in [12, 13]\nare implemented. Energy loss lengths of alternative mod-\nels can be easily added. As an extension, we also imple-\nmented a simplistic model for the observed UHECR being\niron nuclei. For this we also use a continuous energy loss\napproximation with an attenuation length given by the\nmaximum of the nuclei calculated in reference [14]. Here\nthe iron nuclei do not disintegrate but keep a chargenum-\nber ofZ= 26. The propagation of secondary particles is\nnot included. As the cosmic rays have maximum range and\nde\rections, this model yields a maximum isotropy. From\nthe energy loss length of photon interactions at redshift\n2",
        "page": 2,
        "link": "https://ui.adsabs.harvard.edu/link_gateway/2014APh....54..110B/EPRINT_PDF",
        "title": "PARSEC A parametrized simulation engine for ultrahigh energy cosmic ray protons"
    },
    "2014APh....54..110B_page_2_chunk_7": {
        "text": "ticles is\nnot included. As the cosmic rays have maximum range and\nde\rections, this model yields a maximum isotropy. From\nthe energy loss length of photon interactions at redshift\n2",
        "page": 2,
        "link": "https://ui.adsabs.harvard.edu/link_gateway/2014APh....54..110B/EPRINT_PDF",
        "title": "PARSEC A parametrized simulation engine for ultrahigh energy cosmic ray protons"
    },
    "2014APh....54..110B_page_3_chunk_1": {
        "text": "z= 0 the energy loss length at zis derived from scaling\nusing\nLph(E;z) = (1 +z)\u00003Lph((1 +z)E;z= 0) (5)\nto account for the increase of the energy and density of\nthe CMB background photons.\n2.1.2. Scattering around Sources\nThe e\u000bects of the extragalactic magnetic \feld are pa-\nrametrized assuming a turbulent \feld in which the par-\nticles perform a random walk. In a turbulent magnetic\n\feld, the \rux of a single source Skis distributed over sev-\neral pixels pi;j. If the particles perform a random walk,\nthe distribution of the angles \u000bj;kbetween the direction\nof sourceSkand the center of pixel pi;jfollows a Fisher\ndistribution [15], which can be regarded as normal distri-\nbution on a sphere. The second factor fBof eq. 2 thus\nreads\nfB(\u000bj;k;\u0014) =\u0014\n4\u0019sinh (\u0014)e(\u0014\u0001cos\u000bj;k)(6)\nwith the concentration parameter \u0014.\nThe concentration parameter \u0014is related to the root\nmean square (rms) \u001bof the de\rection for small angles by\n\u0014= 1=\u001b2[16]. For small angles the root mean square of\nthe de\rection of UHECR with ",
        "page": 3,
        "link": "https://ui.adsabs.harvard.edu/link_gateway/2014APh....54..110B/EPRINT_PDF",
        "title": "PARSEC A parametrized simulation engine for ultrahigh energy cosmic ray protons"
    },
    "2014APh....54..110B_page_3_chunk_2": {
        "text": "ameter \u0014.\nThe concentration parameter \u0014is related to the root\nmean square (rms) \u001bof the de\rection for small angles by\n\u0014= 1=\u001b2[16]. For small angles the root mean square of\nthe de\rection of UHECR with charge Zin units of the\nelectron charge ein turbulent \felds with Dk\u001d\u0003 can be\nparametrized [17] as\n\u001b=37:5\u000e\np\n3r\nDk\n\u0003\u0012\u0003\nMpc\u0013\u0012B\nnG\u0013\u0012Z\ne\u0013\u0012E\nEeV\u0013\u00001\n:(7)\nHereDkis the current proper distance of Skto the ob-\nserver,Bis the strength of the magnetic \feld, and\n\u0003 =\u0019\nB2Z1\n0dk\nkB2(k) (8)\nthe correlation length of the magnetic \feld [17, 18]. For a\nKolmogorov turbulent \feld with spectral index nand min-\nimum, respectively maximum, correlation length Lmin;max\nit is\n\u0003 =1\n2Lmaxn\u00001\nn(1\u0000Lmin=Lmax)n\n1\u0000(Lmin=Lmax)n\u00001: (9)\nThis parametrization for the rms of the de\rection an-\ngle does not include energy losses. To derive a \frst order\napproximation including energy losses, we \frst di\u000berenti-\nate eq. 7 with respect to the source distance. Using xas\nvariable for the source distance this reads\nd\u001b\ndx=37:5\u000e\np\n3r\n\u0003\nxB\n",
        "page": 3,
        "link": "https://ui.adsabs.harvard.edu/link_gateway/2014APh....54..110B/EPRINT_PDF",
        "title": "PARSEC A parametrized simulation engine for ultrahigh energy cosmic ray protons"
    },
    "2014APh....54..110B_page_3_chunk_3": {
        "text": "erive a \frst order\napproximation including energy losses, we \frst di\u000berenti-\nate eq. 7 with respect to the source distance. Using xas\nvariable for the source distance this reads\nd\u001b\ndx=37:5\u000e\np\n3r\n\u0003\nxB\nE(x)\u0012\n1\u0000x\nEdE\ndx\u0013\n: (10)\nAssuming ( dE=dx )\u0001(x=E) being small for the ultra-high\nenergies considered here the second term of eq. 10 can be\nneglected. Integrating eq. 10 to the source distance\n\u001b=37:5\u000e\np\n3r\n\u0003\nxBZDk\n01\nE(x)dx (11)\nthen yields the rms of the de\rection for particles from\nsourceSk.2.1.3. Elongation of Propagation Time\nDue to de\rection in magnetic \felds the length of the\ntrajectory of the particles c\u001c=Dk+rfrom sources in dis-\ntanceDkis elongated by an extra distance r. Neglecting\nenergy losses, the additional propagation distance rorigi-\nnating from small de\rections in the extragalactic magnetic\n\feld can be written as\nr= 116 kpc\u0012B\nnG\u00132\u0012Z\ne\u00132\u0012Dk\nMpc\u00132\u0012E\nEeV\u0013\u00002\u0012\u0003\nMpc\u0013\n(12)\nwith de\fnitions as in eq. 7 [18]. To account for energy\nlosses in the extended propagation length we write eq.",
        "page": 3,
        "link": "https://ui.adsabs.harvard.edu/link_gateway/2014APh....54..110B/EPRINT_PDF",
        "title": "PARSEC A parametrized simulation engine for ultrahigh energy cosmic ray protons"
    },
    "2014APh....54..110B_page_3_chunk_4": {
        "text": "tic magnetic\n\feld can be written as\nr= 116 kpc\u0012B\nnG\u00132\u0012Z\ne\u00132\u0012Dk\nMpc\u00132\u0012E\nEeV\u0013\u00002\u0012\u0003\nMpc\u0013\n(12)\nwith de\fnitions as in eq. 7 [18]. To account for energy\nlosses in the extended propagation length we write eq. 12\nfor in\fnitely small dx\ndr/\u00122xB2\u0003Z2\nE2dx\u00002B2x2\u0003Z2\nE3dE\ndxdx\u0013\n(13)\nwith 0< x\u0014Dk. The proportionality constant is given\nby eq. 12. Assuming again ( dE=dx )\u0001(x=E) to be small,\nthe second term of eq. 13 can be neglected. The result can\nbe written as a Riemann sum\nr/NX\niB2\u0003Z2\nE\u0010\nxi+(xi\u0000xi\u00001)\n2\u00112(x2\ni\u0000x2\ni\u00001) (14)\nwithxN=Dk.\n2.1.4. Increase of Particle Density\nThe factorfSaccounts for the relative individual lumi-\nnosityLkof sourceSkand the density of particles at the\nposition of the observer in current proper distance Dk. If\nthe particles propagate on a straight line, the \rux from a\nsource is distributed on a sphere with radius of the current\nproper distance Dkof the source resulting in fS=Lk=D2\nk.\nNevertheless, in the presence of magnetic \felds the\ndensity of UHECR is higher compared with l",
        "page": 3,
        "link": "https://ui.adsabs.harvard.edu/link_gateway/2014APh....54..110B/EPRINT_PDF",
        "title": "PARSEC A parametrized simulation engine for ultrahigh energy cosmic ray protons"
    },
    "2014APh....54..110B_page_3_chunk_5": {
        "text": "stributed on a sphere with radius of the current\nproper distance Dkof the source resulting in fS=Lk=D2\nk.\nNevertheless, in the presence of magnetic \felds the\ndensity of UHECR is higher compared with linear prop-\nagation. In some distance to the source all information\nabout the origin of the UHECR is lost, and instead of a\ndirected random walk the density is described according\nto a undirected random walk. To model this transition we\nsimulated the trajectories of individual UHECR from one\nsource in a turbulent magnetic \feld using the CRPropa\nsoftware [19]. Using g=B\nEp\n\u0003 the density of UHECR in\ndistanceDkcan be approximatly described by\nfS=Lk\nD2\nk\u0012\n(1 +p1\u0001g2\u0001Dk)(1\u0000T) +T\u0001p2\u0001g\u0001e\u00001\n2\u0010Dk\nx1\u0001g\u00001\u00112\u0013\n(15)\nwith\nT=1\n1 +\u0010\nDk\u0001g\nxt\u0011\u0000s: (16)\nand parameters as given in table 1. For 0 :1 nG EeV\u00001Mpc1=2<\ng < 2:5 nG EeV\u00001Mpc1=2the deviation of eq. 15 from\nthe simulated values is typically below 20%. For a ho-\nmogeneous distribution of sources, the resulting observed\nspectrum agrees also within 20% with ",
        "page": 3,
        "link": "https://ui.adsabs.harvard.edu/link_gateway/2014APh....54..110B/EPRINT_PDF",
        "title": "PARSEC A parametrized simulation engine for ultrahigh energy cosmic ray protons"
    },
    "2014APh....54..110B_page_3_chunk_6": {
        "text": " < 2:5 nG EeV\u00001Mpc1=2the deviation of eq. 15 from\nthe simulated values is typically below 20%. For a ho-\nmogeneous distribution of sources, the resulting observed\nspectrum agrees also within 20% with the universal spec-\ntrum [20].\n3",
        "page": 3,
        "link": "https://ui.adsabs.harvard.edu/link_gateway/2014APh....54..110B/EPRINT_PDF",
        "title": "PARSEC A parametrized simulation engine for ultrahigh energy cosmic ray protons"
    },
    "2014APh....54..110B_page_4_chunk_1": {
        "text": "Table 1: Results of the \ft of eq. 15 to UHECR densities in forward\nsimulations.\nParameter Value Unit\np1 0.1 nG\u00002EeV2Mpc\u00003=2\ns 5 |\nxt 70 nG EeV\u00001Mpc3=2\np2 9 nG\u00001EeV Mpc\u00001=2\nx1 140 nG EeV\u00001Mpc3=2:\n2.2. Galactic Magnetic Field\nTo model particle propagation in the Galactic mag-\nnetic \feld we neglect energy losses during the relatively\nshort Galactic propagation. As there is no random pro-\ncess in this model, the trajectories of all cosmic rays with\nenergyEitraversing the Galaxy are completely de\fned by\nthe point of entry into the Galaxy Cand their direction\n(\u001e;\u0012). The e\u000bects of the Galactic magnetic \feld can thus\nbe addressed as magnetic lensing, i.e. a mapping of every\npoint of the phase space ( C;\u0012;\u001e)egoutside the Galaxy, i.e.\nwhere the e\u000bect of the Galactic magnetic \feld can be ne-\nglected, to a point ( D;\u0012;\u001e)obswithin the Galaxy [21, 22].\nWe assume that the observed spatial density of cosmic\nrays does not depend strongly on the position of the ob-\nserver so that Earth can be safely mod",
        "page": 4,
        "link": "https://ui.adsabs.harvard.edu/link_gateway/2014APh....54..110B/EPRINT_PDF",
        "title": "PARSEC A parametrized simulation engine for ultrahigh energy cosmic ray protons"
    },
    "2014APh....54..110B_page_4_chunk_2": {
        "text": " to a point ( D;\u0012;\u001e)obswithin the Galaxy [21, 22].\nWe assume that the observed spatial density of cosmic\nrays does not depend strongly on the position of the ob-\nserver so that Earth can be safely modelled as point and\nonly the directions from which a particle are observed at\nthe position of the Earth are relevant. We index the dis-\ncrete observed directions (pixel) with m. A particle with\nenergyEientering the galaxy at a point Con the surface\nof the galaxy at a discrete direction denoted with index n\nis thus always observed at Earth at direction m.\nThe sources considered here are generally in a large\ndistance compared to the size of the galaxy, which reduces\nthe galaxy to a point in view of the source. We assume\nthat the spatial density of cosmic rays from one source on\nthe edge of the Galaxy, i.e. the sphere which encloses the\nvolume for which the Galactic magnetic \feld is considered,\nis governed by geometry and not by e\u000bects from de\rection\nin the extragalactic magnetic \feld. The dir",
        "page": 4,
        "link": "https://ui.adsabs.harvard.edu/link_gateway/2014APh....54..110B/EPRINT_PDF",
        "title": "PARSEC A parametrized simulation engine for ultrahigh energy cosmic ray protons"
    },
    "2014APh....54..110B_page_4_chunk_3": {
        "text": "laxy, i.e. the sphere which encloses the\nvolume for which the Galactic magnetic \feld is considered,\nis governed by geometry and not by e\u000bects from de\rection\nin the extragalactic magnetic \feld. The directions of entry\nnfor particles with energies Eican therefore be averaged\nover all points of entry C. Thus, and due to the limited\nnumber of pixels, a particle with energy Eientering the\ngalaxy from direction ncan be de\rected into several ob-\nserved directions m.\nThe probability of observing a particle on Earth from\ndirectionmwhich entered the galaxy from direction nis\nlm;n. Thelm;nform a matrix Liwhich represents the\ngalactic lens for energy Ei. The model for the Galactic\nmagnetic \feld is completely described by a set of matrices\nfL1\u0001\u0001\u0001LNgwith the energy index i= 1:::N .\nThe individual matrices Lican be generated by back-\ntracking cosmic rays with isotropic starting directions from\nthe earth with the following technique. The starting di-\nrections of backtracked particles are binned in Npi",
        "page": 4,
        "link": "https://ui.adsabs.harvard.edu/link_gateway/2014APh....54..110B/EPRINT_PDF",
        "title": "PARSEC A parametrized simulation engine for ultrahigh energy cosmic ray protons"
    },
    "2014APh....54..110B_page_4_chunk_4": {
        "text": "es Lican be generated by back-\ntracking cosmic rays with isotropic starting directions from\nthe earth with the following technique. The starting di-\nrections of backtracked particles are binned in Npixels\nindexed by m. The directions in which the cosmic rays\nEdge of Galaxy\nm = 2m = 3n =1\nn = 1\nn = 1n = 2n = 3\nn = 3\nn = 2Earth m = 1\nn = 2\nn = 2Figure 1: Sketch of the creation of a galactic lens from backtracking\ndata. Cosmic rays are emitted from earth in three directions indexed\nwithm. The directions in which the rays leave the galaxy are indexed\nwithn.\nleave the galaxy are binned into Npixels indexed by n.\nCounting all trajectories leads to a matrix ~Liwith el-\nements ~lm;n. For three directions and nine backtracked\nparticles the procedure is illustrated in \fgure 1. We nor-\nmalize ~Liby the maximum of unity norms k~Lik1of all\nlenses reading\nLi=1\nmaxk~Lik1~Li: (17)\nEach element lm;nofLiis the probability that a particle\nentering the galaxy in pixel nis observed in direction m.\nAs a con",
        "page": 4,
        "link": "https://ui.adsabs.harvard.edu/link_gateway/2014APh....54..110B/EPRINT_PDF",
        "title": "PARSEC A parametrized simulation engine for ultrahigh energy cosmic ray protons"
    },
    "2014APh....54..110B_page_4_chunk_5": {
        "text": "he maximum of unity norms k~Lik1of all\nlenses reading\nLi=1\nmaxk~Lik1~Li: (17)\nEach element lm;nofLiis the probability that a particle\nentering the galaxy in pixel nis observed in direction m.\nAs a consequence of Liouville's theorem, that the phase\nspace along trajectories that satisfy the Hamiltonian equa-\ntions is constant, an isotropic distribution of cosmic rays\noutside the galaxy is observed as an isotropic distribution\nat any point of the galaxy [22{24]. This important prop-\nerty of the Galactic magnetic \feld is correctly modeled by\nthis technique, if the directions mare uniformly sampled\nin the backtracking, respectively the unity norm k:k1of all\nrow vectorslmare identical.\nIn general the Galactic magnetic \feld modi\fes the en-\nergy spectrum of cosmic rays depending on the positions\nof the sources Skas the \rux from individual regions in the\nsky is suppressed or enhanced [22]. While the relative de-\nformation of the energy spectrum is accounted for in the\nnormalization procedure de",
        "page": 4,
        "link": "https://ui.adsabs.harvard.edu/link_gateway/2014APh....54..110B/EPRINT_PDF",
        "title": "PARSEC A parametrized simulation engine for ultrahigh energy cosmic ray protons"
    },
    "2014APh....54..110B_page_4_chunk_6": {
        "text": "f the sources Skas the \rux from individual regions in the\nsky is suppressed or enhanced [22]. While the relative de-\nformation of the energy spectrum is accounted for in the\nnormalization procedure described above, no information\nabout a suppression of the total \rux by the Galactic mag-\nnetic \feld is obtained by the generation of the galactic\nlenses from backtracking.\nGalactic lenses, generated from backtracking Monte-\nCarlo data in the described way, introduce an uncertainty\nin the observed probability distribution. This uncertainty\nis discussed in Appendix A.1.\n2.3. Technical Realization\nPARSEC is implemented as C++ code with a Python\ninterface. It is based on the Physics Extension Library\n(PXL) [25]. PXL is a collection of C++ libraries with a\n4",
        "page": 4,
        "link": "https://ui.adsabs.harvard.edu/link_gateway/2014APh....54..110B/EPRINT_PDF",
        "title": "PARSEC A parametrized simulation engine for ultrahigh energy cosmic ray protons"
    },
    "2014APh....54..110B_page_5_chunk_1": {
        "text": "Python interface providing classes and templates for ex-\nperiment independent high-level physics analysis. The us-\nage of the PXL libraries facilitates modular object-oriented\nprogramming and allows graphical steering of the simula-\ntion components using the VISPA program [26].\nThe individual simulation steps are implemented as\nseparate PXL modules which can be individually connected\nand con\fgured to a simulation chain using the graphical\nuser interface (GUI) of VISPA. A realization of a UHECR\nscenario is represented by a data container, which is con-\nsecutively processed by the following modules.\nSource Model\nSources of UHECR are represented as individual ob-\njects. They are added to the realization with user-de\fned\ncoordinates in a Python or C++ module. An exemplary\nmodule for isotropic source distributions is included in\nPARSEC. Modules generating sources e.g. from astronom-\nical catalogues can be created by users.\nExtragalactic Field Model\nFrom the sources in the simulation the pro",
        "page": 5,
        "link": "https://ui.adsabs.harvard.edu/link_gateway/2014APh....54..110B/EPRINT_PDF",
        "title": "PARSEC A parametrized simulation engine for ultrahigh energy cosmic ray protons"
    },
    "2014APh....54..110B_page_5_chunk_2": {
        "text": "source distributions is included in\nPARSEC. Modules generating sources e.g. from astronom-\nical catalogues can be created by users.\nExtragalactic Field Model\nFrom the sources in the simulation the probability vec-\ntors for extragalactic propagation are calculated for a user-\nde\fned discretization of the energies and directions. The\ncalculation is separated into C++ classes for the prop-\nagation and the energy loss, each based on an abstract\ninterface. The abstract interfaces are implemented as sub-\ntypes for the random-walk propagation in turbulent \felds,\nrespectively the described energy loss for proton and iron\nUHECR. This polymorphic design enables users to modify\nand extend the individual components independently.\nGalactic Field Model\nFor an angular resolution of the discretization better\nthan\u00191\u000ematrices of about 50000 \u000250000 elements are\nneeded. However, as in typical Galactic magnetic \feld\nmodels particles from most directions are not distributed\nover the whole sky, the matrices ",
        "page": 5,
        "link": "https://ui.adsabs.harvard.edu/link_gateway/2014APh....54..110B/EPRINT_PDF",
        "title": "PARSEC A parametrized simulation engine for ultrahigh energy cosmic ray protons"
    },
    "2014APh....54..110B_page_5_chunk_3": {
        "text": "ter\nthan\u00191\u000ematrices of about 50000 \u000250000 elements are\nneeded. However, as in typical Galactic magnetic \feld\nmodels particles from most directions are not distributed\nover the whole sky, the matrices Liare only sparsely pop-\nulated. The lenses for the Galactic \feld are consequently\nimplemented using a common linear algebra library which\nfeatures sparse matrices [27]. This enables calculation of\neq. 1 with reasonable consumption of resources. PARSEC\nincludes tools for generation of the lenses from backtrack-\ning data from the CRT [9] and CRPropa [19] programs.\nThe galactic lenses are independent of the PARSEC\nmodule for the extragalactic propagation and can be used\nto calculate the de\rection of individual cosmic rays. Spline\ninterpolation and numeric integration routines used in the\nprogram are taken from the GNU Scienti\fc Library [28].\n3. Results\n3.1. Energy spectrum\nThe energy spectrum of cosmic rays is a key distribu-\ntion for comparisons of models with observations. From\nPARSEC simu",
        "page": 5,
        "link": "https://ui.adsabs.harvard.edu/link_gateway/2014APh....54..110B/EPRINT_PDF",
        "title": "PARSEC A parametrized simulation engine for ultrahigh energy cosmic ray protons"
    },
    "2014APh....54..110B_page_5_chunk_4": {
        "text": " are taken from the GNU Scienti\fc Library [28].\n3. Results\n3.1. Energy spectrum\nThe energy spectrum of cosmic rays is a key distribu-\ntion for comparisons of models with observations. From\nPARSEC simulations the energy spectra dN=dE (Ei) are\n101810191020\nEnergy[eV]102310241025Flux·E3.00/bracketleftbig\nm−2sr−1s−1eV2.00/bracketrightbigAuger\nHires I & IIγ=−2.0\nγ=−2.7Figure 2: Energy spectra of UHECR generated by PARSEC and ob-\nserved spectra reported by the Pierre Auger Observatory [29] and\nthe HiRes experiment [30]. The simulation results are obtained from\nsources with spectral indices \r=\u00002:7 and\r=\u00002:0 in an extra-\ngalactic magnetic \feld with B= 1 nG and \u0003 = 1 Mpc. The shaded\nregions indicate the spread in the simulated realizations.\ncalculated using dN=dE (Ei) =^L\u0001kpik1with normaliza-\ntion factor ^L=L0=PN\niLiwhere the luminosity scale L0\n\ftted to data or set by a source model.\nIn Figure 2 energy spectra obtained with the PARSEC\nprogram are compared with the observed energy spectra\nof th",
        "page": 5,
        "link": "https://ui.adsabs.harvard.edu/link_gateway/2014APh....54..110B/EPRINT_PDF",
        "title": "PARSEC A parametrized simulation engine for ultrahigh energy cosmic ray protons"
    },
    "2014APh....54..110B_page_5_chunk_5": {
        "text": "factor ^L=L0=PN\niLiwhere the luminosity scale L0\n\ftted to data or set by a source model.\nIn Figure 2 energy spectra obtained with the PARSEC\nprogram are compared with the observed energy spectra\nof the Pierre Auger Observatory [29] and HiRes experi-\nment [30]. The spread of the energy spectra of 50 realiza-\ntions with di\u000berent source positions and the mean energy\nspectrum are shown for two di\u000berent spectral indices \rof\nthe injection spectra. The simulated spectra were gener-\nated using isotropically distributed sources with a density\nof 10\u00005Mpc\u00003and an extragalactic \feld of strength B= 1\nnG with correlation length \u0003 = 1 Mpc. The probability\nmapspihave been calculated for 100 log-linear spaced en-\nergiesEifrom 1018:5eV to 1020:5eV in the simulation.\nThe normalization factor ^Lhas been \ftted to match the\nresult from the Pierre Auger Collaboration at an energy\nof 22 EeV.\n3.2. Particle horizons\nFrom the maximum injection energy Emax and the\nmodel of the energy loss a particle horizon can b",
        "page": 5,
        "link": "https://ui.adsabs.harvard.edu/link_gateway/2014APh....54..110B/EPRINT_PDF",
        "title": "PARSEC A parametrized simulation engine for ultrahigh energy cosmic ray protons"
    },
    "2014APh....54..110B_page_5_chunk_6": {
        "text": " to match the\nresult from the Pierre Auger Collaboration at an energy\nof 22 EeV.\n3.2. Particle horizons\nFrom the maximum injection energy Emax and the\nmodel of the energy loss a particle horizon can be derived\nwhich corresponds to the maximum linear distance a par-\nticle can originate from. Following eq. 14 this horizon de-\npends on the extragalactic magnetic \feld model and the\nobserved particle energy. In Figure 3 the horizon for di\u000ber-\nent \feld strengths is shown as a function of the energy for\nsources with a maximum injection energy of Emax= 1000\n5",
        "page": 5,
        "link": "https://ui.adsabs.harvard.edu/link_gateway/2014APh....54..110B/EPRINT_PDF",
        "title": "PARSEC A parametrized simulation engine for ultrahigh energy cosmic ray protons"
    },
    "2014APh....54..110B_page_6_chunk_1": {
        "text": "1018\n1019\n1020\n1021\nEnergy [eV]100101102103104d [Mpc]B = 0.0 nG\nB = 1.0 nG\nB = 10.0 nGFigure 3: Horizon dfor protons with observed energy E. The curves\nshowdfor several strengths of a turbulent magnetic \feld Bwith\ncorrelation length \u0003 = 1 Mpc.\nEeV.\nIn case of a non-zero extragalactic magnetic \feld, the\nhorizon is reduced as the trajectories are elongated. The\ne\u000bect is visible below 20 EeV for a 1 nG \feld and at higher\nenergies for stronger \felds. Without scaling the energy\nlosses with red-shift z, the horizon is not reduced for lower\nenergetic particles, as the energy loss only depends on the\nparticles energy and not the time. The energy thus mono-\ntonically increases with the linear distance.\nFor an energy of 100 EeV the distance from within 90%\nof the UHECR \rux originates from is calculated to d90=\n45 Mpc in case of zero magnetic \feld and a spectral index\nof the sources \r= 2:0. This is\u001930% lower than the result\nobtained from simulations with CRPropa [6] and a known\nfeature of the con",
        "page": 6,
        "link": "https://ui.adsabs.harvard.edu/link_gateway/2014APh....54..110B/EPRINT_PDF",
        "title": "PARSEC A parametrized simulation engine for ultrahigh energy cosmic ray protons"
    },
    "2014APh....54..110B_page_6_chunk_2": {
        "text": "ted to d90=\n45 Mpc in case of zero magnetic \feld and a spectral index\nof the sources \r= 2:0. This is\u001930% lower than the result\nobtained from simulations with CRPropa [6] and a known\nfeature of the continuous energy loss approximation [31].\n3.3. Mean De\rection in Magnetic Fields\nThe expectation value for an angle \u0012following a Fisher\ndistribution with concentration parameter \u0014is calculated\nas\nh\u0012i=\u0019\n2 sinh\u0014\u0001(I0(\u0014)\u0000e\u0000\u0014) (18)\nwithI0representing the modi\fed Bessel function of order\n0. From this the mean de\rection in the extragalactic \feld\ncan be calculated for the parameters of the magnetic \feld\nand source model using eq. 7.\nIn Figure 4 a) the mean de\rection of protons from a\nsource at 10 Mpc distance in extragalactic magnetic \felds\nwith three di\u000berent strengths and a coherence length \u0003 = 1\nMpc are shown as a function of the energy. A mean de\rec-tion of 90\u000ecorresponds to an isotropic arrival distribution\nof the UHECR.\nThe mean de\rections \u0016\u0002 in the Galactic magnetic \feld\ncan be directly calcu",
        "page": 6,
        "link": "https://ui.adsabs.harvard.edu/link_gateway/2014APh....54..110B/EPRINT_PDF",
        "title": "PARSEC A parametrized simulation engine for ultrahigh energy cosmic ray protons"
    },
    "2014APh....54..110B_page_6_chunk_3": {
        "text": "are shown as a function of the energy. A mean de\rec-tion of 90\u000ecorresponds to an isotropic arrival distribution\nof the UHECR.\nThe mean de\rections \u0016\u0002 in the Galactic magnetic \feld\ncan be directly calculated from the lens Lias\n\u0016\u0002 =1P\nm;nlm;nX\nm;nlm;narccos (em\u0001en) (19)\nwithen;embeing the unit vector in the direction of pixel\nm, respectively n. In general the mean de\rection in the\nGalactic magnetic \feld depends on the source con\fgura-\ntion due to the suppression of individual regions by the\ngalactic lens. In Figure 4 b) the mean de\rection from\nlenses for the JF model [32] and the BSS S model [21, 33]\nof the Galactic magnetic \feld are displayed. For the BSS S\nmodel a \feld normalization of B0= 0:48\u0016G and scale\nheights ofz1= 0:95 kpc and z2= 4:0 kpc were chosen.\n3.4. Exemplary Probability Distributions\nTo demonstrate the capabilities of PARSEC we gener-\nated an exemplary result with source positions taken from\nthe 12th edition of the catalogue of quasars and active\ngalactic nuclei (AGN) by V",
        "page": 6,
        "link": "https://ui.adsabs.harvard.edu/link_gateway/2014APh....54..110B/EPRINT_PDF",
        "title": "PARSEC A parametrized simulation engine for ultrahigh energy cosmic ray protons"
    },
    "2014APh....54..110B_page_6_chunk_4": {
        "text": "butions\nTo demonstrate the capabilities of PARSEC we gener-\nated an exemplary result with source positions taken from\nthe 12th edition of the catalogue of quasars and active\ngalactic nuclei (AGN) by V\u0013 eron-Cetty and V\u0013 eron [34]. Ev-\nery AGN of the catalogue up to a distance of 1000 Mpc\nhas been considered. For the extragalactic \feld we chose a\n\feld strength B= 3 nG and a correlation length of \u0003 = 1\nMpc. The resulting probability maps from the extragalac-\ntic propagation pi\negare shown in the top row of Figure 5\nfor the two di\u000berent energies E1= 10 EeV (Fig. 5 a) and\nE2= 30 EeV (Fig. 5 b).\nThe second row of Figure 5 (c,d) displays the same\nprobability maps after application of the galactic lenses\nfor a BSS S model of the Galactic magnetic \feld with a\nnormalization of B0= 0:48\u0016G and scale heights of z1=\n0:95 kpc andz2= 4:0 kpc. The lenses have been created by\nbacktracking 106protons with the CRT program [9] for 100\nlog-linear spaced mono-energetic simulations from 1018:5\neV to 1020:5eV",
        "page": 6,
        "link": "https://ui.adsabs.harvard.edu/link_gateway/2014APh....54..110B/EPRINT_PDF",
        "title": "PARSEC A parametrized simulation engine for ultrahigh energy cosmic ray protons"
    },
    "2014APh....54..110B_page_6_chunk_5": {
        "text": "heights of z1=\n0:95 kpc andz2= 4:0 kpc. The lenses have been created by\nbacktracking 106protons with the CRT program [9] for 100\nlog-linear spaced mono-energetic simulations from 1018:5\neV to 1020:5eV. The lenses and probability vectors have\nbeen discretized into 49,152 equal area pixels following the\nscheme implemented in the HEALpix software [35]. The\nthird row of Figure 5 (e,f) shows the probability maps of\n(a,b) after application of a lens for the JF model [32] of\nthe Galactic magnetic \feld.\n3.5. Performance\nThe exemplary simulation was performed in 6,690 sec\nusing a single core of a Lenovo Thinkpad T400 notebook\nwith 4 GB RAM and an Intel Core 2 Duo P8600 2.4\nGHz CPU. The notebook has been benchmarked with a\nSPECfp base2006 rate of 12.2 and SPECint base2006 rate\nof 15.1 [36]. Peak memory usage of the program was 0.5\nGB. The size of the BSS S magnetic lens on disk is 262\nMB.\nThe performance can be improved by approximating\nthe individual contribution from distant sources as an i-\ns",
        "page": 6,
        "link": "https://ui.adsabs.harvard.edu/link_gateway/2014APh....54..110B/EPRINT_PDF",
        "title": "PARSEC A parametrized simulation engine for ultrahigh energy cosmic ray protons"
    },
    "2014APh....54..110B_page_6_chunk_6": {
        "text": "ory usage of the program was 0.5\nGB. The size of the BSS S magnetic lens on disk is 262\nMB.\nThe performance can be improved by approximating\nthe individual contribution from distant sources as an i-\nsotropic component. This approximation introduces an\n6",
        "page": 6,
        "link": "https://ui.adsabs.harvard.edu/link_gateway/2014APh....54..110B/EPRINT_PDF",
        "title": "PARSEC A parametrized simulation engine for ultrahigh energy cosmic ray protons"
    },
    "2014APh....54..110B_page_7_chunk_1": {
        "text": "1018101910201021\nEnergy [eV]0102030405060708090<θ> [deg](a) B = 0.1 nG\nB = 1.0 nG\nB = 10.0 nG\n1018101910201021\nEnergy [eV]01020304050607080θ[deg](b) JF\nBSS SFigure 4: Mean de\rection of cosmic ray protons in (a)turbulent extragalactic \felds and (b)BSS S and JF Galactic magnetic \feld model.\n10−210−1\nComputation time t(a) [t(a = 0)]0.000.020.040.060.080.100.12 Relative errora = 5.00\na = 1.00\na = 0.50\na = 0.30\na = 0.20\na = 0.10\na = 0.05\na = 0.00\nFigure 6: Computation time for the exemplary scenario and resulting\nerror\u000ffor di\u000berent choices of the cut-o\u000b parameter a. Times are\ngiven in units of the time needed for the full calculation.\nerror\u000fto the extragalactic probability vector pi\neg. An ex-\nample realization with isotropic source distribution with\n10\u00004sources per Mpc3up to 1000 Mpc is used to demon-\nstrate the e\u000bect. In Figure 6 the resulting error \u000f=\nkpunbiased\u0000pbiasedk1is displayed as a function of the com-\nputation time for various values of the cut-o\u000b parameter\na(see Appendix A.2). H",
        "page": 7,
        "link": "https://ui.adsabs.harvard.edu/link_gateway/2014APh....54..110B/EPRINT_PDF",
        "title": "PARSEC A parametrized simulation engine for ultrahigh energy cosmic ray protons"
    },
    "2014APh....54..110B_page_7_chunk_2": {
        "text": "o demon-\nstrate the e\u000bect. In Figure 6 the resulting error \u000f=\nkpunbiased\u0000pbiasedk1is displayed as a function of the com-\nputation time for various values of the cut-o\u000b parameter\na(see Appendix A.2). Here arepresents a measure of the\nstrength of the anisotropic signal contribution not con-sidered in the calculation. By this method the computa-\ntion time can be reduced by an order of of magnitude for\na= 0:05, which introduces an uncertainty less than 1%.\n4. Conclusions\nWe have presented a parametrized Monte-Carlo gener-\nator for fast creation of simulated UHECR datasets. The\ncode includes e\u000bects of proton propagation through ex-\ntragalactic and Galactic magnetic \feld models as well as\nenergy losses during propagation. Also implemented is an\nextension to a simple model of iron propagation. Arbi-\ntrary source models can be easily tested with the code.\nThe generation of datasets is su\u000eciently fast to enable\nextensive parameter scans of the models. The modular\ndesign of PARSEC combined with ",
        "page": 7,
        "link": "https://ui.adsabs.harvard.edu/link_gateway/2014APh....54..110B/EPRINT_PDF",
        "title": "PARSEC A parametrized simulation engine for ultrahigh energy cosmic ray protons"
    },
    "2014APh....54..110B_page_7_chunk_3": {
        "text": "bi-\ntrary source models can be easily tested with the code.\nThe generation of datasets is su\u000eciently fast to enable\nextensive parameter scans of the models. The modular\ndesign of PARSEC combined with the graphical steer-\ning is suited for user extensions of the code and imple-\nmentation of user de\fned models. The source code of\nPARSEC as well as exemplary magnetic lenses are avail-\nable under a GNU General Public License from http:\n//www.physik.rwth-aachen.de/parsec .\nAcknowledgements\nThe authors gratefully thank Brian Baughman and\nMichael Sutherland for mass production of cosmic rays\nwith the CRT program which enabled the generation of the\ngalactic lenses, and excellent comments on the manuscript.\nWe also thank Patrick Younk, Haris Lyberis, and Manlio\nDe Domenico for fruitful discussions, and Manuel Gi\u000bels\nfor support in performing the SPEC benchmarks.\n7",
        "page": 7,
        "link": "https://ui.adsabs.harvard.edu/link_gateway/2014APh....54..110B/EPRINT_PDF",
        "title": "PARSEC A parametrized simulation engine for ultrahigh energy cosmic ray protons"
    },
    "2014APh....54..110B_page_7_chunk_4": {
        "text": " and Manuel Gi\u000bels\nfor support in performing the SPEC benchmarks.\n7",
        "page": 7,
        "link": "https://ui.adsabs.harvard.edu/link_gateway/2014APh....54..110B/EPRINT_PDF",
        "title": "PARSEC A parametrized simulation engine for ultrahigh energy cosmic ray protons"
    },
    "2014APh....54..110B_page_8_chunk_1": {
        "text": "Figure 5: Hammer projected probability density maps for cosmic ray protons with an observed energy of E= 10 EeV (left column) and\nE= 30 EeV (right column) in galactic coordinates. Red indicates higher, blue lower probability on an arbitrary scale. From top to bottom\nthe panels show: (a,b) Probability density before applying the galactic lens, (c,d) probability density after application of the galactic lens\nof a BSS S model, and (e,f) probability density after application of the galactic lens for the JF2012 model.\nThis work is supported by the Ministerium f ur Wissen-\nschaft und Forschung, Nordrhein-Westfalen, and the Bundes-\nministerium f ur Bildung und Forschung (BMBF). T. Winchen\ngratefully acknowledges funding by the Friedrich-Ebert-\nStiftung.\nAppendix A. Appendix\nAppendix A.1. Uncertainties of Galactic Lenses\nFrom two realizations of the same model for the galac-\ntic magnetic \feld an upper limit of the introduced error\ncan be derived as follows. For eq. 1 it is kpobs:k1\u00141 as in-\n",
        "page": 8,
        "link": "https://ui.adsabs.harvard.edu/link_gateway/2014APh....54..110B/EPRINT_PDF",
        "title": "PARSEC A parametrized simulation engine for ultrahigh energy cosmic ray protons"
    },
    "2014APh....54..110B_page_8_chunk_2": {
        "text": "ainties of Galactic Lenses\nFrom two realizations of the same model for the galac-\ntic magnetic \feld an upper limit of the introduced error\ncan be derived as follows. For eq. 1 it is kpobs:k1\u00141 as in-\ndividual regions of the sky are suppressed. However, fromL2RN\u0002Nwithlm;nwe can generate\n^L=0\nBBB@l1;1\u0001\u0001\u0001l1;N\n.........\nlN;1\u0001\u0001\u0001lN;N\ns1\u0001\u0001\u0001sN1\nCCCA(A.1)\nwith ^L2RN+1\u0002Nandsn= 1\u0000klnk1such that ^L\u0001peg=\n^powith^po2RN+1and^pT\no= (p1;\u0001\u0001\u0001pN;s).snrepresents\nthe suppression the UHECR \rux from the extragalactic\ndirectionnands=Psnthe total suppression of pegby\nL. By this de\fnitions it is k^pok1= 1.\nLet^L1be a realization of the `true' lens ^L, then ap-\nplication of ^L1in eq. 1 introduces an uncertainty ^\u000ep\n^L1\u0001peg=^po+^\u000ep (A.2)\nwhich depends on the extragalactic probability density\n8",
        "page": 8,
        "link": "https://ui.adsabs.harvard.edu/link_gateway/2014APh....54..110B/EPRINT_PDF",
        "title": "PARSEC A parametrized simulation engine for ultrahigh energy cosmic ray protons"
    },
    "2014APh....54..110B_page_9_chunk_1": {
        "text": "peg, or the individual con\fgurations of the source and ex-\ntragalactic propagation models, respectively.\nIfpegis known, the uncertainty can be calculated, as\nwe can approximate the true lens ^Lby the mean of indi-\nvidual realizations. In the following calculations only two\nrealizations ^L1and^L2of^Lare used in order of clarity.\nFor two realizations the true lens can be approximated\nas^L=1\n2(^L1+^L2). Using this we substitute ^L1in eq. A.2\nwhich yields\n1\n2\u000e^L\u0001peg=^\u000ep (A.3)\nwith\u000e^L=^L1\u0000^L2.\nFor\n^\u000ep=\u000f\u0001^po (A.4)\nresembling a uniform uncertainty on the sky and unknown\npegwe can estimate \u000fby applying the unity norm k:k1to\neq. A.3. Using the Cauchy|Schwarz inequality this reads\nj\u000fj\u00141\n2k\u000e^Lk1 (A.5)\naskpegk1=k^pok1= 1.\nThe de\fnition of the unity norm reads k^\u000eLk1= maxnk^\u000elnk1\nwith ^\u000elnbeing then-th column vector of ^\u000eL.\nUsing ^\u000eLas in eq. A.3 and ^Las in eq. A.1 ^\u000eln=\n(\u000el1;n;\u0001\u0001\u0001lN;n;\u000esn)Twith\u000elm;n=l1\nm;n\u0000l2\nm;nbeing the\ndi\u000berence of the elements of the matrices L1;2and\u000esn=\ns1\nn\u0000s2\nnbeing the di",
        "page": 9,
        "link": "https://ui.adsabs.harvard.edu/link_gateway/2014APh....54..110B/EPRINT_PDF",
        "title": "PARSEC A parametrized simulation engine for ultrahigh energy cosmic ray protons"
    },
    "2014APh....54..110B_page_9_chunk_2": {
        "text": " column vector of ^\u000eL.\nUsing ^\u000eLas in eq. A.3 and ^Las in eq. A.1 ^\u000eln=\n(\u000el1;n;\u0001\u0001\u0001lN;n;\u000esn)Twith\u000elm;n=l1\nm;n\u0000l2\nm;nbeing the\ndi\u000berence of the elements of the matrices L1;2and\u000esn=\ns1\nn\u0000s2\nnbeing the di\u000berence of the corresponding suppres-\nsion factors. Thus we can write\nk^\u000elnk1=X\nmjl1\nm;n\u0000l2\nm;nj+js1\nn\u0000s2\nnj (A.6)\n=X\nm\f\fl1\nm;n\u0000l2\nm;n\f\f+\f\f1\u0000jl1\nm;nj\u00001 +jl2\nm;nj\f\f\n(A.7)\n=k\u000eLnk1+\f\fkL1k1\u0000kL2k1\f\f (A.8)\nusing the de\fnitions of the suppression factors. This yields\n\u000f\u00141\n2k^\u000eLk1=1\n2max\nn\u0000\nk\u000eLnk1+\f\fkL1k1\u0000kL2k1\f\f\u0001\n(A.9)\nas an upper limit of the uncertainty of the lens.\nThe formalism can be extended to give an upper limit\nof the uncertainty in individual directions by substitution\nof the scalar \u000fin eq. A.3 with a diagonal matrix Ewith\nelements\u000fm;mbeing the relative uncertainty of the prob-\nability in pixel n. Following the same calculation steps as\nabove this yields\neT\nn\u0001E\u0001^po=1\n2eT\nm\u0001^\u000eL\u0001peg (A.10)\nwith beeing the emunit vector in direction m. Conse-\nquently this transforms to\nj\u000fm;mj\u0014keT\nm\u0001Ek1 (A.1",
        "page": 9,
        "link": "https://ui.adsabs.harvard.edu/link_gateway/2014APh....54..110B/EPRINT_PDF",
        "title": "PARSEC A parametrized simulation engine for ultrahigh energy cosmic ray protons"
    },
    "2014APh....54..110B_page_9_chunk_3": {
        "text": "xel n. Following the same calculation steps as\nabove this yields\neT\nn\u0001E\u0001^po=1\n2eT\nm\u0001^\u000eL\u0001peg (A.10)\nwith beeing the emunit vector in direction m. Conse-\nquently this transforms to\nj\u000fm;mj\u0014keT\nm\u0001Ek1 (A.11)\n\u00141\n2keT\nm\u0001^\u000eLk1=1\n2max\nn^\u000elT\nm(A.12)with row vector ^\u000elT\nmas upper limit of the uncertainty in a\nspeci\fc direction.\nFrom two realizations of the lenses used in section 3 we\nfound a maximum uncertainty of 23% for a UHECR en-\nergy of 1018:5eV with an typical uncertainty for individual\npixels of about 2%. The maximum uncertainty above en-\nergies E = 1019:5eV is less than 1%.\nAppendix A.2. Performance Boost and Simulation Preci-\nsion\nThe individual cosmic ray \rux from many sources at\nlarge distances to the observer add up to give an almost\nisotropic contribution. The computation time spent to cal-\nculate this background can be eliminated by aborting the\ncalculation for every individual pixel and adding the total\nisotropic background contribution to every pixel. By this\nwe introduce an error",
        "page": 9,
        "link": "https://ui.adsabs.harvard.edu/link_gateway/2014APh....54..110B/EPRINT_PDF",
        "title": "PARSEC A parametrized simulation engine for ultrahigh energy cosmic ray protons"
    },
    "2014APh....54..110B_page_9_chunk_4": {
        "text": "al-\nculate this background can be eliminated by aborting the\ncalculation for every individual pixel and adding the total\nisotropic background contribution to every pixel. By this\nwe introduce an error \u000ftopi\neg. To check if the upcoming\ncontributions are isotropic and decide whether to abort\nthe detailed calculation we proceed as follows: \frst we di-\nvide the sources into 20 distance bins and calculate the\ncontribution to pi\negfrom all sources in the \frst bin. We\ncalculate a factor a=Lupc\u0001(maxpi\neg\u0000minpi\neg)=(maxpi\neg+\nminpi\neg) withLupc=PfSbeing the integrated luminos-\nity of all sources further away. If ais lower than a given\ncut o\u000b value, the upcoming luminosity is considered to be\nisotropic as the contribution from sources further away is\nmore isotropic than from nearer sources. The \rux from the\nupcoming bins is integrated and added once to all pixels\ninpi\neg. Ifaexceeds the selected cut o\u000b value we proceed\nwith the sources in the next bin.\nReferences\n[1] J. Abraham, et al., Correla",
        "page": 9,
        "link": "https://ui.adsabs.harvard.edu/link_gateway/2014APh....54..110B/EPRINT_PDF",
        "title": "PARSEC A parametrized simulation engine for ultrahigh energy cosmic ray protons"
    },
    "2014APh....54..110B_page_9_chunk_5": {
        "text": " from the\nupcoming bins is integrated and added once to all pixels\ninpi\neg. Ifaexceeds the selected cut o\u000b value we proceed\nwith the sources in the next bin.\nReferences\n[1] J. Abraham, et al., Correlation of the highest energy cosmic rays\nwith nearby extragalactic objects, Science 318 (2007) 938{943.\narXiv:0711.2256 ,doi:10.1126/science.1151124 .\n[2] J. Abraham, et al., Upper limit on the cosmic-ray photon \rux\nabove 1019eV using the surface detector of the Pierre Auger\nObservatory, Astroparticle Physics 29 (2008) 243{256. arXiv:\n0712.1147 ,doi:10.1016/j.astropartphys.2008.01.003 .\n[3] J. Abraham, et al., Limit on the di\u000buse \rux of ultra-high\nenergy tau neutrinos with the surface detector of the Pierre\nAuger Observatory, Physical Review D79 (2009) 102001. arXiv:\n0903.3385 ,doi:10.1103/PhysRevD.79.102001 .\n[4] R. Abbasi, et al., A Study of the composition of ultrahigh energy\ncosmic rays using the High Resolution Fly's Eye, The Astro-\nphysical Journal 622 (2005) 910{926. arXiv:astro-ph/04",
        "page": 9,
        "link": "https://ui.adsabs.harvard.edu/link_gateway/2014APh....54..110B/EPRINT_PDF",
        "title": "PARSEC A parametrized simulation engine for ultrahigh energy cosmic ray protons"
    },
    "2014APh....54..110B_page_9_chunk_6": {
        "text": "evD.79.102001 .\n[4] R. Abbasi, et al., A Study of the composition of ultrahigh energy\ncosmic rays using the High Resolution Fly's Eye, The Astro-\nphysical Journal 622 (2005) 910{926. arXiv:astro-ph/0407622 ,\ndoi:10.1086/427931 .\n[5] J. Abraham, et al., Measurement of the depth of maximum of\nextensive air showers above 1018eV, Physical Review Letters\n104 (2010) 091101. arXiv:1002.0699 .\n[6] E. Armengaud, et al., CRPropa: a numerical tool for the propa-\ngation of uhe cosmic rays, gamma-rays and neutrinos, Astropar-\nticle Physics 28 (2007) 463{471. arXiv:astro-ph/0603675 ,\ndoi:10.1016/j.astropartphys.2007.09.004 .\n[7] K. Dolag, et al., A new monte carlo generator of ultra high\nenergy cosmic rays from the local and distant universe, in: Pro-\nceedings of the 32nd ICRC, 2011. arXiv:1202.3005 .\n[8] H. Yoshiguchi, S. Nagataki, K. Sato, A new method for cal-\nculating arrival distribution of ultra-high-energy cosmic rays\nabove 1019eV with modi\fcations by the galactic magnetic\n\feld, The Astrophys",
        "page": 9,
        "link": "https://ui.adsabs.harvard.edu/link_gateway/2014APh....54..110B/EPRINT_PDF",
        "title": "PARSEC A parametrized simulation engine for ultrahigh energy cosmic ray protons"
    },
    "2014APh....54..110B_page_9_chunk_7": {
        "text": "8] H. Yoshiguchi, S. Nagataki, K. Sato, A new method for cal-\nculating arrival distribution of ultra-high-energy cosmic rays\nabove 1019eV with modi\fcations by the galactic magnetic\n\feld, The Astrophysical Journal 596 (2003) 1044{1052. arXiv:\nastro-ph/0307038 .\n9",
        "page": 9,
        "link": "https://ui.adsabs.harvard.edu/link_gateway/2014APh....54..110B/EPRINT_PDF",
        "title": "PARSEC A parametrized simulation engine for ultrahigh energy cosmic ray protons"
    },
    "2014APh....54..110B_page_10_chunk_1": {
        "text": "[9] M. S. Sutherland, B. M. Baughman, J. J. Beatty, CRT:\nA numerical tool for propagating ultra-high energy cosmic\nrays through galactic magnetic \feld models, Astroparticle\nPhysics 34 (2010) 198{204. arXiv:1010.3172 ,doi:10.1016/\nj.astropartphys.2010.07.002 .\n[10] H. Takami, H. Yoshiguchi, K. Sato, Propagation of ultra-high-\nenergy- cosmic rays above 1019eV in a structured extragalactic\nmagnetic \feld and galactic magnetic \feld, The Astrophysical\nJournal 639 (2006) 803{815. arXiv:astro-ph/0506203 ,doi:\n10.1086/499420 .\n[11] D. N. Spergel, et al., First year wilkinson microwave anisotropy\nprobe (WMAP) observations: Determination of cosmological\nparameters, Astrophysical Journal arXiv:astro-ph/0302209 ,\ndoi:10.1086/377226 .\n[12] R. J. Protheroe, P. Johnson, Propagation of ultra high en-\nergy protons and gamma rays over cosmological distances\nand implications for topological defect models, Astroparticle\nPhysics 4 (1996) 253. arXiv:astro-ph/9506119 ,doi:10.1016/\n0927-6505(95)00039-9 .\n[13] ",
        "page": 10,
        "link": "https://ui.adsabs.harvard.edu/link_gateway/2014APh....54..110B/EPRINT_PDF",
        "title": "PARSEC A parametrized simulation engine for ultrahigh energy cosmic ray protons"
    },
    "2014APh....54..110B_page_10_chunk_2": {
        "text": "protons and gamma rays over cosmological distances\nand implications for topological defect models, Astroparticle\nPhysics 4 (1996) 253. arXiv:astro-ph/9506119 ,doi:10.1016/\n0927-6505(95)00039-9 .\n[13] V. Berezinsky, A. Gazizov, S. Grigorieva, On astrophysical\nsolution to ultrahigh energy cosmic rays, Physical Review D\n74 (4) (2006) 043005. arXiv:hep-ph/0204357 ,doi:10.1103/\nPhysRevD.74.043005 .\n[14] D. Hooper, S. Sarkar, A. M. Taylor, The intergalactic prop-\nagation of ultra-high energy cosmic ray nuclei, Astroparticle\nPhysics 27 (2-3) (2007) 199 { 212. arXiv:astro-ph/0608085 ,\ndoi:DOI:10.1016/j.astropartphys.2006.10.008 .\n[15] R. Fisher, Dispersion on a sphere, Proceedings of the Royal\nSociety A 217 (1953) 295{305.\n[16] K. V. Mardia, Statistics of Directional Data, Academic Press,\nLondon, 1972.\n[17] D. Harari, et al., Lensing of ultra-high energy cosmic rays in\nturbulent magnetic \felds, Journal of High Energy Physics 0203\n(2002) 045. arXiv:astro-ph/0202362 .\n[18] A. Achterberg, Y. A. G",
        "page": 10,
        "link": "https://ui.adsabs.harvard.edu/link_gateway/2014APh....54..110B/EPRINT_PDF",
        "title": "PARSEC A parametrized simulation engine for ultrahigh energy cosmic ray protons"
    },
    "2014APh....54..110B_page_10_chunk_3": {
        "text": "1972.\n[17] D. Harari, et al., Lensing of ultra-high energy cosmic rays in\nturbulent magnetic \felds, Journal of High Energy Physics 0203\n(2002) 045. arXiv:astro-ph/0202362 .\n[18] A. Achterberg, Y. A. Gallant, C. A. Norman, D. B. Melrose,\nIntergalactic propagation of uhe cosmic rays, in: 19th Texas\nSymposium on Relativistic Astrophysics and Cosmology, Paris,\nFrance, 1998. arXiv:astro-ph/9907060 .\n[19] R. A. Batista, et al., CRPropa 3.0 { a public framework for\npropagating uhe cosmic rays through galactic and extragalactic\nspace, in: Proceedings of the 33rd ICRC, 2013.\n[20] R. Aloisio, V. Berezinsky, Di\u000busive propagation of uhecr and the\npropagation theorem, Astrophysical Journal 612 (2004) 900{\n913. arXiv:0403095v3 ,doi:10.1086/421869 .\n[21] D. Harari, S. Mollerach, E. Roulet, The toes of the ultra high\nenergy cosmic ray spectrum, Journal of High Energy Physics 08\n(1999) 22. arXiv:astro-ph/9906309 .\n[22] D. Harari, S. Mollerach, E. Roulet, Signatures of galactic mag-\nnetic lensing upon u",
        "page": 10,
        "link": "https://ui.adsabs.harvard.edu/link_gateway/2014APh....54..110B/EPRINT_PDF",
        "title": "PARSEC A parametrized simulation engine for ultrahigh energy cosmic ray protons"
    },
    "2014APh....54..110B_page_10_chunk_4": {
        "text": "e ultra high\nenergy cosmic ray spectrum, Journal of High Energy Physics 08\n(1999) 22. arXiv:astro-ph/9906309 .\n[22] D. Harari, S. Mollerach, E. Roulet, Signatures of galactic mag-\nnetic lensing upon ultra high energy cosmic rays, Journal of\nHigh Energy Physics 2000 (02) (2000) 035. arXiv:astro-ph/\n0001084 .\nURL http://stacks.iop.org/1126-6708/2000/i=02/a=035\n[23] G. Lemaitre, M. S. Vallarta, On Compton's latitude\ne\u000bect of cosmic radiation, Physical Review 43 (1933)\n87{91. http://dx.doi.org/10.1103/PhysRev.43.87 doi:10.1103/\nPhysRev.43.87 .\n[24] W. Swann, Application of Liouville's Theorem to Electron Or-\nbits in the Earth's Magnetic Field, Physical Review 44 (1933)\n224{227. doi:10.1103/PhysRev.44.224 .\n[25] M. Brodski, et al., VISPA - Visual Physics Analysis on Linux,\nMac OS X and Windows, in: Proceedings of the EPS-HEP\nConference, Krakow, Poland, 2009, p. 447.\n[26] H.-P. Bretz, et al., A development environment for visual\nphysics analysis, Journal of Instrumentation 7 (2012) T08005.\na",
        "page": 10,
        "link": "https://ui.adsabs.harvard.edu/link_gateway/2014APh....54..110B/EPRINT_PDF",
        "title": "PARSEC A parametrized simulation engine for ultrahigh energy cosmic ray protons"
    },
    "2014APh....54..110B_page_10_chunk_5": {
        "text": " in: Proceedings of the EPS-HEP\nConference, Krakow, Poland, 2009, p. 447.\n[26] H.-P. Bretz, et al., A development environment for visual\nphysics analysis, Journal of Instrumentation 7 (2012) T08005.\narXiv:1205.4912 .\n[27] J. Walter, M. Koch, G. Winkler,\nuBlas { Boost basic linear algebra,\nhttp://www.boost.org/doc/libs/1 450/libs/numeric/ublas/doc/index.html.\n[28] M. Galassi, et al. GNU Scienti\fc Library Reference Manual,\nNetwork Theory Limited, 2009.\nURL http://www.gnu.org/software/gsl/[29] J. Abraham, et al., Measurement of the energy spectrum of\ncosmic rays above 1018eV using the Pierre Auger Observatory,\nPhysics Letters B685 (2010) 239{246. arXiv:1002.1975 ,doi:\n10.1016/j.physletb.2010.02.013 .\n[30] R. Abbasi, et al., First observation of the Greisen-Zatsepin-\nKuzmin suppression, Physical Review Letters 100 (2008)\n101101. arXiv:astro-ph/0703099 ,doi:10.1103/PhysRevLett.\n100.101101 .\n[31] M. Kachelrie\u0019, E. Parizot, D. V. Semikoz, The GZK horizon\nand constraints on the cosmic ray sour",
        "page": 10,
        "link": "https://ui.adsabs.harvard.edu/link_gateway/2014APh....54..110B/EPRINT_PDF",
        "title": "PARSEC A parametrized simulation engine for ultrahigh energy cosmic ray protons"
    },
    "2014APh....54..110B_page_10_chunk_6": {
        "text": "al Review Letters 100 (2008)\n101101. arXiv:astro-ph/0703099 ,doi:10.1103/PhysRevLett.\n100.101101 .\n[31] M. Kachelrie\u0019, E. Parizot, D. V. Semikoz, The GZK horizon\nand constraints on the cosmic ray source spectrum from obser-\nvations in the gzk regime, Journal of Experimental and The-\noretical Physics Letters 88 (2008) 553{557. arXiv:0711.3635 ,\ndoi:10.1134/S0021364008210017 .\n[32] R. Jansson, G. R. Farrar, A new model of the galactic magnetic\n\feld, Astrophysical Journal 757 (2012) 14. arXiv:1204.3662 ,\ndoi:10.1088/0004-637X/757/1/14 .\n[33] T. Stanev, Ultra-high-energy cosmic rays and the large-scale\nstructure of the galactic magnetic \feld, Astrophysical Jour-\nnal 479 (1) (1997) 290{295. arXiv:astro-ph/9607086 ,doi:\n10.1086/303866 .\n[34] M.-P. V\u0013 eron-Cetty, P. V\u0013 eron, A catalogue of quasars and active\nnuclei: 12th edition, Astronomy and Astrophysics 455 (2006)\n776. doi:10.1051/0004-6361:20065177 .\n[35] K. M. G\u0013 orski, et al., HEALPix: A Framework for High-\nResolution Discretization and",
        "page": 10,
        "link": "https://ui.adsabs.harvard.edu/link_gateway/2014APh....54..110B/EPRINT_PDF",
        "title": "PARSEC A parametrized simulation engine for ultrahigh energy cosmic ray protons"
    },
    "2014APh....54..110B_page_10_chunk_7": {
        "text": "s and active\nnuclei: 12th edition, Astronomy and Astrophysics 455 (2006)\n776. doi:10.1051/0004-6361:20065177 .\n[35] K. M. G\u0013 orski, et al., HEALPix: A Framework for High-\nResolution Discretization and Fast Analysis of Data Distributed\non the Sphere, Astrophysical Journal 622 (2005) 759{771.\narXiv:0409513 ,doi:10.1086/427976 .\n[36] The Standard Performance Evaluation Corporation,\nhttp://www.spec.org.\n10",
        "page": 10,
        "link": "https://ui.adsabs.harvard.edu/link_gateway/2014APh....54..110B/EPRINT_PDF",
        "title": "PARSEC A parametrized simulation engine for ultrahigh energy cosmic ray protons"
    }
}