{
    "2015JCAP...09..064N_page_1_chunk_1": {
        "text": "Prepared for submission to JCAP\nA Neural-Network based estimator\nto search for primordial\nnon-Gaussianity in Planck CMB\nmaps\nC. P. Novaes,a;cA. Bernui,aI. S. Ferreiraband C. A. Wuenschec\naObservatório Nacional,\nRua General José Cristino 77, São Cristóvão, 20921-400, Rio de Janeiro, RJ, Brazil\nbInstituto de Física, Universidade de Brasília, Campus Universitário Darcy Ribeiro,\nAsa Norte, 70919-970, Brasília, DF, Brazil\ncDivisão de Astrofísica, Instituto Nacional de Pesquisas Espaciais,\nAv. dos Astronautas 1758, São José dos Campos, 12227-010, SP, Brazil\nE-mail: camilapnovaes@gmail.com, bernui@on.br, ivan@ﬁs.unb.br,\nca.wuensche@inpe.br\nAbstract. We present an upgraded combined estimator, based on Minkowski Functionals\nand Neural Networks, with excellent performance in detecting primordial non-Gaussianity\nin simulated maps that also contain a weighted mixture of Galactic contaminations, be-\nsides real pixel’s noise from Planck cosmic microwave background radiation data. We rigor-\nously tes",
        "page": 1,
        "link": "https://ui.adsabs.harvard.edu/link_gateway/2015JCAP...09..064N/EPRINT_PDF",
        "title": "A neuralnetwork based estimator to search for primordial nonGaussianity in Planck CMB maps"
    },
    "2015JCAP...09..064N_page_1_chunk_2": {
        "text": "-Gaussianity\nin simulated maps that also contain a weighted mixture of Galactic contaminations, be-\nsides real pixel’s noise from Planck cosmic microwave background radiation data. We rigor-\nously test the efﬁciency of our estimator considering several plausible scenarios for residual\nnon-Gaussianities in the foreground-cleaned Planck maps, with the intuition to optimize the\ntraining procedure of the Neural Network to discriminate between contaminations with pri-\nmordial and secondary non-Gaussian signatures. We look for constraints of primordial local\nnon-Gaussianity at large angular scales in the foreground-cleaned Planck maps. For the\nSMICAmap we found fNL= 33\u000623, at1\u001bconﬁdence level, in excellent agreement with\nthe WMAP-9yr and Planck results. In addition, for the other three Planck maps we obtain\nsimilar constraints with values in the interval fNL2[33;41], concomitant with the fact that\nthese maps manifest distinct features in reported analyses, like having diﬀerent pixel’s noise\n",
        "page": 1,
        "link": "https://ui.adsabs.harvard.edu/link_gateway/2015JCAP...09..064N/EPRINT_PDF",
        "title": "A neuralnetwork based estimator to search for primordial nonGaussianity in Planck CMB maps"
    },
    "2015JCAP...09..064N_page_1_chunk_3": {
        "text": "ps we obtain\nsimilar constraints with values in the interval fNL2[33;41], concomitant with the fact that\nthese maps manifest distinct features in reported analyses, like having diﬀerent pixel’s noise\nintensities.arXiv:1409.3876v2  [astro-ph.CO]  13 Sep 2015",
        "page": 1,
        "link": "https://ui.adsabs.harvard.edu/link_gateway/2015JCAP...09..064N/EPRINT_PDF",
        "title": "A neuralnetwork based estimator to search for primordial nonGaussianity in Planck CMB maps"
    },
    "2015JCAP...09..064N_page_2_chunk_1": {
        "text": "Contents\n1 Introduction 1\n2 Data description 3\n2.1 The Monte Carlo CMB maps 3\n2.2 Residual Galactic foreground contamination 4\n2.3 Inhomogeneous Planck-like noise 4\n2.4 Summary of the simulated data 5\n3 The combined estimator 5\n3.1 Minkowski Functionals 6\n3.2 Neural Networks 6\n3.3 Minkowski Functionals as input for Neural Networks analysis 7\n3.4 The NN’s output as a bfNLestimator 8\n4 Estimator application to synthetic and Planck data 9\n4.1 Tests on synthetic data: Effects of the Galactic residuals 9\n4.2 Applying a trained NN to Planck CMB maps 13\n5 Conclusions and ﬁnal remarks 13\n1 Introduction\nIn the standard cosmological scenario, the cosmic inﬂation [1] is responsible for the ori-\ngin of structures, like galaxies, clusters, and voids, we observe today. Inﬂation not only\nexplains the large-scale homogeneity and isotropy of the universe, but also provides a mech-\nanism to produce primordial ﬂuctuations in cosmic microwave background (CMB) radiation\nwhich follow a nearly Gaussian stati",
        "page": 2,
        "link": "https://ui.adsabs.harvard.edu/link_gateway/2015JCAP...09..064N/EPRINT_PDF",
        "title": "A neuralnetwork based estimator to search for primordial nonGaussianity in Planck CMB maps"
    },
    "2015JCAP...09..064N_page_2_chunk_2": {
        "text": "ge-scale homogeneity and isotropy of the universe, but also provides a mech-\nanism to produce primordial ﬂuctuations in cosmic microwave background (CMB) radiation\nwhich follow a nearly Gaussian statistics, and where deviations from it characterises different\nclasses of inﬂationary models [2–7]. Severe constraints for Gaussian deviations found in\nthe latest Planck analysis strongly supports the simplest inﬂationary model based on a sin-\ngle minimally-coupled scalar ﬁeld [8]. However, as already discussed in [8–10], there are\npotential non-Gaussian sources that could leave imprints in Planck maps, these include a\nscale-dependent non-Gaussianity (NG) and/or large-scale anisotropy. In addition to these\nnon-Gaussian cosmological signals, contaminations could be caused either by residual fore-\ngrounds or by instrumental systematics.\nNon-Gaussian contributions appear mixed in Planck maps, with diverse phenomena\ncontributing with their own signature, this makes necessary the use of diﬀerent e",
        "page": 2,
        "link": "https://ui.adsabs.harvard.edu/link_gateway/2015JCAP...09..064N/EPRINT_PDF",
        "title": "A neuralnetwork based estimator to search for primordial nonGaussianity in Planck CMB maps"
    },
    "2015JCAP...09..064N_page_2_chunk_3": {
        "text": "grounds or by instrumental systematics.\nNon-Gaussian contributions appear mixed in Planck maps, with diverse phenomena\ncontributing with their own signature, this makes necessary the use of diﬀerent estimators.\nVarious statistical methods are being used in the analyses of CMB data in order to con-\nstrain the distinct types of NG, to measure their intensity and angular scale dependence [9–\n20]. Moreover, all methods designed to analyse precise CMB data are vulnerable to ad-\nditional difﬁculties in detecting tiny primordial NG, that is, the contamination by several\nsecondary non-Gaussian signals, such as galactic and extragalactic foregrounds, besides sys-\ntematic effects. For this, it is crucial to test estimators to discriminate between these two type\nof signals, making sure not be attributing a primordial origin to a secondary non-Gaussian\nsignal [6, 10, 14].\n– 1 –",
        "page": 2,
        "link": "https://ui.adsabs.harvard.edu/link_gateway/2015JCAP...09..064N/EPRINT_PDF",
        "title": "A neuralnetwork based estimator to search for primordial nonGaussianity in Planck CMB maps"
    },
    "2015JCAP...09..064N_page_2_chunk_4": {
        "text": "ting a primordial origin to a secondary non-Gaussian\nsignal [6, 10, 14].\n– 1 –",
        "page": 2,
        "link": "https://ui.adsabs.harvard.edu/link_gateway/2015JCAP...09..064N/EPRINT_PDF",
        "title": "A neuralnetwork based estimator to search for primordial nonGaussianity in Planck CMB maps"
    },
    "2015JCAP...09..064N_page_3_chunk_1": {
        "text": "In [20] we have presented a statistical estimator which proved to be quite sensitive to\ndetect tiny primordial NG of local type, endowed in synthetic Gaussian CMB maps, besides\nits capability to differentiates between primary and secondary (inhomogeneous noise) NGs.\nThis method used the Minkowski Functionals (MFs) [21] calculated from a set of Monte Carlo\n(MC)CMBmapsasinputdataforthetrainingofanArtiﬁcialNeuralNetwork(NN)[22], that\nclassiﬁes each synthetic map of a second dataset according to the presence and level of NG. To\ntest our estimator in real CMB maps we have used the four CMB foreground-cleaned, maps\nreleased by the Planck in March of 2013, namely Spectral Matching Independent Compo-\nnent Analysis ( SMICA), Needlet Internal Linear Combination ( NILC), Spectral Estimation Via\nExpectation Maximization ( SEVEM), and the combined approach termed Commander\u0000Ruler\n[23]. Together with each of these four CMB maps were also released its realistic pixel’s noise\nmap, that we have used to ",
        "page": 3,
        "link": "https://ui.adsabs.harvard.edu/link_gateway/2015JCAP...09..064N/EPRINT_PDF",
        "title": "A neuralnetwork based estimator to search for primordial nonGaussianity in Planck CMB maps"
    },
    "2015JCAP...09..064N_page_3_chunk_2": {
        "text": "tation Maximization ( SEVEM), and the combined approach termed Commander\u0000Ruler\n[23]. Together with each of these four CMB maps were also released its realistic pixel’s noise\nmap, that we have used to contaminate the MC CMB maps with secondary NG. In that\nwork our analyses showed that, in the circumstances in which the method have been tested,\nthe NN is not able to recognise the full pattern of NG present in the Planck CMB maps.\nThese results indicated that there are non-Gaussian contributions in Planck data that are\nnot present in MC simulations, resulting in the imprecision of the method.\nIn this work we address this problem by exploring possible residuals candidates left\nin foreground-cleaned maps. We do this examination by extending previous analyses to\ninclude more sources of NG, besides the primordial one. This is made by including several\nmixtures of small weighted contributions of primordial and non-primordial NG in the current\nMC CMB maps in order to suitable train the NN. The ",
        "page": 3,
        "link": "https://ui.adsabs.harvard.edu/link_gateway/2015JCAP...09..064N/EPRINT_PDF",
        "title": "A neuralnetwork based estimator to search for primordial nonGaussianity in Planck CMB maps"
    },
    "2015JCAP...09..064N_page_3_chunk_3": {
        "text": "es the primordial one. This is made by including several\nmixtures of small weighted contributions of primordial and non-primordial NG in the current\nMC CMB maps in order to suitable train the NN. The Galactic non-Gaussian contributions\nconsidered are the residual foreground emissions, which include synchrotron, free-free and\ndust emissions, the most important Galactic emissions in the frequency range we are dealing\nwith here (70, 217 GHz), beyond the inhomogeneous noise already considered in our previous\nwork. The extragalactic non-Gaussian contributions, including for example the Sunyaev-\nZel’dovich (SZ) and lensing effects, besides point sources (secondary CMB anisotropies), are\nnot relevant for the scales considered. In addition, the Planck Galactic mask used here,\ntermed U73, includes the point-sources mask [14, 23–26]. In this way, our main goal is to test\nthe efﬁciency of our estimator to constrain primordial NG in the presence of non-Gaussian\nforeground contaminations from diver",
        "page": 3,
        "link": "https://ui.adsabs.harvard.edu/link_gateway/2015JCAP...09..064N/EPRINT_PDF",
        "title": "A neuralnetwork based estimator to search for primordial nonGaussianity in Planck CMB maps"
    },
    "2015JCAP...09..064N_page_3_chunk_4": {
        "text": "the point-sources mask [14, 23–26]. In this way, our main goal is to test\nthe efﬁciency of our estimator to constrain primordial NG in the presence of non-Gaussian\nforeground contaminations from diverse Galactic emissions. Speciﬁcally, this work extends\nand complements our previous analyses in three ways:\n(i) We test the effectiveness of our estimator in simulated maps endowed with a resid-\nual Galactic foreground component, which is a weighted mixture of dust and free-free\nemissions, besides a tiny primordial non-Gaussian signal. The contribution of these\ncontaminating emissions comes from two frequency bands, that is, 70, and 217 GHz.\nMoreover, these mixtures consider two levels of contamination for each emission, 0.1%\nand 10%, in an effort to reproduce plausible levels of residuals in Planck maps.\n(ii) The MC CMB maps have been contaminated by noise maps derived from real pixel’s\nnoise (released by the Planck collaboration) and standard deviation per pixel maps\nreleased in associati",
        "page": 3,
        "link": "https://ui.adsabs.harvard.edu/link_gateway/2015JCAP...09..064N/EPRINT_PDF",
        "title": "A neuralnetwork based estimator to search for primordial nonGaussianity in Planck CMB maps"
    },
    "2015JCAP...09..064N_page_3_chunk_5": {
        "text": "lanck maps.\n(ii) The MC CMB maps have been contaminated by noise maps derived from real pixel’s\nnoise (released by the Planck collaboration) and standard deviation per pixel maps\nreleased in association with the SMICA,NILC, and SEVEMPlanck CMB maps. For the\nCommander\u0000RulerPlanckmapitwasalsoreleasedtherealnoisemap. Itwasgenerated\nasetoftennoisemapsrelatedtoeachoneofthesefourforeground-cleanedPlanckmaps,\nin order to obtain different combinations between CMB anisotropies and noise.\n(iii) We rigorously test the performance of our method considering several scenarios of NG\npossible present in Planck maps, with the intuition to optimize the training procedure\n– 2 –",
        "page": 3,
        "link": "https://ui.adsabs.harvard.edu/link_gateway/2015JCAP...09..064N/EPRINT_PDF",
        "title": "A neuralnetwork based estimator to search for primordial nonGaussianity in Planck CMB maps"
    },
    "2015JCAP...09..064N_page_4_chunk_1": {
        "text": "of the NN to discriminate between contaminations with primordial and secondary non-\nGaussian signatures.\nIn the next section we describe all the procedures to obtain the synthetic data employed\nhere. We continue this paper summarising, in section 3, the main features of the tools\ncomposing our combined estimator, in addition to detailing how it operates. In section 4 we\nshow the results of applying our estimator to synthetic and Planck CMB data. Finally, in\nsection 5, we present our concluding remarks.\n2 Data description\nThe development of the current work requires a large amount of synthetic data, as will be\ndetailed in following sections. These data are quite different from those used in our previous\nwork,sincenowweareinterestedinstudyingtheefﬁciencyofourestimatorinthepresenceofa\nmixture of residual foreground contaminations in the MC CMB maps. Therefore, our datasets\ncontain combinations of simulated components, namely: MC CMB maps, inhomogeneous\nnoise and Galactic emissions (synchr",
        "page": 4,
        "link": "https://ui.adsabs.harvard.edu/link_gateway/2015JCAP...09..064N/EPRINT_PDF",
        "title": "A neuralnetwork based estimator to search for primordial nonGaussianity in Planck CMB maps"
    },
    "2015JCAP...09..064N_page_4_chunk_2": {
        "text": " of residual foreground contaminations in the MC CMB maps. Therefore, our datasets\ncontain combinations of simulated components, namely: MC CMB maps, inhomogeneous\nnoise and Galactic emissions (synchrotron, free-free and dust emissions). The last one will\nbe used in a set of frequencies and diverse levels of contaminations, working as a residual\nforeground emission.\nAllthemapsusedhereareproducedwith Nside= 512, usingtheHEALPix(Hierarchical\nEqual Area iso-Latitude Pixelization) pixelization grid [29]. The details of the production of\neach component are as follows. In all our analyses we use the U73 cut-sky mask.\n2.1 The Monte Carlo CMB maps\nWe generate the MC CMB maps from a set of coefﬁcients a` m(with maximum multipole\nmoment of `max= 500) derived from a combination of the multipole expansion coefﬁcients\nfaG\n` mgandfaNG\n` mgcorresponding to CMB Gaussian and non-Gaussian (of local type) maps,\nrespectively. A set of each kind of these spherical harmonics coefﬁcients, 1000 linear and 100",
        "page": 4,
        "link": "https://ui.adsabs.harvard.edu/link_gateway/2015JCAP...09..064N/EPRINT_PDF",
        "title": "A neuralnetwork based estimator to search for primordial nonGaussianity in Planck CMB maps"
    },
    "2015JCAP...09..064N_page_4_chunk_3": {
        "text": "sion coefﬁcients\nfaG\n` mgandfaNG\n` mgcorresponding to CMB Gaussian and non-Gaussian (of local type) maps,\nrespectively. A set of each kind of these spherical harmonics coefﬁcients, 1000 linear and 1000\nnon-linear, were produced and publicly available by [30]1, and we combine them as follows:\na` m=aG\n` m+fNLaNG\n` m; (2.1)\nwhich were normalized by the Planck best ﬁt power spectra [31], rescaling aG\n` mby the ratio\nof the square root of the power spectra and aNG\n` mdirectly by the ratio of the power spectra.\nThe scalar dimensionless parameter fNLis commonly used to describe the leading-order of\nthe NG. Then the linear combination given in the Equation 2.1 permits to derive CMB\nsynthetic maps with an arbitrary level of NG deﬁned by any real value of fNL. We also used\na HEALPix beam window function with FWHM = 5’ for the construction of these maps2,\nsince the angular resolution of Planck maps corresponds to a Gaussian beam of this size.\nMoreover, we also used 1000 CMB maps obtained from the",
        "page": 4,
        "link": "https://ui.adsabs.harvard.edu/link_gateway/2015JCAP...09..064N/EPRINT_PDF",
        "title": "A neuralnetwork based estimator to search for primordial nonGaussianity in Planck CMB maps"
    },
    "2015JCAP...09..064N_page_4_chunk_4": {
        "text": "tion with FWHM = 5’ for the construction of these maps2,\nsince the angular resolution of Planck maps corresponds to a Gaussian beam of this size.\nMoreover, we also used 1000 CMB maps obtained from the original ones after a clockwise\nrotation of 90 degrees perpendicularly to the Galactic plane. This procedure give us a total of\n2000 CMB base maps, from which we construct the training and test simulated maps (using\nthe chosen set of fNLvalues).\nIn this work we use three ranges of fNLvalues to include a primary non-Gaussian signal\nin the simulations. In order to test our estimator in MC CMB maps containing the degree\n1http://planck.mpa-garching.mpg.de/cmb/fnl-simulations/\n2The HEALPix pixel window at Nside= 512is also included.\n– 3 –",
        "page": 4,
        "link": "https://ui.adsabs.harvard.edu/link_gateway/2015JCAP...09..064N/EPRINT_PDF",
        "title": "A neuralnetwork based estimator to search for primordial nonGaussianity in Planck CMB maps"
    },
    "2015JCAP...09..064N_page_5_chunk_1": {
        "text": "of contamination deﬁned by the recent constraints found by Planck[10], that is, fNL=\n38\u000618(1\u001bconﬁdence level), we choose the levels of contamination in the following ranges:\nfNL= [\u000020;20];[20;60]and[60;100]. Each interval is composed by an uniform distribution\noffNLvalues centred in 0, 40, and 80, respectively. Notice that these features differs of those\nconsidered in Ref. [20], where we assumed a Gaussian distribution of fNLvalues to compose\neach class.\n2.2 Residual Galactic foreground contamination\nWehavetestedourestimatorinMCCMBmapscontaminatedbyresidualforegroundemission\nin two frequency bands, chosen to be 70 and 217 GHz. In this case, the most important\nGalactic foreground contributions are the synchrotron, free-free and dust emissions. The\ndust maps on these frequencies are estimated performing an interpolation [32], pixel by pixel,\nfrom a set of dust maps which covers a wide range of frequencies, maps publicly available as\npart of the Planck3and WMAP-9yr4data releases [23, 33].",
        "page": 5,
        "link": "https://ui.adsabs.harvard.edu/link_gateway/2015JCAP...09..064N/EPRINT_PDF",
        "title": "A neuralnetwork based estimator to search for primordial nonGaussianity in Planck CMB maps"
    },
    "2015JCAP...09..064N_page_5_chunk_2": {
        "text": "d performing an interpolation [32], pixel by pixel,\nfrom a set of dust maps which covers a wide range of frequencies, maps publicly available as\npart of the Planck3and WMAP-9yr4data releases [23, 33]. A similar approach is followed\nto derive the synchrotron and free-free maps, this time performing an extrapolation to the\nfrequenciesweareinterestedin, usingtheavailablemapsoftheseforegrounddiﬀuseemissions.\nIt is worth mentioning that WMAP-9yr foreground maps used here were derived using the\nMaximum Entropy Method (MEM) (see, e.g., Ref. [33]).\nAs mentioned, the Galactic foreground contamination was included to the MC CMB\nmaps as a residual signal in an attempt to imitate the possible contents of a data map. In\nother words, we add the simulated foreground map to the MC CMB map after it was weighted\nby a percentage factor, that we will call here the weight. For deﬁniteness, we consider two\nweight values for the foreground contamination: 0.1% and 10% of the foreground map. In\nthis way, we ca",
        "page": 5,
        "link": "https://ui.adsabs.harvard.edu/link_gateway/2015JCAP...09..064N/EPRINT_PDF",
        "title": "A neuralnetwork based estimator to search for primordial nonGaussianity in Planck CMB maps"
    },
    "2015JCAP...09..064N_page_5_chunk_3": {
        "text": "ghted\nby a percentage factor, that we will call here the weight. For deﬁniteness, we consider two\nweight values for the foreground contamination: 0.1% and 10% of the foreground map. In\nthis way, we can also test the sensitivity of the estimator to different levels of contamination\nconcerning this kind of signal.\nAlastdetailtobeconsideredreferstotherightwaytoincludethiskindofcontamination.\nIn [23]Planck team uses the analysis of the FFP6 simulations (Full Focal Plane 6, see [34] for\ndetails), exactly the same performed upon the real data, to provide important informations,\nor previsions, about the residual contamination expected for the four released Planck CMB\nmaps. This type of contamination takes the following form on the simulation results: (1)\nthe contamination on the Commander\u0000Ruleris an under-subtracted free-free emission; (2)\nfor the NILCandSEVEMit seems to be an over-subtracted thermal dust emission; and (3) for\ntheSMICAthere is an under-subtracted thermal dust emission. Theref",
        "page": 5,
        "link": "https://ui.adsabs.harvard.edu/link_gateway/2015JCAP...09..064N/EPRINT_PDF",
        "title": "A neuralnetwork based estimator to search for primordial nonGaussianity in Planck CMB maps"
    },
    "2015JCAP...09..064N_page_5_chunk_4": {
        "text": " an under-subtracted free-free emission; (2)\nfor the NILCandSEVEMit seems to be an over-subtracted thermal dust emission; and (3) for\ntheSMICAthere is an under-subtracted thermal dust emission. Therefore, the contamination\nis performed by adding a weighted foreground map to the MC CMB maps, when aiming to\nmimic the SMICAand Commander\u0000Rulerresidual maps, and by subtracting it from these\nmaps if necessary to mimic the SEVEMandNILCresidual maps.\n2.3 Inhomogeneous Planck-like noise\nWe simulate four types of noise, namely, the Commander\u0000Ruler,SMICA,NILCandSEVEM-like\nnoise, using the corresponding standard deviation map. However, only the standard deviation\nmap associated to the Commander\u0000RulerCMB map has been released by Planck. For the\nother three cases, we estimate them from the provided noise maps, taking the \u001bnoisein each\npixelpas being the standard deviation of the noise values from a set of pixels in a disk around\n3http://irsa.ipac.caltech.edu/data/Planck/release_1/all-sky-maps/previe",
        "page": 5,
        "link": "https://ui.adsabs.harvard.edu/link_gateway/2015JCAP...09..064N/EPRINT_PDF",
        "title": "A neuralnetwork based estimator to search for primordial nonGaussianity in Planck CMB maps"
    },
    "2015JCAP...09..064N_page_5_chunk_5": {
        "text": "e maps, taking the \u001bnoisein each\npixelpas being the standard deviation of the noise values from a set of pixels in a disk around\n3http://irsa.ipac.caltech.edu/data/Planck/release_1/all-sky-maps/previews/COM_CompMap_dust-\ncommrul_2048_R1.00/index.html\n4http://lambda.gsfc.nasa.gov/product/map/dr5/mem_maps_get.cfm\n– 4 –",
        "page": 5,
        "link": "https://ui.adsabs.harvard.edu/link_gateway/2015JCAP...09..064N/EPRINT_PDF",
        "title": "A neuralnetwork based estimator to search for primordial nonGaussianity in Planck CMB maps"
    },
    "2015JCAP...09..064N_page_6_chunk_1": {
        "text": "p. Multiplying the standard deviation maps, pixel-by-pixel, by a normal distribution with\nzero mean and unitary standard deviation we obtain the Planck-like noise maps.\nWe generate a total of 10 maps of each kind of noise in such a way to provide different\ncombinations between the MC CMB temperature ﬂuctuations and noise.\n2.4 Summary of the simulated data\nThe purpose here is to produce MC CMB maps contaminated by secondary NG derived from\nGalactic foregrounds and inhomogeneous noise trying to follow, in the best possible way, the\nexpected contamination to the Planck CMB maps due to such signals. Table 1 summarises\nthe combinations of contaminants we include in the MC CMB maps in order to produce\nall the synthetic data used to construct and test our estimator. The reference map, in the\nﬁrst column, corresponds to the maps whose Galactic foreground and noise contaminants are\nbeing mimicked.\nReference map Noise Frequency (GHz) Weight (%)\nSMICA SMICA-like 70, 217 0.1, 10\nNILC NILC-like 217",
        "page": 6,
        "link": "https://ui.adsabs.harvard.edu/link_gateway/2015JCAP...09..064N/EPRINT_PDF",
        "title": "A neuralnetwork based estimator to search for primordial nonGaussianity in Planck CMB maps"
    },
    "2015JCAP...09..064N_page_6_chunk_2": {
        "text": " column, corresponds to the maps whose Galactic foreground and noise contaminants are\nbeing mimicked.\nReference map Noise Frequency (GHz) Weight (%)\nSMICA SMICA-like 70, 217 0.1, 10\nNILC NILC-like 217 10\nSEVEM SEVEM-like 217 10\nCommander\u0000Ruler Commander\u0000Ruler-like 70a10\naBetweenthetwofrequenciesconsideredhere,the70GHzfrequencyisthemostfree-freecontam-\ninated, directly related to the expected residual contamination of the Planck Commander\u0000Ruler\nmap (see section 2.2).\nTable 1. Simulated datasets.\n3 The combined estimator\nAiming to statistically analyse CMB data searching for a possible deviation from Gaussianity,\nwe have been working on a high-performance estimator combining two tools: the Minkowski\nFunctionals and Neural Networks. The ﬁrst one, introduced on cosmological studies by [35],\nis largely used for statistical analysis of the two-dimensional CMB ﬁeld. Since it can measure\nmorphological properties of ﬂuctuation ﬁelds, it offers a test of the Gaussian nature of the\nCMB temperatur",
        "page": 6,
        "link": "https://ui.adsabs.harvard.edu/link_gateway/2015JCAP...09..064N/EPRINT_PDF",
        "title": "A neuralnetwork based estimator to search for primordial nonGaussianity in Planck CMB maps"
    },
    "2015JCAP...09..064N_page_6_chunk_3": {
        "text": " largely used for statistical analysis of the two-dimensional CMB ﬁeld. Since it can measure\nmorphological properties of ﬂuctuation ﬁelds, it offers a test of the Gaussian nature of the\nCMB temperature fluctuations data [11, 18, 36–40]. As they are sensitive to weak and\narbitrary non-Gaussian signals, e.g. small fNLcontaminations of different types, MFs are a\ncomplementary tool to optimal NG estimators based on the bispectrum calculations.\nRecently, the Planck Collaboration performed successful validation tests of the MF esti-\nmator with three sets of simulated CMB maps: Gaussian full-sky maps, full-sky non-Gaussian\nmaps with noise, and non-Gaussian maps with noise and mask [10]. Afterward, they used\nthe MFs to quantify primordial NG in the foreground-cleaned Planckmaps [23], where some\ninstrumental effects and known non-Gaussian contributions, like lensing, were taken into ac-\ncount in the analyses using realistic lensed and unlensed simulations of Planckdata [10]. The\nconstraints on ",
        "page": 6,
        "link": "https://ui.adsabs.harvard.edu/link_gateway/2015JCAP...09..064N/EPRINT_PDF",
        "title": "A neuralnetwork based estimator to search for primordial nonGaussianity in Planck CMB maps"
    },
    "2015JCAP...09..064N_page_6_chunk_4": {
        "text": "strumental effects and known non-Gaussian contributions, like lensing, were taken into ac-\ncount in the analyses using realistic lensed and unlensed simulations of Planckdata [10]. The\nconstraints on local NG obtained are quite robust to Galactic residuals and are consistent\nto those from the bispectrum-based estimators. Moreover, these results, fNL= 38\u000618for\nlarge angular scales, are basically equal to those obtained using WMAP-9yr data, that is\nfNL= 37:2\u000619:9[10, 12].\nIn this work we do not use MFs in the standard form, that is, to directly quantify NG\nin the map, instead we use it just to reveal the non-Gaussian imprints present in the maps,\n– 5 –",
        "page": 6,
        "link": "https://ui.adsabs.harvard.edu/link_gateway/2015JCAP...09..064N/EPRINT_PDF",
        "title": "A neuralnetwork based estimator to search for primordial nonGaussianity in Planck CMB maps"
    },
    "2015JCAP...09..064N_page_7_chunk_1": {
        "text": "signatures that are then systematically recognized by a well-trained NN. For this reason the\nMFs are employed as the ﬁrst step to develop our estimator: ﬁrst we apply the MFs to a\nset of synthetic maps; these parameters, with the intrinsic statistical properties associated\nto these maps, are then used as input for exhaustive analysis of the NN, a computational\ntool for identifying patters in a dataset. After this whole procedure the estimator is ready\nto be applied in different CMB maps, synthetic (to validate its performance) and real maps,\nallowing its classiﬁcation about their level of NG. It is important to emphasize that the\nestimator we are dealing with here is the same addressed in our previous work [20], but this\ntime we can interpret the NN’s output in a way to directly estimate the fNLparameter.\nIn the next subsections we summarize the main concepts of each tool and how they are\ncombined to obtain the estimator (see [20] for details), in addition to explaining the new\napproac",
        "page": 7,
        "link": "https://ui.adsabs.harvard.edu/link_gateway/2015JCAP...09..064N/EPRINT_PDF",
        "title": "A neuralnetwork based estimator to search for primordial nonGaussianity in Planck CMB maps"
    },
    "2015JCAP...09..064N_page_7_chunk_2": {
        "text": "he fNLparameter.\nIn the next subsections we summarize the main concepts of each tool and how they are\ncombined to obtain the estimator (see [20] for details), in addition to explaining the new\napproach to addressing the NN’s output.\n3.1 Minkowski Functionals\nAllthemorphologicalpropertiesofa d-dimensionalspacecanbedescribedusing d+1MFs[21].\nIn the case of a CMB map, a 2-dimensional temperature ﬁeld deﬁned on the sphere, \u0001T=\n\u0001T(\u0012;\u001e), with zero mean and variance \u001b2, this tool provides a test of non-Gaussian features\nby assessing the properties of connected regions in the map. Given a sky path Pof the\npixelized CMB sphere S2, anexcursion set of amplitude \u0017tis deﬁned as the set of pixels in\nPwhere the temperature ﬁeld exceeds the threshold \u0017t, that is, it is the set of pixels with\ncoordinates (\u0012;\u001e)2Psuch that \u0001T(\u0012;\u001e)=\u001b\u0011\u0017 >\u0017 t.\nIn a two-dimensional case, for a region Ri\u001aS2with amplitude \u0017tthe partial MFs\ncalculated just in Riare:ai, the Area of the Riregion,li, the Perimeter (contour length)",
        "page": 7,
        "link": "https://ui.adsabs.harvard.edu/link_gateway/2015JCAP...09..064N/EPRINT_PDF",
        "title": "A neuralnetwork based estimator to search for primordial nonGaussianity in Planck CMB maps"
    },
    "2015JCAP...09..064N_page_7_chunk_3": {
        "text": "\u0012;\u001e)2Psuch that \u0001T(\u0012;\u001e)=\u001b\u0011\u0017 >\u0017 t.\nIn a two-dimensional case, for a region Ri\u001aS2with amplitude \u0017tthe partial MFs\ncalculated just in Riare:ai, the Area of the Riregion,li, the Perimeter (contour length) of\nthis Area, and ni, the number of holes in this Area. The global MFs are obtained calculating\nthese quantities for all the connected regions with height \u0017 >\u0017 t. Then, the total Area A(\u0017),\nPerimeterL(\u0017)and Genus G(\u0017)are [11, 17, 36, 38]\nA(\u0017) =1\n4\u0019Z\n\u0006d\n =X\nai; (3.1)\nL(\u0017) =1\n4\u00191\n4Z\n@\u0006dl=X\nli; (3.2)\nG(\u0017) =1\n4\u00191\n2\u0019Z\n@\u0006\u0014dl=X\ngi=Nhot\u0000Ncold; (3.3)\nwhere \u0006is the set of regions with \u0017 >\u0017 t,@\u0006is the boundary of \u0006, and,d\nanddlare the\nelements of solid angle and line, respectively. In the Genus deﬁnition, the quantity \u0014is the\ngeodesic curvature (for more details see, e.g., [17]). This last functional can also be calculated\nas the difference between the number of regions with \u0017 >\u0017 t(number of hot spots, Nhot) and\nregions with \u0017 <\u0017 t(number of cold spots, Ncold). As deﬁned, the MF are calculated from ",
        "page": 7,
        "link": "https://ui.adsabs.harvard.edu/link_gateway/2015JCAP...09..064N/EPRINT_PDF",
        "title": "A neuralnetwork based estimator to search for primordial nonGaussianity in Planck CMB maps"
    },
    "2015JCAP...09..064N_page_7_chunk_4": {
        "text": "n also be calculated\nas the difference between the number of regions with \u0017 >\u0017 t(number of hot spots, Nhot) and\nregions with \u0017 <\u0017 t(number of cold spots, Ncold). As deﬁned, the MF are calculated from a\ngiven threshold \u0017t.\n3.2 Neural Networks\nTheNNsarecomputationaltechniquesinspiredintheneuralstructureofintelligentorganisms\n(animal brains), which acquires knowledge through learning [22]. A NN is composed by a\nlarge number of processing units (also called artiﬁcial neuron or nodes), conﬁgured to perform\na speciﬁc action, like pattern recognition and data classiﬁcation.\n– 6 –",
        "page": 7,
        "link": "https://ui.adsabs.harvard.edu/link_gateway/2015JCAP...09..064N/EPRINT_PDF",
        "title": "A neuralnetwork based estimator to search for primordial nonGaussianity in Planck CMB maps"
    },
    "2015JCAP...09..064N_page_8_chunk_1": {
        "text": "Aiming to emulate the behaviour of the biological brain, the simplest and most popular\nmodel for a NN for classiﬁcation of patterns is the Perceptron [42, 43], consisting of a single\nneuron. A generalization of this model is the Multilayer Perceptron [22, 44, 45], consisting\nof a set of units (neurons) comprising each layer, from which the signal propagates through\nthe NN. These NNs are usually composed by an input layer, an output layer and one or\nmore intermediate (or hidden) layers, as schematically depicted in Figure 1. The layers are\ninterconnected through synaptic weights ( wki) that relates the i-th input signal ( xi) to the\nk-th neuron, producing weighted inputs. Mathematically it is possible to represent a neuron\nkby\nuk=nX\ni=1wki: xi+bk; (3.4)\nwherenis the number of input signals to the k-th neuron. bkis the weighted bias input, an\nexternal parameter of the artiﬁcial neuron k, which can be accounted for by adding a new\nsynapse, with input signal ﬁxed at x0= +1and weight wk0=bk",
        "page": 8,
        "link": "https://ui.adsabs.harvard.edu/link_gateway/2015JCAP...09..064N/EPRINT_PDF",
        "title": "A neuralnetwork based estimator to search for primordial nonGaussianity in Planck CMB maps"
    },
    "2015JCAP...09..064N_page_8_chunk_2": {
        "text": "to the k-th neuron. bkis the weighted bias input, an\nexternal parameter of the artiﬁcial neuron k, which can be accounted for by adding a new\nsynapse, with input signal ﬁxed at x0= +1and weight wk0=bk[22].\nThe output signal of the k-th neuron ( yk) is generated through an activation function\n'k, which limits the amplitude of the output of a neuron\nyk='k(uk): (3.5)\nThe most commonly used activation function are non-linear functions, like sigmoid and hy-\nperbolic tangent, that can simulate more precisely the neuron behaviour in order to better\nemulate a real NN.\nThe suitable values for the weightsandbiasare achieved by using training (or learning)\nalgorithms. The most popular training algorithm is the backpropagation [46], where the input\nsignal feeds the ﬁrst layer, propagating as input for the next layer, and so on until the last\nlayer. At the end of this process a value for each neuron of the output layer, together with\nits corresponding error, is calculated. These values are returned",
        "page": 8,
        "link": "https://ui.adsabs.harvard.edu/link_gateway/2015JCAP...09..064N/EPRINT_PDF",
        "title": "A neuralnetwork based estimator to search for primordial nonGaussianity in Planck CMB maps"
    },
    "2015JCAP...09..064N_page_8_chunk_3": {
        "text": " the next layer, and so on until the last\nlayer. At the end of this process a value for each neuron of the output layer, together with\nits corresponding error, is calculated. These values are returned to the input layer where the\nsynaptic weights are recalculated initiating another iteration of the training process. This\nprocedure aims to determine a suitable value for the weights of the network, and is repeated\nuntil the error value drops below a given threshold value. The architecture of the NN, like\nnumberofneurons, numberofhiddenlayersandthespeciﬁctrainingalgorithm, canbedeﬁned\naccording to the problem the user wants to solve. Here we used a backpropagation algorithm\nfor the NN training with just one hidden layer, and 260 neurons, a number that has been\nshown to be suitable for the 3 classes we are analysing here.\n3.3 Minkowski Functionals as input for Neural Networks analysis\nThe calculations of the MFs used here are performed using the algorithm developed by [17]\nand [47]. This c",
        "page": 8,
        "link": "https://ui.adsabs.harvard.edu/link_gateway/2015JCAP...09..064N/EPRINT_PDF",
        "title": "A neuralnetwork based estimator to search for primordial nonGaussianity in Planck CMB maps"
    },
    "2015JCAP...09..064N_page_8_chunk_4": {
        "text": "lasses we are analysing here.\n3.3 Minkowski Functionals as input for Neural Networks analysis\nThe calculations of the MFs used here are performed using the algorithm developed by [17]\nand [47]. This code calculates four quantities, namely V0=A(\u0017),V1=L(\u0017),V2=G(\u0017),\nandV3=Nclusters (\u0017), the three usual MFs deﬁned above plus an additional quantity called\nnumber of clusters ,Nclusters (\u0017), fork= 3. The latter quantity is the number of connected\nregions with height \u0017greater (or lower) than the threshold \u0017tif it is positive (or negative),\ni.e., the number of hot (or cold) spots of the map.\nConsider a set of msimulated CMB maps. For the i-th simulated map, with i=\n1;2;:::;m, we compute the four MFs fVk; k= 0;1;2;3g \u0011 (V0;V1;V2;V3)forndifferent\nthresholds\u0017=\u00171;\u00172;:::\u0017 n, previously deﬁned dividing the range \u0000\u0017maxto\u0017maxinnequal\n– 7 –",
        "page": 8,
        "link": "https://ui.adsabs.harvard.edu/link_gateway/2015JCAP...09..064N/EPRINT_PDF",
        "title": "A neuralnetwork based estimator to search for primordial nonGaussianity in Planck CMB maps"
    },
    "2015JCAP...09..064N_page_8_chunk_5": {
        "text": "he range \u0000\u0017maxto\u0017maxinnequal\n– 7 –",
        "page": 8,
        "link": "https://ui.adsabs.harvard.edu/link_gateway/2015JCAP...09..064N/EPRINT_PDF",
        "title": "A neuralnetwork based estimator to search for primordial nonGaussianity in Planck CMB maps"
    },
    "2015JCAP...09..064N_page_9_chunk_1": {
        "text": "Figure 1 . Multilayer Perceptron.\nparts. Then, for the i-th map and for k-th MF we have not one element, but the vector\nvi\nk\u0011(Vk(\u00171);Vk(\u00172);:::V k(\u0017n))jfor thei-th map: (3.6)\nIn this work the values chosen for such variables are f\u0017max;ng=f3:5;26g[17].\nOnce calculated the MFs vectors we deﬁne the training dataset, Tfxi;yig, for the NN,\nwherexiis called input data and yithe output data, for i= 1;2;:::;m, andmis the number\nof simulated CMB maps. This training set conﬁguration is necessary in order to allow the\nnetwork to associate a certain kind of input pattern to a speciﬁc output. We set the i\u0000th\ninput vector as the MF vector of the i\u0000thsimulated map, xi=vi\nk, for just the k-th MF. The\noutput vector, yi, is deﬁned according to the number of classes Nclassof the input data. For\nexample, ifweuse N classes ofmaps, correspondingtoensembleswithdifferentnon-Gaussian\nlevels, we have Nclass =N. Then, our moutput vectors have Nelements,yi= (1;0;:::;0)\nforclass = 1,yi= (0;1;:::;0)forclass = 2, an",
        "page": 9,
        "link": "https://ui.adsabs.harvard.edu/link_gateway/2015JCAP...09..064N/EPRINT_PDF",
        "title": "A neuralnetwork based estimator to search for primordial nonGaussianity in Planck CMB maps"
    },
    "2015JCAP...09..064N_page_9_chunk_2": {
        "text": "use N classes ofmaps, correspondingtoensembleswithdifferentnon-Gaussian\nlevels, we have Nclass =N. Then, our moutput vectors have Nelements,yi= (1;0;:::;0)\nforclass = 1,yi= (0;1;:::;0)forclass = 2, and so on, until yi= (0;0;:::;1)forclass =N.\nAfter this training process, the NN should be able to identify the same pattern in a\ndifferent set of input vectors, e.g. the test dataset fxj;yjg, forj= 1;2;:::;l. That is,\nproviding to the already trained NN a dataset with linput vectorsfxj=vj\nkg, it returns l\noutput vectorsfyjg.\nAt this point the estimator described here becomes diferent from that one presented in\nour previous work. The classiﬁer estimator used the information contained in the output\nfyjgof the NN to classify each CMB map according to the class it belongs, that is, informing\nits non-Gaussian level ( fNLrange). For the current analysis the NN’s output are used to\nestimate the fNLvalue for each MC CMB map and, afterwards, the Planck CMB maps. The\ndetails of this new approach will",
        "page": 9,
        "link": "https://ui.adsabs.harvard.edu/link_gateway/2015JCAP...09..064N/EPRINT_PDF",
        "title": "A neuralnetwork based estimator to search for primordial nonGaussianity in Planck CMB maps"
    },
    "2015JCAP...09..064N_page_9_chunk_3": {
        "text": "n-Gaussian level ( fNLrange). For the current analysis the NN’s output are used to\nestimate the fNLvalue for each MC CMB map and, afterwards, the Planck CMB maps. The\ndetails of this new approach will be given below.\n3.4 The NN’s output as a bfNLestimator\nStill considering Nclass =N, one can write the output vector of each j-map as being yj=\nfyc\njg= (y1\nj;y2\nj;:::;yN\nj), whereyc\njis expected to be \u00180or\u00181. Using the yc\njelements, our\nestimator for the fNLparameter is deﬁned as\nbfj\nNL\u0011NclassX\nc=1hfNLicyc\nj; (3.7)\n– 8 –",
        "page": 9,
        "link": "https://ui.adsabs.harvard.edu/link_gateway/2015JCAP...09..064N/EPRINT_PDF",
        "title": "A neuralnetwork based estimator to search for primordial nonGaussianity in Planck CMB maps"
    },
    "2015JCAP...09..064N_page_10_chunk_1": {
        "text": "wherehfNLicis the mean of fNLvalues considering that the primordial NG corresponds to\nthec-class of MC CMB maps.\nThe initial idea to construct our estimator was inspired in the fNLclassiﬁcation esti-\nmator deﬁned by [41], where the authors consider the classiﬁcation problem using a NN in a\nprobabilistic way. Their estimator is constructed such that each element of the NN’s output\nvector is transformed into the probability of the corresponding input vector (from a CMB\nmap) to belong to the c-class.\nAfter some analysis, we have checked that using the output vector in the exact form\nthe NN returns it, that is, without transforming it into a probability quantity as in [41], our\nestimator works quite well. For this reason we decide to use this deﬁnition, Equation 3.7. In\nthe next section we expose –as an illustration– the statistical analysis performed for one of\nthe tests exposed here.\n4 Estimator application to synthetic and Planck data\nAiming to improve the efﬁciency of our estimator in ",
        "page": 10,
        "link": "https://ui.adsabs.harvard.edu/link_gateway/2015JCAP...09..064N/EPRINT_PDF",
        "title": "A neuralnetwork based estimator to search for primordial nonGaussianity in Planck CMB maps"
    },
    "2015JCAP...09..064N_page_10_chunk_2": {
        "text": "ose –as an illustration– the statistical analysis performed for one of\nthe tests exposed here.\n4 Estimator application to synthetic and Planck data\nAiming to improve the efﬁciency of our estimator in analysing Planck CMB maps we have\ntrained and tested it in the more realistic (compatible) maps and analysed a fairly large\nnumber of different datasets. These are composed by MC CMB maps contaminated with a\nmix of non-primordial non-Gaussian signals, in order to train more appropriately the NNs,\nthat is, using input data more consistent with the Planck data. All performed analyses\ncorrespond to the three following classes: fNL= [\u000020;20],class 1;fNL= [20;60],class 2;\nandfNL= [60;100],class 3; using training and test datasets composed by m=3 = 1900 and\nl=3 = 100perimeter-MF vectors, respectively, of each class of data5.\nIn addition, we also avoid possible discrepancies in the mapmaking parameters between\nsynthetic and Planck maps. An example is the difference in the scale, since the Planck ",
        "page": 10,
        "link": "https://ui.adsabs.harvard.edu/link_gateway/2015JCAP...09..064N/EPRINT_PDF",
        "title": "A neuralnetwork based estimator to search for primordial nonGaussianity in Planck CMB maps"
    },
    "2015JCAP...09..064N_page_10_chunk_3": {
        "text": "y, of each class of data5.\nIn addition, we also avoid possible discrepancies in the mapmaking parameters between\nsynthetic and Planck maps. An example is the difference in the scale, since the Planck map\nwas degraded to Nside= 512in order to have the same pixelization of the simulated maps,\nand another is the beam format of the instrumental beam, different from the Gaussian beam\nused to construct our simulations. In the case of the scale problem, diﬀerences can occur\nbecause MFs are sensitivity to the resolution scale of the temperature map. In Ref. [20], it\nwas observed a larger amplitude of the perimeter calculated from Planck map compared with\nthose calculated from the synthetic ones. This problem is minimized performing a smoothing\nprocedure on both maps (see Ref. [20] for details). Moreover, this procedure could even\nminimize effects of contamination by extragalactic sources, like SZ and lensing effects, since\nthey contribute on small scales. For these reasons, we used a smoothing",
        "page": 10,
        "link": "https://ui.adsabs.harvard.edu/link_gateway/2015JCAP...09..064N/EPRINT_PDF",
        "title": "A neuralnetwork based estimator to search for primordial nonGaussianity in Planck CMB maps"
    },
    "2015JCAP...09..064N_page_10_chunk_4": {
        "text": "reover, this procedure could even\nminimize effects of contamination by extragalactic sources, like SZ and lensing effects, since\nthey contribute on small scales. For these reasons, we used a smoothing tool with a Gaussian\nbeam of fwhm = 10arc-min, chosen to be large enough to minimize any discrepancies, besides\nnot interfering with the kind of analysis we are interested in, the constraints of local NG in\nlarge angular scale.\nThe next subsections present all performed tests, besides some statistical analysis and\nthe results from the application of the trained NN to Planck CMB data.\n4.1 Tests on synthetic data: Effects of the Galactic residuals\nThe main purpose of our analyses is to verify how much the estimator’s performance is\ninﬂuenced by the presence of a mix of non-Gaussian contaminants in the synthetic data.\n5It is worth to mention here a curious and unexpected behaviour of the NN: when trained with a large\ndataset, say thousands of maps, all generated from the set of 2000 CMB base",
        "page": 10,
        "link": "https://ui.adsabs.harvard.edu/link_gateway/2015JCAP...09..064N/EPRINT_PDF",
        "title": "A neuralnetwork based estimator to search for primordial nonGaussianity in Planck CMB maps"
    },
    "2015JCAP...09..064N_page_10_chunk_5": {
        "text": " in the synthetic data.\n5It is worth to mention here a curious and unexpected behaviour of the NN: when trained with a large\ndataset, say thousands of maps, all generated from the set of 2000 CMB base maps, or equivalently the set\nof 1000 coefﬁcients fa` mg, just varying the fNLvalues (equation 2.1), the NN looks like vitiated in the sense\nthat it overestimates the eﬃciency in the classiﬁcation of the tested maps. For this reason we decided to use\nonly these, relatively small but statistically independent , training and test datasets.\n– 9 –",
        "page": 10,
        "link": "https://ui.adsabs.harvard.edu/link_gateway/2015JCAP...09..064N/EPRINT_PDF",
        "title": "A neuralnetwork based estimator to search for primordial nonGaussianity in Planck CMB maps"
    },
    "2015JCAP...09..064N_page_11_chunk_1": {
        "text": "For this, we performed several tests, checking the behaviour of the NN when trained upon\ndifferent datasets, that is, MC CMB maps (on the above-mentioned classes) contaminated\nby a mixture of different types of Planck-like noise and, particularly important, we added\nweighted contributions of Galactic diﬀuse emissions (see all the combinations analysed in\nTable 1).\nUsing each type of dataset to train and test NNs, we were able to use the Equation 3.7\nto obtain the estimated bfNLvalues from the maps composing the test set. The results of\nthese tests are summarised in Table 2, presenting results from the analysis upon synthetic\nmaps contaminated by SMICA-like noise, and Table 3, relative to the analysis upon synthetic\nmaps contaminated by SEVEM,NILCandCommander\u0000Ruler-like noise. The second and third\ncolumns of Table 2, and third of Table 3, show the characteristics of the contamination by\nresidual Galactic emission. Moreover, aiming to better understand the impact of the presence\nof the G",
        "page": 11,
        "link": "https://ui.adsabs.harvard.edu/link_gateway/2015JCAP...09..064N/EPRINT_PDF",
        "title": "A neuralnetwork based estimator to search for primordial nonGaussianity in Planck CMB maps"
    },
    "2015JCAP...09..064N_page_11_chunk_2": {
        "text": "d third\ncolumns of Table 2, and third of Table 3, show the characteristics of the contamination by\nresidual Galactic emission. Moreover, aiming to better understand the impact of the presence\nof the Galactic residuals to the efﬁciency of the estimator, we performed two additional\ntests: Test #5, using the SMICAconﬁdence mask instead of U73 which was applied to all\nthe other tests; and Test #6, where we include just the SMICA-like noise as a non-primordial\ncontamination to the CMB signal, without considering the foreground residuals.\nIn order to evaluate how well the bfNLvalues are obtained by the NN, we deﬁne the\nquantity\n\u0001fNL\u0011fNL\u0000bfNL: (4.1)\nThe columns 4-7 of Tables 2 and 3 present the mean of the \u0001fNLvalues for the three\nclasses (i.e.,h\u0001fNLic, for the classes c= 1;2;3) and their corresponding standard deviations\n\u001b(\u0001fNL). Finally, the last column of both tables give us an idea of the maximum error\nattained by the NN, where we observe that j\u0001fNLjMAX\u001488:9among all nine tests. To\nemphas",
        "page": 11,
        "link": "https://ui.adsabs.harvard.edu/link_gateway/2015JCAP...09..064N/EPRINT_PDF",
        "title": "A neuralnetwork based estimator to search for primordial nonGaussianity in Planck CMB maps"
    },
    "2015JCAP...09..064N_page_11_chunk_3": {
        "text": "onding standard deviations\n\u001b(\u0001fNL). Finally, the last column of both tables give us an idea of the maximum error\nattained by the NN, where we observe that j\u0001fNLjMAX\u001488:9among all nine tests. To\nemphasize the role of the quantity deﬁned in the Equation 4.1, we show in Figure 2 the\nhistogramofthe \u0001fNLfrom, forexample, Test#4. Itispossibletoinferfromthisdistribution\nthat 95% of the bfNLvalues are different from the input values by j\u0001fNLj(95%) .44, that\nis to say that the value j\u0001fNLjMAX= 78:5obtained in Test #4, is just one isolated value as\nobserved in the tail of the histogram of Figure 2.\nFigure 2 . Histogram of \u0001fNLvalues obtained from Test #4.\n– 10 –",
        "page": 11,
        "link": "https://ui.adsabs.harvard.edu/link_gateway/2015JCAP...09..064N/EPRINT_PDF",
        "title": "A neuralnetwork based estimator to search for primordial nonGaussianity in Planck CMB maps"
    },
    "2015JCAP...09..064N_page_12_chunk_1": {
        "text": "In addition, we can use the concept deﬁned in Ref. [20], to test the efﬁciency of our\nestimator in the current analyses. This is done counting the number of success (called hits)\nof the NN in the classiﬁcation of the vector ycorresponding to a map of the test set. This\nclassiﬁcation is based on the class to which it belongs, which is given by the largest of the\nthree elements of the vector y. Summarising our results, in all tests here the number of\nhitsvaries in the range 60%\u000070%, clearly less than the \u001895%of hits achieved in Ref.\n[20], although obtained under different circumstances. This diﬀerence in the performances\nindicates that the current analyses with new features, like the continuity of the fNLintervals\ndeﬁning the classes and, mainly, the smaller size of training datasets (see section 4 for details),\nnow restricted to the set of 2000 CMB base maps, contribute to diminish the efﬁciency of our\nestimator. From other side, observing Figure 3 and also Table 2, one can compare the ",
        "page": 12,
        "link": "https://ui.adsabs.harvard.edu/link_gateway/2015JCAP...09..064N/EPRINT_PDF",
        "title": "A neuralnetwork based estimator to search for primordial nonGaussianity in Planck CMB maps"
    },
    "2015JCAP...09..064N_page_12_chunk_2": {
        "text": "ction 4 for details),\nnow restricted to the set of 2000 CMB base maps, contribute to diminish the efﬁciency of our\nestimator. From other side, observing Figure 3 and also Table 2, one can compare the results\nin the classiﬁcation of the test maps, for each one of the three classes, for the Tests #4, 5,\nand 6. Indeed, the estimates for these three tests show a great agreement between them,\nallowing to conclude that the addition of a mixture of non-primordial non-Gaussian signals\ncontaminating the MC CMB test maps, and the use of a different mask, has no signiﬁcant\neffect on the estimator performance.\nTestWeightFreq.h\u0001fNLic\u001b(\u0001fNL)Max(j\u0001fNLj)# (GHz)c= 1c= 2c= 3\n10.1 %70 -15.6 0.3 18.8 25.7 84.7\n2 217 -14.3 -1.2 12.7 24.8 76.6\n310 %70 -15.0 -0.2 15.4 24.1 74.0\n4 217 -16.3 1.7 17.4 22.8 78.5\n5a10 % 217 -10.4 1.9 15.9 23.2 88.9\n6b— — -17.0 -2.9 11.6 23.2 80.0\naThe only test we use the corresponding SMICAconﬁdence mask and not U73 mask.\nbNon-primordial contamination given only by the SMICA-lik",
        "page": 12,
        "link": "https://ui.adsabs.harvard.edu/link_gateway/2015JCAP...09..064N/EPRINT_PDF",
        "title": "A neuralnetwork based estimator to search for primordial nonGaussianity in Planck CMB maps"
    },
    "2015JCAP...09..064N_page_12_chunk_3": {
        "text": "0 % 217 -10.4 1.9 15.9 23.2 88.9\n6b— — -17.0 -2.9 11.6 23.2 80.0\naThe only test we use the corresponding SMICAconﬁdence mask and not U73 mask.\nbNon-primordial contamination given only by the SMICA-like noise, i.e., without considering\nthe foreground residuals.\nTable 2. Results of the tests on datasets contaminated by SMICA-like noise.\nTestNoise-likeFreq.h\u0001fNLic\u001b(\u0001fNL)Max\n# (GHz)c= 1c= 2c= 3 (j\u0001fNLj)\n7 NILC 217 -19.2 -4.5 12.3 24.8 80.9\n8 SEVEM 217 -18.1 -2.7 11.3 23.3 80.4\n9 Commander\u0000Ruler 70 -17.3 -2.4 14.7 23.9 71.8\nTable 3. Resultsofthetestsondatasetscontaminatedby NILC-,SEVEM-, and Commander\u0000Ruler-like\nnoise.\nThe discussion above emphasises the good performance of the estimator, in addition to\nbe a support to our choice in deﬁning the estimator as in Equation 3.7, using directly the\noutput vector for bfNLcalculations. This choice can be even strengthened based on Figure 4,\nconstructed using the results from Test #4, which graphically exhibit the dispersion of the\nbfNLestimated val",
        "page": 12,
        "link": "https://ui.adsabs.harvard.edu/link_gateway/2015JCAP...09..064N/EPRINT_PDF",
        "title": "A neuralnetwork based estimator to search for primordial nonGaussianity in Planck CMB maps"
    },
    "2015JCAP...09..064N_page_12_chunk_4": {
        "text": "utput vector for bfNLcalculations. This choice can be even strengthened based on Figure 4,\nconstructed using the results from Test #4, which graphically exhibit the dispersion of the\nbfNLestimated values relatively to the input values. Directly comparing input and estimated\nvalues, besides also using binned intervals6, Figure 4 allows to verify the agreement between\n6The black symbols in Figure 4 corresponds to the binned representation of the relation between the fNL\nand bfNLvalues.\n– 11 –",
        "page": 12,
        "link": "https://ui.adsabs.harvard.edu/link_gateway/2015JCAP...09..064N/EPRINT_PDF",
        "title": "A neuralnetwork based estimator to search for primordial nonGaussianity in Planck CMB maps"
    },
    "2015JCAP...09..064N_page_13_chunk_1": {
        "text": "Figure 3 . Graphic of the input fNLvalues (black) and the estimates, bfNL, obtained from Tests\n#4 (blue) and #5 (green), both contamination by SMICA-like noise and Galactic foreground residual,\nbut using diﬀerent masks, namely, U73 and SMICAconﬁdence mask, respectively; and Test #6 (red),\ncontaminated only by SMICA-like noise, with U73 cut-sky mask. We plotted the estimated values for\n30 maps of each class.\nthem: as clearly seen the black symbols follow the equality line fairly well. In addition, we\ncan also observe from the binned representation and the h\u0001fNLicvalues in Tables 2 and 3\nthat for lower values of fNLthe estimated values, bfNL, are slightly shifted to higher values,\nand the opposite occurs for larger input values, fNL(a similar behaviour was observed by\n[41]). However, this small bias is accounted in the error estimatives, \u001b(\u0001fNL).\nFigure 4 . Graph of estimated ( bfNLfrom Test #4) and input values of fNLfor each class (gray\nsymbols). Black symbols correspond to binned inte",
        "page": 13,
        "link": "https://ui.adsabs.harvard.edu/link_gateway/2015JCAP...09..064N/EPRINT_PDF",
        "title": "A neuralnetwork based estimator to search for primordial nonGaussianity in Planck CMB maps"
    },
    "2015JCAP...09..064N_page_13_chunk_2": {
        "text": "all bias is accounted in the error estimatives, \u001b(\u0001fNL).\nFigure 4 . Graph of estimated ( bfNLfrom Test #4) and input values of fNLfor each class (gray\nsymbols). Black symbols correspond to binned intervals. The diagonal dashed straight is the equality\nline.\n– 12 –",
        "page": 13,
        "link": "https://ui.adsabs.harvard.edu/link_gateway/2015JCAP...09..064N/EPRINT_PDF",
        "title": "A neuralnetwork based estimator to search for primordial nonGaussianity in Planck CMB maps"
    },
    "2015JCAP...09..064N_page_14_chunk_1": {
        "text": "4.2 Applying a trained NN to Planck CMB maps\nPrevioussection presented severalstatisticalanalyses showing theresults from theapplication\nof the NN derived from Test #4. We consider this NN as a good example because it is the\nmost appropriate among the six NNs used to analyse the SMICAmap. This choice is based on\na crucial information (see section 2.2 for details): the type of residual contamination expected\nfor the SMICAmap, as discussed in [23], is an under-subtracted thermal dust emission. Since\ndust emission is more signiﬁcant at high frequencies, we just chose the NN derived from\nsimulated maps contaminated with Galactic signals in 217 GHz.\nIn this sense, it is important to emphasise that the application of our estimator in the\nanalysisofthereleasedPlanckCMBmapshastobedoneusingthemostappropriatelytrained\nNNs, that is, those trained using perimeter-MF vectors derived from the most compatible\nsimulations with real data. This is the reason why we have performed all above mentioned\ntes",
        "page": 14,
        "link": "https://ui.adsabs.harvard.edu/link_gateway/2015JCAP...09..064N/EPRINT_PDF",
        "title": "A neuralnetwork based estimator to search for primordial nonGaussianity in Planck CMB maps"
    },
    "2015JCAP...09..064N_page_14_chunk_2": {
        "text": "ppropriatelytrained\nNNs, that is, those trained using perimeter-MF vectors derived from the most compatible\nsimulations with real data. This is the reason why we have performed all above mentioned\ntests using those speciﬁc datasets for training our NNs. This allows us to conclude that the\nSMICA,NILC,SEVEMand Commander\u0000RulerCMB maps are more appropriately analysed\nusing the NNs derived from Tests #4, 7, 8, and 9, respectively. Notice also that, we based\nour choices considering the worse scenario, that is, the tests with large weight value, 10%,\nin order to have a residual signal below a few \u0016K in amplitude, as expected by the Planck\nCollaboration (see [23] for details).\nThe results from analysing the Planck CMB maps using the corresponding trained NNs\nare summarized in Table 4, presenting the bfNLvalues and the associated error bars. We would\nlike to emphasize the good agreement between our estimates and Planck and WMAP last\nresults. Specially regarding the SMICAmap, derived from the co",
        "page": 14,
        "link": "https://ui.adsabs.harvard.edu/link_gateway/2015JCAP...09..064N/EPRINT_PDF",
        "title": "A neuralnetwork based estimator to search for primordial nonGaussianity in Planck CMB maps"
    },
    "2015JCAP...09..064N_page_14_chunk_3": {
        "text": "he bfNLvalues and the associated error bars. We would\nlike to emphasize the good agreement between our estimates and Planck and WMAP last\nresults. Specially regarding the SMICAmap, derived from the component separation method\nconsideredtheleadingmethodduetoitsgoodperformanceachievedontheFFP6simulations,\nand, for this, the most extensively analysed CMB map by Planck collaboration [23].\nTest # Planck Map bfNL\n4 SMICA 33\u000623\n13 NILC 38\u000625\n14 SEVEM 41\u000623\n15 Commander\u0000Ruler39\u000624\nTable 4 . Results of applying the trained NNs to the four foreground-cleaned Planck CMB maps.\nError bars refer to the 1\u001bconﬁdence level computed from the simulated data (see Tables 2 and 3).\n5 Conclusions and ﬁnal remarks\nWe employed here a combined MF and NN based estimator that reveals high performance in\nanalyses aimed to constrain the primordial NG present in sets of simulated CMB maps, but\nconsidering the presence of weighted mixtures of residual Galactic foregrounds. In a previous\nwork [20] it was presented a ﬁ",
        "page": 14,
        "link": "https://ui.adsabs.harvard.edu/link_gateway/2015JCAP...09..064N/EPRINT_PDF",
        "title": "A neuralnetwork based estimator to search for primordial nonGaussianity in Planck CMB maps"
    },
    "2015JCAP...09..064N_page_14_chunk_4": {
        "text": "d to constrain the primordial NG present in sets of simulated CMB maps, but\nconsidering the presence of weighted mixtures of residual Galactic foregrounds. In a previous\nwork [20] it was presented a ﬁrst version of this estimator, as well as several and exhaustive\ntests done to evaluate its performance in classifying synthetic datasets according to its fNL\nrange. Although results from its application to Planck data seemingly agreed with latest\nresults from Planck and WMAP-9yr data analyses, the results were imprecise in constraining\nthefNLvalue in Planck CMB maps.\nIn the present work we have upgraded our estimator in two main aspects: (1) improving\nthe way how the output vectors of the NNs are treated, using their elements to directly\n– 13 –",
        "page": 14,
        "link": "https://ui.adsabs.harvard.edu/link_gateway/2015JCAP...09..064N/EPRINT_PDF",
        "title": "A neuralnetwork based estimator to search for primordial nonGaussianity in Planck CMB maps"
    },
    "2015JCAP...09..064N_page_15_chunk_1": {
        "text": "estimate the fNLvalues of the CMB maps (see Equation 3.7 for the deﬁnition of bfNL), and\n(2) testing its performance in a wide range of likely and unlikely scenarios, and this was done\nperforming the training processes upon diverse sets of simulated maps, contaminated with\nweighted residual Galactic contaminations besides inhomogeneous noise and primordial NG,\nconstructed in such a way to achieve more realistic features, that, consequently, make them\nmore compatible with Planck data. According to our results, the second point is the most\nimportant prescription to obtain a good performance of the estimator, what justiﬁes all the\nperformed tests.\nThe tests were initiated aiming to evaluate the efﬁciency of the estimator when applied\nto simulated data contaminated by a mix of secondary non-Gaussian signals. Based on the\nstatistical analyses of the obtained bfNLvalues, which were derived from Tests #1 to 9 and\nwhose results are presented in Tables 2 and 3, one can conﬁrm the excellent perf",
        "page": 15,
        "link": "https://ui.adsabs.harvard.edu/link_gateway/2015JCAP...09..064N/EPRINT_PDF",
        "title": "A neuralnetwork based estimator to search for primordial nonGaussianity in Planck CMB maps"
    },
    "2015JCAP...09..064N_page_15_chunk_2": {
        "text": "ussian signals. Based on the\nstatistical analyses of the obtained bfNLvalues, which were derived from Tests #1 to 9 and\nwhose results are presented in Tables 2 and 3, one can conﬁrm the excellent performance of\nour estimator.\nTo emphasise the results achieved here observe that, as shown in Ref. [20], the perfor-\nmance of our combined estimator is related to the size of the training datasets. For this, it\nis expected that the eﬃciency of the NN in the current analyses could still be improved with\nlarger sets offaG\n` mgandfaNG\n` mg, in order to produce a better training of the NN. Nevertheless,\nwith the available set of synthetic maps for training the NNs, we still obtained fairly good\nvalues for the standard deviation \u001b(\u0001fNL), all in the range 22:8\u000025:7(calculated from the\ndifference between the input and the estimated bfNLvalues).\nUsing a methodological procedure we select a set of four NNs that we apply to the\nforeground-cleaned Planck CMB maps, obtaining the bfNLvalue in each case (s",
        "page": 15,
        "link": "https://ui.adsabs.harvard.edu/link_gateway/2015JCAP...09..064N/EPRINT_PDF",
        "title": "A neuralnetwork based estimator to search for primordial nonGaussianity in Planck CMB maps"
    },
    "2015JCAP...09..064N_page_15_chunk_3": {
        "text": "n the input and the estimated bfNLvalues).\nUsing a methodological procedure we select a set of four NNs that we apply to the\nforeground-cleaned Planck CMB maps, obtaining the bfNLvalue in each case (see Table 4).\nThe four NNs were trained using datasets simulated considering the same weight value (10%)\nand obeying the informations given in [23] regarding the expected residual contaminations\nby secondary non-Gaussian signals in Planck maps. For this reason, the differences obtained\nbetween the estimates for each CMB map are comprehensive, and allow us to conclude that\nthe Planck CMB maps could have a residual contamination higher than that ones considered\nin our simulations, or even other types of non-primordial signals. Therefore, from our ﬁnal\nresults, namely, bfNL= 38\u000625;41\u000623and 39\u000624forNILC,SEVEM, and Commander\u0000Ruler\nrespectively, and specially from the analyses of the SMICAmap, with bfNL= 33\u000623, corre-\nsponding to the 1\u001bconﬁdence level, we conclude that our estimates are in excell",
        "page": 15,
        "link": "https://ui.adsabs.harvard.edu/link_gateway/2015JCAP...09..064N/EPRINT_PDF",
        "title": "A neuralnetwork based estimator to search for primordial nonGaussianity in Planck CMB maps"
    },
    "2015JCAP...09..064N_page_15_chunk_4": {
        "text": "rNILC,SEVEM, and Commander\u0000Ruler\nrespectively, and specially from the analyses of the SMICAmap, with bfNL= 33\u000623, corre-\nsponding to the 1\u001bconﬁdence level, we conclude that our estimates are in excellent agreement\nwith the latest constraints on this primordial local NG from WMAP-9yr [12] and Planck [10]\ndata analyses, i.e., fNL= 38\u000618, for the large angular scales. Ultimately, it is still worth\nto emphasize that all our analyses refer to the large angular scales where the effects of the\nprimordial NG, with intensity fNL, seems to be more distinctive [18, 19].\nAcknowledgments\nWe are grateful for the use of the Legacy Archive for Microwave Background Data Analysis\n(LAMBDA) and of the faG\n` mgandfaNG\n` mgsimulations [30]. We also acknowledge the use of\nCAMB (http://lambda.gsfc.nasa.gov/toolbox/tb_camb_form.cfm), developed by A. Lewis\nand A. Challinor (http://camb.info/), and of the code for calculating the MFs, from [17] and\n[47]. Some of the results in this paper have been derived using ",
        "page": 15,
        "link": "https://ui.adsabs.harvard.edu/link_gateway/2015JCAP...09..064N/EPRINT_PDF",
        "title": "A neuralnetwork based estimator to search for primordial nonGaussianity in Planck CMB maps"
    },
    "2015JCAP...09..064N_page_15_chunk_5": {
        "text": "x/tb_camb_form.cfm), developed by A. Lewis\nand A. Challinor (http://camb.info/), and of the code for calculating the MFs, from [17] and\n[47]. Some of the results in this paper have been derived using the HEALPix package [29].\nAB acknowledges a CAPES PVE project, and CPN acknowledges a Capes fellowship. CAW\nacknowledges the CNPq grant 308202/2010-4. We would like to thank the anonymous referee\nfor very useful comments and feedback on this paper.\n– 14 –",
        "page": 15,
        "link": "https://ui.adsabs.harvard.edu/link_gateway/2015JCAP...09..064N/EPRINT_PDF",
        "title": "A neuralnetwork based estimator to search for primordial nonGaussianity in Planck CMB maps"
    },
    "2015JCAP...09..064N_page_16_chunk_1": {
        "text": "References\n[1] A.H. Guth, Inﬂationary universe: A possible solution to the horizon and ﬂatness problems ,\nPhys. Rev. D 23(1981) 347\n[2] L. R. Abramo, A. Bernui and T. S. Pereira, Searching for planar signatures in WMAP ,JCAP\n12(2009) 013 [arXiv:0909.5395]\n[3] M. Kawasaki, K. Nakayama and F. Takahashi, Hilltop non-gaussianity ,JCAP 01(2009a) 026\n[arXiv:0810.1585]\n[4] M. Kawasaki, K. Nakayama, T. Sekiguchi, T. Suyama and F. Takahashi, A general analysis of\nnon-gaussianity from isocurvature perturbations ,JCAP 01(2009b) 042 [arXiv:0810.0208]\n[5] E. Komatsu et al., Non-Gaussianity as a Probe of the Physics of the Primordial Universe and\nthe Astrophysics of the Low Redshift Universe , 2009 [arXiv:0902.4759]\n[6] E. Komatsu, Hunting for primordial non-Gaussianity in the cosmic microwave background ,\nCQG 27(2010) 124010 [arXiv:1003.6097]\n[7] X. Chen, Primordial Non-Gaussianities from Inﬂation Models ,Advances in Astronomy (2010)\n638979 [arXiv:1002.1416]\n[8] Planck Collaboration, Planck 2013 re",
        "page": 16,
        "link": "https://ui.adsabs.harvard.edu/link_gateway/2015JCAP...09..064N/EPRINT_PDF",
        "title": "A neuralnetwork based estimator to search for primordial nonGaussianity in Planck CMB maps"
    },
    "2015JCAP...09..064N_page_16_chunk_2": {
        "text": "d ,\nCQG 27(2010) 124010 [arXiv:1003.6097]\n[7] X. Chen, Primordial Non-Gaussianities from Inﬂation Models ,Advances in Astronomy (2010)\n638979 [arXiv:1002.1416]\n[8] Planck Collaboration, Planck 2013 results. XXII. Constraints on inﬂation ,A&A 571(2014)\nA22 [arXiv:1303.5082]\n[9] Planck Collaboration, Planck 2013 results. XXIII. Isotropy and statistics of the CMB ,A&A\n571(2014) A23 [arXiv:1303.5083]\n[10] Planck Collaboration, Planck 2013 results. XXIV. Constraints on primordial non-Gaussianity ,\nA&A 571(2014) A24 [arXiv:1303.5084]\n[11] E. Komatsu et al., First-Year Wilkinson Microwave Anisotropy Probe (WMAP) Observations:\nTests of Gaussianity ,ApJS 148(2003) 119 [astro-ph/0302223]\n[12] C. L. Bennett et al., Nine-Year Wilkinson Microwave Anisotropy Probe (WMAP)\nObservations: Final Maps and Results ,ApJS 208(2013) 20 [arXiv:1212.5225]\n[13] N. Bartolo, E. Komatsu, S. Matarrese and A. Riotto, Non-Gaussianity from inﬂation: Theory\nand observations ,Phys. Rep. 402(2004) 103 [astro-ph/0406398]\n[",
        "page": 16,
        "link": "https://ui.adsabs.harvard.edu/link_gateway/2015JCAP...09..064N/EPRINT_PDF",
        "title": "A neuralnetwork based estimator to search for primordial nonGaussianity in Planck CMB maps"
    },
    "2015JCAP...09..064N_page_16_chunk_3": {
        "text": "ults ,ApJS 208(2013) 20 [arXiv:1212.5225]\n[13] N. Bartolo, E. Komatsu, S. Matarrese and A. Riotto, Non-Gaussianity from inﬂation: Theory\nand observations ,Phys. Rep. 402(2004) 103 [astro-ph/0406398]\n[14] N. Bartolo, S. Matarrese and A. Riotto, Non-Gaussianity and the Cosmic Microwave\nBackground Anisotropies ,Advances in Astronomy (2010) 157079 [arXiv:1001.3957]\n[15] A. Bernui, A. F. Oliveira and T. S. Pereira, North-South non-Gaussian asymmetry in\nPLANCK CMB maps ,JCAP 1410(2014) 041 [arXiv:1404.2936]\n[16] A. Bernui and M.J. Rebouças, Mapping possible non-Gaussianity in the Planck maps ,A&A\n573(2015) A114 [arXiv:1405.1128]\n[17] A. Ducout, F. Bouchet, S. Colombi, D. Pogosyan and S. Prunet, Non Gaussianity and\nMinkowski Functionals: forecasts for Planck ,MNRAS 429(2013) 2104 [arXiv:1209.1223]\n[18] H. I. Modest et al., Scale-dependent non-Gaussianities in the CMB data identiﬁed with\nMinkowski functionals and scaling indices ,MNRAS 428(2013) 551\n[19] C. Räth , A. J. Banday, G. Rossmanith, ",
        "page": 16,
        "link": "https://ui.adsabs.harvard.edu/link_gateway/2015JCAP...09..064N/EPRINT_PDF",
        "title": "A neuralnetwork based estimator to search for primordial nonGaussianity in Planck CMB maps"
    },
    "2015JCAP...09..064N_page_16_chunk_4": {
        "text": "]\n[18] H. I. Modest et al., Scale-dependent non-Gaussianities in the CMB data identiﬁed with\nMinkowski functionals and scaling indices ,MNRAS 428(2013) 551\n[19] C. Räth , A. J. Banday, G. Rossmanith, H. Modest, R. Sütterlin, K. M. Górski, J. Delabrouille\nand G. E. Morﬁll, Scale-dependent non-Gaussianities in the WMAP data as identiﬁed by using\nsurrogates and scaling indices ,MNRAS 415(2011) 2205 [arXiv:1012.2985]\n[20] C. P. Novaes, A. Bernui, I. S. Ferreira and C. A. Wuensche, Searching for primordial\nnon-Gaussianity in Planck CMB maps using a combined estimator ,JCAP 01(2014) 018\n[arXiv:1312.3293]\n[21] H. Minkowski, Volumen und Oberﬂäche ,Mathematische Annalen 57(1903) 447\n– 15 –",
        "page": 16,
        "link": "https://ui.adsabs.harvard.edu/link_gateway/2015JCAP...09..064N/EPRINT_PDF",
        "title": "A neuralnetwork based estimator to search for primordial nonGaussianity in Planck CMB maps"
    },
    "2015JCAP...09..064N_page_17_chunk_1": {
        "text": "[22] S. S. Haykin, Neural networks: a comprehensive foundation , Prentice Hall, New York, NY\n(1999)\n[23] Planck Collaboration, Planck 2013 results. XII. Diﬀuse component separation ,A&A 571\n(2014) A12 [arXiv:1303.5072]\n[24] N. Aghanim, S. Majumdar and J. Silk, Secondary anisotropies of the CMB ,Rept. Prog. Phys.\n71(2008) 066902 [arXiv:0711.0518]\n[25] P. K. Aluri, P. K. Räth and P. Jain, Pixel and multipole space correlation analysis of CMB with\nforegrounds , 2012 [arXiv:1202.2678]\n[26] D. Munshi, S. Joudaki, J. Smidt, P. Coles and S. T. Kay, Statistical properties of thermal\nSunyaev-Zel’dovich maps ,MNRAS 429(2013a) 1564 [arXiv:1106.0766]\n[27] C. P. Novaes and C. A. Wuensche, Identiﬁcation of galaxy clusters in cosmic microwave\nbackground maps using the Sunyaev-Zel’dovich eﬀect ,A&A 545(2012) A34 [arXiv:1211.5843]\n[28] Planck Collaboration, Planck 2013 results. XXVIII. The Planck Catalogue of Compact Sources ,\nA&A 571(2014) A28 [arXiv:1303.5088]\n[29] K. M. Górski, E. Hivon, A. J. Banda",
        "page": 17,
        "link": "https://ui.adsabs.harvard.edu/link_gateway/2015JCAP...09..064N/EPRINT_PDF",
        "title": "A neuralnetwork based estimator to search for primordial nonGaussianity in Planck CMB maps"
    },
    "2015JCAP...09..064N_page_17_chunk_2": {
        "text": "12) A34 [arXiv:1211.5843]\n[28] Planck Collaboration, Planck 2013 results. XXVIII. The Planck Catalogue of Compact Sources ,\nA&A 571(2014) A28 [arXiv:1303.5088]\n[29] K. M. Górski, E. Hivon, A. J. Banday, B. D. Wandelt, F. K. Hansen, M. Reinecke and M.\nBartelman, HEALPix: A Framework for High-Resolution Discretization and Fast Analysis of\nData Distributed on the Sphere ,ApJ622(2005) 759\n[30] F. Elsner and B. D. Wandelt, Improved simulation of non-Gaussian temperature and\npolarization CMB maps ,ApJS 184(2009) 264 [arXiv:0909.0009]\n[31] Planck Collaboration, Planck 2013 results. I. Overview of products and scientiﬁc results ,A&A\n571(2014) A1 [arXiv:1303.5062]\n[32] A. de Oliveira-Costa et al., A model of diﬀuse Galactic radio emission from 10 MHz to 100\nGHz,MNRAS 388(2008) 247 [arXiv:0802.1525]\n[33] C. L. Bennett et al., Nine-year Wilkinson Microwave Anisotropy Probe (WMAP) Observations:\nFinal Maps and Results ,ApJS 208(2013) 20 [arXiv:1212.5225]\n[34] Planck Collaboration ES, The Explanator",
        "page": 17,
        "link": "https://ui.adsabs.harvard.edu/link_gateway/2015JCAP...09..064N/EPRINT_PDF",
        "title": "A neuralnetwork based estimator to search for primordial nonGaussianity in Planck CMB maps"
    },
    "2015JCAP...09..064N_page_17_chunk_3": {
        "text": "\n[33] C. L. Bennett et al., Nine-year Wilkinson Microwave Anisotropy Probe (WMAP) Observations:\nFinal Maps and Results ,ApJS 208(2013) 20 [arXiv:1212.5225]\n[34] Planck Collaboration ES, The Explanatory Supplement to the Planck 2013 results (ESA)\n[35] K. R. Mecke, T. Buchert and H. Wagner, Robust morphological measures for large-scale\nstructure in the Universe ,A&A 288(1994) 697 [astro-ph/9312028]\n[36] D. Novikov, H. A. Feldman, S. F. Shandarin, Minkowski Functionals and Cluster Analysis for\nCMB Maps ,Int. J. Mod. Phys. D 8(1999) 291 [astro-ph/9809238]\n[37] H. K. Eriksen, D. I. Novikov, P. B. Lilje, A. J. Banday and K. M. Górski, Testing for\nNon-Gaussianity in the Wilkinson Microwave Anisotropy Probe Data: Minkowski Functionals\nand the Length of the Skeleton ,ApJ612(2004) 64 [astro-ph/0401276]\n[38] P. D. Naselsky, D. I. Novikov and I. D. Novikov, The Physics of the Cosmic Microwave\nBackground , Cambridge Univ. Press, Cambridge, UK (2006)\n[39] C.Hikage and T. Matsubara, Limits on second-",
        "page": 17,
        "link": "https://ui.adsabs.harvard.edu/link_gateway/2015JCAP...09..064N/EPRINT_PDF",
        "title": "A neuralnetwork based estimator to search for primordial nonGaussianity in Planck CMB maps"
    },
    "2015JCAP...09..064N_page_17_chunk_4": {
        "text": "76]\n[38] P. D. Naselsky, D. I. Novikov and I. D. Novikov, The Physics of the Cosmic Microwave\nBackground , Cambridge Univ. Press, Cambridge, UK (2006)\n[39] C.Hikage and T. Matsubara, Limits on second-order non-Gaussianity from Minkowski\nfunctionals of WMAP 7-year data ,MNRAS 425(2012) 2187 [arXiv:1207.1183]\n[40] D. Munshi, P. Coles and A. Heavens, Secondary anisotropies in CMB, skew-spectra and\nMinkowski Functionals ,MNRAS 428(2013b) 2628\n[41] B. Casaponsa, M. Bridges, A. Curto, R. B. Barreiro, M. P. Hobson and E. Martínez-González,\nConstraints on fNL from Wilkinson Microwave Anisotropy Probe 7-year data using a neural\nnetwork classiﬁer ,MNRAS 416(2011) 457 [arXiv:1105.6116]\n[42] W. S. McCulloch and W. H. Pitts, A logical calculus of the ideas immanent in nervous activity ,\nBulletin of Mathematical Biophysics 5(1943) 115\n– 16 –",
        "page": 17,
        "link": "https://ui.adsabs.harvard.edu/link_gateway/2015JCAP...09..064N/EPRINT_PDF",
        "title": "A neuralnetwork based estimator to search for primordial nonGaussianity in Planck CMB maps"
    },
    "2015JCAP...09..064N_page_17_chunk_5": {
        "text": "hematical Biophysics 5(1943) 115\n– 16 –",
        "page": 17,
        "link": "https://ui.adsabs.harvard.edu/link_gateway/2015JCAP...09..064N/EPRINT_PDF",
        "title": "A neuralnetwork based estimator to search for primordial nonGaussianity in Planck CMB maps"
    },
    "2015JCAP...09..064N_page_18_chunk_1": {
        "text": "[43] F. Rosenblatt, The Perceptron, A Perceiving and Recognizing Automaton , Cornell Aeronautical\nLaboratory, Project Para Report No. 85-460-1 (1957)\n[44] D. E. Rumelhart, G. E. Hinton and R. J. Willians, Learning internal representations of\nback-propagating error ,Nature 323(1986) 533\n[45] G. Zhang, M. Y. Hu and B. E. Patuwo, Forecasting with artiﬁcial neural networks: the state of\nthe art,Int J Forecast 14(1998) 35\n[46] I. A. Basheer and M. Hajmeer, Artiﬁcial neural networks: fundamentals, computing, design,\nand application ,Journal of Microbiological Methods 43(2000) 3\n[47] C. Gay, C. Pichon and D. Pogosyan, Non-Gaussian statistics of critical sets in 2D and 3D:\nPeaks, voids, saddles, genus, and skeleton ,Phys. Rev. D 85(2012) 023011 [arXiv:1110.0261]\n[48] C. Gay, C. Pichon and D. Pogosyan, Planck 2013 results. XVI. Cosmological parameters ,A&A\n571(2014) A16 [arXiv:1303.5076]\n– 17 –",
        "page": 18,
        "link": "https://ui.adsabs.harvard.edu/link_gateway/2015JCAP...09..064N/EPRINT_PDF",
        "title": "A neuralnetwork based estimator to search for primordial nonGaussianity in Planck CMB maps"
    },
    "2015JCAP...09..064N_page_18_chunk_2": {
        "text": "yan, Planck 2013 results. XVI. Cosmological parameters ,A&A\n571(2014) A16 [arXiv:1303.5076]\n– 17 –",
        "page": 18,
        "link": "https://ui.adsabs.harvard.edu/link_gateway/2015JCAP...09..064N/EPRINT_PDF",
        "title": "A neuralnetwork based estimator to search for primordial nonGaussianity in Planck CMB maps"
    }
}