{
    "2015A&A...573A...7W_page_1_chunk_1": {
        "text": "Astronomy &Astrophysics manuscript no. weidinger_rlang c\rESO 2022\nMarch 25, 2022\nA self-consistent and time-dependent hybrid blazar emission\nmodel\nProperties and application\nM. Weidinger1and F. Spanier2\n1Lehrstuhl für Theoretische Physik IV , Ruhr-Universität Bochum, Universitätsstr. 150, 44780 Bochum\ne-mail: mweidinger@tp4.rub.de\n2Centre for Space Research, Private Bag X2600, Potchefstroom Campus, North-West University, Potchefstroom 2520\ne-mail: felix@fspanier.de\nReceived March 15, 2014; revised: October 8, 2014; accepted: October 9, 2014\nABSTRACT\nAims. A time-dependent emission model for blazar jets, taking acceleration due to Fermi-I and Fermi-II processes for electrons and\nprotons as well as all relevant radiative processes self-consistently into account, is presented.\nMethods. The presence of highly relativistic protons within the jet extends the simple synchrotron self-Compton case not only in the\nvery high energy radiation of blazars, but also in the X-ray regime, introducing n",
        "page": 1,
        "link": "https://ui.adsabs.harvard.edu/link_gateway/2015A&A...573A...7W/EPRINT_PDF",
        "title": "A selfconsistent and timedependent hybrid blazar emission model. Properties and application"
    },
    "2015A&A...573A...7W_page_1_chunk_2": {
        "text": "esence of highly relativistic protons within the jet extends the simple synchrotron self-Compton case not only in the\nvery high energy radiation of blazars, but also in the X-ray regime, introducing non-linear behaviour in the emitting region of the\nmodel by photon-meson production and emerging electron positron pair cascades.\nResults. We are able to investigate the variability patterns of blazars in terms of our model in all energy bands, thus narrowing down\nthe parameters used. The blazar 1 ES 1011 +496 serves as an example of how this model is applied to high frequency peaked BL\nLac Objects in the presence of non-thermal protons within the jet. Typical multiband patterns are derived, which are experimentally\naccessible.\nKey words. acceleration of particles — galaxies: active — galaxies: jets — quasars: general — quasars: individual(1ES1011 +496)\n— gamma rays: general\n1. Introduction\nThe origin of the characteristic highly non-thermal radiation\nfrom blazars, a subclass of active gala",
        "page": 1,
        "link": "https://ui.adsabs.harvard.edu/link_gateway/2015A&A...573A...7W/EPRINT_PDF",
        "title": "A selfconsistent and timedependent hybrid blazar emission model. Properties and application"
    },
    "2015A&A...573A...7W_page_1_chunk_3": {
        "text": " jets — quasars: general — quasars: individual(1ES1011 +496)\n— gamma rays: general\n1. Introduction\nThe origin of the characteristic highly non-thermal radiation\nfrom blazars, a subclass of active galactic nuclei (AGN) with the\nhighly relativistic outﬂow emerging under a small angle to the\nline of sight, is undoubtedly the jet. The two prominent humps\nin the spectral energy distribution (SED) of these objects, one in\nthe optical to X-ray regime and a second one occurring at the\nhighest energies up to TeV , require high beaming factors which\nonly the jet can provide (Urry 1998). Blazars have gained a lot\nof interest over the past decades mainly as a result of the dis-\ncovery of their variable very high energy (VHE) emission with\nvariations of many orders of magnitudes in the TeV regime using\nAir-Cherenkov telescopes like H.E.S.S., MAGIC, and VERITAS\nentrenching gamma-ray astronomy as its own ﬁeld of research,\nfrom Punch et al. (1992) to Aharonian et al. (2007). With the\nFermi satellite a",
        "page": 1,
        "link": "https://ui.adsabs.harvard.edu/link_gateway/2015A&A...573A...7W/EPRINT_PDF",
        "title": "A selfconsistent and timedependent hybrid blazar emission model. Properties and application"
    },
    "2015A&A...573A...7W_page_1_chunk_4": {
        "text": "\nAir-Cherenkov telescopes like H.E.S.S., MAGIC, and VERITAS\nentrenching gamma-ray astronomy as its own ﬁeld of research,\nfrom Punch et al. (1992) to Aharonian et al. (2007). With the\nFermi satellite and its all-sky survey capabilities (in orbit since\n2009), the availability of multiwavelength (MWL) data (com-\nbined with radio, optical, and X-ray observations using the Swift\nsatellite, RXTE, Chandra etc.) has rapidly increased so that the\nvariable emission of AGN can be monitored in di \u000berent energy\nbands. This data and the steadily increasing number of discov-\nered blazars provides a solid basis for systematic investigations\nwith theoretical emission models.\nThere have been many attempts to classify blazars, for example\nusing visible line emission (Strittmatter et al. 1972; Marcha et\nal. 1996; Urry 1998), which in the end was summarized in the\nblazar sequence, ﬁrst proposed by Fossati et al. (1998). Although\nthere are exceptions, the most luminous blazars, ﬂat spectrumradio quasars (FS",
        "page": 1,
        "link": "https://ui.adsabs.harvard.edu/link_gateway/2015A&A...573A...7W/EPRINT_PDF",
        "title": "A selfconsistent and timedependent hybrid blazar emission model. Properties and application"
    },
    "2015A&A...573A...7W_page_1_chunk_5": {
        "text": "996; Urry 1998), which in the end was summarized in the\nblazar sequence, ﬁrst proposed by Fossati et al. (1998). Although\nthere are exceptions, the most luminous blazars, ﬂat spectrumradio quasars (FSRQ), peak at the lowest energies whereas the\nfaintest, high frequency peaked BL Lac Objects (HBL), show\nthe highest peak frequencies. In between one ﬁnds low- and in-\ntermediate peaked BL Lac Objects (LBL and IBL respectively).\nRecent modelling has shown that the SEDs from HBLs to IBLs\nare reliably reproduced by simple synchrotron self-Compton\nemission, i.e. the ﬁrst peak in the spectrum is essentially syn-\nchrotron radiation from relativistic primary electrons and the\nsecond one arises from Compton upscattering of this syn-\nchrotron radiation by the very same electrons (Böttcher et al.\n1997; Kirk et al. 1998; Tavecchio et al. 2001; Weidinger et al.\n2010), but especially, when FSRQs are considered the origin of\nthe second hump in the SED is still under debate, whether it\nis due to comptoni",
        "page": 1,
        "link": "https://ui.adsabs.harvard.edu/link_gateway/2015A&A...573A...7W/EPRINT_PDF",
        "title": "A selfconsistent and timedependent hybrid blazar emission model. Properties and application"
    },
    "2015A&A...573A...7W_page_1_chunk_6": {
        "text": "Kirk et al. 1998; Tavecchio et al. 2001; Weidinger et al.\n2010), but especially, when FSRQs are considered the origin of\nthe second hump in the SED is still under debate, whether it\nis due to comptonized radiation from external broad line region\nphotons, torus photons, or even accretion disk photons entering\nthe jet (Dermer & Schlickeiser 1993; Böttcher & Dermer 1998)\nor due to highly relativistic primary protons within the jet and\ntheir synchrotron radiation as well as emerging photo-hadronic\ncascades (Mannheim 1993; Mücke et al. 2003; Böttcher et al.\n2009). In addition to the stability and formation or the structure\nof the jet, which cannot be addressed with emission models, this\ncomposition of the jet and its di \u000berence in FSRQs and HBLs\nis one of the major open questions concerning blazars, and may\nprovide a natural physical explanation of the phenomenologi-\ncal blazar sequence and its recently appearing envelope structure\n(Meyer et al. 2011).\nIn this paper we present a time-depend",
        "page": 1,
        "link": "https://ui.adsabs.harvard.edu/link_gateway/2015A&A...573A...7W/EPRINT_PDF",
        "title": "A selfconsistent and timedependent hybrid blazar emission model. Properties and application"
    },
    "2015A&A...573A...7W_page_1_chunk_7": {
        "text": "zars, and may\nprovide a natural physical explanation of the phenomenologi-\ncal blazar sequence and its recently appearing envelope structure\n(Meyer et al. 2011).\nIn this paper we present a time-dependent and fully self-\nconsistent, hybrid emission model for blazars where low ener-\nArticle number, page 1 of 9arXiv:1410.5380v1  [astro-ph.HE]  20 Oct 2014",
        "page": 1,
        "link": "https://ui.adsabs.harvard.edu/link_gateway/2015A&A...573A...7W/EPRINT_PDF",
        "title": "A selfconsistent and timedependent hybrid blazar emission model. Properties and application"
    },
    "2015A&A...573A...7W_page_2_chunk_1": {
        "text": "A&A proofs: manuscript no. weidinger_rlang\nFig. 1. Basic model geometry. All escaping particles of the accelera-\ntion zone serve as injection for the radiation zone, i=e\u0006for elec-\ntrons/positrons and i=p+for protons.\ngetic electrons and protons are co-accelerated via Fermi-I and\nFermi-II processes within a conﬁned region to high energies.\nElectrons lose energy mainly to the synchrotron and inverse\nCompton channels, protons radiate synchrotron photons and are\nsubject to photo-meson production, with \r\r-pair-production of\nhighly energetic photons coupling the equations in a non-linear\nway. Proton collisions of the non-thermal proton distribution are\nirrelevant at typical densities within the jet and are neglected\nsince no thermal background protons as an additional parame-\nter (e.g. Eichmann et al. 2012) shall be considered. There have\nbeen very recent observations by Agudo et al. (2011) constrain-\ning the\r-ray emitting site of the jet a few pc away from the black\nhole. This strongly favo",
        "page": 2,
        "link": "https://ui.adsabs.harvard.edu/link_gateway/2015A&A...573A...7W/EPRINT_PDF",
        "title": "A selfconsistent and timedependent hybrid blazar emission model. Properties and application"
    },
    "2015A&A...573A...7W_page_2_chunk_2": {
        "text": "et al. 2012) shall be considered. There have\nbeen very recent observations by Agudo et al. (2011) constrain-\ning the\r-ray emitting site of the jet a few pc away from the black\nhole. This strongly favours an emission scenario independent of\nexternal sources. We are able to model HBLs in the SSC case by\nsetting the number density of injected protons Q0;p+!0 (Wei-\ndinger et al. 2010; Weidinger & Spanier 2010) as well as FSRQs\nwith Q0;p+,0 (Spanier & Weidinger 2011) with the very same\nmodel. Since our model is time-dependent we are able to exploit\noutbursts of blazars and the timing signatures in di \u000berent energy\nbands to narrow down the parameters used in the modelling pro-\ncess and distinguish between leptonic and hadronic dominated\njets.\nIn the next section we give a description of our model and its\nprinciple properties and assumptions, before we apply it to the\nrecently detected HBL /IBL 1 ES 1011 +496 which, already in\nthe steady state, favours a very high magnetic ﬁeld being present\n",
        "page": 2,
        "link": "https://ui.adsabs.harvard.edu/link_gateway/2015A&A...573A...7W/EPRINT_PDF",
        "title": "A selfconsistent and timedependent hybrid blazar emission model. Properties and application"
    },
    "2015A&A...573A...7W_page_2_chunk_3": {
        "text": "l and its\nprinciple properties and assumptions, before we apply it to the\nrecently detected HBL /IBL 1 ES 1011 +496 which, already in\nthe steady state, favours a very high magnetic ﬁeld being present\nwithin the jet making it an outstanding source. In section 4 other,\nmore general, physical implications are discussed.\n2. The model\nThe general modelsetup is assumed to be spherical with an ac-\nceleration zone nested inside a radiation zone. As the emitting\nregion (blob) moves down the jet axis towards the observer with\na bulk Lorentzfactor \u0000, upstream material (electrons and pro-\ntons) is picked up and the highly turbulent acceleration zone\nforms at the edge of the blob. Here both particle species undergo\nFermi-I and Fermi-II processes up to relativistic energies with\nsynchrotron losses in a turbulent magnetic ﬁeld balancing the\nacceleration with regard to the maximum energy. On the far side\nof the blob, namely in the considerably larger radiation zone, ac-\nceleration is assumed to be ine",
        "page": 2,
        "link": "https://ui.adsabs.harvard.edu/link_gateway/2015A&A...573A...7W/EPRINT_PDF",
        "title": "A selfconsistent and timedependent hybrid blazar emission model. Properties and application"
    },
    "2015A&A...573A...7W_page_2_chunk_4": {
        "text": "turbulent magnetic ﬁeld balancing the\nacceleration with regard to the maximum energy. On the far side\nof the blob, namely in the considerably larger radiation zone, ac-\nceleration is assumed to be ine \u000ecient. All calculations are con-\nveniently made in the rest-frame of the blob, the geometry is\nshown in Figure 1. Both zones are assumed to be homogeneous\nand to contain isotropic particle distributions as well as a ran-\ndomly orientated magnetic ﬁeld B, not to be confused with the\nhelical magnetic ﬁeld stabilizing the jet against the kinetic pres-\nsure of the plasma. The kinetic equations in each zone, one for\neach particle species i, are derived from the relativistic Vlasov\nequation (Schlickeiser 2002) applying the one-dimensional dif-\nfusion approximation in the highly relativistic pi=\rimiccase.Furthermore, the hard-sphere approximation for the spatial dif-\nfusion coe \u000ecient occurring in the equations is used, see Wei-\ndinger et al. (2010). We note that when only electrons are picked\n",
        "page": 2,
        "link": "https://ui.adsabs.harvard.edu/link_gateway/2015A&A...573A...7W/EPRINT_PDF",
        "title": "A selfconsistent and timedependent hybrid blazar emission model. Properties and application"
    },
    "2015A&A...573A...7W_page_2_chunk_5": {
        "text": "iccase.Furthermore, the hard-sphere approximation for the spatial dif-\nfusion coe \u000ecient occurring in the equations is used, see Wei-\ndinger et al. (2010). We note that when only electrons are picked\nup into the acceleration zone ( Qp+!0) the model reduces to the\nSSC case described in Weidinger et al. (2010) and Weidinger &\nSpanier (2010), which is an extension to Kirk et al. (1998). The\nacceleration timescales can be translated into the microphysics\nof the jet, being proportional to the particle’s mass in the energy\nindependent case (Spanier & Weidinger 2011)\ntacc;i=0BBBB@v2\ns\n4Kjj;i+2v2\nA\n9Kjj;i1CCCCA\u00001\n/mi (1)\nwith the parallel spatial di \u000busion coe \u000ecients Kjj;i, and vsandvA\nas shock and Alfvén speeds, respectively, providing the scatter-\ning centres mandatory for di \u000busive shock acceleration (DSA).\nHence, Eq. (1) can be used to cross check the parameter typ-\nical values of the jet’s microphysics. Motivated by the typical\ngyro-timescale, the acceleration timescale for one species i",
        "page": 2,
        "link": "https://ui.adsabs.harvard.edu/link_gateway/2015A&A...573A...7W/EPRINT_PDF",
        "title": "A selfconsistent and timedependent hybrid blazar emission model. Properties and application"
    },
    "2015A&A...573A...7W_page_2_chunk_6": {
        "text": "eration (DSA).\nHence, Eq. (1) can be used to cross check the parameter typ-\nical values of the jet’s microphysics. Motivated by the typical\ngyro-timescale, the acceleration timescale for one species is set\nto be constant and proportional to the particle’s mass, while\nthe timescale for the second species results naturally from Eq.\n(1). Following Vukcevic & Schlickeiser (2007) this ensures that\nthe particles are accellerated well within the acceleration site.\nWe note that this simple energy independent assumption may\nslightly underestimate the acceleration e \u000eciency at small val-\nues of\ri, but guarantees that energy gains at the highest values\nare not overestimated in terms of DSA. Eventually all particles\nescaping the acceleration zone enter the radiation zone down-\nstream the jet. To ensure power-law spectra, as expected from\nshock acceleration, the escape timescale for the acceleration site\nis set to be constant and within the order of the acceleration\ntimescale tesc;i/tacc;i(Kirk et ",
        "page": 2,
        "link": "https://ui.adsabs.harvard.edu/link_gateway/2015A&A...573A...7W/EPRINT_PDF",
        "title": "A selfconsistent and timedependent hybrid blazar emission model. Properties and application"
    },
    "2015A&A...573A...7W_page_2_chunk_7": {
        "text": "e power-law spectra, as expected from\nshock acceleration, the escape timescale for the acceleration site\nis set to be constant and within the order of the acceleration\ntimescale tesc;i/tacc;i(Kirk et al. 1998; Weidinger et al. 2010).\nBecause of the strong conﬁnement of the particles in the radia-\ntion zone, as described in other models, one needs to account for\nall possible radiation mechanisms, not only the dominating syn-\nchrotron losses, as in the acceleration zone. This requires mag-\nnetic ﬁelds ofO(10 G), typical for hadronic models (Mannheim\n1993; Böttcher et al. 2009), whereas leptonic models typically\nassumeO(1 G) (Weidinger et al. 2010; Tavecchio et al. 2001).\nThus, the same order of equipartition, typically of O(10 %) in\nour model, regardless which regime (hybrid or leptonic only)\nconsidered, is reached. Hence, self-consistency commands that\nmagnetic ﬁelds in blazar models cannot be arbitrarily high with-\nout considering non-thermal protons and their radiative output.\nBecause",
        "page": 2,
        "link": "https://ui.adsabs.harvard.edu/link_gateway/2015A&A...573A...7W/EPRINT_PDF",
        "title": "A selfconsistent and timedependent hybrid blazar emission model. Properties and application"
    },
    "2015A&A...573A...7W_page_2_chunk_8": {
        "text": ")\nconsidered, is reached. Hence, self-consistency commands that\nmagnetic ﬁelds in blazar models cannot be arbitrarily high with-\nout considering non-thermal protons and their radiative output.\nBecause of the model geometry, the acceleration zone is as-\nsumed not to contribute to the model SED directly, hence we\nonly solve the kinetic equations for the primary particles. The\ntwo relevant kinetic equations for the particles’ energy and vol-\nume density, which in the isotropic di \u000busive case take the form\n@tni=@\rh\n(\fs;i\r2\u0000t\u00001\nacc;i\r)\u0001nii\n+\n+@\rh\n[(a+2)tacc;i]\u00001\r2@\rnii\n+Q0;i\u0000ni\ntesc;i(2)\nwith ibeing i=e\u0000andi=p+for primary electrons and protons,\nrespectively, and the synchrotron \fs;i/Bm\u00003\ni. Consequently\na/vs=vAis the ratio of Shock speed to Alfvén velocity, hence\ndenoting the dominance of Fermi-I over Fermi-II processes in\nour model. Monoenergetic particles are injected into the radia-\ntion zone\nQ0;i(\r)=Q0;i\u000e\u0000\r\u0000\r0;i\u0001(3)\nto model the cumulation of particles with densities Q0;ifrom the\nupstre",
        "page": 2,
        "link": "https://ui.adsabs.harvard.edu/link_gateway/2015A&A...573A...7W/EPRINT_PDF",
        "title": "A selfconsistent and timedependent hybrid blazar emission model. Properties and application"
    },
    "2015A&A...573A...7W_page_2_chunk_9": {
        "text": "-I over Fermi-II processes in\nour model. Monoenergetic particles are injected into the radia-\ntion zone\nQ0;i(\r)=Q0;i\u000e\u0000\r\u0000\r0;i\u0001(3)\nto model the cumulation of particles with densities Q0;ifrom the\nupstream direction with Lorentzfactors of \r0;iby the blob. The\nArticle number, page 2 of 9",
        "page": 2,
        "link": "https://ui.adsabs.harvard.edu/link_gateway/2015A&A...573A...7W/EPRINT_PDF",
        "title": "A selfconsistent and timedependent hybrid blazar emission model. Properties and application"
    },
    "2015A&A...573A...7W_page_3_chunk_1": {
        "text": "M. Weidinger and F. Spanier: A self-consistent and time-dependent hybrid blazar emission model\nFig. 2. Evolution of p+ande\u0000of freshly injected particles at \r0;i=\n2:5 in the acceleration zone, assuming a! 1 . The separation of\n\rmax;p+\r\u00001\nmax;e\u0000=m2\npm\u00002\nearises self-consistently during the simulation.\np+reaches the steady state a factor of p+=e\u0000slower than e\u0000, see text for\ndetails.\ndensity evolution in the acceleration zone starting with ni=0\natt0=0 can be found in Fig. 2; the parameters are B=10 G,\ntacct\u00001\nesc=1:2,tacc;e=3\u0001103s and a!1 . As one would expect\nthe slope in Fig. 2 for both species is \u0000(tacct\u00001\nesc+1)=\u00002:2,\nwhereas\rmax;p=m2\npm\u00002\ne\rmax;e=2\u0001108since both \fs;iand\ntacc;iscale with the particle species’ mass and neglecting Fermi-\nII processes one ﬁnds \rmax;i=(\fs;itacc;i)\u00001. Note that all these\nproperties result from the self-consistency of our model, which\nis time-dependent and hence able to reproduce outbursts of\nblazars by replacing the steady state values of B,tacc;it\u00001\nesc;ia",
        "page": 3,
        "link": "https://ui.adsabs.harvard.edu/link_gateway/2015A&A...573A...7W/EPRINT_PDF",
        "title": "A selfconsistent and timedependent hybrid blazar emission model. Properties and application"
    },
    "2015A&A...573A...7W_page_3_chunk_2": {
        "text": " all these\nproperties result from the self-consistency of our model, which\nis time-dependent and hence able to reproduce outbursts of\nblazars by replacing the steady state values of B,tacc;it\u00001\nesc;iand/or\nQ0;iby time-dependent ones. In the hard sphere approximation\ntacc;i/mi)Kjj;i/miapplies, i.e. the particle’s mean free path\nhli/mias expected. The dependence of taccon the particle’s\nmass is a rather simple assumption based on the gyro-frequency.\nA more detailed description would require in-depth knowledge\nof the turbulent magnetic spectrum and particle scattering prop-\nerties, which is not available for AGN. Using the hard-sphere\napproximation as the simpiﬁed model assumption to connect the\nacceleration timescale to the microphysics of the jet, in princi-\nple any value of tacc;it\u00001\nesc;iis allowed. However, we keep in mind\nthat values tacc;i<tesc;iresulting in spectra harder than s=2\nare rather hard to motivate in the light of non-relativistic shock\nacceleration. In this case sis cor",
        "page": 3,
        "link": "https://ui.adsabs.harvard.edu/link_gateway/2015A&A...573A...7W/EPRINT_PDF",
        "title": "A selfconsistent and timedependent hybrid blazar emission model. Properties and application"
    },
    "2015A&A...573A...7W_page_3_chunk_3": {
        "text": "is allowed. However, we keep in mind\nthat values tacc;i<tesc;iresulting in spectra harder than s=2\nare rather hard to motivate in the light of non-relativistic shock\nacceleration. In this case sis correlated to the compression-ratio\nrof the shock as s=(r+2)=(r\u00001) which may be derived from\nmicrophysical considerations incorporating bulk plasma speeds\nand return propabilities of the test-particle. This can be con-\nnected to the kinetic equation used (see e.g. Dermer (2013)), but\nis not carried out as the bulk speeds of the underlying plasmoids\nare not feasible experimentally at this point. Hence, the power-\nlaw particle spectra generated in the acceleration zone may be\nidentiﬁed as shock acceleration or a closely related process. We\nnote that compression ratios r>4 and, thus, harder particle spec-\ntra can be found, for example using non-linear simulations. In\naddition it should be mentioned that not using the hard-sphere\napproximation, i.e. tacc,i!tacc,i(\ri), will yield spectra di \u000berent",
        "page": 3,
        "link": "https://ui.adsabs.harvard.edu/link_gateway/2015A&A...573A...7W/EPRINT_PDF",
        "title": "A selfconsistent and timedependent hybrid blazar emission model. Properties and application"
    },
    "2015A&A...573A...7W_page_3_chunk_4": {
        "text": " spec-\ntra can be found, for example using non-linear simulations. In\naddition it should be mentioned that not using the hard-sphere\napproximation, i.e. tacc,i!tacc,i(\ri), will yield spectra di \u000berent\nfrom power-laws. This case would naturally also require a more\nsophisticated treatment of tesc,i.\nAs every particle escaping the acceleration zone enters the radi-\nation zone, the particle spectra of the acceleration zone (see Fig.\n2) serve as the injection function for the emission region.Unlike in the acceleration zone, energy gains of the particles\nare not accounted for at this site. The particles under consid-\neration here will cool because of synchrotron, inverse Comp-\nton, and photo-hadronic processes when they radiate. The ki-\nnetic equations for electrons, secondary positrons, and protons,\nas well as the radiative equation are solved self-consistently and\ntime-dependently. Although protons are introduced merely via\ntwo new parameters in comparison to the self-Compton case de-\nscri",
        "page": 3,
        "link": "https://ui.adsabs.harvard.edu/link_gateway/2015A&A...573A...7W/EPRINT_PDF",
        "title": "A selfconsistent and timedependent hybrid blazar emission model. Properties and application"
    },
    "2015A&A...573A...7W_page_3_chunk_5": {
        "text": "tons,\nas well as the radiative equation are solved self-consistently and\ntime-dependently. Although protons are introduced merely via\ntwo new parameters in comparison to the self-Compton case de-\nscribed in Weidinger et al. (2010), namely the injected number\ndensity Q0;p+and the corresponding \r0;p+, this has a major ef-\nfect in the radiation zone, especially when time-dependency is\nconsidered, since photo-hadronic processes emerge as a signiﬁ-\ncant contribution. This contribution has an impact on the radia-\ntive equation and, more importantly couples the kinetic equation\nof the electrons /protons to the radiative equation in a non-linear\nway as free pair-processes will play a major role as well, in the\ncase of non vanishing proton densities.\nFor the protons the kinetic equation in the radiation zone hence\nyields\n@tNp+=@\rh\u0010\n\fs;p+\r2+Pp\r(\r)\u0011\nNp+i\n+bnp+\ntesc;p+\u0000Np+\ntesc;rad;p+(4)\nwith the parameter b<1 ensuring particle conservation. Fol-\nlowing the discussion of Blumenthal (1970) and Bere",
        "page": 3,
        "link": "https://ui.adsabs.harvard.edu/link_gateway/2015A&A...573A...7W/EPRINT_PDF",
        "title": "A selfconsistent and timedependent hybrid blazar emission model. Properties and application"
    },
    "2015A&A...573A...7W_page_3_chunk_6": {
        "text": "ation zone hence\nyields\n@tNp+=@\rh\u0010\n\fs;p+\r2+Pp\r(\r)\u0011\nNp+i\n+bnp+\ntesc;p+\u0000Np+\ntesc;rad;p+(4)\nwith the parameter b<1 ensuring particle conservation. Fol-\nlowing the discussion of Blumenthal (1970) and Berezinsky &\nGrigoréva (1988) the losses due to photo-meson production Pp\r\ncan be neglected against the dominating synchrotron losses for\nmost blazars, substantially lowering computational costs. Highly\nrelativistic protons with \rp+>105are subject to photo-meson\nproduction with the radiation ﬁeld within the emitting region,\nmainly pion production\np++\r!n0\u00190+n+\u0019++n\u0000\u0019\u0000+neutrons: (5)\nThe produced pions are unstable particles and decay into stable\ne\u0006(and\rs) via the muon channel, thereby producing neutrinos\nof ﬂavours\n\u0019+!\u0016++\u0017\u0016!e++\u0017e+\u0017\u0016;\n\u0019\u0000!\u0016\u0000+¯\u0017\u0016!e\u0000+¯\u0017e+¯\u0017\u0016;\n\u00190!\r+\r: (6)\nTo calculate the production rate of stable particles from pion\nproduction we use the Kelner & Aharonian (2008) parametriza-\ntion (including their erratum) of the SOPHIA Monte Carlo re-\nsults (Mücke et al. 2000) for these processes. H",
        "page": 3,
        "link": "https://ui.adsabs.harvard.edu/link_gateway/2015A&A...573A...7W/EPRINT_PDF",
        "title": "A selfconsistent and timedependent hybrid blazar emission model. Properties and application"
    },
    "2015A&A...573A...7W_page_3_chunk_7": {
        "text": "of stable particles from pion\nproduction we use the Kelner & Aharonian (2008) parametriza-\ntion (including their erratum) of the SOPHIA Monte Carlo re-\nsults (Mücke et al. 2000) for these processes. Hence, we as-\nsume the photo-hadronic interactions to be instantaneous com-\npared to the synchrotron loss timescale, i.e. we do not account\nfor synchrotron losses and radiation of the intermediate particles.\nIn high magnetic ﬁelds this error remains small (Mücke et al.\n2003). When considering fairly soft power-law particle spectra,\nas in typical blazars, Bethe-Heitler pair-production as considered\nin Petropoulou & Mastichiadis (2013) can be neglected since its\ncontribution is orders of magnitude below the p+-synchrotron\nradiation, see e.g. Böttcher et al. (2013). Even though the Bethe-\nHeitler process sets in at lower energies, the resulting pairs in\nmagnetic ﬁelds as low as considered here will not produce a\nsigniﬁcant contribution to the SED, although this might be dif-\nferent for other b",
        "page": 3,
        "link": "https://ui.adsabs.harvard.edu/link_gateway/2015A&A...573A...7W/EPRINT_PDF",
        "title": "A selfconsistent and timedependent hybrid blazar emission model. Properties and application"
    },
    "2015A&A...573A...7W_page_3_chunk_8": {
        "text": "process sets in at lower energies, the resulting pairs in\nmagnetic ﬁelds as low as considered here will not produce a\nsigniﬁcant contribution to the SED, although this might be dif-\nferent for other blazar ﬂavours e.g Murase et al. (2014). Nev-\nertheless, photon quenching and runaway secondary production\n(Petropoulou et al. 2013) will occur in our model as well through\nthe photo-meson channel, given the corresponding parameters\n(i.e.p+-densities).\nThe resulting \rs from the\u00190decay as well as synchrotron radi-\nation of the secondary e\u0006from the\u0019\u0006decay will partially be in\nArticle number, page 3 of 9",
        "page": 3,
        "link": "https://ui.adsabs.harvard.edu/link_gateway/2015A&A...573A...7W/EPRINT_PDF",
        "title": "A selfconsistent and timedependent hybrid blazar emission model. Properties and application"
    },
    "2015A&A...573A...7W_page_4_chunk_1": {
        "text": "A&A proofs: manuscript no. weidinger_rlang\nthe optically thick regime. Pair production\n\r+\r!e++e\u0000(7)\nwill occur, mainly with the synchrotron radiation ﬁeld of the pri-\nmary accelerated electrons. Therefore, electromagnetic cascades\nwill emerge until the resulting synchrotron radiation is visible\nin the optically thin regime for pair-production. These cascades\nhave a major non-linear e \u000bect on the kinetic equations of the\nelectrons, protons and photons.\nThe kinetic equations for the electrons and positrons in the radi-\nation zone thus are\n@tNe\u0000=@\rh\u0010\n\fs;e\r2+PIC(\r)\u0011\n\u0001Ne\u0000i\n\u0000Ne\u0000\ntrad;esc;e\n+Qpp(\r)+Qp\r\u0000(\r)+bne\u0000\ntesc;e(8)\n@tNe+=@\rh\u0010\n\fs;e\r2+PIC(\r)\u0011\n\u0001Ne+i\n\u0000Ne+\ntrad;esc;e\n+Qpp(\r)+Qp\r+(\r): (9)\nNo accelerated primary positrons are assumed ( ne+=0). The\ninverse Compton loss rate ( PIC) for isotropically distributed e\u0006\nis calculated exploiting the full Klein-Nishina cross section in\nEq. (11) from e.g. Blumenthal & Gould (1970),\ndN(\r;\u000b 1)\ndtd\u000b=2\u0019r2\n0c\n\u000b1\r2\u0014\n2qlnq+(1+2q)(1\u0000q)\n+1\n2(4\u000b1\rq)2\n(1+4\u000b1\rq)(1\u0000q",
        "page": 4,
        "link": "https://ui.adsabs.harvard.edu/link_gateway/2015A&A...573A...7W/EPRINT_PDF",
        "title": "A selfconsistent and timedependent hybrid blazar emission model. Properties and application"
    },
    "2015A&A...573A...7W_page_4_chunk_2": {
        "text": " distributed e\u0006\nis calculated exploiting the full Klein-Nishina cross section in\nEq. (11) from e.g. Blumenthal & Gould (1970),\ndN(\r;\u000b 1)\ndtd\u000b=2\u0019r2\n0c\n\u000b1\r2\u0014\n2qlnq+(1+2q)(1\u0000q)\n+1\n2(4\u000b1\rq)2\n(1+4\u000b1\rq)(1\u0000q)\u0015\n; (10)\nwith r0=e2=(mc2),h\u0017=\u000bmc2, and q=\u000b=(4\u000b1\r2(1\u0000\u000b=\r))\nas the scattering parameter, i.e. \u000b1being the incident photon’s\nenergy, the scattering geometry allows for \u000b1<\u000b\u00144\u000b1\r2=(1+\n4\u000b1\r) which is used to determine \u000bmax\nPIC(\r)=m3c7hZ\u000bmax\n0d\u000b\u000bZ1\n0d\u000b1 \nNph(\u000b1)dN(\r;\u000b 1)\ndtd\u000b!\n:(11)\nThe model discussed here does not assume external photon\nﬁelds, the consideration of anisotropic photon ﬁelds as in Der-\nmer et al. (2009) and Hutter & Spanier (2011) is, therefore, not\nnecessary.\nThe pair-production rate in Eqs. (8) and (9) for photons of\nenergy\u000b1and\u000b2respectively is calculated using the approxi-\nmation\nQpp(\r)=3\n32c\u001bTZ1\n\rd\u000b1Z1\n\u000bmind\u000b2\n2666644\u000b2\n1\n\r(\u000b1\u0000\r)ln 4\u000b2\r(\u000b1\u0000\r)\n\u000b1!\n\u00008\u000b1\u000b2\n+2(2\u000b1\u000b2\u00001)\u000b2\n1\n\r(\u000b1\u0000\r)\u00000BBBB@1\u00001\n\u000b1\u000b2\u000b4\n1\n\r2(\u000b1\u0000\r)21CCCCA377775(12)\nof Böttcher & Schlickeiser (1997) for isotropically d",
        "page": 4,
        "link": "https://ui.adsabs.harvard.edu/link_gateway/2015A&A...573A...7W/EPRINT_PDF",
        "title": "A selfconsistent and timedependent hybrid blazar emission model. Properties and application"
    },
    "2015A&A...573A...7W_page_4_chunk_3": {
        "text": "n\nQpp(\r)=3\n32c\u001bTZ1\n\rd\u000b1Z1\n\u000bmind\u000b2\n2666644\u000b2\n1\n\r(\u000b1\u0000\r)ln 4\u000b2\r(\u000b1\u0000\r)\n\u000b1!\n\u00008\u000b1\u000b2\n+2(2\u000b1\u000b2\u00001)\u000b2\n1\n\r(\u000b1\u0000\r)\u00000BBBB@1\u00001\n\u000b1\u000b2\u000b4\n1\n\r2(\u000b1\u0000\r)21CCCCA377775(12)\nof Böttcher & Schlickeiser (1997) for isotropically distributed\nphotons for the blob’s photon ﬁeld Nphwith itself, with \u000b\u00001\nmin=\n4\r(\u000b1\u0000\r)\u000b\u00001\n1. Which has an error in energy of less than three\npercent over the whole electron distribution compared with the\nabsorbed photons Eq. (18) and is numerically much more sta-\nble than the full production rate (Eq. (26) in their paper). The\ninjection rate of secondary e\u0006hence is\nQp\r\u0006(\r)=me\nmpZ1\n0d\u0017Z1\n1d\r0Np+(\r0)\n\r0Nph(\u0017)\u0001\n\u0001\b\u0006 \n\u0014;me\r\nmp\r0!\n; \u0014=4h\u0017\r0\nmempc4(13)with the corresponding \b\u0006parameterization function of Kelner\n& Aharonian (2008).\nThe photon distribution in the radiation zone, which is eventually\nbeamed towards the observer, reads\n@tNph=Rs(\u0017)+Rc(\u0017)+R\u00190(\u0017)\n\u0000c\u0010\n\u000bS S A(\u0017)+\u000bpp(\u0017)\u0011\nNph\u0000Nph\ntph;esc(14)\ntaking all mentioned processes into account. The photon escape\ntimescale is the light crossing time. Wi",
        "page": 4,
        "link": "https://ui.adsabs.harvard.edu/link_gateway/2015A&A...573A...7W/EPRINT_PDF",
        "title": "A selfconsistent and timedependent hybrid blazar emission model. Properties and application"
    },
    "2015A&A...573A...7W_page_4_chunk_4": {
        "text": "d towards the observer, reads\n@tNph=Rs(\u0017)+Rc(\u0017)+R\u00190(\u0017)\n\u0000c\u0010\n\u000bS S A(\u0017)+\u000bpp(\u0017)\u0011\nNph\u0000Nph\ntph;esc(14)\ntaking all mentioned processes into account. The photon escape\ntimescale is the light crossing time. With the synchrotron emis-\nsivity Rsas the Melrose approximation\nRs(\u0017)=1:8p\n3e3B?\nh\u0017mc2Z\nd\rNe(\r;t) \u0017\n\u0017c(\r)!1\n3\ne\u0000\u0017\n\u0017c(\r);\n\u0017c(\r)=3\r2eB?\n4\u0019mc; (15)\nsee Weidinger et al. (2010) and the inverse Compton production\nrate\nRc(\u0017)=R\nd\rNe(\r)\u0001R\nd\u000b1\"\nNph(\u000b1)dN(\r;\u000b 1)\ndtd\u000b\n\u0000Nph(\u000b)dN(\r;\u000b)\ndtd\u000b1#\n(16)\nusing the full Klein-Nishina cross section Eq. (10). The photons\nfrom the\u00190decay are calculated analogously to Eq. (13), again\nwith the corresponding \b0parametrization of the SOPHIA re-\nsults:\nR\u00190(\u0017)=h\nmpc2Z1\n0d\u00170Z1\n1d\rNp+(\r0)\n\rNph(\u00170)\u0001\n\u0001\b0 \n\u0014;h\u0017\n\rmpc2!\n: (17)\nIn optically thick regimes the photon ﬁeld is absorbed either in\nthe low energies as a result of synchrotron self absorption by the\nemitting electrons /positrons themselves ( \u000bS S A) for which the\nmonochromatic approximation (Weidinger & Spanier 2010) is\n",
        "page": 4,
        "link": "https://ui.adsabs.harvard.edu/link_gateway/2015A&A...573A...7W/EPRINT_PDF",
        "title": "A selfconsistent and timedependent hybrid blazar emission model. Properties and application"
    },
    "2015A&A...573A...7W_page_4_chunk_5": {
        "text": "either in\nthe low energies as a result of synchrotron self absorption by the\nemitting electrons /positrons themselves ( \u000bS S A) for which the\nmonochromatic approximation (Weidinger & Spanier 2010) is\nused, or in the VHEs because of e\u0006-pair-production. The pho-\nton annihilation coe \u000ecient for e\u0006-production is calculated using\nthe exact result of Coppi & Blandford (1990) for isotropic pair\nplasmas,\n\u000bPP(\u0017)=Z1\n0d\u00170NPh(\u00170)Z\u0016max\n\u00001d\u00161\u0000\u0016\n2\u001b(x;\u0016) (18)\nwith\u0016max=max (\u00001;1\u00002x\u00001), where x=\u000b\u000b1and\n\u001b(x;\u0016)=3\u001bT\n8x(1\u0000\u0016)26666640BBBBB@3\u0000 \n1\u00002\nx(1\u0000\u0016)!21CCCCCA\u0001\n\u0001ln0BBBBBBBBBB@1+q\n1\u00002\nx(1\u0000\u0016)\n1\u0000q\n1\u00002\nx(1\u0000\u0016)1CCCCCCCCCCA\n\u00002s\n1\u00002\nx(1\u0000\u0016) \n1+2\nx(1\u0000\u0016)!37777775(19)\nbeing the full cross section for \r\r-pair-annihilation. The photon\ndistribution Nphis transformed into the observer’s frame using\nthe beaming pattern for isotropic photon distributions in a\nsphere while accounting for the redshift in order to achieve the\nArticle number, page 4 of 9",
        "page": 4,
        "link": "https://ui.adsabs.harvard.edu/link_gateway/2015A&A...573A...7W/EPRINT_PDF",
        "title": "A selfconsistent and timedependent hybrid blazar emission model. Properties and application"
    },
    "2015A&A...573A...7W_page_4_chunk_6": {
        "text": "ropic photon distributions in a\nsphere while accounting for the redshift in order to achieve the\nArticle number, page 4 of 9",
        "page": 4,
        "link": "https://ui.adsabs.harvard.edu/link_gateway/2015A&A...573A...7W/EPRINT_PDF",
        "title": "A selfconsistent and timedependent hybrid blazar emission model. Properties and application"
    },
    "2015A&A...573A...7W_page_5_chunk_1": {
        "text": "M. Weidinger and F. Spanier: A self-consistent and time-dependent hybrid blazar emission model\nmodel SED of the considered blazar.\nWithin the model assumptions it is possible to explain the\nVHE peak in the typical blazar spectra either as inverse\nCompton upscattering of synchrotron photons or as proton\nsynchrotron radiation consistently accompanied by cascaded\nradiation from the photo-hadronic interactions, just depending\non the chosen parameters. We note that the p+-synchrotron\nradiation important for the occurrence of the second peak in\na blazar’s SED when considering the hybrid-case naturally\nbecomes dominant at proton densities considered for substantial\nphoto-meson production. Thanks to the numerical treatment\nof the processes not relying on Monte Carlos processes, we\ncan compute inter-band lightcurves even in the hadronic case\nmaking the potential information from outbursts of blazars\naccessible for physical interpretations. In the hadronic case the\ninter-band lightcurves exhibit",
        "page": 5,
        "link": "https://ui.adsabs.harvard.edu/link_gateway/2015A&A...573A...7W/EPRINT_PDF",
        "title": "A selfconsistent and timedependent hybrid blazar emission model. Properties and application"
    },
    "2015A&A...573A...7W_page_5_chunk_2": {
        "text": "r-band lightcurves even in the hadronic case\nmaking the potential information from outbursts of blazars\naccessible for physical interpretations. In the hadronic case the\ninter-band lightcurves exhibit more complex features (highly\ndependent on the chosen set of parameters) like orphan ﬂares,\ntypical time-lags, etc., unknown to purely leptonic models.\n3. Application to 1 ES 1011+496\nDespite prominent absorption lines used to pin down the red-\nshift to z=0:212 the blazar 1 ES 1011 +496 was originally clas-\nsiﬁed as a high frequency peaked BL Lac object (The MAGIC\nCollaboration 2007). The VHE emission of 1 ES 1011 +496 was\ndiscovered with the MAGIC Air-Cherenkov telescope in 2007,\nand it was the most distant blazar observed in \rrays while down\nto the present day this is 3C 279. However, the true nature of\nthis blazar seems to be quite unclear compared to well studied\nobjects like Mkn 501, PKS 1218 +304 or 3C 279 (The Fermi\nCollaboration 2011a; Weidinger & Spanier 2010; Böttcher et al.\n200",
        "page": 5,
        "link": "https://ui.adsabs.harvard.edu/link_gateway/2015A&A...573A...7W/EPRINT_PDF",
        "title": "A selfconsistent and timedependent hybrid blazar emission model. Properties and application"
    },
    "2015A&A...573A...7W_page_5_chunk_3": {
        "text": "rue nature of\nthis blazar seems to be quite unclear compared to well studied\nobjects like Mkn 501, PKS 1218 +304 or 3C 279 (The Fermi\nCollaboration 2011a; Weidinger & Spanier 2010; Böttcher et al.\n2009). The ﬁrst and only multiwavelength observation, includ-\ning MAGIC in the VHEs, Swift in X-rays and KV A in the optical\nband was in 2008 (Reinthal et al. 2011). During this campaign\nthe emission of 1 ES 1011 +496 was more or less steady with\nslight spectral variability in the optical and X-rays having no\ncounterpart in the \rrays (Reinthal et al. 2011), which of course\nmay be due to the low observed ﬂux and sensitivity of the in-\nstrument. The long-term optical monitoring of 1 ES 1011 +496\nalso indicates variability consistent with synchrotron emission\nand magnetic ﬁeld ﬂuctuations (Böttcher et al. 2010). The mul-\ntiwavelength data of 1 ES 1011 +496 will now be used to study\nthe properties of this interesting blazar in more detail with our\nmodel. The one-year Fermi-LAT butterﬂy is conside",
        "page": 5,
        "link": "https://ui.adsabs.harvard.edu/link_gateway/2015A&A...573A...7W/EPRINT_PDF",
        "title": "A selfconsistent and timedependent hybrid blazar emission model. Properties and application"
    },
    "2015A&A...573A...7W_page_5_chunk_4": {
        "text": "et al. 2010). The mul-\ntiwavelength data of 1 ES 1011 +496 will now be used to study\nthe properties of this interesting blazar in more detail with our\nmodel. The one-year Fermi-LAT butterﬂy is considered as an\nupper limit, since the MWL data represents a relatively low ﬂux\nlevel of 1 ES 1011 +496.\n3.1. The spectral energy distribution\nIn Figure 3 the measured multiwavelength spectrum from\nReinthal et al. (2011) and two model SEDs are shown. We note\nthat we use the EBL absorbed data points in this paper. The pa-\nrameters of the models can be found in Table 1a and 1b. The\nrather hard spectrum in the optical combined with a photon in-\ndex of s=2:32 in the Swift XRT band makes it di \u000ecult to\nexplain the SED of 1 ES 1011 +496 in terms of a self-consistent\nSSC-Ansatz already in the steady state (brown dashed line in\nFig. 3). The best parameters in the self-Compton limit, i.e. a low\nmagnetic ﬁeld unable to conﬁne non-thermal protons within the\nconsidered region, are shown in Table 1a. A spect",
        "page": 5,
        "link": "https://ui.adsabs.harvard.edu/link_gateway/2015A&A...573A...7W/EPRINT_PDF",
        "title": "A selfconsistent and timedependent hybrid blazar emission model. Properties and application"
    },
    "2015A&A...573A...7W_page_5_chunk_5": {
        "text": "(brown dashed line in\nFig. 3). The best parameters in the self-Compton limit, i.e. a low\nmagnetic ﬁeld unable to conﬁne non-thermal protons within the\nconsidered region, are shown in Table 1a. A spectral index of\n2:2 for the electrons with a magnetic ﬁeld of 0 :18 G can neither\nreproduce the narrow synchrotron peak nor the spectral prop-\nerties when computed self-consistently. Of course one can un-\nFig. 3. Simultaneous data from Reinthal et al. (2011) with KV A in the\noptical, Swift XRT in the X-rays, and MAGIC in the VHEs as measured.\nBlue symbols indicate the low emission state used in the modelling.\nThe high state inferred from the slight variability is shown in green.\nThe grey butterﬂy represents the ﬁrst-year catalogue spectrum of Fermi\nLAT (The Fermi Collaboration 2010). The grey (online: brown) dashed\ncurve displays the modelling attempt with a low magnetic ﬁeld and no\nprotons present in the jet (Table 1a); the black solid curve is due to\nthe modelling with high B-ﬁeld co-accele",
        "page": 5,
        "link": "https://ui.adsabs.harvard.edu/link_gateway/2015A&A...573A...7W/EPRINT_PDF",
        "title": "A selfconsistent and timedependent hybrid blazar emission model. Properties and application"
    },
    "2015A&A...573A...7W_page_5_chunk_6": {
        "text": "line: brown) dashed\ncurve displays the modelling attempt with a low magnetic ﬁeld and no\nprotons present in the jet (Table 1a); the black solid curve is due to\nthe modelling with high B-ﬁeld co-accelerated protons (Table 1b). The\nmodel SEDs have been EBL-absorbed using the model of Primack et\nal. (2005)\nderstand the broadband SED of 1 ES 1011 +496 with a purely\nleptonic model, see e.g. Reinthal et al. (2011) itself, but in those\ncases the underlying electron spectra do not arise in the mod-\nelling process but are adhoc assumptions which spectral indices\nand breaks requiring physical motivation put in by hand. Con-\nsistent cooling breaks fail to reproduce the synchrotron peak at\nlowB-ﬁelds, automatically yielding a relatively high magnetic\nﬁeld being present within the jet. In such a case rgyr\u001cRradis\nfulﬁlled even for relativistic protons making them e \u000bective emit-\nters within the jet, hence being co-accelerated in the acceleration\nzone, leading to a hybrid spectrum of this particular ",
        "page": 5,
        "link": "https://ui.adsabs.harvard.edu/link_gateway/2015A&A...573A...7W/EPRINT_PDF",
        "title": "A selfconsistent and timedependent hybrid blazar emission model. Properties and application"
    },
    "2015A&A...573A...7W_page_5_chunk_7": {
        "text": "gyr\u001cRradis\nfulﬁlled even for relativistic protons making them e \u000bective emit-\nters within the jet, hence being co-accelerated in the acceleration\nzone, leading to a hybrid spectrum of this particular blazar, see\nFig. 3. The parameters used can be found in Table 1b. In a mag-\nnetic ﬁeld of 8 :0 G the power-law electrons (with the correspond-\ningtacc) cannot exceed Lorentzfactors of \re\u00192:5\u0001104because\nof synchrotron losses, which together with the relatively high\n\r0;e\u0000leads to a narrow peaked \u0017F\u0017-spectrum in the X-ray band,\nexplaining the SED of 1 ES 1011 +496 there. The Fermi-LAT\ndata on other blazars also suggests that a high \r0e\u0000is present,\ne.g. Reinthal et al. (2011); Weidinger et al. (2010). These val-\nues of\r0iare expected since Fermi acceleration requires pre-\naccelerated, non-thermal particles to be e \u000ecient. Hence the ratio\nof\r0p+=\r0e\u0000depends on this process and might give hints on the\nnature of this mechanism, e.g. trapping of low energetic e\u0000. In\nmagnetic ﬁelds as high as infer",
        "page": 5,
        "link": "https://ui.adsabs.harvard.edu/link_gateway/2015A&A...573A...7W/EPRINT_PDF",
        "title": "A selfconsistent and timedependent hybrid blazar emission model. Properties and application"
    },
    "2015A&A...573A...7W_page_5_chunk_8": {
        "text": "particles to be e \u000ecient. Hence the ratio\nof\r0p+=\r0e\u0000depends on this process and might give hints on the\nnature of this mechanism, e.g. trapping of low energetic e\u0000. In\nmagnetic ﬁelds as high as inferred here, inverse Compton scat-\ntering of synchrotron photons is negligible. The second peak in\nthe spectrum thus consists of synchrotron radiation of highly rel-\nativistic protons, consistently accelerated to \r\u00198:7\u00011010in the\nmodel, as well as pair cascades arising from photo-hadronic in-\nteractions of these protons with the synchrotron photons. With\nthe parameters shown in Table 1b the measured MWL spectrum\nof 1 ES 1011 +469 is explained well, introducing no new pa-\nrameters other than the number of injected low energy protons\nand their injection energy (or the electron /proton ratio and - en-\nergy ratio) as compared to the (simple) SSC-limit. The injected\nArticle number, page 5 of 9",
        "page": 5,
        "link": "https://ui.adsabs.harvard.edu/link_gateway/2015A&A...573A...7W/EPRINT_PDF",
        "title": "A selfconsistent and timedependent hybrid blazar emission model. Properties and application"
    },
    "2015A&A...573A...7W_page_5_chunk_9": {
        "text": "n-\nergy ratio) as compared to the (simple) SSC-limit. The injected\nArticle number, page 5 of 9",
        "page": 5,
        "link": "https://ui.adsabs.harvard.edu/link_gateway/2015A&A...573A...7W/EPRINT_PDF",
        "title": "A selfconsistent and timedependent hybrid blazar emission model. Properties and application"
    },
    "2015A&A...573A...7W_page_6_chunk_1": {
        "text": "A&A proofs: manuscript no. weidinger_rlang\nTable 1. Parameters found in the modelling process to the multiwavelength data of 1 ES 1011 +496 a) using low magnetic ﬁelds, b) high magnetic\nﬁelds thus conﬁned highly relativistic protons.\nModel Q0;p+(cm\u00003)\r0;p+Q0;e\u0000(cm\u00003)\r0;e\u0000B(G) tacc;e(s) Rblob(cm) tacc=tesc a\u000e\na) 0 \u0000 7:50\u0001104868 0:18 3:5\u00011048:00\u000110151:2 1:0\u000110344\nb) 1 :55\u0001108600 3:78\u00011073400 8:0 3:7\u00011021:75\u000110151:3 20 36\nFig. 4. Intrinsic SEDs (una \u000bected by EBL absorption) of 1 ES\n1011+496 (Fig. 3) as inferred by the model, parameters in Table 1. The\nsolid black line shows the hybrid SED with the individual components:\nproton synchrotron emission (dashed black line) and redistributed syn-\nchrotron emission by e\u0006-pairs initiated by photo-hadronic interactions\n(dash-dotted black line) only observable through pair-cascades. The di-\nrect contribution of stable end-products from photo-pion production are\nnegligible in the observable regime peaking above 1027Hz opaque to\n\r\r-pair-production, s",
        "page": 6,
        "link": "https://ui.adsabs.harvard.edu/link_gateway/2015A&A...573A...7W/EPRINT_PDF",
        "title": "A selfconsistent and timedependent hybrid blazar emission model. Properties and application"
    },
    "2015A&A...573A...7W_page_6_chunk_2": {
        "text": "servable through pair-cascades. The di-\nrect contribution of stable end-products from photo-pion production are\nnegligible in the observable regime peaking above 1027Hz opaque to\n\r\r-pair-production, see solid brown line ( \u0019+!e+; other processes are\nbelow 10\u000013erg cm\u00002s\u00001) and only a \u000bect the SED indirectly via \r\r-\npair-production of the nth generation.\nluminosity (i.e. the jet luminosity as the blob moves along) is\nLp=3:0\u00011042erg s\u00001in hadrons, assuming a vanishing angle to\nthe line of sight. This is signiﬁcantly below the Eddington limit\nfor the black hole assumed to be present in 1 ES 1011 +496 (Fan\net al. 2007). Proton spectra extending down to \r0p+=1 would\ndramatically increase the kinetic luminosity without signiﬁcant\nradiative output. The photon indices of the second peak are not\nmapped to the synchrotron spectrum of the radiating protons di-\nrectly, since it also contains redistributed radiation (see Fig. 4)\nhardening the VHE peak. The spectral indices of the underlying\nparticle",
        "page": 6,
        "link": "https://ui.adsabs.harvard.edu/link_gateway/2015A&A...573A...7W/EPRINT_PDF",
        "title": "A selfconsistent and timedependent hybrid blazar emission model. Properties and application"
    },
    "2015A&A...573A...7W_page_6_chunk_3": {
        "text": "ped to the synchrotron spectrum of the radiating protons di-\nrectly, since it also contains redistributed radiation (see Fig. 4)\nhardening the VHE peak. The spectral indices of the underlying\nparticle species ( s=2:25 for both) is consistent with di \u000busive\nshock acceleration at a strong shock.\n3.2. Intrinsic spectrum of 1 ES 1011+496\nTo resolve the second peak in the spectrum of 1 ES 1011 +496\nit is much more convenient to take a look at the intrinsic SED\nuna\u000bected by the EBL, shown in Fig. 4. As already mentioned\nthe ﬁrst peak in the SED consists of synchrotron radiation of the\nprimary electrons within the radiation zone. The situation for\nthe second hump, however, is slightly more complex. The rel-\nevant contributions to the second peak of 1 ES 1011 +496 are\nproton synchrotron photons of the highly relativistic primary\np+with Lorentzfactors up to \rp\u00191010and cascade radiation.\nThe latter is synchrotron radiation of the stable products aris-\ning from photo-meson production which is red",
        "page": 6,
        "link": "https://ui.adsabs.harvard.edu/link_gateway/2015A&A...573A...7W/EPRINT_PDF",
        "title": "A selfconsistent and timedependent hybrid blazar emission model. Properties and application"
    },
    "2015A&A...573A...7W_page_6_chunk_4": {
        "text": " the highly relativistic primary\np+with Lorentzfactors up to \rp\u00191010and cascade radiation.\nThe latter is synchrotron radiation of the stable products aris-\ning from photo-meson production which is redistributed fromthe optically thick regime for pair-production until observable.\nAs one can infer from Fig. 4 (solid brown line) the direct contri-\nbution of p\rinteractions is negligible thanks to the dominance\nof the proton synchrotron peak. That is also why Bethe-Heitler\npair-production with a lower threshold than photo-hadronic pro-\ncesses can be neglected against the proton synchrotron emission\nin magnetic ﬁelds of O(10 G) required to conﬁne the protons\nwithin the emitting region of a typical blazar. From Fig. 4 it is\nalso clear that the maxima of the ﬁrst generation radiation of e\u0006\nand\rs from p\r-interactions are above 1028Hz.\nIt should be noted that the attenuation of the spectrum by\nthe EBL may have secondary e \u000bects. It has been discussed in\nthe literature (cf. Neronov & V ovk 2010) ",
        "page": 6,
        "link": "https://ui.adsabs.harvard.edu/link_gateway/2015A&A...573A...7W/EPRINT_PDF",
        "title": "A selfconsistent and timedependent hybrid blazar emission model. Properties and application"
    },
    "2015A&A...573A...7W_page_6_chunk_5": {
        "text": "rom p\r-interactions are above 1028Hz.\nIt should be noted that the attenuation of the spectrum by\nthe EBL may have secondary e \u000bects. It has been discussed in\nthe literature (cf. Neronov & V ovk 2010) that EBL absorption\nyields electron-positron pairs, which can upscatter CMB pho-\ntons to GeV energies. The detection or non-detection of these\nGeV photons by Fermi, can give rise to the determination of\nthe the intergalactic magnetic ﬁeld (IGMF; assuming that dif-\nfusion of electron-positron pairs in the IGMF is the only process\npreventing the Compton scattering). The integrated ﬂux above\n1 TeV in the hybrid scenario is an order of magnitude higher\nthan the hard spectra assumed in Neronov & V ovk (2010) and\nas the redshift of 1 ES 1011 +496 is comparable, we ﬁnd a crude\nlower bound for the IGMF of O(10\u000015G), which has been re-\nported in other analyses, e.g. Tavecchio et al. (2010). This is an\nextremely rough estimate, since di \u000berent regions of the EBL are\ntouched in the hybrid case compar",
        "page": 6,
        "link": "https://ui.adsabs.harvard.edu/link_gateway/2015A&A...573A...7W/EPRINT_PDF",
        "title": "A selfconsistent and timedependent hybrid blazar emission model. Properties and application"
    },
    "2015A&A...573A...7W_page_6_chunk_6": {
        "text": "F of O(10\u000015G), which has been re-\nported in other analyses, e.g. Tavecchio et al. (2010). This is an\nextremely rough estimate, since di \u000berent regions of the EBL are\ntouched in the hybrid case compared to purely leptonic spectra\nwhich cut o \u000bat lower energies, additionally leading to deviat-\ning IC cooling timescales. It should not be neglected here that\nplasma e \u000bects (namely the pair-beam instability) with substen-\ntially smaller mean free paths are passionatly discussed as the\ndominating cooling process for TeV beams, not producing a ra-\ndiative signature in the Fermi LAT band, even in the absence of\nan IGMF (Schlickeiser et al. 2013; Broderick et al. 2012). Fur-\nthermore the pair creation probability inside the jet, but outside\nthe actual source region has not been modelled, which may sub-\nstantially alter the TeV spectrum of a blazar injected into the\nintergalactic medium.\n3.3. Variability\nYet another advantage of the numerical approach is that it is not\nonly possible to use exac",
        "page": 6,
        "link": "https://ui.adsabs.harvard.edu/link_gateway/2015A&A...573A...7W/EPRINT_PDF",
        "title": "A selfconsistent and timedependent hybrid blazar emission model. Properties and application"
    },
    "2015A&A...573A...7W_page_6_chunk_7": {
        "text": " sub-\nstantially alter the TeV spectrum of a blazar injected into the\nintergalactic medium.\n3.3. Variability\nYet another advantage of the numerical approach is that it is not\nonly possible to use exact cross sections including all non-linear\ninteractions, but that a time-dependent treatment is feasible and\nvariability becomes accessible even in the lepto-hadronic case.\nThe structure of the VHE peak in the hybrid scenario including\nleptonic and hadronic emission will involve various timescales\nof variability which can be investigated with our model. In\nthis section we introduce a possible ﬂaring scenario for 1 ES\n1011+496, where more primary e\u0000andp+are injected into the\nsteady state acceleration zone for a certain amount of time \u0001t,\ni.e.\nQ0;i(t)=Q0;i\u0001(\nxi;tbegin<t<tbegin+ \u0001t\n1;otherwise.(20)\nThis scenario might occur within the jet of a blazar as the blob\nmoves through strong density ﬂuctuations along the axis of the\nArticle number, page 6 of 9",
        "page": 6,
        "link": "https://ui.adsabs.harvard.edu/link_gateway/2015A&A...573A...7W/EPRINT_PDF",
        "title": "A selfconsistent and timedependent hybrid blazar emission model. Properties and application"
    },
    "2015A&A...573A...7W_page_6_chunk_8": {
        "text": ")\nThis scenario might occur within the jet of a blazar as the blob\nmoves through strong density ﬂuctuations along the axis of the\nArticle number, page 6 of 9",
        "page": 6,
        "link": "https://ui.adsabs.harvard.edu/link_gateway/2015A&A...573A...7W/EPRINT_PDF",
        "title": "A selfconsistent and timedependent hybrid blazar emission model. Properties and application"
    },
    "2015A&A...573A...7W_page_7_chunk_1": {
        "text": "M. Weidinger and F. Spanier: A self-consistent and time-dependent hybrid blazar emission model\nFig. 5. Multiband lightcurve during the assumed scenario of density\nﬂuctuations along the jet axis explained in the text. The inset shows\nthe deﬁnition of the snapshots during the ﬁrst outburst in Fig. 6. The\ntimescale of this ﬂare corresponds to the synchrotron timescale of the\nelectrons with a slight delay in the gamma rays caused by the cascades\nthat need to be built up ﬁrst. With a delay of about 4 :28 days a sec-\nond, orphan ﬂare occurs in the VHEs when the freshly injected protons\nhave been accelerated to high Lorentzfactors to radiate e \u000eciently. The\ntimescale here corresponds to the synchrotron loss timescale of protons.\nFig. 6. Spectral evolution (18 :5 min snapshots) during the imposed ﬂar-\ning scenario of 1 ES 1011 +496 (intrinsic spectrum). The VHE peak\nrises with the synchrotron peak because of the enhanced seed photons\nfor hadronic interactions and the redistribution via \r\r!e\u0006. ",
        "page": 7,
        "link": "https://ui.adsabs.harvard.edu/link_gateway/2015A&A...573A...7W/EPRINT_PDF",
        "title": "A selfconsistent and timedependent hybrid blazar emission model. Properties and application"
    },
    "2015A&A...573A...7W_page_7_chunk_2": {
        "text": "ﬂar-\ning scenario of 1 ES 1011 +496 (intrinsic spectrum). The VHE peak\nrises with the synchrotron peak because of the enhanced seed photons\nfor hadronic interactions and the redistribution via \r\r!e\u0006. The inset\nshows the second, orphan ﬂare in the gamma rays (see also Fig. 5) due\nto enhanced proton synchrotron radiation occurring with a delay, since\nthe protons need time to accelerate to high energies.\noutﬂow. Unlike the SSC models, we expect long time-lags and\ndi\u000berent timescales to occur in the multiband lightcurve serving\nas a hadronic ﬁngerprint of the considered blazar. All timescales\nand times are given in the observer’s frame.\nFigure 5 shows the response in the optical (blue), X-rays (red),\nand gamma rays (black) when (arbitrarily) setting \u0001t=3:86 h\nandxe=2:5,xp=8:5. Of course these parameters need to be\ninterpreted and will be di \u000berent observing an actual outburst\nof 1 ES 1011 +496 in various energy bands. The deﬁnition of\nthe energy ranges in the multiband lightcurves of Fig. ",
        "page": 7,
        "link": "https://ui.adsabs.harvard.edu/link_gateway/2015A&A...573A...7W/EPRINT_PDF",
        "title": "A selfconsistent and timedependent hybrid blazar emission model. Properties and application"
    },
    "2015A&A...573A...7W_page_7_chunk_3": {
        "text": "parameters need to be\ninterpreted and will be di \u000berent observing an actual outburst\nof 1 ES 1011 +496 in various energy bands. The deﬁnition of\nthe energy ranges in the multiband lightcurves of Fig. 5 can be\nfound in Fig. 6. A ﬂare occurs almost instantaneously in the\nFig. 7. Spectral evolution (43 :2 min snapshots) during the imposed ﬂar-\ning scenario by setting xe=2:5 in the leptonic case of 1 ES 1011 +496\n(intrinsic spectrum). The SSC limit shows the simple ﬂaring behaviour\nas expected, without spectral evolution in the VHE and orphan ﬂares do\nnot occur. The inset shows the corresponding lightcurves in the X-rays\nand gamma rays exhibiting a slight delay caused by the IC upscattering\nof the enhanced synchrotron photons.\noptical (2\u00011014Hz to 9\u00011014Hz) and X-ray (1 \u00011017Hz to\n9\u00011017Hz) energy ranges due to the higher primary electron\ndensity accelerated to high energies. Typical timescales of this\nﬁrst outburst are the acceleration and synchrotron loss timescale\nof electrons, see inse",
        "page": 7,
        "link": "https://ui.adsabs.harvard.edu/link_gateway/2015A&A...573A...7W/EPRINT_PDF",
        "title": "A selfconsistent and timedependent hybrid blazar emission model. Properties and application"
    },
    "2015A&A...573A...7W_page_7_chunk_4": {
        "text": "ergy ranges due to the higher primary electron\ndensity accelerated to high energies. Typical timescales of this\nﬁrst outburst are the acceleration and synchrotron loss timescale\nof electrons, see inset in Fig. 5. Along with the ﬂare in the\noptical comes an outburst at VHE (1 \u00011025Hz to 2\u00011026Hz) with\na slightly di \u000berent rising behaviour due to enhanced reprocessed\nradiation of the initial photo-hadronic interactions, since more\ntarget (synchrotron) photons are provided during the outburst.\nWhile the electron synchrotron peak shows spectral behaviour\nsimilar to SSC modelling, the photon index in the VHE softens\nas the cascaded radiation dominates over the proton synchrotron\nemission during the ﬁrst ﬂare, see Fig. 6. After approximately\n0:7 days the emission initiated by the enhanced Q0;e\u0000has cooled\ndown to its steady-state value. The additionally injected protons\n(alongside the electrons) need to be accelerated with tacc;pto\nhigh\rs before emitting synchrotron radiation e \u000eciently. This",
        "page": 7,
        "link": "https://ui.adsabs.harvard.edu/link_gateway/2015A&A...573A...7W/EPRINT_PDF",
        "title": "A selfconsistent and timedependent hybrid blazar emission model. Properties and application"
    },
    "2015A&A...573A...7W_page_7_chunk_5": {
        "text": "as cooled\ndown to its steady-state value. The additionally injected protons\n(alongside the electrons) need to be accelerated with tacc;pto\nhigh\rs before emitting synchrotron radiation e \u000eciently. This\ncauses the delay tdelay between the ﬁrst, MWL ﬂare and the\nsecond, orphan ﬂare in the VHE due to p+-synchrotron radiation\nwith its typical timescales, yet another feature not expected in a\npurely leptonic model. In contrast to the ﬁrst outburst the photon\nindex in the VHE hardens (inset of Fig. 6). Both are initiated by\none single enhanced injection into the numerically considered\nregion. Hence the VHE exhibit both characteristic timescales,\nthose of electrons and those of protons in the magnetic ﬁeld of\nthe blob, and it is insu \u000ecient to limit theoretical investigation to\np+-timescales only.\nIn Fig. 7 a hypothetical outburst with xe=2:5 and \u0001t=3:86\nh in terms of the purely leptonic model (Table 1a) is displayed\nfor comparison, the inset shows the corresponding lightcurves.\nThe behaviour ",
        "page": 7,
        "link": "https://ui.adsabs.harvard.edu/link_gateway/2015A&A...573A...7W/EPRINT_PDF",
        "title": "A selfconsistent and timedependent hybrid blazar emission model. Properties and application"
    },
    "2015A&A...573A...7W_page_7_chunk_6": {
        "text": "\nIn Fig. 7 a hypothetical outburst with xe=2:5 and \u0001t=3:86\nh in terms of the purely leptonic model (Table 1a) is displayed\nfor comparison, the inset shows the corresponding lightcurves.\nThe behaviour is quite straightforward with its possible soft-\nand hard lags occurring, in contrast to the relatively complex\ntime-dependent behaviour in the hybrid model. There is no\nnoteworthy spectral evolution in the VHE and orphan ﬂares do\nnot occur. The timescales as shown in the lightcurves mainly\ndi\u000ber from those of Table 1b) as a result of the signiﬁcantly\nArticle number, page 7 of 9",
        "page": 7,
        "link": "https://ui.adsabs.harvard.edu/link_gateway/2015A&A...573A...7W/EPRINT_PDF",
        "title": "A selfconsistent and timedependent hybrid blazar emission model. Properties and application"
    },
    "2015A&A...573A...7W_page_8_chunk_1": {
        "text": "A&A proofs: manuscript no. weidinger_rlang\nlower magnetic ﬁeld and are consistent with the modelling of\ncomparable blazars (Weidinger & Spanier 2010).\n4. Discussion\nWe have presented and applied a fully self-consistent and\ntime-dependent hybrid emission model for blazar jets, taking\nall relevant processes into account, namely acceleration and\nsynchrotron emission of electrons and protons, inverse Compton\nscattering, and intrinsic photo-hadronic interactions as well as\n\r\r-pair production. The model includes the self-consistent SSC\nlimit by setting Q0;p+!0, see e.g. Weidinger et al. (2010)\nfor a detailed description. However magnetic ﬁelds of O(10\nG) will conﬁne relativistic protons within the emitting region\nwith a typical size of O(1015cm) toO(1016cm) as inferred\nfrom variability and causality (Weidinger et al. 2010; Böttcher\n& Dermer 1998). The numerical approach allows for a detailed\ntreatment of the individual processes (see Chapter 2), including\nall non-linearities arising from the",
        "page": 8,
        "link": "https://ui.adsabs.harvard.edu/link_gateway/2015A&A...573A...7W/EPRINT_PDF",
        "title": "A selfconsistent and timedependent hybrid blazar emission model. Properties and application"
    },
    "2015A&A...573A...7W_page_8_chunk_2": {
        "text": "lity (Weidinger et al. 2010; Böttcher\n& Dermer 1998). The numerical approach allows for a detailed\ntreatment of the individual processes (see Chapter 2), including\nall non-linearities arising from the coupling of the photons to\nthe leptons via photo-meson production and the creation of\ne\u0006-pairs with di \u000berent timescales. Hence the model spectra\nand lightcurves in case of outbursts become far more complex\nthan in SSC models, even if non-linear cooling is included\n(Weidinger & Spanier 2010; Zacharias & Schlickeiser 2013).\nNot only do orphan ﬂares occur, but also variability associated\nwith the di \u000berent timescales for p+ande\u0006in the system. More\ncomplex behaviour will arise if photon-quenching becomes\ne\u000bective, in the cases when the electromagnetic cascades serve\nas targets for photo-meson production. It is obvious that photo-\nhadronic cooling e \u000bects must not be neglected in those cases,\nbut even without runaway production there is vast, qualitatively\ndi\u000berent, variable multiband behavio",
        "page": 8,
        "link": "https://ui.adsabs.harvard.edu/link_gateway/2015A&A...573A...7W/EPRINT_PDF",
        "title": "A selfconsistent and timedependent hybrid blazar emission model. Properties and application"
    },
    "2015A&A...573A...7W_page_8_chunk_3": {
        "text": "oduction. It is obvious that photo-\nhadronic cooling e \u000bects must not be neglected in those cases,\nbut even without runaway production there is vast, qualitatively\ndi\u000berent, variable multiband behaviour, delicately depending\non the chosen set of parameters, not only the behaviour 1 ES\n1011+496 exhibits in our example. In addition typical time-lags\nare directly bound to the timescales, e.g. the acceleration\ntimescale, in the system. Hence these appealing features could\nbe used to determine typical acceleration rates in astrophysical\njets, otherwise inaccessible. With future experiments a sys-\ntematic approach of multiband variable behaviour is at hand,\nleading towards an investigation of the energy dependence\nof the involved timescales comparing lags and durations in\ndi\u000berent energy bands in our model, leading to advances in e.g.\nrelativistic acceleration of particles, still not understood com-\npletely (Bykov et al. 2012; Ellison et al. 2013; Sironi et al. 2013).\n1 ES 1011 +496 was used",
        "page": 8,
        "link": "https://ui.adsabs.harvard.edu/link_gateway/2015A&A...573A...7W/EPRINT_PDF",
        "title": "A selfconsistent and timedependent hybrid blazar emission model. Properties and application"
    },
    "2015A&A...573A...7W_page_8_chunk_4": {
        "text": "n our model, leading to advances in e.g.\nrelativistic acceleration of particles, still not understood com-\npletely (Bykov et al. 2012; Ellison et al. 2013; Sironi et al. 2013).\n1 ES 1011 +496 was used as an example blazar with its\nlow state emission already pointing out a relatively high mag-\nnetic ﬁeld to be present within its jet, see Chapter 3. The steady\nstate observed in the MWL campaign including the MAGIC\ntelescopes and the Swift satellite is reliably described with\nour hybrid model, while a consistent leptonic approach fails\nto model the synchrotron peak of 1 ES 1011 +496 (see Table\n1 for the parameters used). One can of course assume various\nbreaks with corresponding spectral indices in the electron\ndistribution to describe the X-ray peak leptonically, but in\ngeneral a physical motivation for these is rather hard to ﬁnd.\nHence, self-consistently speaking, the VHE peak is not due to\ninverse Compton photons, but consists of proton synchrotron\nradiation and emerging cascade radia",
        "page": 8,
        "link": "https://ui.adsabs.harvard.edu/link_gateway/2015A&A...573A...7W/EPRINT_PDF",
        "title": "A selfconsistent and timedependent hybrid blazar emission model. Properties and application"
    },
    "2015A&A...573A...7W_page_8_chunk_5": {
        "text": "tivation for these is rather hard to ﬁnd.\nHence, self-consistently speaking, the VHE peak is not due to\ninverse Compton photons, but consists of proton synchrotron\nradiation and emerging cascade radiation. We note that merely\ntwo additional parameters need to be introduced in the complex\nlepto-hadronic model with respect to the Weidinger et al.\n(2010) or Tavecchio et al. (2001) SSC models. The properties\nof the underlying electron and proton densities, like the gap\nbetween\rmax;eand\rmax;por spectral indices and breaks, ariseconsistently as a result of acceleration and cooling during the\nmodelling process.\nThis has a certain impact on the variability observable from 1\nES 1011 +496, investigated using an imposed ﬂaring scenario\nsimulating density ﬂuctuations along the jet-axis (Eq. 20).\nQuite obviously the timescales connected with e\u0000-synchrotron\nemission is lower than in the typical SSC-case where the\nmagnetic ﬁelds are low. More importantly, one can observe\npatterns in the multiband lig",
        "page": 8,
        "link": "https://ui.adsabs.harvard.edu/link_gateway/2015A&A...573A...7W/EPRINT_PDF",
        "title": "A selfconsistent and timedependent hybrid blazar emission model. Properties and application"
    },
    "2015A&A...573A...7W_page_8_chunk_6": {
        "text": " obviously the timescales connected with e\u0000-synchrotron\nemission is lower than in the typical SSC-case where the\nmagnetic ﬁelds are low. More importantly, one can observe\npatterns in the multiband lightcurves, see Fig. 5. In the imposed\nscenario, the ﬁrst ﬂare of 1 ES 1011 +496 covers all considered\nenergy bands with the timescale of the electrons, even in the\nVHEs, since it is caused by the freshly injected e\u0000and the\nenhanced cascade radiation. With a time-lag of approximately\n4:28 days a second, orphan ﬂare occurs in the VHEs because of\np+-synchrotron radiation with its typical timescale. It took the\nprotons (with their higher tacc;p) this time to be accelerated to the\nenergies where they can emit e \u000eciently. The fact that leptonic\ntimescales are involved in the VHE emission as well, allows\nshort-time variability in this region even in the hybrid case. This\nis not necessarily true in every hadronically dominated blazar,\nsee e.g. Böttcher et al. (2009) where p+-synchrotron radiation\nd",
        "page": 8,
        "link": "https://ui.adsabs.harvard.edu/link_gateway/2015A&A...573A...7W/EPRINT_PDF",
        "title": "A selfconsistent and timedependent hybrid blazar emission model. Properties and application"
    },
    "2015A&A...573A...7W_page_8_chunk_7": {
        "text": "ows\nshort-time variability in this region even in the hybrid case. This\nis not necessarily true in every hadronically dominated blazar,\nsee e.g. Böttcher et al. (2009) where p+-synchrotron radiation\ndominates over the cascades. In comparison with the outburst in\nthe purely leptonic case, one can see that strong spectral features\nin the VHE during the ﬂare are only present within the hybrid\nmodel with signiﬁcant hardening and softening.\nThe multiband lightcurves can therefore be used as a hadronic\nﬁngerprint of an individual blazar by identifying the characteris-\ntic patterns using the presented model. The tangible patterns will\nbe di\u000berent in each blazar according to the physical parameters\npresent within the jets, see e.g. Weidinger & Spanier (2011),\nbut typical timescales and timelags can only be found in the\nhybrid case and thus be used to identify blazars accelerating\nboth electrons and hadrons without relying on the detection of\nneutrinos of an individual source, e.g. with IceCube",
        "page": 8,
        "link": "https://ui.adsabs.harvard.edu/link_gateway/2015A&A...573A...7W/EPRINT_PDF",
        "title": "A selfconsistent and timedependent hybrid blazar emission model. Properties and application"
    },
    "2015A&A...573A...7W_page_8_chunk_8": {
        "text": "n only be found in the\nhybrid case and thus be used to identify blazars accelerating\nboth electrons and hadrons without relying on the detection of\nneutrinos of an individual source, e.g. with IceCube, which is\nquite di \u000ecult (Abbasi et al. 2011; Mücke & Protheroe 2001;\nVissani et al. 2011; Vitells & Gross 2011). Consequently this\npaper suggests more long-term MWL observations of individual\nsources as done with Fermi LAT and VERITAS of Mkn 501\nor Mkn 421 (The Fermi Collaboration 2011a,b) to reveal those\nresponsible for the recently detected extragalactic high energy\nneutrinos (Aartsen et al. 2013). Of course, AGN accelerating\nprotons would be good candidates of ultra high energy cosmic\nray production sites among blazars, since proton energies up\ntoEp=1021eV are reached in the observer’s frame, and it is\nthus important to identify the subset of those actually conﬁning\nnon-thermal protons, a task which can be addressed by our\nmodel. Systematic modelling of all types of blazars with one\ns",
        "page": 8,
        "link": "https://ui.adsabs.harvard.edu/link_gateway/2015A&A...573A...7W/EPRINT_PDF",
        "title": "A selfconsistent and timedependent hybrid blazar emission model. Properties and application"
    },
    "2015A&A...573A...7W_page_8_chunk_9": {
        "text": "ame, and it is\nthus important to identify the subset of those actually conﬁning\nnon-thermal protons, a task which can be addressed by our\nmodel. Systematic modelling of all types of blazars with one\nsingle model could also help to understand the di \u000berences\nand commonalities of each blazar ﬂavour (FSQR, IBL, LBL,\nand HBL), because the parameters are obtained during the\nmodelling. They are not biased using a speciﬁc Ansatz like\nleptonic or hadronic in the ﬁrst place when producing the model\nspectrum. Thus, models like ours are crucial tools that can be\nused to interpret data in times of extensive multi-messenger\ncampaigns and stacking astrophysics with the upcoming CTA,\nIceCube detecting ﬁrst PeV neutrinos, and cosmic ray detectors\nlike AUGER and HAWC in the future.\nAcknowledgements. We thank the referee for a helpful and detailed report. MW\nwants to thank Elitenetzwerk Bayern and the Graduate School 1147 for their\nsupport, FS acknowledged support from National Research Foundation throu",
        "page": 8,
        "link": "https://ui.adsabs.harvard.edu/link_gateway/2015A&A...573A...7W/EPRINT_PDF",
        "title": "A selfconsistent and timedependent hybrid blazar emission model. Properties and application"
    },
    "2015A&A...573A...7W_page_8_chunk_10": {
        "text": "nk the referee for a helpful and detailed report. MW\nwants to thank Elitenetzwerk Bayern and the Graduate School 1147 for their\nsupport, FS acknowledged support from National Research Foundation through\na “Multiwavelength” grant\nArticle number, page 8 of 9",
        "page": 8,
        "link": "https://ui.adsabs.harvard.edu/link_gateway/2015A&A...573A...7W/EPRINT_PDF",
        "title": "A selfconsistent and timedependent hybrid blazar emission model. Properties and application"
    },
    "2015A&A...573A...7W_page_9_chunk_1": {
        "text": "M. Weidinger and F. Spanier: A self-consistent and time-dependent hybrid blazar emission model\nReferences\nAartsen, M. G. et al, 2013, Phys. Rev. Lett., 111, 021103\nAbbasi, R. et al., 2011, ApJ, 732, 18\nAgudo, I. et al., 2011, ApJ, 726, L13\nAharonian, F. et al., 2007, ApJ, 664, L71\nBerezinsky, V . S. & Grigoréva, S. I., 1988, A&A, 199, 1\nBlumenthal, G. R. & Gould, R. J., 1970, Reviews of Modern Physics, 42, 237\nBlumenthal, G. R., 1970, Phys. Rev. D., 1(6), 1596\nBöttcher, M. et al., 2010, ApJ, 725, 2344\nBöttcher, M. et al., 2013, ApJ, 768, 54\nBöttcher, M., Reimer, A., & Marscher, A. P., 2009, ApJ, 703, 1168\nBöttcher, M. & Dermer, C. D., 1998, ApJ, 501, L51\nBöttcher, M., Mause, H. & Schlickeiser, R., 1997, Proceedings of the Fourth\nCompton Symposium, 410, 1473\nBöttcher, M. & Schlickeiser, R., 1997, A&A, 325, 866\nBroderick, A. E., Chang, P. & Pfrommer, C., 2012 ApJ, 752\nBykov, A. et al., 2012, Space Sci. Rev., 173, 309\nCoppi, P. S. & Blandford, R. D., 1990, MNRAS, 245, 453\nDermer, C. D., 2",
        "page": 9,
        "link": "https://ui.adsabs.harvard.edu/link_gateway/2015A&A...573A...7W/EPRINT_PDF",
        "title": "A selfconsistent and timedependent hybrid blazar emission model. Properties and application"
    },
    "2015A&A...573A...7W_page_9_chunk_2": {
        "text": " 1997, A&A, 325, 866\nBroderick, A. E., Chang, P. & Pfrommer, C., 2012 ApJ, 752\nBykov, A. et al., 2012, Space Sci. Rev., 173, 309\nCoppi, P. S. & Blandford, R. D., 1990, MNRAS, 245, 453\nDermer, C. D., 2013, Sources of GeV Photons and the Fermi Results (Springer-\nVerlag, Heidelberg), 225\nDermer, C. D., Finke, J. D., Krug, H. and Böttcher, M., 2009, ApJ, 692, 32\nDermer, C. D. & Schlickeiser, R., 1993, ApJ, 416, 458\nEichmann, B., Schlickeiser, R. & Rhode, W., 2012, ApJ, 749, 155\nEllison, D. C. et al., 2013, ApJ, 776, 46\nFan, J. H. et al., 2007, Gravitation and Astrophysics, 137 +\nThe Fermi Collaboration, 2011, ApJ, 727, 129\nThe Fermi Collaboration, 2011, ApJ, 736, 131\nThe Fermi Collaboration, 2010, ApJS, 188, 405\nFossati et al., 1998, MNRAS, 299, 433\nHutter, A. & Spanier, F., 2011, AdSpR, 48, 1415\nKelner, S. R. & Aharonian, F. A., 2008, Physical Review D., 78, 034013\nPetropoulou, M. et al., 2013, Astronomy & Astrophysics, 557, A48\nPetropoulou, M. & Mastichiadis, A., 2013, MNRAS, 421, 2325\nK",
        "page": 9,
        "link": "https://ui.adsabs.harvard.edu/link_gateway/2015A&A...573A...7W/EPRINT_PDF",
        "title": "A selfconsistent and timedependent hybrid blazar emission model. Properties and application"
    },
    "2015A&A...573A...7W_page_9_chunk_3": {
        "text": "415\nKelner, S. R. & Aharonian, F. A., 2008, Physical Review D., 78, 034013\nPetropoulou, M. et al., 2013, Astronomy & Astrophysics, 557, A48\nPetropoulou, M. & Mastichiadis, A., 2013, MNRAS, 421, 2325\nKirk, J. G., Rieger, F. H. & Mastichiadis, A., 1998, A&A, 333, 452\nThe MAGIC Collaboration & Weidinger, M., 2011, A&A, 539, A118\nThe MAGIC Collaboration, 2007, ApJ, 667, L21\nMannheim, K., 1993, A&A, 269, 67\nMarcha, M. J. M., Browne, I. W. A., Impey, C. D. & Smith, P. S., 1996, MNRAS,\n281, 425\nMeyer, E. et al., 2011, ApJ, 740, 98\nMücke, A. et al., 2003, Astroparticle Physics, 18, 593\nMücke, A. & Protheroe, R. J., 2001, Astroparticle Physics, 15, 121\nMücke et al., 2000, Nuclear Physics B Proceedings Supplements, 80, C809\nMurase et al., 2014, Phys. Rev. D, 90, 023007\nNeronov, A. & V ovk, I., 2010, Science, 328, 73\nPrimack, J. R., Bullock, J. S. & Somerville, R. S., 2005, Am. Inst. Phys. Conf.\nSeries, 745, 23\nPunch, M. et al., 1992, Nature, 358, 477\nReinthal, R. et al., 2011, conference proceed",
        "page": 9,
        "link": "https://ui.adsabs.harvard.edu/link_gateway/2015A&A...573A...7W/EPRINT_PDF",
        "title": "A selfconsistent and timedependent hybrid blazar emission model. Properties and application"
    },
    "2015A&A...573A...7W_page_9_chunk_4": {
        "text": " Science, 328, 73\nPrimack, J. R., Bullock, J. S. & Somerville, R. S., 2005, Am. Inst. Phys. Conf.\nSeries, 745, 23\nPunch, M. et al., 1992, Nature, 358, 477\nReinthal, R. et al., 2011, conference proceedings of the 32nd ICRC 2011, OG2.3,\n1273\nSchlickeiser, R., 2002, Astronomy & Astrophysics Library.\nSchlickeiser, R., Krakau, S. & Supsar, M., 2013, ApJ, 777, 49\nSironi, L. et al, 2013, ApJ, 771, 54\nSpanier, F. & Weidinger, M., 2011, Int. J. Mod. Phys. Conference Series, 8, 293\nStrittmatter et al., 1972, ApJ, 175, L7\nTavecchio et al., 2001, ApJ, 554, 725\nTavecchio et al., 2010, MNRAS, 406, L70\nUrry, C. M., 1998, Advances in Space Research, 21, 89\nVissani, F., Aharonian, F. A. & Sahakyan, N., 2011, Astroparticle Physics, 34,\n778\nVitells, O. & Gross, E., 2011, Astroparticle Physics, 35, 230\nVukcevic, M. & Schlickeiser, R., 2ßß7, A&A, 467, 15\nWeidinger, M. & Spanier, F., 2011, conference proceedings of the 32nd ICRC\n2011, OG1.2, 0019\nWeidinger, M. & Spanier, F., 2010, A&A, 515, A18\nWeidinger, M",
        "page": 9,
        "link": "https://ui.adsabs.harvard.edu/link_gateway/2015A&A...573A...7W/EPRINT_PDF",
        "title": "A selfconsistent and timedependent hybrid blazar emission model. Properties and application"
    },
    "2015A&A...573A...7W_page_9_chunk_5": {
        "text": "ic, M. & Schlickeiser, R., 2ßß7, A&A, 467, 15\nWeidinger, M. & Spanier, F., 2011, conference proceedings of the 32nd ICRC\n2011, OG1.2, 0019\nWeidinger, M. & Spanier, F., 2010, A&A, 515, A18\nWeidinger, M., Rüger, M. & Spanier, F., 2010, Astrophysics and Space Sciences\nTransactions, 6, 1\nZacharias, M. & Schlickeiser, R., 2013, ApJ, 777, 109\nArticle number, page 9 of 9",
        "page": 9,
        "link": "https://ui.adsabs.harvard.edu/link_gateway/2015A&A...573A...7W/EPRINT_PDF",
        "title": "A selfconsistent and timedependent hybrid blazar emission model. Properties and application"
    }
}