{
    "2015arXiv150302141O_page_1_chunk_1": {
        "text": "arXiv:1503.02141v1  [hep-th]  7 Mar 2015DPUR/TH/43\nMarch, 2015\nHawking Radiation inside Black Holes in Quantum Gravity\nIchiro Oda1\nDepartment of Physics, Faculty of Science, University of the Ryuk yus,\nNishihara, Okinawa 903-0213, Japan.\nAbstract\nWe study black hole radiation inside black holes within the f ramework of quantum\ngravity. First, we review on our previous work of a canonical quantization for a spher-\nically symmetric geometry where one of the spatial coordina tes is treated as the time\nvariable, since we think of the interior region of a black hol e. Based on this formalism,\nunder physically plausible assumptions, we solve the Wheel er-De Witt equation inside\nthe black hole, and show that the mass-loss rate of an evapora ting black hole due to\nthermal radiation is equivalent to the result obtained by Ha wking in his semi-classical\napproach. A remarkable point is that our assumptions make th e momentum constraint\ncoincidewiththeHamiltonian constraintuptoanirrelevan t overal",
        "page": 1,
        "link": "https://ui.adsabs.harvard.edu/link_gateway/2015arXiv150302141O/EPRINT_PDF",
        "title": "Hawking Radiation inside Black Holes in Quantum Gravity"
    },
    "2015arXiv150302141O_page_1_chunk_2": {
        "text": "o the result obtained by Ha wking in his semi-classical\napproach. A remarkable point is that our assumptions make th e momentum constraint\ncoincidewiththeHamiltonian constraintuptoanirrelevan t overall factor. Furthermore,\nfor comparison, we solve the Wheeler-De Witt equation outsi de the black hole as well,\nand see that the mass-loss rate of an evaporating black hole h as the same expression.\nThe present analysis suggests that the black hole radiation comes from the black hole\nsingularity. We also comment on the Birkhoﬀ theorem in quant um gravity.\n1E-mail address: ioda@phys.u-ryukyu.ac.jp",
        "page": 1,
        "link": "https://ui.adsabs.harvard.edu/link_gateway/2015arXiv150302141O/EPRINT_PDF",
        "title": "Hawking Radiation inside Black Holes in Quantum Gravity"
    },
    "2015arXiv150302141O_page_2_chunk_1": {
        "text": "1 Introduction\nThere has been a recent revival of an interest in the interior of a bla ck hole. For instance,\nthere has been an active debate on whether the AdS/CFT corresp ondence could describe\nthe physics of the interior of a black hole or not [1, 2, 3]. This problem is closely related to\nthe information loss paradox in physics of black holes. Moreover, it h as been more recently\npointed out that black holes have a very large interior: For a stellar b lack hole, the volume\ninside the black hole is larger than that of our universe [4, 5]. This stud y is also relevant to\nthe information loss paradox since there might be a lot of real estat e available inside a black\nhole for stocking micro-states associated with a black hole entropy .2\nIn the 1990’s, there were also active studies of the interior region o f a black hole despite\nthat the interior is physically of no relevance for external observe rs outside the horizon. In\nthose days, the interest in the interior of a black hole has be",
        "page": 2,
        "link": "https://ui.adsabs.harvard.edu/link_gateway/2015arXiv150302141O/EPRINT_PDF",
        "title": "Hawking Radiation inside Black Holes in Quantum Gravity"
    },
    "2015arXiv150302141O_page_2_chunk_2": {
        "text": "interior region o f a black hole despite\nthat the interior is physically of no relevance for external observe rs outside the horizon. In\nthose days, the interest in the interior of a black hole has been trigg ered by development\nof the understanding of the internal geometry near the Cauchy h orizon inside the Reissner-\nNordstrom black hole, what is called, the mass inﬂation [7, 8, 9], and th e phenomenon of the\nsmearing of a black hole singularity in quantum gravity [10]. As one of mo tivations behind\nthese studies, there was an expectation that since both the Cauc hy horizon and a spacetime\nsingularity exhibit highly pathological behavior in the classical theory of general relativity,\nand quantum eﬀects would play a dominant role, studies of the physic s inside the horizon of a\nblack hole might give us some important clues for constructing a theo ry of quantum gravity.\nStimulated with the interest in the interior of a black hole in the 1990’s, we have already\nformulated a canonical fo",
        "page": 2,
        "link": "https://ui.adsabs.harvard.edu/link_gateway/2015arXiv150302141O/EPRINT_PDF",
        "title": "Hawking Radiation inside Black Holes in Quantum Gravity"
    },
    "2015arXiv150302141O_page_2_chunk_3": {
        "text": " might give us some important clues for constructing a theo ry of quantum gravity.\nStimulated with the interest in the interior of a black hole in the 1990’s, we have already\nformulated a canonical formalism of a system with a spherically symme tric black hole holding\nin the interior region bounded by the apparent horizon and the singu larity [11], which is a\nnatural generalization of the canonical formalism holding in the exte rior region covering the\nspacetimebetweentheapparenthorizonandthespatialinﬁnity[12 ]. Inthisregion, theKilling\nvector∂\n∂tbecomes spacelike whereas it is timelike in the exterior region. Conseq uently, one\nhas to foliate the interior of a black hole with a family of spacelike hyper surfaces, for instance,\nr=const.\nAs one of applications of this canonical formalism, following Tomimatsu ’s idea [13], we\nhaveconsideredblackholeradiationinquantumgravitywhereitwass hownthatthemass-loss\nrate due to the black hole radiation is equal to that evaluated by Haw king in the ",
        "page": 2,
        "link": "https://ui.adsabs.harvard.edu/link_gateway/2015arXiv150302141O/EPRINT_PDF",
        "title": "Hawking Radiation inside Black Holes in Quantum Gravity"
    },
    "2015arXiv150302141O_page_2_chunk_4": {
        "text": "ollowing Tomimatsu ’s idea [13], we\nhaveconsideredblackholeradiationinquantumgravitywhereitwass hownthatthemass-loss\nrate due to the black hole radiation is equal to that evaluated by Haw king in the semiclassical\napproximation [14].3In this work, we have focused on the vicinity of the apparent horizo n\nwhere one component γin the metric tensor becomes zero so we had to adopt a regularizatio n\nsuch that γtakes a small but ﬁnite value.\nThis regularization is clearly so unwelcoming that one should dispense w ith it. In this\narticle, withoutconsideringthevicinityoftheapparenthorizonatt hebeginning, makingmore\nphysically plausible assumptions, we will derive the Hawking radiation in t he interior region\nwithin the framework of quantum gravity. This modiﬁcation of the mo del setting makes\nit possible to calculate the expectation value of the mass-loss rate w ithout any pathology.\n2See Ref. [6] for a phenomenological description of a spherically symm etric black hole.\n3See also related works",
        "page": 2,
        "link": "https://ui.adsabs.harvard.edu/link_gateway/2015arXiv150302141O/EPRINT_PDF",
        "title": "Hawking Radiation inside Black Holes in Quantum Gravity"
    },
    "2015arXiv150302141O_page_2_chunk_5": {
        "text": "ssible to calculate the expectation value of the mass-loss rate w ithout any pathology.\n2See Ref. [6] for a phenomenological description of a spherically symm etric black hole.\n3See also related works [15, 16].\n1",
        "page": 2,
        "link": "https://ui.adsabs.harvard.edu/link_gateway/2015arXiv150302141O/EPRINT_PDF",
        "title": "Hawking Radiation inside Black Holes in Quantum Gravity"
    },
    "2015arXiv150302141O_page_3_chunk_1": {
        "text": "Moreover, we will also consider the exterior region of a black hole and do the same job in\norder to make a comparison of black hole radiation between the inter ior and the exterior of\nthe horizon.\nThe analysis of both the interior and exterior regions of the appare nt horizon of a dynam-\nical black hole suggests that the thermal radiation of the back hole comes from the spacetime\nsingularity. This fact might imply that the resolution of the informatio n loss paradox needs\nthe understanding of the physics of the spacetime singularity of a b lack hole. As a bonus, we\nwill comment on the Birkhoﬀ theorem [17] in quantum gravity.\nThis article is organized as follows: In the next section, after mentio ning notation and\nconventions, we review on the canonical formalism of a system with a spherically symmetric\nblack hole in the interior region bounded by the apparent horizon and the singularity [11]. In\nSection 3, we apply the canonical formalism reviewed in Section 2 for t he calculation of t",
        "page": 3,
        "link": "https://ui.adsabs.harvard.edu/link_gateway/2015arXiv150302141O/EPRINT_PDF",
        "title": "Hawking Radiation inside Black Holes in Quantum Gravity"
    },
    "2015arXiv150302141O_page_3_chunk_2": {
        "text": "lly symmetric\nblack hole in the interior region bounded by the apparent horizon and the singularity [11]. In\nSection 3, we apply the canonical formalism reviewed in Section 2 for t he calculation of the\nmass-loss rate due to black hole radiation. In Section 4, we also calcu late the mass-loss rate\nin the exterior region bounded by the apparent horizon and the spa tial inﬁnity. The ﬁnal\nsection contains a conclusion.\n2 Review of canonical formalism inside black hole\nBefore delving into details, let us explain our notation and convention s. We mainly follow\nnotation and conventions by Misner et al.’s textbook [18], for instanc e, the ﬂat Minkowski\nmetricηµν=diag(−,+,+,+), the Riemann curvature tensor Rµναβ=∂αΓµ\nνβ−∂βΓµ\nνα+\nΓµ\nσαΓσ\nνβ−Γµ\nσβΓσ\nνα, and the Ricci tensor Rµν=Rαµαν. Throughout this article, we adopt the\nnatural units c= ¯h=G= 1. In this units, all quantities become dimensionless.\nLet us start with the review of a canonical formalism of a spherically s ymmetric system\nwith a bl",
        "page": 3,
        "link": "https://ui.adsabs.harvard.edu/link_gateway/2015arXiv150302141O/EPRINT_PDF",
        "title": "Hawking Radiation inside Black Holes in Quantum Gravity"
    },
    "2015arXiv150302141O_page_3_chunk_3": {
        "text": "s article, we adopt the\nnatural units c= ¯h=G= 1. In this units, all quantities become dimensionless.\nLet us start with the review of a canonical formalism of a spherically s ymmetric system\nwith a black hole, which has been presented in our previous work [11], b ut compared to this\nwork we will change thenotationslightly for the purpose ofthe comp arison with the canonical\nformalismintheexterior geomery (Forinstance, wehave exchange d therolebetween thelapse\nfunction αand the shift function β).\nAs a ﬁrst step, one needs to select arbitrary spherically symmetric spacelike hypersurfaces\nto foliate the spacetime. The key point here is that the radial coord inate plays the role of time\nin the interior of the horizon in the spherically symmetric coordinate s ystem. As a simple\nchoice, it is convenient to take the x1=consthypersurfaces to slice the interior region. In\nthe next section, we will choose the simplest case, x1=r.\nThe four-dimensional action which we consider in this paper takes ",
        "page": 3,
        "link": "https://ui.adsabs.harvard.edu/link_gateway/2015arXiv150302141O/EPRINT_PDF",
        "title": "Hawking Radiation inside Black Holes in Quantum Gravity"
    },
    "2015arXiv150302141O_page_3_chunk_4": {
        "text": "nvenient to take the x1=consthypersurfaces to slice the interior region. In\nthe next section, we will choose the simplest case, x1=r.\nThe four-dimensional action which we consider in this paper takes th e following form:\nS=/integraldisplay\nd4x/radicalig\n−(4)g/bracketleftbigg1\n16π(4)R−1\n4π(4)gµν(DµΦ)†DνΦ−1\n16πFµνFµν/bracketrightbigg\n, (1)\nwhere Φ is a complex scalar ﬁeld and its covariant derivative is given by\nDµΦ =∂µΦ+ieAµΦ, (2)\n2",
        "page": 3,
        "link": "https://ui.adsabs.harvard.edu/link_gateway/2015arXiv150302141O/EPRINT_PDF",
        "title": "Hawking Radiation inside Black Holes in Quantum Gravity"
    },
    "2015arXiv150302141O_page_4_chunk_1": {
        "text": "witheandAµbeing the electric charge of Φ and the U(1) gauge ﬁeld, respectively. Moreover,\nas usual, Fµνis the ﬁeld strength deﬁned as\nFµν=∂µAν−∂νAµ. (3)\nTo clarify the four-dimensional meaning we put the suﬃx (4) in front of the metric tensor\nand the scalar curvature. As a ﬁnal note, the Greek indices µ,ν,···take the four-dimensional\nvalues 0, 1, 2 and 3 whereas the Latin ones a,b,···do the two-dimensional values 0 and 1.\nOf course, it is straightforward to include the other matter ﬁelds a s well as the cosmological\nconstant in the action (1) even if we limit ourselves to the action for s implicity.\nThe most general spherically symmetric ansatz for the four-dimen sional line element is of\nform\n(4)ds2=(4)gµνdxµdxν,\n=gabdxadxb+φ2(dθ2+sin2θdϕ2), (4)\nwhere the two-dimensional metric gaband the radial function φare the functions of only\nthe two-dimensional coordinates xa. The substitution of the ansatz (4) into the action (1)\nand then integration over the angular variables ( θ,ϕ) produces t",
        "page": 4,
        "link": "https://ui.adsabs.harvard.edu/link_gateway/2015arXiv150302141O/EPRINT_PDF",
        "title": "Hawking Radiation inside Black Holes in Quantum Gravity"
    },
    "2015arXiv150302141O_page_4_chunk_2": {
        "text": " radial function φare the functions of only\nthe two-dimensional coordinates xa. The substitution of the ansatz (4) into the action (1)\nand then integration over the angular variables ( θ,ϕ) produces the two-dimensional eﬀective\naction\nS=1\n2/integraldisplay\nd2x√−g/bracketleftbigg\n1+gab∂aφ∂bφ+1\n2Rφ2/bracketrightbigg\n−/integraldisplay\nd2x√−g/bracketleftbigg\nφ2gab(DaΦ)†DbΦ+1\n4φ2FabFab/bracketrightbigg\n, (5)\nwhere we have assumed that Aaand Φ are also the functions of the two-dimensional coordi-\nnatesxaand setAθ=Aϕ= 0.\nNext let usrewritetheaction(5)intheADMform. Asremarked befo re, wewill regardthe\nx1spatial coordinate as time to cover the interior of a black hole by spa celike hypersurfaces.\nThe appropriate ADM splitting of (1+1)-dimensional spacetime is give n by\ngab=\nγ β\nββ2\nγ−α2\n. (6)\nThe normal unit vector nawhich is orthogonal to the hypersurfaces x1=constreads\nna=/parenleftiggβ\nαγ,−1\nα/parenrightigg\n. (7)\nThe induced metric on the hypersurfaces, that is, the projection operat",
        "page": 4,
        "link": "https://ui.adsabs.harvard.edu/link_gateway/2015arXiv150302141O/EPRINT_PDF",
        "title": "Hawking Radiation inside Black Holes in Quantum Gravity"
    },
    "2015arXiv150302141O_page_4_chunk_3": {
        "text": "\nThe normal unit vector nawhich is orthogonal to the hypersurfaces x1=constreads\nna=/parenleftiggβ\nαγ,−1\nα/parenrightigg\n. (7)\nThe induced metric on the hypersurfaces, that is, the projection operator over x1=const\nhypersurfaces, is given by\nhab=gab+nanb. (8)\n3",
        "page": 4,
        "link": "https://ui.adsabs.harvard.edu/link_gateway/2015arXiv150302141O/EPRINT_PDF",
        "title": "Hawking Radiation inside Black Holes in Quantum Gravity"
    },
    "2015arXiv150302141O_page_5_chunk_1": {
        "text": "It is easy to check that habis indeed the projection operator by inserting (6) and (7) to (8).\nThe extrinsic curvature Kab, its trace Kand the scalar curvature Rare given by [19]\nKab=Kba=hac∇cnb,\nK=gabKab=∇ana=1√−g∂a(√−gna),\nR= 2na∂aK+2K2−2∇c(na∇anc). (9)\nUsing Eqs. (6)-(9), a straightforward calculation reveals us\nK=−γ′\n2αγ+˙β\nαγ−β\n2αγ2˙γ,\nR= 2na∂aK+2K2−2\nα√γ∂0/parenleftigg˙α√γ/parenrightigg\n, (10)\nwhere∂\n∂x0=∂0and∂\n∂x1=∂1are also denoted as an overdot and a prime, respectively. With\nthe help of these equations, one can cast the action (5) to the for m\nS≡/integraldisplay\nd2xL\n=/integraldisplay\nd2x/bracketleftigg1\n2α√γ/braceleftigg\n1−(na∂aφ)2+1\nγ˙φ2−Kna∂a(φ2)+˙α\nαγ∂0(φ2)/bracerightigg\n+α√γφ2/braceleftigg\n|naDaΦ|2−1\nγ|D0Φ|2/bracerightigg\n+1\n2α√γφ2E2/bracketrightigg\n+/integraldisplay\nd2x/bracketleftigg1\n2∂a(α√γKnaφ2)−1\n2∂0/parenleftigg˙α√γφ2/parenrightigg/bracketrightigg\n, (11)\nwhere we have deﬁned Eas\nE=1√−gF01=1\nα√γ(˙A1−A′\n0). (12)\nNow the diﬀerentiation of the action (11) ",
        "page": 5,
        "link": "https://ui.adsabs.harvard.edu/link_gateway/2015arXiv150302141O/EPRINT_PDF",
        "title": "Hawking Radiation inside Black Holes in Quantum Gravity"
    },
    "2015arXiv150302141O_page_5_chunk_2": {
        "text": "\nd2x/bracketleftigg1\n2∂a(α√γKnaφ2)−1\n2∂0/parenleftigg˙α√γφ2/parenrightigg/bracketrightigg\n, (11)\nwhere we have deﬁned Eas\nE=1√−gF01=1\nα√γ(˙A1−A′\n0). (12)\nNow the diﬀerentiation of the action (11) with respect to the spatia l derivative of the\ncanonical variables Φ(Φ†),φ,γandA0leads to the corresponding canonical conjugate mo-\nmentapΦ(pΦ†),pφ,pγandpA\npΦ=−√γφ2na(DaΦ)†, pφ=√γna∂aφ+√γKφ,\npγ=1\n4√γna∂a(φ2), pA=−φ2E. (13)\nThen, the Hamiltonian, which is deﬁned as\nH=/integraldisplay\ndx0/parenleftig\npΦΦ′+pΦ†Φ′†+pφφ′+pγγ′+pAA′\n0−L/parenrightig\n, (14)\n4",
        "page": 5,
        "link": "https://ui.adsabs.harvard.edu/link_gateway/2015arXiv150302141O/EPRINT_PDF",
        "title": "Hawking Radiation inside Black Holes in Quantum Gravity"
    },
    "2015arXiv150302141O_page_6_chunk_1": {
        "text": "is expressed in terms of a linear combination of constraints as expec ted from diﬀeomorphism\ninvariance\nH=/integraldisplay\ndx0(αH0+βH1+A1H2), (15)\nwhereα,βandA1are non-dynamical Lagrange multiplier ﬁelds, and the Hamiltonian con -\nstraint, the momentum one and the constraint associated with the U(1) gauge transformation\nare respectively given by\nH0=1√γφ2pΦpΦ†−√γ\n2−˙φ2\n2√γ+∂0/parenleftigg∂0(φ2)\n2√γ/parenrightigg\n+φ2\n√γ|D0Φ|2\n−2√γ\nφpφpγ+2γ√γ\nφ2p2\nγ+√γ\n2φ2p2\nA,\nH1=1\nγ/bracketleftig\npΦD0Φ+pΦ†(D0Φ)†/bracketrightig\n+1\nγpφ˙φ−2˙pγ−1\nγpγ˙γ,\nH2=−ie/parenleftig\npΦΦ−pΦ†Φ†/parenrightig\n−˙pA. (16)\nAs is well known, the action can be written as the ﬁrst-order ADM ca nonical form by the\ndual Legendre transformation\nS=/integraldisplay\ndx1/bracketleftbigg/integraldisplay\ndx0/parenleftig\npΦΦ′+pΦ†Φ′†+pφφ′+pγγ′+pAA′\n0/parenrightig\n−H/bracketrightbigg\n. (17)\nIn order to obtain the correct Hamiltonian which yields the Einstein eq uations through the\nHamilton equations, it is necessary to supplement s",
        "page": 6,
        "link": "https://ui.adsabs.harvard.edu/link_gateway/2015arXiv150302141O/EPRINT_PDF",
        "title": "Hawking Radiation inside Black Holes in Quantum Gravity"
    },
    "2015arXiv150302141O_page_6_chunk_2": {
        "text": "φφ′+pγγ′+pAA′\n0/parenrightig\n−H/bracketrightbigg\n. (17)\nIn order to obtain the correct Hamiltonian which yields the Einstein eq uations through the\nHamilton equations, it is necessary to supplement surface terms to the Hamiltonian (15) [20].\nIn the formalism at hand, since we take the variation of all the ﬁelds t o be zero at boundaries,\nwe do not have to add any surface terms to the Hamiltonian.\n3 Black hole radiation in the interior region\nWe are now ready to apply the canonical formalism constructed in th e previous section for\nunderstanding the Hawking radiation [14] from the viewpoint of the in ternal region of a black\nhole in quantum gravity. A similar analysis was performed in our previou s work [11] where\nonly the region near the apparent horizon was considered from the outset. In the present\narticle, we ﬁrst work with the whole region bounded between the app arent horizon and the\nspacetime singularity, make important assumptions on some variable s, derive the Wheeler-De\nWitt ",
        "page": 6,
        "link": "https://ui.adsabs.harvard.edu/link_gateway/2015arXiv150302141O/EPRINT_PDF",
        "title": "Hawking Radiation inside Black Holes in Quantum Gravity"
    },
    "2015arXiv150302141O_page_6_chunk_3": {
        "text": " the present\narticle, we ﬁrst work with the whole region bounded between the app arent horizon and the\nspacetime singularity, make important assumptions on some variable s, derive the Wheeler-De\nWitt equation, and solve it analytically. After performing this proced ure, we impose the\ncondition of the vicinity of the apparent horizon for compatibility with ﬁeld equations. We\nwill see that this method nicely overcomes the problem of the vanishin gγvariable near the\napparent horizon. In the next section, we will apply the same metho d to the exterior region\nbounded between the apparent horizon and the spatial inﬁnity.\n5",
        "page": 6,
        "link": "https://ui.adsabs.harvard.edu/link_gateway/2015arXiv150302141O/EPRINT_PDF",
        "title": "Hawking Radiation inside Black Holes in Quantum Gravity"
    },
    "2015arXiv150302141O_page_7_chunk_1": {
        "text": "To consider the simplest model of the Hawking radiation, let us switch oﬀ theU(1) gauge\nﬁeld and treat with the neutral scalar ﬁeld by which the gauge const raintH2is identically\nvanishing and the Hamitonian and momentum constraints reduce to t he simpler form\nH0=−√γ\n2−˙φ2\n2√γ+∂0/parenleftigg∂0(φ2)\n2√γ/parenrightigg\n+φ2\n√γ(∂0Φ)2−2√γ\nφpφpγ+2γ√γ\nφ2p2\nγ,\nH1=1\nγpΦ∂0Φ+1\nγpφ˙φ−2˙pγ−1\nγpγ˙γ. (18)\nMoreover, we will use the ingoing Vaidya metric [21] to describe the bla ck hole radiation.\nThe treatment of the case of the outgoing Vaidya metric can be mad e in a perfectly analogous\nmanner. We therefore deﬁne the two-dimensional coordinates xaas\nxa= (x0,x1) = (v−r,r), (19)\nwherevis the advanced time coordinate. Now let us ﬁx the two-dimensional d iﬀeomorphisms\nby the gauge conditions\ngab=\nγ β\nββ2\nγ−α2\n=\n−/parenleftig\n1−2M\nr/parenrightig\n2M\nr\n2M\nr1+2M\nr\n. (20)\nFromthegaugeconditions (20), thetwo-dimensional lineelement ta kes theformoftheVaidya\nmetric [21]\nds2=gabdxadxb,\n=−/parenle",
        "page": 7,
        "link": "https://ui.adsabs.harvard.edu/link_gateway/2015arXiv150302141O/EPRINT_PDF",
        "title": "Hawking Radiation inside Black Holes in Quantum Gravity"
    },
    "2015arXiv150302141O_page_7_chunk_2": {
        "text": "2\nγ−α2\n=\n−/parenleftig\n1−2M\nr/parenrightig\n2M\nr\n2M\nr1+2M\nr\n. (20)\nFromthegaugeconditions (20), thetwo-dimensional lineelement ta kes theformoftheVaidya\nmetric [21]\nds2=gabdxadxb,\n=−/parenleftbigg\n1−2M\nr/parenrightbigg\ndv2+2dvdr. (21)\nFor a dynamical black hole, we make use of the local deﬁnition of the h orizon, namely, the\napparent horizon, rather than the global one, the event horizon . Note that the apparent\nhorizon is now deﬁned as\nx1=r= 2M(x0,x1), (22)\nwhereM=M(x0,x1) plays the role of the mass function of a black hole.\nSince we treat with a massless scalar ﬁeld which moves along the null ge odesics, it is\nnatural to assume that the scalar ﬁeld Φ depends on only the null co ordinate v, by which the\nmass function Malso becomes the function of the advanced time coordinate v. Furthermore,\nthe radial function φis assumed to be a radial coordinate r. Thus, under the situation at\nhand, we assume\nΦ≈Φ(v), M≈M(v), φ≈r. (23)\nHenceforth, we shall use the simbol ≈to indicate the eq",
        "page": 7,
        "link": "https://ui.adsabs.harvard.edu/link_gateway/2015arXiv150302141O/EPRINT_PDF",
        "title": "Hawking Radiation inside Black Holes in Quantum Gravity"
    },
    "2015arXiv150302141O_page_7_chunk_3": {
        "text": "Furthermore,\nthe radial function φis assumed to be a radial coordinate r. Thus, under the situation at\nhand, we assume\nΦ≈Φ(v), M≈M(v), φ≈r. (23)\nHenceforth, we shall use the simbol ≈to indicate the equalities holding under the assump-\ntions (23). It will turn out that these assumptions play a critical ro le in simplifying the\ndiﬀeomorphism constraints and lead to a solvable model of a quantum black hole.\n6",
        "page": 7,
        "link": "https://ui.adsabs.harvard.edu/link_gateway/2015arXiv150302141O/EPRINT_PDF",
        "title": "Hawking Radiation inside Black Holes in Quantum Gravity"
    },
    "2015arXiv150302141O_page_8_chunk_1": {
        "text": "Here it is valuable to check whether the above assumptions (23) to b e compatible with\nthe ﬁeld equations as follows: The ﬁeld equations obtained from the a ction (5) are given by\n−2\nφ∇a∇bφ+2\nφgab∇c∇cφ+1\nφ2gab∂cφ∂cφ−1\nφ2gab= 2/parenleftbigg\n∂aΦ∂bΦ−1\n2gab∂cΦ∂cΦ/parenrightbigg\n,\n1√−g∂a/parenleftig√−ggab∂bφ/parenrightig\n−1\n2Rφ=−φ∂aΦ∂aΦ,\n∂a/parenleftig√−gφ2gab∂bΦ/parenrightig\n= 0. (24)\nThe Vaidya metric (21) gives us the metric tensor\ngab=\ngvvgvr\ngrvgrr\n=\n−/parenleftig\n1−2M\nr/parenrightig\n1\n1 0\n. (25)\nTo check the compatibility of the assumptions (23) with the ﬁeld equa tions (24), let us make\nan ansatz that the variables have the form\nM≈M(v), φ≈r, (26)\nbut the scalar ﬁeld is still the function of both vandr, i.e., Φ ≈Φ(v,r). The ﬁrst ﬁeld\nequation in (24) is satisﬁed if the following relations hold:\n∂rΦ≈0, ∂vΦ≈√∂vM\nr. (27)\nThen, we ﬁnd the second equation in (24) to be satisﬁed automatica lly. Finally, using Eq.\n(27), the third ﬁeld equation in (24) reduces to the nontri",
        "page": 8,
        "link": "https://ui.adsabs.harvard.edu/link_gateway/2015arXiv150302141O/EPRINT_PDF",
        "title": "Hawking Radiation inside Black Holes in Quantum Gravity"
    },
    "2015arXiv150302141O_page_8_chunk_2": {
        "text": "following relations hold:\n∂rΦ≈0, ∂vΦ≈√∂vM\nr. (27)\nThen, we ﬁnd the second equation in (24) to be satisﬁed automatica lly. Finally, using Eq.\n(27), the third ﬁeld equation in (24) reduces to the nontrivial equa tion\n2r∂v∂rΦ+2∂vΦ+r/parenleftbigg\n1−2M\nr/parenrightbigg\n∂2\nrΦ≈0. (28)\nThis equation (28) as well as the latter relation in (27) require us to lim it ourselves to working\nwith the vicinity of the apparent horizon (22) [11]. In other words, f or the consistency of\nthe ﬁeld equations, in addition to the assumptions (23), one has to s upplement one more\nassumption\nr≈2M(v). (29)\nToputdiﬀerently, withtheassumption (29)westudyphysics ofabla ckholenear theapparent\nhorizon inside a black hole.\nAfter all, given the assumptions (23) and (29), the ﬁeld equations b ecome\n∂rΦ≈0,\n∂vΦ≈√∂vM\nr≈√∂vM\n2M,\n∂r∂vΦ≈∂v∂rΦ≈ −√∂vM\nr2≈ −√∂vM\n4M2. (30)\n7",
        "page": 8,
        "link": "https://ui.adsabs.harvard.edu/link_gateway/2015arXiv150302141O/EPRINT_PDF",
        "title": "Hawking Radiation inside Black Holes in Quantum Gravity"
    },
    "2015arXiv150302141O_page_8_chunk_3": {
        "text": ",\n∂r∂vΦ≈∂v∂rΦ≈ −√∂vM\nr2≈ −√∂vM\n4M2. (30)\n7",
        "page": 8,
        "link": "https://ui.adsabs.harvard.edu/link_gateway/2015arXiv150302141O/EPRINT_PDF",
        "title": "Hawking Radiation inside Black Holes in Quantum Gravity"
    },
    "2015arXiv150302141O_page_9_chunk_1": {
        "text": "Then, the solution is found to be\nΦ(v,r) =/parenleftbigg\n1−2M\nr/parenrightbigg21\n4√∂vM+/integraldisplayv\ndv√∂vM\n2M. (31)\nAs a result, we have\nΦ(v,r)≈/integraldisplayv\ndv√∂vM\n2M, (32)\nwhich means that one can set Φ( v,r)≈Φ(v) in the vicinity of the apparent horizon. In this\nsense, the assumptions (23), if the assumption (29) is added, are at least classically consistent\nwith the ﬁeld equations (24).\nNext we will turn our attention to quantum theory. In quantum gra vity, following Dirac\n[22], one must impose the constraints (18) on the wave functional Ψ as operator equations\nto ﬁnd the physical state. In general, it is very diﬃcult to solve such constraint equations at\nthe same time. In some speciﬁc situations, however, the constrain ts become tractable. For\ninstance, in quantum cosmology, the fundamental equation is the W heeler-De Witt equation,\nH0Ψ = 0, which is the operator equation associated with the Hamiltonian c onstraint, since\nthe momentum constraint becomes trivial in cosmolog",
        "page": 9,
        "link": "https://ui.adsabs.harvard.edu/link_gateway/2015arXiv150302141O/EPRINT_PDF",
        "title": "Hawking Radiation inside Black Holes in Quantum Gravity"
    },
    "2015arXiv150302141O_page_9_chunk_2": {
        "text": "he fundamental equation is the W heeler-De Witt equation,\nH0Ψ = 0, which is the operator equation associated with the Hamiltonian c onstraint, since\nthe momentum constraint becomes trivial in cosmology owing to the t ranslation invariance of\nthe universe. Of course, solving the Wheeler-De Witt equation is still a tough work, so some\npeople try to simplify the equation by considering minisuperspace.\nIn this article, our strategy for solving the operator equations H0Ψ = 0,H1Ψ = 0 is similar\nto minisuperspace approach in the sense that we set up the assump tions (23) to simplify the\nconstraints. However, we do not impose the assumption (29) a prio ri since this assumption is\nnot only unnecessary in order to simplify the constraint equations b ut also leads to a problem\nof the dynamical variable γbeing zero. Indeed, it is remarkable that the assumptions (23)\nnot only make the momentum constraint agree with the Hamiltonian on e up to an overall\nfactor but also reduce the uniﬁed operator equ",
        "page": 9,
        "link": "https://ui.adsabs.harvard.edu/link_gateway/2015arXiv150302141O/EPRINT_PDF",
        "title": "Hawking Radiation inside Black Holes in Quantum Gravity"
    },
    "2015arXiv150302141O_page_9_chunk_3": {
        "text": "le γbeing zero. Indeed, it is remarkable that the assumptions (23)\nnot only make the momentum constraint agree with the Hamiltonian on e up to an overall\nfactor but also reduce the uniﬁed operator equation, which is noth ing but the Wheeler-De\nWitt equation, to be a solvable equation in an analytical manner.\nWith the two-dimensional coordinates (19), the derivative operat ors take the form\n/parenleftigg∂\n∂x0,∂\n∂x1/parenrightigg\n≡(∂0,∂1) = (∂v,∂v+∂r). (33)\nWith the help of Eqs. (7) and (20), in case of a real scalar ﬁeld and va nishing gauge ﬁeld the\nassumptions (23) reduce the canonical conjugate momenta (13) to the form\npΦ≈ −φ2∂vΦ, pφ≈ −1\n2M\nφ−1∂vM+1−M\nφ,\npγ≈ −φ\n2≈ −r\n2. (34)\nThen, the remarkable point is that the momentum constraint becom es identical with the\nHamiltonian constraint up to an irrelevant overall factor\n√γH0≈ −γH1\n8",
        "page": 9,
        "link": "https://ui.adsabs.harvard.edu/link_gateway/2015arXiv150302141O/EPRINT_PDF",
        "title": "Hawking Radiation inside Black Holes in Quantum Gravity"
    },
    "2015arXiv150302141O_page_9_chunk_4": {
        "text": " to an irrelevant overall factor\n√γH0≈ −γH1\n8",
        "page": 9,
        "link": "https://ui.adsabs.harvard.edu/link_gateway/2015arXiv150302141O/EPRINT_PDF",
        "title": "Hawking Radiation inside Black Holes in Quantum Gravity"
    },
    "2015arXiv150302141O_page_10_chunk_1": {
        "text": "≈1\nφ2p2\nΦ+/parenleftigg2M\nφ−1/parenrightigg/parenleftigg\npφ−1+M\nφ/parenrightigg\n. (35)\nThis compatibility between the momentum and the Hamiltonian constra ints justiﬁes the\nassumptions (23) in quantum gravity.\nThe constraint (35) as an operator equation on the wave function al Ψ gives rise to the\nWheeler-De Witt equation\n/bracketleftigg\n−1\nφ2∂2\n∂Φ2+/parenleftigg2M\nφ−1/parenrightigg/parenleftigg\n−i∂\n∂φ−1+M\nφ/parenrightigg/bracketrightigg\nΨ = 0. (36)\nIt is worthwhile to rewrite this Wheeler-De Witt equation as follows:\ni∂Ψ\n∂T=/bracketleftigg\np2\nΦ−2M2\ne2MT+1tanh(MT)/bracketrightigg\nΨ, (37)\nwhere we have deﬁned T=−1\n2Mlog(2M\nφ−1). This Wheeler-De Witt equation can be inter-\npreted as the Schrodinger equation with the Hamiltonian H=p2\nΦ−2M2\ne2MT+1tanh(MT) and\nthe time Tin the superspace at hand. It is of interest to note that the super space time T\n”stops” on the apparent horizon owing to gravitational time dilation . On the other hand, the\nHamiltonian has a problematic behavior",
        "page": 10,
        "link": "https://ui.adsabs.harvard.edu/link_gateway/2015arXiv150302141O/EPRINT_PDF",
        "title": "Hawking Radiation inside Black Holes in Quantum Gravity"
    },
    "2015arXiv150302141O_page_10_chunk_2": {
        "text": "pace at hand. It is of interest to note that the super space time T\n”stops” on the apparent horizon owing to gravitational time dilation . On the other hand, the\nHamiltonian has a problematic behavior in that it is not positive semi-deﬁ nite.\nNow it is easy to ﬁnd a special solution of the Wheeler-De Witt equation (36) by the\nmethod of separation of variables. The result is given by\nΨ =/parenleftig\nBe√\nAΦ+Ce−√\nAΦ/parenrightig\nei[φ−Mlogφ−A\n2Mlog(2M\nφ−1)], (38)\nwhereA,BandCare integration constants. Provided that the expectation value <O>of\nan operator Ois deﬁned as\n<O>=1/integraltextdΦ|Ψ|2/integraldisplay\ndΦΨ∗OΨ, (39)\none can calculate the expectation value of mass-loss rate < ∂vM >by using (34) or (35)\n< ∂vM >=−A\nφ2. (40)\nAt this stage, let us substitute the condition (29) for the consiste ncy of ﬁeld equations. Then,\nwe obtain\n< ∂vM >=−k2\n4M2, (41)\nwhere we have set A=k2. This result precisely coincides with that by Hawking in his\nsemiclassical approach. Accordingly, our result show",
        "page": 10,
        "link": "https://ui.adsabs.harvard.edu/link_gateway/2015arXiv150302141O/EPRINT_PDF",
        "title": "Hawking Radiation inside Black Holes in Quantum Gravity"
    },
    "2015arXiv150302141O_page_10_chunk_3": {
        "text": "te ncy of ﬁeld equations. Then,\nwe obtain\n< ∂vM >=−k2\n4M2, (41)\nwhere we have set A=k2. This result precisely coincides with that by Hawking in his\nsemiclassical approach. Accordingly, our result shows that a black hole completely evaporates\nwithin a ﬁnite time. However, it is worth stressing the diﬀerence betw een the Hawking\n9",
        "page": 10,
        "link": "https://ui.adsabs.harvard.edu/link_gateway/2015arXiv150302141O/EPRINT_PDF",
        "title": "Hawking Radiation inside Black Holes in Quantum Gravity"
    },
    "2015arXiv150302141O_page_11_chunk_1": {
        "text": "approach and the present one: In the Hawking semiclassical appro ach, the gravitational ﬁeld\nis ﬁxed as a classical background, and the matter ﬁeld is treated on ly quantum-mechanically.\nBycontrast, ourformulationispurelyquantum-mechanical evenif wehaveimposedphysically\nplausible assumptions on the scalar ﬁeld, mass function and the radia l ﬁeld.\nTwo remarks are in order. First of all, recall that in our previous art icle [11] we have\nderived the same result for the expectation value of the mass-loss rate (41) in the interior\nnear the apparent horizon, but we have encountered a diﬃculty of the dynamical variable γ\nbecoming zero, by which various equalities become singular. Thus we f urther had to take a\nregularization such that γis not strictly zero but takes a small but ﬁnite value. It is worth\nmentioning that in thepresent formulationthis artiﬁcial regularizat ion is avoided by imposing\nthe condition (29) only at the ﬁnal stage.\nSecond, one should comment on the boundary condition on",
        "page": 11,
        "link": "https://ui.adsabs.harvard.edu/link_gateway/2015arXiv150302141O/EPRINT_PDF",
        "title": "Hawking Radiation inside Black Holes in Quantum Gravity"
    },
    "2015arXiv150302141O_page_11_chunk_2": {
        "text": " worth\nmentioning that in thepresent formulationthis artiﬁcial regularizat ion is avoided by imposing\nthe condition (29) only at the ﬁnal stage.\nSecond, one should comment on the boundary condition on the wave functional Ψ. Our\nphysical state, which satisﬁes the Wheeler-De Witt equation, take s the form\nΨ =/parenleftig\nBe|k|Φ+Ce−|k|Φ/parenrightig\nei/bracketleftig\nφ−Mlogφ−k2\n2Mlog(2M\nφ−1)/bracketrightig\n. (42)\nThis physical state does not satisfy the Dirichlet boundary conditio n Ψ→0 for|Φ| → ∞,\nnor is its norm/integraltextdΦ|Ψ|2ﬁnite. Of course, these requirements might be too strict since we\ndo not have any physical principle to pick up the appropriate bounda ry conditions, and the\npresent formulation does not provide any information on the corre ct deﬁnition of the inner\nproduct. Near thespacetime singularity, because ofthe huge qua ntum eﬀects, thematter ﬁeld\nΦ would ﬂuctuate so strongly that the Dirichlet boundary condition s eems to be appropriate\nto suppress such a unwieldy b",
        "page": 11,
        "link": "https://ui.adsabs.harvard.edu/link_gateway/2015arXiv150302141O/EPRINT_PDF",
        "title": "Hawking Radiation inside Black Holes in Quantum Gravity"
    },
    "2015arXiv150302141O_page_11_chunk_3": {
        "text": "r thespacetime singularity, because ofthe huge qua ntum eﬀects, thematter ﬁeld\nΦ would ﬂuctuate so strongly that the Dirichlet boundary condition s eems to be appropriate\nto suppress such a unwieldy behavior of the physical state.\n4 Black hole radiation in the exterior region\nNow we will move on to an application of our idea for the Hawking radiatio n in the exterior\nregion of a black hole in quantum gravity. The same problem has been a lready attacked by\nTomimatsu [13] where the assumption (29) is fully utilized from scratc h. In this section, we\nwill use only the assumptions (23) to ﬁnd the physical state, and imp ose the condition (29)\nat the ﬁnal stage in interpreting the mass-loss rate of a dynamical black hole.\nThe argument proceeds in a perfectly analogous way to the case of the interior region of a\nblack hole. In the exterior, the ADM splitting of (1+1)-dimensional s pacetime is of form [12]\ngab=\nβ2\nγ−α2β\nβ γ\n. (43)\nThe normal unit vector nato the Cauchy hypersurfaces x0=",
        "page": 11,
        "link": "https://ui.adsabs.harvard.edu/link_gateway/2015arXiv150302141O/EPRINT_PDF",
        "title": "Hawking Radiation inside Black Holes in Quantum Gravity"
    },
    "2015arXiv150302141O_page_11_chunk_4": {
        "text": "erior region of a\nblack hole. In the exterior, the ADM splitting of (1+1)-dimensional s pacetime is of form [12]\ngab=\nβ2\nγ−α2β\nβ γ\n. (43)\nThe normal unit vector nato the Cauchy hypersurfaces x0=constreads\nna=/parenleftigg1\nα,−β\nαγ/parenrightigg\n. (44)\n10",
        "page": 11,
        "link": "https://ui.adsabs.harvard.edu/link_gateway/2015arXiv150302141O/EPRINT_PDF",
        "title": "Hawking Radiation inside Black Holes in Quantum Gravity"
    },
    "2015arXiv150302141O_page_12_chunk_1": {
        "text": "The trace of the extrinsic curvature is calculated to be\nK=˙γ\n2αγ−β′\nαγ+β\n2αγ2γ′. (45)\nIn case of a real scalar ﬁeld and vanishing gauge ﬁeld, the canonical conjugate momenta\nπΦ,πφ, andπγare now given by\nπΦ≈φ2∂vΦ, πφ≈1\n1+2M\nφ∂vM+2M2\nφ2\n1+2M\nφ,\nπγ≈M\n1+2M\nφ. (46)\nThe momentum constraint turns out to become proportional to th e Hamiltonian constraint\nagain\n√γH0≈γH1\n≈1\nφ2π2\nΦ−/parenleftigg\n1+2M\nφ/parenrightigg\nπφ+2M2\nφ2. (47)\nThis compatibility between the momentum and the Hamiltonian constra ints justiﬁes the\nassumptions (23) in quantum gravity as well.\nAn imposition of the constraint (47) as an operator equation on the wave functional Ψ\nproduces the Wheeler-De Witt equation\n/bracketleftigg\n−1\nφ2∂2\n∂Φ2+i/parenleftigg\n1+2M\nφ/parenrightigg∂\n∂φ+2M2\nφ2/bracketrightigg\nΨ = 0. (48)\nThen, a special solution of the Wheeler-De Witt equation (48) is given by\nΨ =/parenleftig\nBe√\nAΦ+Ce−√\nAΦ/parenrightig\neiA−2M2\n2Mlog(1+2M\nφ), (49)\nwhereA,BandCare integration constants. As before, the expectat",
        "page": 12,
        "link": "https://ui.adsabs.harvard.edu/link_gateway/2015arXiv150302141O/EPRINT_PDF",
        "title": "Hawking Radiation inside Black Holes in Quantum Gravity"
    },
    "2015arXiv150302141O_page_12_chunk_2": {
        "text": "ecial solution of the Wheeler-De Witt equation (48) is given by\nΨ =/parenleftig\nBe√\nAΦ+Ce−√\nAΦ/parenrightig\neiA−2M2\n2Mlog(1+2M\nφ), (49)\nwhereA,BandCare integration constants. As before, the expectation value of m ass-loss\nrate< ∂vM >is calculated to be\n< ∂vM >=−A\nφ2. (50)\nAfter the assumption (29) is inserted to this result, we obtain\n< ∂vM >=−k2\n4M2, (51)\nwhere we have deﬁned A=k2again. This result precisely coincides with that obtained in\nthe interior region of a black hole.\n11",
        "page": 12,
        "link": "https://ui.adsabs.harvard.edu/link_gateway/2015arXiv150302141O/EPRINT_PDF",
        "title": "Hawking Radiation inside Black Holes in Quantum Gravity"
    },
    "2015arXiv150302141O_page_13_chunk_1": {
        "text": "Thus we have shown that the result of the mass-loss rate of a black hole owing to the\nHawking radiation is equivalent between the interior and the exterior of a black hole. This\nfact suggests that the Hawking radiation comes from the spacetim e singularity as expected.\nOf course, the physical state satisfying the Wheeler-De Witt equa tion is diﬀerent between the\ninterior and the exterior regions of a black hole, but the reason is co nnected with the fact that\nthe Vaidya metric is not the maxmally extended, complete geometry a nd has a coordinate\nsingularity at the horizon.\nAs a ﬁnal comment, let us consider the Birkhoﬀ theorem within the pr esent framework. In\nclassical general relativity, the Birkhoﬀ theorem holds in the spher ically symmetric geometry,\nthereby prohibiting the existence of the graviton. In this article, w e have also considered\nthe spherically symmetric geometry, so it is natural to ask ourselve s if we could get some\ninformation on the Birkhoﬀ theorem in quantum grav",
        "page": 13,
        "link": "https://ui.adsabs.harvard.edu/link_gateway/2015arXiv150302141O/EPRINT_PDF",
        "title": "Hawking Radiation inside Black Holes in Quantum Gravity"
    },
    "2015arXiv150302141O_page_13_chunk_2": {
        "text": "f the graviton. In this article, w e have also considered\nthe spherically symmetric geometry, so it is natural to ask ourselve s if we could get some\ninformation on the Birkhoﬀ theorem in quantum gravity. The repara metrization invariance\nin two dimensions allows the dynamical variable γand the radial function φto remain as\nphysical degrees of freedom except for the matter ﬁeld Φ. As see n in the arguments done\nthus far, the variable φis removed via the assumptions (23) so it does not play the role of a\ndynamical variable. This reduction of the dynamical degree of free dom could be understood\nas a result of the momentum constraint. In this context, it is import ant to notice that the\ncondition (29) is not needed to reduce the momentum constraint. O n the other hand, via the\ngauge conditions (20), the variable γis related to the mass function M(v) whose change rate\nwith respect to the advanced time vis evaluated in this article. In this sense, the gravitational\nmode is left in the form ",
        "page": 13,
        "link": "https://ui.adsabs.harvard.edu/link_gateway/2015arXiv150302141O/EPRINT_PDF",
        "title": "Hawking Radiation inside Black Holes in Quantum Gravity"
    },
    "2015arXiv150302141O_page_13_chunk_3": {
        "text": "s (20), the variable γis related to the mass function M(v) whose change rate\nwith respect to the advanced time vis evaluated in this article. In this sense, the gravitational\nmode is left in the form of the mass function for a dynamical black hole in quantum gravity\neven if there is no explicit gravitational wave.\n5 Conclusion\nIn this article, we have made assumptions (23), thereby the momen tum constraint becom-\ning identical with the Hamiltonian one up to an irrelevant overall facto r. Moreover, these\nassumptions made it possible to solve the Wheeler-De Witt equation in a n analytical way.\nAs mentioned before, imposing these assumptions on the matter ﬁe ld, mass function and the\nradial ﬁeld can be understood naturally fromthe physical viewpoint : The massless scalar ﬁeld\npropagates along the null geodesics, and the mass function of a bla ck hole receives inﬂuences\nfromsuch a scalar ﬁeld, so they arethe functions of only the variab lev, Φ = Φ(v),M=M(v).\nThe radial function plays the r",
        "page": 13,
        "link": "https://ui.adsabs.harvard.edu/link_gateway/2015arXiv150302141O/EPRINT_PDF",
        "title": "Hawking Radiation inside Black Holes in Quantum Gravity"
    },
    "2015arXiv150302141O_page_13_chunk_4": {
        "text": " the null geodesics, and the mass function of a bla ck hole receives inﬂuences\nfromsuch a scalar ﬁeld, so they arethe functions of only the variab lev, Φ = Φ(v),M=M(v).\nThe radial function plays the role of the radius of a black hole at the p rimitive level, so that it\nis natural to take φ=r. It seems that these assumptions have more profound mathemat ical\nmeaning rather than mere technical devices. It is known that the a dvanced time coordinate\nv, i.e., the tortoise coordinate, makes the r−tplane look ”conformal” so that conformal ﬁeld\ntheorycanbeapplied[23]. Then, ourassumptions Φ = Φ( v),M=M(v) canbeinterpreted as\ntheholomorphic(oranalytic, orchiral) condition, therebymaking th ecomplicatedconstraints\nassociated with two-dimensional diﬀeomorphisms be tractable and s olvable analytically.\nOne of motivations in this paper was to avoid an artiﬁcial regularizatio n, which was\n12",
        "page": 13,
        "link": "https://ui.adsabs.harvard.edu/link_gateway/2015arXiv150302141O/EPRINT_PDF",
        "title": "Hawking Radiation inside Black Holes in Quantum Gravity"
    },
    "2015arXiv150302141O_page_13_chunk_5": {
        "text": ".\nOne of motivations in this paper was to avoid an artiﬁcial regularizatio n, which was\n12",
        "page": 13,
        "link": "https://ui.adsabs.harvard.edu/link_gateway/2015arXiv150302141O/EPRINT_PDF",
        "title": "Hawking Radiation inside Black Holes in Quantum Gravity"
    },
    "2015arXiv150302141O_page_14_chunk_1": {
        "text": "adopted in our previous paper [11], such that γtakes a small but ﬁnite value, and then derive\nthe mass-loss rate of a black hole owing to the Hawking radiation in a mo re reasonable way.\nIndeed, without this regularization we have succeeded in deriving th e same result as that\nin [11]. In retrospect, the analysis in this article seems to give the reg ularization a sound\nfoundation.\nThere are a lot of works to be done in future. Firstly, it is interesting to generalize the\npresent formulation to the Reissner-Nordstrom black hole where w e have to pay attention to\nthe constraint associated with the U(1) gauge transformation. Secondly, it might be possible\nto relax the assumption φ=rsince this assumption is somewhat ad hoc in that φhas a\npossibility of having a more general function of the rcoordinate. Thirdly, in a recent progress\non large interior of a black hole [4], the most dominant contribution com es fromr=3\n2M\nhypersurface, which is very close to the horizon r= 2M. Thus, it would ",
        "page": 14,
        "link": "https://ui.adsabs.harvard.edu/link_gateway/2015arXiv150302141O/EPRINT_PDF",
        "title": "Hawking Radiation inside Black Holes in Quantum Gravity"
    },
    "2015arXiv150302141O_page_14_chunk_2": {
        "text": "oordinate. Thirdly, in a recent progress\non large interior of a black hole [4], the most dominant contribution com es fromr=3\n2M\nhypersurface, which is very close to the horizon r= 2M. Thus, it would be interesting to\nconstruct a model of quantum black holes holding near r=3\n2Mrather than the horizon\nfor understanding this issue in a quantum-mechanical way. Finally, it would be valuable to\nformulate the present formulation in the Kruskal-Szekeres coord inate system since we can\nconsider both the interior and the exterior regions of a black hole at the same time, and\nmight have a smoothly interpolating physical state in the both region s.4We wish to return\nthese problems in future.\nAcknowledgements\nThis work is supported in part by the Grant-in-Aid for Scientiﬁc Rese arch (C) No.\n25400262 from the Japan Ministry of Education, Culture, Sports, Science and Technology.\nReferences\n[1] A. Almheiri, D. Marolf, J. Polchinski and J. Sully, JHEP 1302(2013) 062,\narXiv:1207.3123 [hep-th].\n[2] A. A",
        "page": 14,
        "link": "https://ui.adsabs.harvard.edu/link_gateway/2015arXiv150302141O/EPRINT_PDF",
        "title": "Hawking Radiation inside Black Holes in Quantum Gravity"
    },
    "2015arXiv150302141O_page_14_chunk_3": {
        "text": "rom the Japan Ministry of Education, Culture, Sports, Science and Technology.\nReferences\n[1] A. Almheiri, D. Marolf, J. Polchinski and J. Sully, JHEP 1302(2013) 062,\narXiv:1207.3123 [hep-th].\n[2] A. Almheiri, D. Marolf, J. Polchinski, J. Sully and D. Stanford, JHEP 1309(2013) 018,\narXiv:1304.6483 [hep-th].\n[3] K. Papadodimas and S. Raju, arXiv:1502.06692 [hep-th].\n[4] M. Christodoulou and C. Rovelli, arXiv:1411.2854 [gr-qc].\n[5] I. Bengtsson and E. Jakobsson, arXiv:1502.01907 [gr-qc].\n[6] H. Kawai and Y. Yokokura, arXiv:1409.5784 [hep-th].\n4The Kruskal-Szekeres coordinate system holds only for eternal b lack holes, so some extension of which\nmight be necessary in taking account of a dynamical black hole.\n13",
        "page": 14,
        "link": "https://ui.adsabs.harvard.edu/link_gateway/2015arXiv150302141O/EPRINT_PDF",
        "title": "Hawking Radiation inside Black Holes in Quantum Gravity"
    },
    "2015arXiv150302141O_page_15_chunk_1": {
        "text": "[7] E. Poisson and W. Israel, Phys. Rev. D 41(1990) 1796.\n[8] A. Ori, Phys. Rev. Lett. 67(1991) 789; 68(1992) 2117.\n[9] P. R. Brady and C. M. Chambers, Phys. Rev. D 51(1995) 4177; P. R. Brady and J. D.\nSmith, Phys. Rev. Lett. 75(1995) 1256.\n[10] A. Hosoya, Class. Quant. Grav. 12(1995) 2967.\n[11] A. Hosoya and I. Oda, Prog. Theor. Phys. 97(1997) 233.\n[12] P. Hajicek, Phys. Rev. D 30(1984) 1178.\n[13] A. Tomimatsu, Phys. Lett. B 289(1992) 283.\n[14] S. W. Hawking, Comm. Math. Phys. 43(1975) 199.\n[15] I. Oda, Phys. Lett. B 409(1997) 88; Phys. Rev. D 57(1998) 2415.\n[16] A. Hosoya and I. Oda, gr-qc/9605069.\n[17] G. D. Birkhoﬀ, ”Relativity and Modern Physics”, Harvard Univer sity Press, Cambridge,\n1923.\n[18] C. W. Misner, K. S. Thorne and J. A. Wheeler, ”Gravitation”, W H Freeman and Co\n(Sd), 1973.\n[19] R. M. Wald, ”General Relativity”, The University of Chicago Pres s, 1984.\n[20] T. Regge and C. Teitelboim, Ann. of Phys. 88(1974) 296.\n[21] P. C. Vaidya, Proc. Indian Acad. Sci. A 33(1951) 264.",
        "page": 15,
        "link": "https://ui.adsabs.harvard.edu/link_gateway/2015arXiv150302141O/EPRINT_PDF",
        "title": "Hawking Radiation inside Black Holes in Quantum Gravity"
    },
    "2015arXiv150302141O_page_15_chunk_2": {
        "text": ".\n[19] R. M. Wald, ”General Relativity”, The University of Chicago Pres s, 1984.\n[20] T. Regge and C. Teitelboim, Ann. of Phys. 88(1974) 296.\n[21] P. C. Vaidya, Proc. Indian Acad. Sci. A 33(1951) 264.\n[22] P. A. M. Dirac, ”Lectures on Quantum Mechanics”, Dover Book s on Physics, 2001.\n[23] L. Motl and A. Netzke, Adv. Theor. Math. Phys. 7(2003) 307, hep-th/030117.\n14",
        "page": 15,
        "link": "https://ui.adsabs.harvard.edu/link_gateway/2015arXiv150302141O/EPRINT_PDF",
        "title": "Hawking Radiation inside Black Holes in Quantum Gravity"
    }
}