{
    "2016PhRvL.116j1301B_page_1_chunk_1": {
        "text": "arXiv:1505.02840v2  [quant-ph]  3 Feb 2016One-shot decoupling and Page curves from a dynamical model f or black hole\nevaporation\nKamil Br´ adler∗\nDepartment of Mathematics and Statistics, University of Ot tawa, Ottawa, Canada\nMax Planck Centre for Extreme and Quantum Photonics, Univer sity of Ottawa, Ottawa, Canada and\nDepartment of Astronomy and Physics, Saint Mary’s Universi ty, Halifax, Canada\nChristoph Adami†\nDepartment of Physics and Astronomy, Michigan State Univer sity, East Lansing, MI 48824\nOne-shot decoupling is a powerful primitive in quantum info rmation theory and was hypothesized\nto play a role in the black hole information paradox. We study black hole dynamics modeled by a\ntrilinear Hamiltonian whose semiclassical limit gives ris e to Hawking radiation. An explicit numerical\ncalculation of the discretized path integral of the S-matrix shows that decoupling is exact in the\ncontinuous limit, implying that quantum information is per fectly transferred from the black hole to",
        "page": 1,
        "link": "https://ui.adsabs.harvard.edu/link_gateway/2016PhRvL.116j1301B/EPRINT_PDF",
        "title": "OneShot Decoupling and Page Curves from a Dynamical Model for Black Hole Evaporation"
    },
    "2016PhRvL.116j1301B_page_1_chunk_2": {
        "text": "\ncalculation of the discretized path integral of the S-matrix shows that decoupling is exact in the\ncontinuous limit, implying that quantum information is per fectly transferred from the black hole to\nradiation. A striking consequence of decoupling is the emer gence of an output radiation entropy\nproﬁle that follows Page’s prediction. We argue that inform ation transfer and the emergence of Page\ncurves is a robust feature of any multi-linear interaction H amiltonian with a bounded spectrum.\nThe explicit mechanism of black hole unitary evapora-\ntion is a major open problem in high-energy physics [1].\nTheevaporationofamacroscopicblackholeisbelievedto\nbe well described by a semiclassical result of Hawking [2],\nbutithasalsobeenarguedthatforasuﬃcientlyoldblack\nhole the in-falling Hawking quanta (hereafter called the\n“partner modes”, as opposed to the radiated modes that\nconstitute the Hawking radiation) must somehow resur-\nface in order to preserve the manifest unitarity of the\nblack hole e",
        "page": 1,
        "link": "https://ui.adsabs.harvard.edu/link_gateway/2016PhRvL.116j1301B/EPRINT_PDF",
        "title": "OneShot Decoupling and Page Curves from a Dynamical Model for Black Hole Evaporation"
    },
    "2016PhRvL.116j1301B_page_1_chunk_3": {
        "text": " (hereafter called the\n“partner modes”, as opposed to the radiated modes that\nconstitute the Hawking radiation) must somehow resur-\nface in order to preserve the manifest unitarity of the\nblack hole evolution. Page [3] argued for the latter using\na description based entirely on calculating the entropy\nof the Hawking radiation as a subsystem of the joint\npure state of a black hole and its radiation ﬁeld, with-\nout proposing an explicit interaction that would enable\nthis. In the modern language of quantum information\ntheory, Page’s calculation implies that when the black\nhole entropy vanishes, it is decoupled from its surround-\nings. Here we present a model in which black hole modes\ninteract with radiation modes both inside and outside of\nthe horizon in a fully unitary manner, and that allows us\nto explicitly calculate the entropy of the black hole over\ntime as it gradually decouples from its surroundings.\nThe modern approach to the resolution of the prob-\nlem started with Ref. [4]. Thes",
        "page": 1,
        "link": "https://ui.adsabs.harvard.edu/link_gateway/2016PhRvL.116j1301B/EPRINT_PDF",
        "title": "OneShot Decoupling and Page Curves from a Dynamical Model for Black Hole Evaporation"
    },
    "2016PhRvL.116j1301B_page_1_chunk_4": {
        "text": "s us\nto explicitly calculate the entropy of the black hole over\ntime as it gradually decouples from its surroundings.\nThe modern approach to the resolution of the prob-\nlem started with Ref. [4]. These authors proposed an ab-\nstractmechanism forblackhole evaporationbasedon the\nrecently developed “decoupling” framework (see a gen-\neral version in [5]). Decoupling theory is a fundamental\ntechnique to prove a plethora of quantum communica-\ntion protocols such as state-merging [6], the fully quan-\ntum Slepian-Wolf (FQSW) protocol [7] or the channel\ncapacity coding theorem [8].\nThe central result of the one-shot decoupling theo-\nrem [9] implies the existence of a completely positive\n(CP) map /hatwideTA→Band a state ρRAwhere the followingcondition is satisﬁed\n/bardbl/hatwideTA→B(UρRAU†)−ϑB⊗ρR/bardbl1→0 (1)\nfor almost all unitaries U. Here,/bardblA/bardbl1df= Tr[(A†A)1/2] is\nthe trace norm, Ris an auxiliary system, ρR= TrA[ρRA]\nandϑBis a state speciﬁed later. For our purposes it will\nturn out",
        "page": 1,
        "link": "https://ui.adsabs.harvard.edu/link_gateway/2016PhRvL.116j1301B/EPRINT_PDF",
        "title": "OneShot Decoupling and Page Curves from a Dynamical Model for Black Hole Evaporation"
    },
    "2016PhRvL.116j1301B_page_1_chunk_5": {
        "text": "rdbl1→0 (1)\nfor almost all unitaries U. Here,/bardblA/bardbl1df= Tr[(A†A)1/2] is\nthe trace norm, Ris an auxiliary system, ρR= TrA[ρRA]\nandϑBis a state speciﬁed later. For our purposes it will\nturn out to be suﬃcient to consider ρRAas a maximally\nentangledstate(denotedΦ RA). Then, decouplingEq.(1)\nis equivalent to the conditions of the entanglement of the\nAsubsystem of Φ RAbeing transferred to Evia another\nCPmapTA→Ecalledacomplementary channelto /hatwideTA→B.\nIn what follows we examine decoupling induced by a\nboson trilinear operator describing the interaction of a\nquantized black hole’s modes with those of radiation in-\nside and outside of the event horizon, in the special case\nwhenTA→Eis an identity, something that, crucially, is\nnotanassumptionofthemodelbut ratheranunexpected\nand natural consequence of the interaction Hamiltonian\nwe use.\nIn the semiclassical description, the outgoing Hawking\nradiation shrinks the black hole but the exact mecha-\nnism of how the black hole loses its ma",
        "page": 1,
        "link": "https://ui.adsabs.harvard.edu/link_gateway/2016PhRvL.116j1301B/EPRINT_PDF",
        "title": "OneShot Decoupling and Page Curves from a Dynamical Model for Black Hole Evaporation"
    },
    "2016PhRvL.116j1301B_page_1_chunk_6": {
        "text": " consequence of the interaction Hamiltonian\nwe use.\nIn the semiclassical description, the outgoing Hawking\nradiation shrinks the black hole but the exact mecha-\nnism of how the black hole loses its mass over time is\nbeyond the scope of Hawking’s original derivation, as in\nthat approach states from past inﬁnity are mapped to\nfuture inﬁnity via a Bogoliubov transformation. In order\nto restorean explicit time-dependence to the evaporation\nprocess,wecanusethebynowwell-knowninsight[10,11]\n(see also [12, 13]) that any solution to a time-dependent\nquantum harmonic oscillator can be understood in terms\nof a Bogoliubov transformation that connects the initial\nto the ﬁnal frequency, and in particular can be imple-\nmentedviaatime-dependentHamiltonianofthe“squeez-\ning” type in which the coupling strength r(t) plays the\nrole of the classical time-dependent driving ﬁeld (we set",
        "page": 1,
        "link": "https://ui.adsabs.harvard.edu/link_gateway/2016PhRvL.116j1301B/EPRINT_PDF",
        "title": "OneShot Decoupling and Page Curves from a Dynamical Model for Black Hole Evaporation"
    },
    "2016PhRvL.116j1301B_page_1_chunk_7": {
        "text": "gth r(t) plays the\nrole of the classical time-dependent driving ﬁeld (we set",
        "page": 1,
        "link": "https://ui.adsabs.harvard.edu/link_gateway/2016PhRvL.116j1301B/EPRINT_PDF",
        "title": "OneShot Decoupling and Page Curves from a Dynamical Model for Black Hole Evaporation"
    },
    "2016PhRvL.116j1301B_page_2_chunk_1": {
        "text": "2\n/planckover2pi1= 1)\nH=ir(t)(b†c†−bc/parenrightbig\n. (2)\nHere, the annihilation operators bandcannihilate ra-\ndiation modes within and outside of the event (or ap-\nparent) horizon, respectively. Such a description can\nbe used to derive Hawking radiation from a collapsing\nshell of matter, for example [14–16]. However, in such a\ntime-dependent semi-classical description, the black hole\ndegrees of freedom are not explicitly quantized and the\nbackreaction of the radiation on the black hole cannot be\nfollowed.\nThe dynamic model for the evaporation of a black hole\nthat we analyze here can be seen as an an extension of\nHawking’s semi-classical approach [17] where the black\nhole internal degrees of freedom are explicitly quantized\nto allow us to track the black hole quantum entropy\nover time. This model is explicitly ad hoc: the quan-\ntum interaction is not derived from a quantum ﬁeld the-\nory that couples gravitational modes to radiation modes.\nRather, it is an extension of the semi-classica",
        "page": 2,
        "link": "https://ui.adsabs.harvard.edu/link_gateway/2016PhRvL.116j1301B/EPRINT_PDF",
        "title": "OneShot Decoupling and Page Curves from a Dynamical Model for Black Hole Evaporation"
    },
    "2016PhRvL.116j1301B_page_2_chunk_2": {
        "text": "s model is explicitly ad hoc: the quan-\ntum interaction is not derived from a quantum ﬁeld the-\nory that couples gravitational modes to radiation modes.\nRather, it is an extension of the semi-classical Hamilto-\nnian (2), and reduces to it when the quantum black hole\nmodes are replaced by their classical expectation values.\nIn the static inﬁnite-time limit, the quantum Hamilto-\nnian (shown below) therefore implements the standard\nBogoliubov transformation between past and future in-\nﬁnity, and reproduces the celebrated Hawking results as\nhas been shown previously [11, 18, 19].\nThe Hamiltonian we study is the so-called boson tri-\nlinear Hamiltonian\nHtri=ir/parenleftbig\nab†c†−a†bc/parenrightbig\n(3)\noften encounteredin quantumoptics andcondensed mat-\nter physics [20–22] or quantum optomechanics [23]. In\nquantum optics, the operators bandcrefer to the signal\nand idler modes, respectively, while arefers to the pump\nmode. The intriguing formal analogy between black hole\nradianceandparametrica",
        "page": 2,
        "link": "https://ui.adsabs.harvard.edu/link_gateway/2016PhRvL.116j1301B/EPRINT_PDF",
        "title": "OneShot Decoupling and Page Curves from a Dynamical Model for Black Hole Evaporation"
    },
    "2016PhRvL.116j1301B_page_2_chunk_3": {
        "text": "s [23]. In\nquantum optics, the operators bandcrefer to the signal\nand idler modes, respectively, while arefers to the pump\nmode. The intriguing formal analogy between black hole\nradianceandparametricampliﬁcationhasbeennotedbe-\nfore [18, 19, 24]. As a model of black hole and radiation\ninteractions, the operator ain (3) annihilates black hole\nmodes, whereas candbare deﬁned as in (2).\nThe black hole mass is a function of the input state\nna=/an}bracketle{ta†a/an}bracketri}htas well as of the coupling strength r(called\nthegainor squeezing parameter in quantum optics). In\nthe semi-classical limit, the relationship between r(t) in\n(2) and black hole parameters is simply (in units where\n/planckover2pi1=c=G=k= 1) [18]\nT(t) =ω\n2ln[tanh−1(r(t)t)](4)\nwhereT(t) is the time-dependent Hawking temperature\nT(t) = (8πM(t))−1andM(t) is the black hole mass.\nThe initial black hole state can be pure or mixed. For\nsimplicity, we restrict our analysis here to the pure state\nscenario and a black hole in initia",
        "page": 2,
        "link": "https://ui.adsabs.harvard.edu/link_gateway/2016PhRvL.116j1301B/EPRINT_PDF",
        "title": "OneShot Decoupling and Page Curves from a Dynamical Model for Black Hole Evaporation"
    },
    "2016PhRvL.116j1301B_page_2_chunk_4": {
        "text": "\nT(t) = (8πM(t))−1andM(t) is the black hole mass.\nThe initial black hole state can be pure or mixed. For\nsimplicity, we restrict our analysis here to the pure state\nscenario and a black hole in initial state |n/an}bracketri}hta(nmodes),but ourresultsnaturallycarryovertoanarbitrarysuper-\nposition and any mixed initial black hole state with cor-\nresponding nonzero initial entropy as we discuss below.\nWe now deﬁne the time-evolution operatoron a quantum\nstate|Ψ(t1)/an}bracketri}htas|Ψ(t2)/an}bracketri}ht=U(t2,t1)|Ψ(t1)/an}bracketri}htwhere\nU(t2,t1) =Te−i/integraltextt2\nt1H(t′)dt′. (5)\nThe symbol Tstands for Dyson’s time-ordering oper-\nator andH(t) is the Hamiltonian describing the uni-\ntary evolution of the quantum state. We can then\nwrite the time-evolution of the black hole initial state\n|Ψ(0)/an}bracketri}ht=|n/an}bracketri}hta|0/an}bracketri}htb|0/an}bracketri}htc≡ |n/an}bracketri}hta|0/an}bracketri}htbcas\n|Ψ(t)/an}bracketri}ht=U(t,0)|Ψ(0)/an}bracketri}ht=Te−i/integraltextt\n0Htri(t′)d",
        "page": 2,
        "link": "https://ui.adsabs.harvard.edu/link_gateway/2016PhRvL.116j1301B/EPRINT_PDF",
        "title": "OneShot Decoupling and Page Curves from a Dynamical Model for Black Hole Evaporation"
    },
    "2016PhRvL.116j1301B_page_2_chunk_5": {
        "text": "(0)/an}bracketri}ht=|n/an}bracketri}hta|0/an}bracketri}htb|0/an}bracketri}htc≡ |n/an}bracketri}hta|0/an}bracketri}htbcas\n|Ψ(t)/an}bracketri}ht=U(t,0)|Ψ(0)/an}bracketri}ht=Te−i/integraltextt\n0Htri(t′)dt′|n/an}bracketri}hta|0/an}bracketri}htbc,\n(6)\nwhereHtriis the trilinear Hamiltonian (written as a sum\nover modes)\nHtri=∞/summationdisplay\nk=−∞irωk(t)/parenleftbig\nakb†\nkc†\nk−a†\nkbkck/parenrightbig\n.(7)\nIn the following, we will focus on a single mode kwith\nenergyωk, and omit the index kfor convenience.\nTo calculate (6), we introduce small time slices ∆ tand\ndiscretize the path integral so that with t=N∆t\nU(t) =Te−i/integraltextt\n0Htri(t′)dt′≈N/productdisplay\ni=1e−i∆tHi,(8)\nwhere thei-th time-slice Hamiltonian Hi=ir0/parenleftbig\nab†\nic†\ni−\na†bici/parenrightbig\nacts on the black hole state and the i-th slice of\nthebcHilbert space |0/an}bracketri}htbici. The initial value r0sets the\nenergy scale, and we simply set r0= 1 in the following.\nWe now apply (8), so that\n|Ψ(t)/an}bracketri}hta′bc=W",
        "page": 2,
        "link": "https://ui.adsabs.harvard.edu/link_gateway/2016PhRvL.116j1301B/EPRINT_PDF",
        "title": "OneShot Decoupling and Page Curves from a Dynamical Model for Black Hole Evaporation"
    },
    "2016PhRvL.116j1301B_page_2_chunk_6": {
        "text": " the i-th slice of\nthebcHilbert space |0/an}bracketri}htbici. The initial value r0sets the\nenergy scale, and we simply set r0= 1 in the following.\nWe now apply (8), so that\n|Ψ(t)/an}bracketri}hta′bc=W|n/an}bracketri}hta|0/an}bracketri}htbc=N/productdisplay\ni=1e−i∆tHi|n/an}bracketri}hta|0/an}bracketri}htbc,(9)\nwhere|0/an}bracketri}htbcdf=|0/an}bracketri}htbNcN⊗...⊗|0/an}bracketri}htb1c1,W(i)=e−i∆tHiand\nW=W(N)◦...◦W(1). The ﬁrst time slice is\n|Ψ(1)/an}bracketri}ht=W(1)|n/an}bracketri}hta|0/an}bracketri}htb1c1=n/summationdisplay\nj=0U(1)\nnj|j/an}bracketri}hta|n−j/an}bracketri}htb1c1\n(10)\nwhile|Ψ(t)/an}bracketri}htis given by\n|Ψ(t)/an}bracketri}hta′bc=/summationdisplay\nj1...jNU(1)\nnj...U(N)\njN−1jN\n×|jN/an}bracketri}hta|jN−1−jN/an}bracketri}htbNcN...|n−j1/an}bracketri}htb1c1.(11)\nNote that approximating the path integral using a sin-\ngle time-slice—the static path approximation (SPA), see\ne.g. [25, 26]—can yield good results at very low tem-\nperatures, but disregards self-consistent temporal",
        "page": 2,
        "link": "https://ui.adsabs.harvard.edu/link_gateway/2016PhRvL.116j1301B/EPRINT_PDF",
        "title": "OneShot Decoupling and Page Curves from a Dynamical Model for Black Hole Evaporation"
    },
    "2016PhRvL.116j1301B_page_2_chunk_7": {
        "text": "ximating the path integral using a sin-\ngle time-slice—the static path approximation (SPA), see\ne.g. [25, 26]—can yield good results at very low tem-\nperatures, but disregards self-consistent temporal ﬂuctu-\nations. Indeed, SPA calculations of the black hole en-\ntropy using the trilinear Hamiltonian lead to an oscillat-\ning behavior of the black hole entropy [18, 19]. The black",
        "page": 2,
        "link": "https://ui.adsabs.harvard.edu/link_gateway/2016PhRvL.116j1301B/EPRINT_PDF",
        "title": "OneShot Decoupling and Page Curves from a Dynamical Model for Black Hole Evaporation"
    },
    "2016PhRvL.116j1301B_page_3_chunk_1": {
        "text": "3\nW(1)W(2)W(3)ψa\n|0/an}bracketri}htb1c1 |0/an}bracketri}htb2c2 |0/an}bracketri}htb3c3\nH(t1)\nH(t2)\nH(t3)\nFIG. 1. The action of the discretized path integral W(i)is\nsketched. The braces indicate the entropy calculation of th e\nradiated modes at each time-slice.\nhole von Neumann entropy can be calculated using the\nmarginal density matrix ϑa′(t) = Tr bc/bracketleftbig\n|Ψ(t)/an}bracketri}ht/an}bracketle{tΨ(t)|a′bc/bracketrightbig\n,\nwhich can be written entirely in terms of the coeﬃcients\n|Uij|2, which describe the probability to observe jmodes\nof the black hole given that in the previous iteration we\nfoundimodes)ϑa′(t) =n/summationtext\njN=0pjN|jN/an}bracketri}ht/an}bracketle{tjN|where\npjN=n/summationdisplay\nj1>j2>...>j N−1|U(1)\nnj1|2...|U(N−1)\njN−2jN−1|2|U(N)\njN−1jN|2.\n(12)\nTo follow the time evolution of the black hole entropy\nHn(t) =−Tr/bracketleftbig\nϑa′(t)logϑa′(t)/bracketrightbig\ngiven the initial state of\nthe black hole is a pure state with nquanta, we need\nto evaluate the ncoeﬃcients",
        "page": 3,
        "link": "https://ui.adsabs.harvard.edu/link_gateway/2016PhRvL.116j1301B/EPRINT_PDF",
        "title": "OneShot Decoupling and Page Curves from a Dynamical Model for Black Hole Evaporation"
    },
    "2016PhRvL.116j1301B_page_3_chunk_2": {
        "text": "volution of the black hole entropy\nHn(t) =−Tr/bracketleftbig\nϑa′(t)logϑa′(t)/bracketrightbig\ngiven the initial state of\nthe black hole is a pure state with nquanta, we need\nto evaluate the ncoeﬃcients pjNabove. This is a dif-\nﬁcult calculation because unlike the Hawking isometry,\nthe unitary operator W(i)is not known to be factorizable\nin a simple way. The usual formal factorization formu-\nlas [27–29] are inﬁnite operator products and often are\nnot suitable for practical calculations. A common route\nto obtain the time evolution is to expand the exponential\naroundr0t≈0 but this allows only a short-time analy-\nsis of the evolution operator. For greater r0t, the Taylor\nexpansion is prohibitively ineﬃcient. However, a method\ndeveloped in Ref. [ ?] enables us to ﬁnd the action of the\nunitary operators even for large values of r0t. The action\nofW(i)acquires an interesting combinatorial interpreta-\ntion in terms of an integer lattice known as a generalized\nDyck path [30] if it acts on any sta",
        "page": 3,
        "link": "https://ui.adsabs.harvard.edu/link_gateway/2016PhRvL.116j1301B/EPRINT_PDF",
        "title": "OneShot Decoupling and Page Curves from a Dynamical Model for Black Hole Evaporation"
    },
    "2016PhRvL.116j1301B_page_3_chunk_3": {
        "text": "erators even for large values of r0t. The action\nofW(i)acquires an interesting combinatorial interpreta-\ntion in terms of an integer lattice known as a generalized\nDyck path [30] if it acts on any state generated by the\nrepeated action of ab†c†on a ground state |gr/an}bracketri}ht, deﬁned\nbya†bc|gr/an}bracketri}ht= 0. The basis elements {|k00/an}bracketri}htabc}n\nk=0span-\nning our input Hilbert space of W(i)are all ground states\nofHi.\nWe evaluated the output entropy for black holes with\ninitial quanta nfor 0≤n≤50 using the discretized path\nintegral (11). The resulting entropy as a function of the\nnumber of time slices (at constant small ∆ t) is shown in\nFig. 2 forn= 5,20 and 50. An entropy curve strikingly\nsimilar to the one predicted by Page [3] emerges in the\nlimit of large t(several thousand time slices). This shape\nis consequence of the fact that the ﬁnal black hole den-sity matrix ϑa′(forN≫0) is extremely close to a pure\nvacuum state |0/an}bracketri}hta′for all examined input basi",
        "page": 3,
        "link": "https://ui.adsabs.harvard.edu/link_gateway/2016PhRvL.116j1301B/EPRINT_PDF",
        "title": "OneShot Decoupling and Page Curves from a Dynamical Model for Black Hole Evaporation"
    },
    "2016PhRvL.116j1301B_page_3_chunk_4": {
        "text": "usand time slices). This shape\nis consequence of the fact that the ﬁnal black hole den-sity matrix ϑa′(forN≫0) is extremely close to a pure\nvacuum state |0/an}bracketri}hta′for all examined input basis states\n|n/an}bracketri}ht. Note that the case n= 50 gives rise to an extremely\nlarge Hilbert space, and to obtain a reliable Taylor ex-\npansion for ∆ t= 1/15 would require expansion to order\nup to 500. A straightforward numerical evaluation of\nthe 2500terms is of course impossible, but the method\ndeveloped in [ ?] makes the calculation tractable on a\nHigh-PerformanceComputingCluster. Wehavealsoper-\nformed a calculation of the integral where partner modes\nare allowed to interact with the black hole a second time,\nbreaking the symmetry between partner and Hawking\nmodes. Such a calculation is far more complex, but does\nnot change the shape of the Page curves appreciably.\nIt is important to stress that even though we studied\nthe eﬀect of Wonly on basis states |n/an}bracketri}ht, we can exten",
        "page": 3,
        "link": "https://ui.adsabs.harvard.edu/link_gateway/2016PhRvL.116j1301B/EPRINT_PDF",
        "title": "OneShot Decoupling and Page Curves from a Dynamical Model for Black Hole Evaporation"
    },
    "2016PhRvL.116j1301B_page_3_chunk_5": {
        "text": "ar more complex, but does\nnot change the shape of the Page curves appreciably.\nIt is important to stress that even though we studied\nthe eﬀect of Wonly on basis states |n/an}bracketri}ht, we can extend\nthis conclusion to an arbitrary input pure state ψa=/summationtextn\nk=0βk|k/an}bracketri}hta. It is suﬃcient to show decoupling of the\nspanning basis set. Thus, ultimately the action of Wcan\nbe reformulated as inducing\n|k/an}bracketri}hta|0/an}bracketri}htbcW→ |Ψ(t)/an}bracketri}hta′bc≈ |0/an}bracketri}hta′⊗ϑbc(|k/an}bracketri}ht),(13)\nwhere 0 ≤k≤nandϑbc(|k/an}bracketri}ht)df= Tra′/bracketleftbig\n|Ψ(t)/an}bracketri}ht/an}bracketle{tΨ(t)|a′bc/bracketrightbig\n.\nHenceϑbc(|k/an}bracketri}ht) is necessarily pure and mutually orthogo-\nnalforallk. Since|0/an}bracketri}htaisa“constant”state(independent\nofk), it immediately follows that an arbitrary superpo-\nsitionψawill be transferred to the Hawking modes and\ntheirpartners( bc). Thesearepreciselythecircumstances\ncapturedbythedecouplingtheoreminE",
        "page": 3,
        "link": "https://ui.adsabs.harvard.edu/link_gateway/2016PhRvL.116j1301B/EPRINT_PDF",
        "title": "OneShot Decoupling and Page Curves from a Dynamical Model for Black Hole Evaporation"
    },
    "2016PhRvL.116j1301B_page_3_chunk_6": {
        "text": "ent\nofk), it immediately follows that an arbitrary superpo-\nsitionψawill be transferred to the Hawking modes and\ntheirpartners( bc). Thesearepreciselythecircumstances\ncapturedbythedecouplingtheoreminEq.(1)uponiden-\ntifyingA⇌a,E⇌bcandB⇌a′. The presence of an\ninput bipartite state Φ RAinstead ofψAis just a conve-\nnient reformulation so that if the decoupling (transfer)\nof ΦRAis successful, it can be used to perfectly teleport\nanyψA.\nAs is implied by (13), the black hole evolution ulti-\nmately turns out to be an erasuremap/hatwideTa→a′:ψa→\nTr[ψa]|0/an}bracketri}ht/an}bracketle{t0|a′, which we interpret as complete evapora-\ntion. This immediately implies that the map Ta→bcmust\nbe the identity as announced earlier. The decoupling\ntheorem then implies [5] that the input state (and so the\nquantuminformationit carries)hasbeen nearlyperfectly\ntransferredtothe bcHilbert space. Whatwefoundthere-\nfore is an explicit (and simple) realization of the one-shot\nstate merging protocol [5, 31] (generaliz",
        "page": 3,
        "link": "https://ui.adsabs.harvard.edu/link_gateway/2016PhRvL.116j1301B/EPRINT_PDF",
        "title": "OneShot Decoupling and Page Curves from a Dynamical Model for Black Hole Evaporation"
    },
    "2016PhRvL.116j1301B_page_3_chunk_7": {
        "text": "informationit carries)hasbeen nearlyperfectly\ntransferredtothe bcHilbert space. Whatwefoundthere-\nfore is an explicit (and simple) realization of the one-shot\nstate merging protocol [5, 31] (generalizing Ref. [6] stud-\nied in the asymptotic limit) and thus the action of /hatwideTa→a′\nin (1) turns out to be a simple case of the FQSW pro-\ntocol [7] (the erasure map is essentially the trace map\nwhich is a special case of the partial trace appearing in\nFQSW).\nThequestionofhowexactlytheinformationisencoded\nin the outgoing radiationdescribed by the density matrix\nϑbcis non-trivial. The mapping Ta→bcis a highly convo-\nluted identity, something that is expected from the de-\ncoupling mechanism. Hence the information is not read-\nily available for a read-out—the state occupying the bc",
        "page": 3,
        "link": "https://ui.adsabs.harvard.edu/link_gateway/2016PhRvL.116j1301B/EPRINT_PDF",
        "title": "OneShot Decoupling and Page Curves from a Dynamical Model for Black Hole Evaporation"
    },
    "2016PhRvL.116j1301B_page_4_chunk_1": {
        "text": "4\n0 300 600 900 1200 1500\nN0.10.20.30.40.50.60.70.80.91H(t= ∆tN)\nFIG. 2. Black hole entropy Hn(t) =H[ϑa′] =H[ϑbc(t)] as a\nfunction of the iteration number Nfor initial states |n/angbracketrighta|0/angbracketrightbc\nwithn= 5 (orange), n= 20 (red) and n= 50 (pink), with\nt= ∆tN. Logarithms are base n+ 1 so that each black hole\nentropyHn(t)≤1. We use r0= 1 and ∆ t= 1/15. The curves\nare qualitatively unchanged if ∆ t= 1/25 and using a com-\nmensurately larger number of time slices (data not shown).\nHilbert space is scrambled , or, in quantum information\ntheory jargon, it is a highly entangled quantum code.\nThe output state is highly entangled and so an ob-\nserver having access only to the borcmode cannot learn\nanything. This is a direct consequence of the symmetry\nbetween the modes bandcin the boson trilinear Hamil-\ntonian given by Eq. (3), also seen in the action of the\nunitaryW(1)andWin Eqs. (10) and (11), respectively.\nThis is a textbook example of how the impossibility of\nperfect cloning",
        "page": 4,
        "link": "https://ui.adsabs.harvard.edu/link_gateway/2016PhRvL.116j1301B/EPRINT_PDF",
        "title": "OneShot Decoupling and Page Curves from a Dynamical Model for Black Hole Evaporation"
    },
    "2016PhRvL.116j1301B_page_4_chunk_2": {
        "text": "oson trilinear Hamil-\ntonian given by Eq. (3), also seen in the action of the\nunitaryW(1)andWin Eqs. (10) and (11), respectively.\nThis is a textbook example of how the impossibility of\nperfect cloning prevents an observer from obtaining any\ninformation from ϑborϑcalone. If there existed a com-\npletely positive map that recovers ψafromϑbonly, the\nsame operation could recover it from ϑc. But that would\nresult in two nearly perfect copies of ψawhich is pro-\nhibited by quantum mechanics. Using the language of\nquantum Shannon theory, the quantum capacity of the\nchannelMa→b(c)must vanish [32].\nThe trilinear Hamiltonian Eq. (3) that allowed us to\ncarrythroughthisanalysisis,toputitbluntly, aguess. It\ndoes not follow from an interacting quantum ﬁeld theory\nof gravity (such as a locally-ﬂat conformal ﬁeld theory\ncoupled to a dilaton [33] (see [34] for additional refer-\nences). However, it is manifestly an elegant extension of\nthe semi-classical approach, and it is diﬃcult to imagine\nthat a consi",
        "page": 4,
        "link": "https://ui.adsabs.harvard.edu/link_gateway/2016PhRvL.116j1301B/EPRINT_PDF",
        "title": "OneShot Decoupling and Page Curves from a Dynamical Model for Black Hole Evaporation"
    },
    "2016PhRvL.116j1301B_page_4_chunk_3": {
        "text": "l ﬁeld theory\ncoupled to a dilaton [33] (see [34] for additional refer-\nences). However, it is manifestly an elegant extension of\nthe semi-classical approach, and it is diﬃcult to imagine\nthat a consistent renormalizable quantum ﬁeld theory of\ngravity would not, in an eﬀective limit, reduce to pre-\ncisely an interaction as we describe. In fact, the mech-\nanism of information conservation implied by our model\nis an example of a much larger class of more compli-\ncated Hamiltonians with the proper semiclassical limit\nVωi|vac/an}bracketri}ht= 1/coshrωi/summationtext∞\nm=0tanhmrωi|m/an}bracketri}htbi|m/an}bracketri}htci. In-\ndeed, it may be possible to use decoupling as a con-\nstraint to impose conditions on the form of the Bogoli-\nubov transformation that connects the in-vacuum withthe out-vacuum. It is clear from general arguments [35]\nthat at a minimum extra degrees of freedom are needed\nthatarecoupledtothe Hawkingmodes, andin ourmodel\nthese degrees of freedom are the quantized black hole",
        "page": 4,
        "link": "https://ui.adsabs.harvard.edu/link_gateway/2016PhRvL.116j1301B/EPRINT_PDF",
        "title": "OneShot Decoupling and Page Curves from a Dynamical Model for Black Hole Evaporation"
    },
    "2016PhRvL.116j1301B_page_4_chunk_4": {
        "text": "um. It is clear from general arguments [35]\nthat at a minimum extra degrees of freedom are needed\nthatarecoupledtothe Hawkingmodes, andin ourmodel\nthese degrees of freedom are the quantized black hole\nmodesa.\nTo illustrate the mechanism concretely, we set ψa=\n|3/an}bracketri}htaand observe the behavior of the probabilities given\nby Eq. (12) in Fig. 3. The black hole state slowly “drifts”\n|3〉a\np32p22p12p02\np33p23p13p03\np34p24p14p04\nFIG. 3. The schematic evolution of the probability Eq. (12)\nof the black hole density matrix ϑa′(t) for the input state |3/angbracketrighta.\nTime goes from left, the boxes are Fock bases ( |0/angbracketright,...,|3/angbracketright, top\nto bottom) and the lines represent the contributions from th e\nprevious iterations. The vacuum gets the majority of contri -\nbutions in every iteration (three steps shown here) capturi ng\nthe black hole evaporation.\ntowards the vacuum state (the top line) even if the tran-\nsition amplitudes for the highest Fock state are close ",
        "page": 4,
        "link": "https://ui.adsabs.harvard.edu/link_gateway/2016PhRvL.116j1301B/EPRINT_PDF",
        "title": "OneShot Decoupling and Page Curves from a Dynamical Model for Black Hole Evaporation"
    },
    "2016PhRvL.116j1301B_page_4_chunk_5": {
        "text": "ons in every iteration (three steps shown here) capturi ng\nthe black hole evaporation.\ntowards the vacuum state (the top line) even if the tran-\nsition amplitudes for the highest Fock state are close to\none, that is, the least favorable conditions for the tran-\nsition to the vacuum state. This is a direct consequence\nof the spectrum boundedness of the trilinear Hamilto-\nnian Eq. (3) – the number of bosons nin theamode\nthatW= exp[−iHtri] can “distribute” to the bcmodes\nis naturally equal to or lower than n. Crucially, any\nspectrum-bounded and possibly multilinear Hamiltonian\ndisplays exactly the same behavior, and only the infor-\nmation rate diﬀers. As a consequence, the information\ntransfermechanism–andthereforethePagecurve–areex-\npectedtoremainvirtuallyunchangedevenformuchmore\ncomplicated internal dynamics. In other words, the Page\ncurve is robust and universal.\nThe general features of information transfer between\nquantum subsystems as described by Page [3] (see also\nmore recently [4,",
        "page": 4,
        "link": "https://ui.adsabs.harvard.edu/link_gateway/2016PhRvL.116j1301B/EPRINT_PDF",
        "title": "OneShot Decoupling and Page Curves from a Dynamical Model for Black Hole Evaporation"
    },
    "2016PhRvL.116j1301B_page_4_chunk_6": {
        "text": " internal dynamics. In other words, the Page\ncurve is robust and universal.\nThe general features of information transfer between\nquantum subsystems as described by Page [3] (see also\nmore recently [4, 36, 37]) have been discussed intently in\nthe past. We believe our calculation is the ﬁrst explicit\nrealization of these previous abstract arguments, point-\ning towardsdecoupling as a mechanism for the resolution\nof the black hole information loss problem. Finally, we\nwouldliketopointoutthatthe explicitlytime-dependent\nblack hole evaporation process we described throws new\nlighton the discussionofputative ﬁrewalls[38, 39] forold\nblackholes. Theusuallineofreasoningforﬁrewallsbased\non the monogamy property of entanglement does not ap-\nply here since the black hole state |Ψ(t)/an}bracketri}hta′bcfrom (11) is\ntripartite entangled.\nCA thanks Steve Giddings for discussions. This work\nwas supported in part by Michigan State University\nthrough computational resources provided by the Insti-\ntute fo",
        "page": 4,
        "link": "https://ui.adsabs.harvard.edu/link_gateway/2016PhRvL.116j1301B/EPRINT_PDF",
        "title": "OneShot Decoupling and Page Curves from a Dynamical Model for Black Hole Evaporation"
    },
    "2016PhRvL.116j1301B_page_4_chunk_7": {
        "text": "from (11) is\ntripartite entangled.\nCA thanks Steve Giddings for discussions. This work\nwas supported in part by Michigan State University\nthrough computational resources provided by the Insti-\ntute for Cyber-Enabled Research.",
        "page": 4,
        "link": "https://ui.adsabs.harvard.edu/link_gateway/2016PhRvL.116j1301B/EPRINT_PDF",
        "title": "OneShot Decoupling and Page Curves from a Dynamical Model for Black Hole Evaporation"
    },
    "2016PhRvL.116j1301B_page_5_chunk_1": {
        "text": "5\n∗kbradler@uottawa.ca\n†adami@msu.edu\n[1] A. Fabbri and J. Navarro-Salas, Modeling Black Hole\nEvaporation (Imperial College Press, London (UK),\n2005).\n[2] S. W. Hawking, “Breakdown of predictability in gravita-\ntional collapse,” Physical Review D 14, 2460 (1976).\n[3] Don N Page, “Information in black hole radiation,” Phys-\nical Review Letters 71, 3743 (1993).\n[4] Patrick Hayden and John Preskill, “Black holes as mir-\nrors: quantum information in random subsystems,” Jour-\nnal of High Energy Physics 2007 , 120 (2007).\n[5] Fr´ ed´ eric Dupuis, Mario Berta, J¨ urg Wullschleger, an d\nRenato Renner, “One-shot decoupling,” Communica-\ntions in Mathematical Physics 328, 251–284 (2014).\n[6] Micha/suppress l Horodecki, Jonathan Oppenheim, and Andreas\nWinter, “Quantum state merging and negative informa-\ntion,” Communications in Mathematical Physics 269,\n107–136 (2007).\n[7] Anura Abeyesinghe, Igor Devetak, Patrick Hayden, and\nAndreas Winter, “The mother of all protocols: Restruc-\nturing quantum inf",
        "page": 5,
        "link": "https://ui.adsabs.harvard.edu/link_gateway/2016PhRvL.116j1301B/EPRINT_PDF",
        "title": "OneShot Decoupling and Page Curves from a Dynamical Model for Black Hole Evaporation"
    },
    "2016PhRvL.116j1301B_page_5_chunk_2": {
        "text": "a-\ntion,” Communications in Mathematical Physics 269,\n107–136 (2007).\n[7] Anura Abeyesinghe, Igor Devetak, Patrick Hayden, and\nAndreas Winter, “The mother of all protocols: Restruc-\nturing quantum information¨ aˆ os family tree,” Proceeding s\nof the Royal Society of London A: Mathematical, Physi-\ncal and Engineering Sciences , 2537–2563 (2009).\n[8] Patrick Hayden, Micha/suppress l Horodecki, Andreas Winter, and\nJon Yard, “A decoupling approach to the quantum ca-\npacity,” Open Systems & Information Dynamics 15, 7–19\n(2008).\n[9] Fr´ ed´ eric Dupuis, “The decoupling approach to quan-\ntum information theory,” arXiv preprint arXiv:1004.1641\n(2010).\n[10] U. Leonhardt, Essential Quantum Optics: From Quan-\ntum Measurements to Black Holes (Cambridge Univer-\nsity Press, 2010).\n[11] P. D. Nation, J. R. Johansson, M. P. Blencowe, and\nFranco Nori, “ Colloquium : Stimulating uncertainty:\nAmplifying the quantum vacuum with superconducting\ncircuits,” Rev. Mod. Phys. 84, 1–24 (2012).\n[12] H. R. Lewis J",
        "page": 5,
        "link": "https://ui.adsabs.harvard.edu/link_gateway/2016PhRvL.116j1301B/EPRINT_PDF",
        "title": "OneShot Decoupling and Page Curves from a Dynamical Model for Black Hole Evaporation"
    },
    "2016PhRvL.116j1301B_page_5_chunk_3": {
        "text": "R. Johansson, M. P. Blencowe, and\nFranco Nori, “ Colloquium : Stimulating uncertainty:\nAmplifying the quantum vacuum with superconducting\ncircuits,” Rev. Mod. Phys. 84, 1–24 (2012).\n[12] H. R. Lewis Jr. and W. B. Riesenfeld, “An exact quantum\ntheory of the time-dependent harmonic oscillator and of\na charged particle in a time-dependent electromagnetic\nﬁeld,” J. Math. Phys. 10, 1458 (1969).\n[13] I.A. Pedrosa, “Coherent states for certain time-\ndependent systems,” Rev. Bras. de F´ ısica 19, 502–515\n(1989).\n[14] G. L. Alberghi, R. Casadio, G. P. Vacca, and G. Venturi,\n“Gravitational collapse of a radiating shell,” Phys. Rev.\nD64, 104012 (2001).\n[15] Tanmay Vachaspati, Dejan Stojkovic, and Lawrence M.\nKrauss, “Observation of incipient black holes and the in-\nformation loss problem,” Phys. Rev. D 76, 024005 (2007).\n[16] Anshul Saini and Dejan Stojkovic, “Radiation from a col -\nlapsing object is manifestly unitary,” Phys Rev Lett 114,\n111301 (2015).\n[17] Stephen W Hawking, “Particle creation",
        "page": 5,
        "link": "https://ui.adsabs.harvard.edu/link_gateway/2016PhRvL.116j1301B/EPRINT_PDF",
        "title": "OneShot Decoupling and Page Curves from a Dynamical Model for Black Hole Evaporation"
    },
    "2016PhRvL.116j1301B_page_5_chunk_4": {
        "text": " D 76, 024005 (2007).\n[16] Anshul Saini and Dejan Stojkovic, “Radiation from a col -\nlapsing object is manifestly unitary,” Phys Rev Lett 114,\n111301 (2015).\n[17] Stephen W Hawking, “Particle creation by black holes,”\nCommunications in Mathematical Physics 43, 199–220\n(1975).\n[18] P. D. Nation and M. P. Blencowe, “The trilinear Hamil-\ntonian: A zero-dimensional model of Hawking radia-\ntion from a quantized source,” New J. Phys. 12, 095013\n(2010).[19] Paul M Alsing, “Parametric down conversion with a de-\npleted pump as a model for classical information trans-\nmission capacity of quantum black holes,” Classical and\nQuantum Gravity 32, 075010 (2015).\n[20] Daniel F Walls and Richard Barakat, “Quantum-\nmechanical ampliﬁcation and frequency conversion with a\ntrilinear Hamiltonian,” Physical Review A 1, 446 (1970).\n[21] C Brif, “Coherent states for quantum systems with a tri-\nlinear boson Hamiltonian,” Physical Review A 54, 5253\n(1996).\n[22] GP Agrawal and CL Mehta, “Dynamics of paramet-\nric ",
        "page": 5,
        "link": "https://ui.adsabs.harvard.edu/link_gateway/2016PhRvL.116j1301B/EPRINT_PDF",
        "title": "OneShot Decoupling and Page Curves from a Dynamical Model for Black Hole Evaporation"
    },
    "2016PhRvL.116j1301B_page_5_chunk_5": {
        "text": "ew A 1, 446 (1970).\n[21] C Brif, “Coherent states for quantum systems with a tri-\nlinear boson Hamiltonian,” Physical Review A 54, 5253\n(1996).\n[22] GP Agrawal and CL Mehta, “Dynamics of paramet-\nric processes with a trilinear Hamiltonian,” Journal of\nPhysics A: Mathematical, Nuclear and General 7, 607\n(1974).\n[23] Markus Aspelmeyer, Tobias J Kippenberg, and Florian\nMarquardt, “Cavity optomechanics,” Reviews of Modern\nPhysics86, 1391 (2014).\n[24] U. H. Gerlach, “The mechanism of blackbody radiation\nfrom an incipient black hole,” Phys Rev D 14, 1479\n(1976).\n[25] P. Arve, G. Bertsch, B. Lauritzen, and G. Puddu, “Static\npath approximation of the nuclear partition function,”\nAnnals of Physics 183, 309–319 (1988).\n[26] GH Lang, CW Johnson, SE Koonin, and WE Ormand,\n“Monte Carlo evaluation of path integrals for the nuclear\nshell model,” Physical Review C 48, 1518–1545 (1993).\n[27] Wilhelm Magnus, “On the exponential solution of diﬀer-\nential equations for a linear operator,” Communications\no",
        "page": 5,
        "link": "https://ui.adsabs.harvard.edu/link_gateway/2016PhRvL.116j1301B/EPRINT_PDF",
        "title": "OneShot Decoupling and Page Curves from a Dynamical Model for Black Hole Evaporation"
    },
    "2016PhRvL.116j1301B_page_5_chunk_6": {
        "text": "th integrals for the nuclear\nshell model,” Physical Review C 48, 1518–1545 (1993).\n[27] Wilhelm Magnus, “On the exponential solution of diﬀer-\nential equations for a linear operator,” Communications\non pure and applied mathematics 7, 649–673 (1954).\n[28] Masuo Suzuki, “Generalized Trotter’s formula and sys-\ntematic approximants of exponential operators and inner\nderivations with applications to many-body problems,”\nCommunications in Mathematical Physics 51, 183–190\n(1976).\n[29] Hale F Trotter, “On the product of semi-groups of opera-\ntors,” Proceedings of the American Mathematical Society\n10, 545–551 (1959).\n[30] Richard P Stanley, Enumerative combinatorics. Vol. 2\n(Cambridge University Press, 1999).\n[31] Mario Berta, “Single-shot quantum state merging,”\narXiv preprint arXiv:0912.4495 (2009).\n[32] Kamil Br´ adler and Christoph Adami, “The capacity of\nblack holes to transmit quantum information,” Journal\nof High Energy Physics 05(2014)095 (2014).\n[33] Jr Callan, Giddings, Harvey, and St",
        "page": 5,
        "link": "https://ui.adsabs.harvard.edu/link_gateway/2016PhRvL.116j1301B/EPRINT_PDF",
        "title": "OneShot Decoupling and Page Curves from a Dynamical Model for Black Hole Evaporation"
    },
    "2016PhRvL.116j1301B_page_5_chunk_7": {
        "text": "9).\n[32] Kamil Br´ adler and Christoph Adami, “The capacity of\nblack holes to transmit quantum information,” Journal\nof High Energy Physics 05(2014)095 (2014).\n[33] Jr Callan, Giddings, Harvey, and Strominger, “Evanes-\ncent black holes,” Phys Rev D 45, 1005–1009 (1992).\n[34] D. Grumiller, W. Kummer, and D.V. Vassilevich, “Dila-\nton gravity in two dimensions,” Phys. Rep. 369, 327–340\n(2002).\n[35] Sabine Hossenfelder, “Disentangling the black hole va c-\nuum,” Physical Review D 91, 044015 (2015).\n[36] Steven B. Giddings and Yinbo Shi, “Quantum informa-\ntion transfer and models for black hole mechanics,” Phys-\nical Review D 87, 064031 (2012).\n[37] Samir D. Mathur and Christopher J. Plumberg, “Cor-\nrelations in Hawking radiation and the infall problem,”\nJournal of High Energy Physics JHEP09 , 093 (2011).\n[38] Ahmed Almheiri, Donald Marolf, Joseph Polchinski, and\nJames Sully, “Black holes: complementarity or ﬁre-\nwalls?” Journal of High Energy Physics 2013 , 1–20\n(2013).\n[39] Samuel L Brauns",
        "page": 5,
        "link": "https://ui.adsabs.harvard.edu/link_gateway/2016PhRvL.116j1301B/EPRINT_PDF",
        "title": "OneShot Decoupling and Page Curves from a Dynamical Model for Black Hole Evaporation"
    },
    "2016PhRvL.116j1301B_page_5_chunk_8": {
        "text": "93 (2011).\n[38] Ahmed Almheiri, Donald Marolf, Joseph Polchinski, and\nJames Sully, “Black holes: complementarity or ﬁre-\nwalls?” Journal of High Energy Physics 2013 , 1–20\n(2013).\n[39] Samuel L Braunstein, Stefano Pirandola, and Karol\n˙Zyczkowski, “Better late than never: Information re-",
        "page": 5,
        "link": "https://ui.adsabs.harvard.edu/link_gateway/2016PhRvL.116j1301B/EPRINT_PDF",
        "title": "OneShot Decoupling and Page Curves from a Dynamical Model for Black Hole Evaporation"
    },
    "2016PhRvL.116j1301B_page_6_chunk_1": {
        "text": "6\ntrieval from black holes,” Physical Review Letters 110,\n101301 (2013).",
        "page": 6,
        "link": "https://ui.adsabs.harvard.edu/link_gateway/2016PhRvL.116j1301B/EPRINT_PDF",
        "title": "OneShot Decoupling and Page Curves from a Dynamical Model for Black Hole Evaporation"
    }
}