{
    "2016GReGr..48..141C_page_1_chunk_1": {
        "text": "arXiv:1608.02491v1  [astro-ph.IM]  8 Aug 2016Parameter estimates in binary black hole collisions using n eural networks\nM. Carrillo, M. Gracia-Linares, J. A. Gonz´ alez, and F. S. Guzm´ an\nInstituto de F´ ısica y Matem´ aticas, Universidad Michoaca na de San Nicol´ as de Hidalgo. Ediﬁcio C-3,\nCd. Universitaria, 58040 Morelia, Michoac´ an, M´ exico.\n(Dated: September 12, 2018)\nWe present an algorithm based on artiﬁcial neural networks ( ANNs), that estimates the mass\nratio in a binary black hole collision out of given Gravitati onal Wave (GW) strains. In this anal-\nysis, the ANN is trained with a sample of GW signals generated with numerical simulations. The\neﬀectiveness of the algorithm is evaluated with GWs generat ed also with simulations for given mass\nratios unknown to the ANN. We measure the accuracy of the algo rithm in the interpolation and\nextrapolation regimes. We present the results for noise fre e signals and signals contaminated with\nGaussian noise, in order to foresee the ",
        "page": 1,
        "link": "https://ui.adsabs.harvard.edu/link_gateway/2016GReGr..48..141C/EPRINT_PDF",
        "title": "Parameter estimates in binary black hole collisions using neural networks"
    },
    "2016GReGr..48..141C_page_1_chunk_2": {
        "text": "ure the accuracy of the algo rithm in the interpolation and\nextrapolation regimes. We present the results for noise fre e signals and signals contaminated with\nGaussian noise, in order to foresee the dependence of the met hod accuracy in terms of the signal to\nnoise ratio.\nPACS numbers: 07.05.Mh,04.30.-w,05.45.Tp,07.05.Tp\nI. INTRODUCTION\nThe recent discovery of Gravitational Waves (GWs)\nthrough the observation of the GW150914 and\nGW151226 events with the LIGO array [1, 2] opens a\nnew window for astrophysics that will allow the study of\nhighly dynamical processes that have a GW component\n[3]. Among the potentially observable sources of grav-\nitational radiation, including binary neutron stars, su-\npernovae core collapse or high energy accretion processes\namong others [4], the discovery corresponds to signals\ndue to the collision of two orbiting black holes. This is\nof particular importance because the astrophysical sce-\nnario is associated with a space-time without matter and\nin consequ",
        "page": 1,
        "link": "https://ui.adsabs.harvard.edu/link_gateway/2016GReGr..48..141C/EPRINT_PDF",
        "title": "Parameter estimates in binary black hole collisions using neural networks"
    },
    "2016GReGr..48..141C_page_1_chunk_3": {
        "text": "esponds to signals\ndue to the collision of two orbiting black holes. This is\nof particular importance because the astrophysical sce-\nnario is associated with a space-time without matter and\nin consequence, there are no physical parameters associ-\nated to high density and high temperature matter that\ncould have been involved. In a way, this simpliﬁes the\nattempt to solve the inverse problem of the cause of the\nGW signal, that is, the reconstruction of the parameters\nof the binary black hole system.\nIn the end, the parameters of the source of the break-\nthrough cases were estimated accurately for the particu-\nlar cases of GW150914 and GW151226, and reproduced\nwith numerical relativity [1, 2]. It is important though\nto explore methods that allow the solution to the men-\ntioned inverse problem for the general case of all the in-\ntrinsic parameters, that mayeventuallybe moreeﬃcient.\nBy now, due to the discovery of GWs, we consider that\nthe most interesting astrophysical scenario is currentl",
        "page": 1,
        "link": "https://ui.adsabs.harvard.edu/link_gateway/2016GReGr..48..141C/EPRINT_PDF",
        "title": "Parameter estimates in binary black hole collisions using neural networks"
    },
    "2016GReGr..48..141C_page_1_chunk_4": {
        "text": " for the general case of all the in-\ntrinsic parameters, that mayeventuallybe moreeﬃcient.\nBy now, due to the discovery of GWs, we consider that\nthe most interesting astrophysical scenario is currently\nthat of a binary black hole merger. Even though this\nparticular problem corresponds to a vacuum space-time,\nthe parameters characterizing the system are many and\nof two types, on the one hand the intrinsic parameters\nassociated to the masses and spins of the black holes and\npossibly the eccentricity of the orbit; on the other hand\nthere are extrinsic parameters related to the location of\nthe source on the sky, including luminosity distance, dec-\nlination, inclination, polarizationandorbitalphaseofthe\nsource [5, 6].\nBased on these motivations, in this paper the type of\nGWs we analyze is sourced by the collision of two blackholes and present a method to estimate intrinsic param-\neters. We focus on a one dimensional parameter space\nin order to quantify the accuracy of our method, and\nalso a",
        "page": 1,
        "link": "https://ui.adsabs.harvard.edu/link_gateway/2016GReGr..48..141C/EPRINT_PDF",
        "title": "Parameter estimates in binary black hole collisions using neural networks"
    },
    "2016GReGr..48..141C_page_1_chunk_5": {
        "text": "ed by the collision of two blackholes and present a method to estimate intrinsic param-\neters. We focus on a one dimensional parameter space\nin order to quantify the accuracy of our method, and\nalso as a ﬁrst step toward estimating the type of sam-\nples required in more general scenarios including more\nintrinsic parameters. There are two interesting one pa-\nrameter spaces to look at, the one of the mass ratio of\nthe black holes and the one of the relation of aligned or\nanti-aligned spins of an equal mass binary system. In the\ngeneral astrophysicalscenario, masses and spins are both\nimportant and in principle there is no reason to choose\none over the other. As speciﬁc example, if we would\nlike to estimate the recoil velocity of the resulting kicked\nblack hole due to the collimated emission of gravitational\nradiation, both, the mass ratio [7] and non-aligned spins\n[8] are important. We choose to analyze the mass ra-\ntio of the black holes, because it is a more explored case\nand numerical",
        "page": 1,
        "link": "https://ui.adsabs.harvard.edu/link_gateway/2016GReGr..48..141C/EPRINT_PDF",
        "title": "Parameter estimates in binary black hole collisions using neural networks"
    },
    "2016GReGr..48..141C_page_1_chunk_6": {
        "text": "of gravitational\nradiation, both, the mass ratio [7] and non-aligned spins\n[8] are important. We choose to analyze the mass ra-\ntio of the black holes, because it is a more explored case\nand numerically easier to implement (see for instance the\nparameters in GW catalogs [9–11]).\nOur plan is to construct an eﬃcient machine learning\n(ML) application that helps at ﬁltering and estimating\nthe parameters of a GW source out of a noisy signal. As\na ﬁrst step, what we do in this paper is to investigate\nwhether or not an ANN can provide reliable estimates of\nthe mass ratio of the black holes, that is, solving the in-\nverse problem for two scenarios, one starting with noise\nfree signals and one another starting with signals con-\ntaminated with Gaussian noise.\nOn the one hand, ML methods have been applied to\nthe GW data analysis for various purposes, for instance,\nin [12] ML algorithms are used to classify and remove\nglitches from signals in the detectors, whereas in [13]\nthey are used to classif",
        "page": 1,
        "link": "https://ui.adsabs.harvard.edu/link_gateway/2016GReGr..48..141C/EPRINT_PDF",
        "title": "Parameter estimates in binary black hole collisions using neural networks"
    },
    "2016GReGr..48..141C_page_1_chunk_7": {
        "text": "plied to\nthe GW data analysis for various purposes, for instance,\nin [12] ML algorithms are used to classify and remove\nglitches from signals in the detectors, whereas in [13]\nthey are used to classify the sensitivity improvements in\nterms of the masses of the BBHs. On the other hand,\nthe parameter estimate of a GW source counts with ef-\nﬁcient inverse problem strategies, including for instance\nthe use of Markov chains [14] and interpolation of wave-\nforms [15], which have shown to be very eﬃcient. In the\nLALInference library, the MCMC methods use stochas-\ntic wandering through the parameter space [6]. Even\nthough we have not attempted to apply our method to a",
        "page": 1,
        "link": "https://ui.adsabs.harvard.edu/link_gateway/2016GReGr..48..141C/EPRINT_PDF",
        "title": "Parameter estimates in binary black hole collisions using neural networks"
    },
    "2016GReGr..48..141C_page_2_chunk_1": {
        "text": "2\nbigger parameter space yet, we expect the ANNs, using\na selected set of points to be more eﬃcient at classify-\ning and estimating parameters than wandering, because\nthe eﬃciency becomes more relevant when the number of\nparameters increases.\nUsing ANNs to track down a parameter needs three\nsteps. First, training the ANNs uses a set of GW signals\nassociated to a given mass ratio, which will ﬁx the topol-\nogy and weights of the network. Second, the network is\nvalidated using a diﬀerent set of signals. The validation\ndetermines the number of iterations required to provide\naccurate predictions and avoid overtraining the network.\nThe third step is the prediction of the mass ratio given\nthe GW strain unknown to the ANN.\nThe sample of GW signals used to train, validate\nand measure the accuracy in prediction of the ANN,\nis generated using numerical simulations of black hole\ncollisions. For this we use the Einstein Toolkit (ETK)\ncode [16, 17]. There are catalogs with collections of\nGW strains,",
        "page": 2,
        "link": "https://ui.adsabs.harvard.edu/link_gateway/2016GReGr..48..141C/EPRINT_PDF",
        "title": "Parameter estimates in binary black hole collisions using neural networks"
    },
    "2016GReGr..48..141C_page_2_chunk_2": {
        "text": "n prediction of the ANN,\nis generated using numerical simulations of black hole\ncollisions. For this we use the Einstein Toolkit (ETK)\ncode [16, 17]. There are catalogs with collections of\nGW strains, constructed either with numerical relativity\nsimulations (e.g.[9–11]), with phenomenological models\n[18] or surrogate models [19], that include GW strains\ncontaining orbital, plunge and ringdown phases. Even\nthough, we decided to generate our own signals because\nwe can deﬁne the size and distribution of our sample. In\nexchange of having control of the sample, we sacriﬁce the\norbital phase of the strain; nonetheless the relevance of\nour result relies on the presentation of the method that\ncan be replicated with any set of GWs.\nThe paper is organized as follows. In section II we\npresent an overview of the method that we employ to\nestimate the mass ratio of the black holes. In section\nIII we describe how to prepare the waveforms. Section\nIV is a general description of artiﬁcial neural networ",
        "page": 2,
        "link": "https://ui.adsabs.harvard.edu/link_gateway/2016GReGr..48..141C/EPRINT_PDF",
        "title": "Parameter estimates in binary black hole collisions using neural networks"
    },
    "2016GReGr..48..141C_page_2_chunk_3": {
        "text": "view of the method that we employ to\nestimate the mass ratio of the black holes. In section\nIII we describe how to prepare the waveforms. Section\nIV is a general description of artiﬁcial neural networks.\nIn section V we present the results for noise free signals\nand signals contaminated with Gaussian noise. Finally,\nin section VI we draw some conclusions and perspectives.\nII. DESCRIPTION OF THE METHOD\nThe algorithm to estimate the mass ratio qfrom the\nwaveforms is outlined below:\n•Generation of the waveforms: Solve numerically\nEinstein’sequationsfor32diﬀerentinitialdatarep-\nresenting values of the mass ratio in the range be-\ntween 1 and 5. The result of this step is a set of 32\nﬁles containing the real part of the l= 2, m= 2\nmode of the gravitational wave strain, namely h+\nand the corresponding mass ratio resulting from\neach simulation (for details see section III).\n•Selection of the sets: Divide the set of 32 GWs in\nthree smaller sets. Training set (10 GWs), Valida-\ntion set (3 GWs) a",
        "page": 2,
        "link": "https://ui.adsabs.harvard.edu/link_gateway/2016GReGr..48..141C/EPRINT_PDF",
        "title": "Parameter estimates in binary black hole collisions using neural networks"
    },
    "2016GReGr..48..141C_page_2_chunk_4": {
        "text": "nding mass ratio resulting from\neach simulation (for details see section III).\n•Selection of the sets: Divide the set of 32 GWs in\nthree smaller sets. Training set (10 GWs), Valida-\ntion set (3 GWs) and Prediction set (19 GWs) as\npresented in Table I. The ﬁrst set is used to train\nthe ANNs, the second one is used to avoid over-\nﬁtting and decide when to stop the training andthe third one allows us to test the prediction ac-\ncuracy of the implementation. The main diﬀerence\nbetween the training and prediction sets is that the\nformer contains GWs with mass ratio in the range\nfrom 1 to 2 .5 and the later contains GWs from the\nwhole interval from 1 to 5. This allows us to study\nthe interpolation and extrapolation capabilities of\nthe algorithm.\n•Structure of the ANN: Construct the network with\n3 layers. The number of neurons in the input layer\nis 130, in the hidden layer between 10 and 100 and\nintheoutputlayeronlyoneneuron. Theinputneu-\nrons will receive the 130 ﬁrst values of the rescaled\ns",
        "page": 2,
        "link": "https://ui.adsabs.harvard.edu/link_gateway/2016GReGr..48..141C/EPRINT_PDF",
        "title": "Parameter estimates in binary black hole collisions using neural networks"
    },
    "2016GReGr..48..141C_page_2_chunk_5": {
        "text": " layers. The number of neurons in the input layer\nis 130, in the hidden layer between 10 and 100 and\nintheoutputlayeronlyoneneuron. Theinputneu-\nrons will receive the 130 ﬁrst values of the rescaled\nstrain starting from its maximum. The output of\nthenetworkwillbecomparedwiththedesiredvalue\nof the mass ratio associated with the corresponding\nstrain. All the neurons are connected by weights\ninitialized randomly. These values have to be up-\ndated usinga trainingmethod toobtain the desired\noutputs. Details in section IV\n•Training and validation of the ANN: Present ev-\nery element of the training set to the network and\nminimizethediﬀerencebetweenthedesiredandthe\nobtained output changingthe values ofthe weights.\nAt the same time, present the elements of the val-\nidation set to the network without minimizing the\nerror, i.e. only validating the accuracy of the al-\ngorithm. Continue with this process until a given\ntolerance is obtained or when the errors using the\nvalidation set start growing. ",
        "page": 2,
        "link": "https://ui.adsabs.harvard.edu/link_gateway/2016GReGr..48..141C/EPRINT_PDF",
        "title": "Parameter estimates in binary black hole collisions using neural networks"
    },
    "2016GReGr..48..141C_page_2_chunk_6": {
        "text": "t minimizing the\nerror, i.e. only validating the accuracy of the al-\ngorithm. Continue with this process until a given\ntolerance is obtained or when the errors using the\nvalidation set start growing. When the training is\nﬁnished, the corresponding weights represent the\nnetwork that will be used for prediction.\n•Prediction with the ANN: Finally, use the best\nweights of the ANN from the training process to\nevaluate the prediction set and establish the accu-\nracy of the method to predict values in the inter-\npolation and extrapolation regimes.\nIII. GENERATION OF THE WAVEFORMS\nAs mentioned before, among the intrinsic parameters\ndescribing a black hole collision, we consider only the\nmass ratio between the black holes. We produce GW\nstrains using numerical simulations generated with the\nETK [16, 17], considering the initial separation between\nblack holes to be that of the ﬁrst quasi-circular orbit [20]\nin order to obtain a quick merger for various mass ratios\nbetween the two black holes, ra",
        "page": 2,
        "link": "https://ui.adsabs.harvard.edu/link_gateway/2016GReGr..48..141C/EPRINT_PDF",
        "title": "Parameter estimates in binary black hole collisions using neural networks"
    },
    "2016GReGr..48..141C_page_2_chunk_7": {
        "text": ", 17], considering the initial separation between\nblack holes to be that of the ﬁrst quasi-circular orbit [20]\nin order to obtain a quick merger for various mass ratios\nbetween the two black holes, ranging from 1 to 5. For\nthis we use the BSSN formulation, a moving puncture\ngauge and moving boxes that track the location of the\npunctures before and after merger [21, 22]. The numer-\nical domain uses seven reﬁnement levels with the Car-\npet ﬁnite diﬀerences driver [23]. In our simulations, we\nuse the domain [ −120M,120M]3with bitant symmetry.",
        "page": 2,
        "link": "https://ui.adsabs.harvard.edu/link_gateway/2016GReGr..48..141C/EPRINT_PDF",
        "title": "Parameter estimates in binary black hole collisions using neural networks"
    },
    "2016GReGr..48..141C_page_3_chunk_1": {
        "text": "3\n-1-0.5 0 0.5 1 1.5\n 0 10 20 30 40 50 60 70 80r(h+)22/M\nt/Mq = 1.0\nq = 1.5\nq = 2.0\nq = 3.0\nFIG. 1: We present the real part of the l= 2, m= 2 mode of\nthe strain h+for four representative cases. These signals are\nappropriately rescaled with the extraction radius ( r) and the\nADM mass of the system ( M).\nTraining Validation Prediction\n1.00 2.75 1.2, 1.4\n1.10 3.00 1.6, 1.8\n1.25 3.25 1.9, 2.1\n1.30 2.2, 2.3\n1.50 2.4, 2.6\n1.70 2.7, 2.8\n1.75 2.9, 3.5\n2.00 3.4, 3.75\n2.25 4.0, 4.5\n2.5 5.0\nTABLE I: Training, validation and prediction sets used for\nthe three diﬀerent stages of the ANN method. The numbers\ncorrespond to the mass ratio qof the black holes.\nWe have veriﬁed that in all the initial conﬁgurations the\nADM mass of the space-time is the same.\nAt radius r= 30Mwe extract the l= 2,m= 2 mode\nof the Ψ 4Weyl scalar. We post-process this measure to\nconvert it to the real part of the strain ( h+)22following\nthe recipe in [24]. For simplicity we will use indistinctly\n(h+)22orh+as our signal. In Fi",
        "page": 3,
        "link": "https://ui.adsabs.harvard.edu/link_gateway/2016GReGr..48..141C/EPRINT_PDF",
        "title": "Parameter estimates in binary black hole collisions using neural networks"
    },
    "2016GReGr..48..141C_page_3_chunk_2": {
        "text": "he Ψ 4Weyl scalar. We post-process this measure to\nconvert it to the real part of the strain ( h+)22following\nthe recipe in [24]. For simplicity we will use indistinctly\n(h+)22orh+as our signal. In Fig. 1 we show the real\npart of the strain for a subset of cases with diﬀerent mass\nratios. As mentioned before, we decide to choose the\ninput to the ANN to be a set of values of h+in a given\ntime window. For this we set the output time resolution\nto 0.125Mand the data size will be described in detail\nbelow.\nIV. NEURAL NETWORK DESCRIPTION\nANNs arose as an attempt to emulate the nervous sys-\ntem in both organization and stimuli processing from in-\nternal and external environment of living organisms [25].Basically, a neural network is fed with some variables or\nparameters of a particular problem, and after a series\nof calculations it delivers a concrete outcome correlated\nwith the input data. This kind of artiﬁcial intelligence\nis commonly used in pattern classiﬁcation and recogni-\ntion, which",
        "page": 3,
        "link": "https://ui.adsabs.harvard.edu/link_gateway/2016GReGr..48..141C/EPRINT_PDF",
        "title": "Parameter estimates in binary black hole collisions using neural networks"
    },
    "2016GReGr..48..141C_page_3_chunk_3": {
        "text": "and after a series\nof calculations it delivers a concrete outcome correlated\nwith the input data. This kind of artiﬁcial intelligence\nis commonly used in pattern classiﬁcation and recogni-\ntion, which makes it specially appropriate to analyze the\nproblem we intend to engage here.\nA. Mathematical Representation of an ANN\nIn orderto illustrate the operationofa neural network,\nconsider a 3 layer feedforward network with ninputs,m\nhidden neurons and loutputs as illustrated in Fig. 2,\nwhere we have n∗m+m∗lweights. Since in the input\nlayer no calculations are made, the j-th hidden neuron\nhas the input vector {x1,...,x i,...,x n}and its corre-\nsponding weight vector {w1j,...,w ij,...,w nj}, wherei\nlabels an input neuron. Then the transfer function maps\ntheinputvectorfrom RntoR, takingthelinearcombina-\ntion ofinput vectorswith the elements wijas coeﬃcients:\nηj=n/summationdisplay\ni=1wijxi+wj0, (1)\nwherewj0is the weight of an extra synapse called bias\nwithconstantinputequaltoone,addedtoshiftthet",
        "page": 3,
        "link": "https://ui.adsabs.harvard.edu/link_gateway/2016GReGr..48..141C/EPRINT_PDF",
        "title": "Parameter estimates in binary black hole collisions using neural networks"
    },
    "2016GReGr..48..141C_page_3_chunk_4": {
        "text": "bina-\ntion ofinput vectorswith the elements wijas coeﬃcients:\nηj=n/summationdisplay\ni=1wijxi+wj0, (1)\nwherewj0is the weight of an extra synapse called bias\nwithconstantinputequaltoone,addedtoshiftthetrans-\nfer function result orto avoidthe particularcaseofazero\nvector. Immediately after, the activation function Fen-\nters in action giving the output σj:\nσj=F(ηj) =F/parenleftBiggn/summationdisplay\ni=1wijxi+wj0/parenrightBigg\n.(2)\nSimilarly for the koutput neuron we have the result:\nyk=G(ζk) =G\nm/summationdisplay\nj=1˜wjkσj+ ˜wk0\n,(3)\nwhereGis the activation function for the output layer\nneurons, ˜ wjkare the weight coeﬃcients corresponding to\nthe input vector of the koutput neuron, ˜ wk0its bias and\nζkis the linear combination of σjwith coeﬃcients ˜ wjk.\nB. Selection of the inputs and topology of the\nnetwork\nAs mentioned before, we include the training, valida-\ntionandpredictionphases. InTableIweindicatethesets\nchosen for each of them. The extraction of the physical\nproperties of the ",
        "page": 3,
        "link": "https://ui.adsabs.harvard.edu/link_gateway/2016GReGr..48..141C/EPRINT_PDF",
        "title": "Parameter estimates in binary black hole collisions using neural networks"
    },
    "2016GReGr..48..141C_page_3_chunk_5": {
        "text": "ology of the\nnetwork\nAs mentioned before, we include the training, valida-\ntionandpredictionphases. InTableIweindicatethesets\nchosen for each of them. The extraction of the physical\nproperties of the GW strain relies on an adecuate selec-\ntion of the inputs that will be introduced to the ANN.\nGiven a signal h+, we identify its maximum amplitude\nand starting from this point we select the next 130 val-\nues of the signal. We use these 130 values as inputs for",
        "page": 3,
        "link": "https://ui.adsabs.harvard.edu/link_gateway/2016GReGr..48..141C/EPRINT_PDF",
        "title": "Parameter estimates in binary black hole collisions using neural networks"
    },
    "2016GReGr..48..141C_page_4_chunk_1": {
        "text": "4\nour neural networks. This part of the signal contains in-\nformation of the merger and ringdown phases. In fact,\nchoosing the maximum as a reference point to deﬁne a\ntime window for the analysis has been useful in previous\nanalyses [6]. The number 130 was selected after test-\ning diﬀerent time window sizes, and ﬁnding this one con-\ntained enough information as to provide accurate results.\nTheh+signals are rescaled to the range ( −1,1), using\nas reference the maximum and minimum of the strain\nwithin the training set. As the rule of thumb suggests,\nthe neural networkis initialized on each neuron with ran-\ndom weight values between ( −1/√\nd,1/√\nd), withdthe\nnumber of income connections for that neuron. Each\nhidden neuron is set to an hyperbolic tangent activation\nfunction instead of the standard logistic function [26],\nwhereastheoutputneuronissetwithalinearfunctionre-\nstricted only to positive values. This selection was found\nto provide the smallest error during the training phase.\nAbout",
        "page": 4,
        "link": "https://ui.adsabs.harvard.edu/link_gateway/2016GReGr..48..141C/EPRINT_PDF",
        "title": "Parameter estimates in binary black hole collisions using neural networks"
    },
    "2016GReGr..48..141C_page_4_chunk_2": {
        "text": "dard logistic function [26],\nwhereastheoutputneuronissetwithalinearfunctionre-\nstricted only to positive values. This selection was found\nto provide the smallest error during the training phase.\nAbout the structure of the neural network. Since there\nis no rule about the number of hidden neurons, we per-\nform the process with diﬀerent numbers of hidden neu-\nrons ranging from 10 to 100. The number of output neu-\nrons is one, corresponding to the unique parameter we\nwant to predict, the mass ratio.\nAnother important ingredient for the prediction is how\nthe network is initialized. In our approach, we do not\nsimplyuseasingleANNbutuseasetof10networkswith\nthe same topology and diﬀerent initial weights chosen\nrandomly and in the end calculating an average of the\nprediction among them.\nC. Training\nIn order to obtain an accurate value as an expected\noutput, one must get the appropriate conﬁguration and\nthe ANN weights. The procedure to do this consists\nin changing all the synaptic weights during",
        "page": 4,
        "link": "https://ui.adsabs.harvard.edu/link_gateway/2016GReGr..48..141C/EPRINT_PDF",
        "title": "Parameter estimates in binary black hole collisions using neural networks"
    },
    "2016GReGr..48..141C_page_4_chunk_3": {
        "text": "In order to obtain an accurate value as an expected\noutput, one must get the appropriate conﬁguration and\nthe ANN weights. The procedure to do this consists\nin changing all the synaptic weights during the train-\ning phase. Suppose we have a set of Npairs consisting\nof a signal h+and the associated mass ratio q, that is,\na vector hp\n+with 130 entries, and a scalar ˜ qp,{hp\n+,˜qp},\nwhereplabels a given pair. During the training phase,\nthe objective is to reduce the error between the result qp\npredicted by the ANN and the truly desired output ˜ qp.\nThe most common way to measure this diﬀerence is by\nadding the squared errors from output neurons:\nEp=1\n2/summationdisplay\nk(˜qp\nk−qp\nk)2, (4)\nwherekis the index of the output neurons, in our case\nis only one. The overall performance or global error is\ndeﬁned by:\nEG=/summationdisplay\npEp=/summationdisplay\np/summationdisplay\nk1\n2(˜qp\nk−qp\nk)2.(5)\nFIG. 2: Structure of a 3 layer feedforward ANN. The links\nbetween the Iiand theHjare weighted by the",
        "page": 4,
        "link": "https://ui.adsabs.harvard.edu/link_gateway/2016GReGr..48..141C/EPRINT_PDF",
        "title": "Parameter estimates in binary black hole collisions using neural networks"
    },
    "2016GReGr..48..141C_page_4_chunk_4": {
        "text": "r is\ndeﬁned by:\nEG=/summationdisplay\npEp=/summationdisplay\np/summationdisplay\nk1\n2(˜qp\nk−qp\nk)2.(5)\nFIG. 2: Structure of a 3 layer feedforward ANN. The links\nbetween the Iiand theHjare weighted by the coeﬃcient wij\nand the weights between HjandOkare ˜wjk.\nThe method we use to minimize this error is back-\npropagation [27]. In the implementation used in this pa-\nper, the training took between ten and seventy thousand\niterations when the number of hidden neurons was se-\nlected between 10 to 100. Each iteration consists in pre-\nsenting the ten elements of the training set in Table I to\nthenetworkandupdating theweightstominimizethe er-\nror. The time this process takes depends on the number\nof hidden neurons and ranges from 3 minutes using 10\nneurons to 1 hour using 100 neurons using one processor.\nThe training phase is stopped when the validation error\nreaches the global minimum as shown in Figure 3. To\ncalibrate the accuracy of the network during training, we\nestimate the number of correct",
        "page": 4,
        "link": "https://ui.adsabs.harvard.edu/link_gateway/2016GReGr..48..141C/EPRINT_PDF",
        "title": "Parameter estimates in binary black hole collisions using neural networks"
    },
    "2016GReGr..48..141C_page_4_chunk_5": {
        "text": "or.\nThe training phase is stopped when the validation error\nreaches the global minimum as shown in Figure 3. To\ncalibrate the accuracy of the network during training, we\nestimate the number of correct classiﬁed GWs within a\ngiven error. Using 10 hidden neurons the accuracy of the\nnetwork after training, evaluated with the whole training\nset is 100% within 2% error, whereas using 100 neurons\nthe error is within 0.5%.\nD. Validation\nWe use the validation set in Table I to verify that the\nweights calculated during training provide accurate pre-\ndictions for an unknown set of waveformsto the network.\nFor this we take the weights of a network for each iter-\nation during training, and use those weights to classify\nthe inputs from the validation set. In Fig. 3 we show\nthe normalized root mean square error (RMSE) for the\ntraining set compared to the RMSE for the validation set\nas a function of the number of iterations. The RMSE is\ndeﬁned by:\nRMSE=/radicaltp/radicalvertex/radicalvertex/radicalbt",
        "page": 4,
        "link": "https://ui.adsabs.harvard.edu/link_gateway/2016GReGr..48..141C/EPRINT_PDF",
        "title": "Parameter estimates in binary black hole collisions using neural networks"
    },
    "2016GReGr..48..141C_page_4_chunk_6": {
        "text": "re error (RMSE) for the\ntraining set compared to the RMSE for the validation set\nas a function of the number of iterations. The RMSE is\ndeﬁned by:\nRMSE=/radicaltp/radicalvertex/radicalvertex/radicalbtN/summationdisplay\np=1(˜qp−qp)2\nN, (6)\nwhere ˜qpandqpare the real and the estimated value of\nthe mass ratio with index p, which labels each of the 10",
        "page": 4,
        "link": "https://ui.adsabs.harvard.edu/link_gateway/2016GReGr..48..141C/EPRINT_PDF",
        "title": "Parameter estimates in binary black hole collisions using neural networks"
    },
    "2016GReGr..48..141C_page_5_chunk_1": {
        "text": "5\n 0 0.05 0.1 0.15\n 0 2000 4000 6000 8000 10000 12000 14000 16000 18000 20000RMSE\n IterationTraining\nValidation\nFIG. 3: Training and validation error as a function of the\nnumber of iterations for a network with 10 hidden neurons.\nAs mentioned in the text, when the global minimum of the\nerror in the validation set is reached (around 11000 iterati ons\nin this example) the training is stopped.\ntraining cases or each of the 3 validation cases in Table\nI.\nE. Prediction\nFinally,thepredictionsetissplitintotworegimes. The\ninterpolation regime includes the mass ratios qrunning\nfrom 1.2 to 2.4, and the extrapolation regime includes\nthe values of qfrom 2.6 until 5.0. As shown below, the\nprediction accuracy in these two regimes is completely\ndiﬀerent.\nV. RESULTS\nA. Noise free strain\nIn Table II we present the predicted mass ratios us-\ning ANNs with 10, 50 and 100 hidden neurons. In the\nTable, the average in the prediction is calculated among\nthe 10 networks, remember that for each case we set ten\n",
        "page": 5,
        "link": "https://ui.adsabs.harvard.edu/link_gateway/2016GReGr..48..141C/EPRINT_PDF",
        "title": "Parameter estimates in binary black hole collisions using neural networks"
    },
    "2016GReGr..48..141C_page_5_chunk_2": {
        "text": "sent the predicted mass ratios us-\ning ANNs with 10, 50 and 100 hidden neurons. In the\nTable, the average in the prediction is calculated among\nthe 10 networks, remember that for each case we set ten\nnetworks in order to smooth out random initialization\nproblems.\nIn Figure 4 we show the training, validation and pre-\ndiction RMSE as a function of the number of hidden\nneurons. The error in the prediction set has been di-\nvided into the interpolation and extrapolation regimes.\nNotice that each of these errors is nearly independent of\nthe number of hidden neurons. This is important infor-\nmation that will be useful in more complicated physical\nscenarios involving higher dimensional parameter spaces.\nIn Fig. 5 we present the error of the predicted mass\nratiosusinganANNwith10hiddenneurons, intheinter-\npolation and extrapolation regimes. In the interpolation 0 0.1 0.2 0.3 0.4 0.5 0.6 0.7 0.8 0.9\n 10 20 30 40 50 60 70 80 90 100RMSE\nHidden NeuronsTraining\nValidation\nPrediction in Interpolation\n",
        "page": 5,
        "link": "https://ui.adsabs.harvard.edu/link_gateway/2016GReGr..48..141C/EPRINT_PDF",
        "title": "Parameter estimates in binary black hole collisions using neural networks"
    },
    "2016GReGr..48..141C_page_5_chunk_3": {
        "text": "inter-\npolation and extrapolation regimes. In the interpolation 0 0.1 0.2 0.3 0.4 0.5 0.6 0.7 0.8 0.9\n 10 20 30 40 50 60 70 80 90 100RMSE\nHidden NeuronsTraining\nValidation\nPrediction in Interpolation\nPrediction in Extrapolation\nFIG. 4: Training, validation and prediction error as a func-\ntion ofthenumberofhiddenneurons. Training error is alway s\nsmaller than the validation error as expected. The predicti on\nerror is smaller in the interpolation set than in the extrapo la-\ntion regime. The errors in all the cases are prettyindepende nt\nof the number of hidden neurons.\n 0 0.5 1 1.5 2 2.5 3\n 1.2  1.4  1.6  1.8  2 2.2  2.4  2.6Relative Error (%)\nqRelative Error\n 0 5 10 15 20 25 30 35 40 45 50\n 2.5  3  3.5  4  4.5  5Relative Error (%)\nqRelative Error\nFIG. 5: Percent of uncertainty as a function of the mass ratio\nestimated with ANNs using 10 hidden neurons in the inter-\npolation (top) and the extrapolation (bottom) regimes.",
        "page": 5,
        "link": "https://ui.adsabs.harvard.edu/link_gateway/2016GReGr..48..141C/EPRINT_PDF",
        "title": "Parameter estimates in binary black hole collisions using neural networks"
    },
    "2016GReGr..48..141C_page_5_chunk_4": {
        "text": " of the mass ratio\nestimated with ANNs using 10 hidden neurons in the inter-\npolation (top) and the extrapolation (bottom) regimes.",
        "page": 5,
        "link": "https://ui.adsabs.harvard.edu/link_gateway/2016GReGr..48..141C/EPRINT_PDF",
        "title": "Parameter estimates in binary black hole collisions using neural networks"
    },
    "2016GReGr..48..141C_page_6_chunk_1": {
        "text": "6\n 2.7 2.8 2.9 3 3.1 3.2 3.3 3.4 3.5\n 10 20 30 40 50 60 70 80 90 100q\nHidden NeuronsPrediction for q=2.8\nPredictions for q=3.5\nPredictions for q=4.0\nPredictions for q=4.5\nFIG. 6: Predicted values of the mass ratio for various ex-\ntrapolation cases, as a function of the number of hidden neu-\nrons. The accuracy is not as good as in the interpolation case ,\nnonetheless the predicted value does not seem to depend es-\nsentially on the number of hidden neurons. By increasing thi s\nnumber, perhaps it may happen that the prediction improves\nas seems to happen for q= 4.5 at the price of increasing the\ncomputer resources.\nregime the error remains small and very stable whereas\nin the extrapolation regime the error clearly grows as the\nmass ratio departs more and more from the training set\nvalues.\nIn order to explore whether or not increasing the num-\nber of neurons helps at decreasing the error in the pre-\ndiction regime, we present in Fig. 6 the predicted value\nas a function of the number of hid",
        "page": 6,
        "link": "https://ui.adsabs.harvard.edu/link_gateway/2016GReGr..48..141C/EPRINT_PDF",
        "title": "Parameter estimates in binary black hole collisions using neural networks"
    },
    "2016GReGr..48..141C_page_6_chunk_2": {
        "text": "order to explore whether or not increasing the num-\nber of neurons helps at decreasing the error in the pre-\ndiction regime, we present in Fig. 6 the predicted value\nas a function of the number of hidden neurons, showing\nthat in all the cases of our sample the improvement is\nnot signiﬁcant.\nB. Strain with Gaussian Noise\nWe now study the accuracy of the method using noisy\nstrains. As a ﬁrst step we consider the use of Gaussian\nnoise before tackling more complex types of noise. We\naddthisnoisetothesignals h+ofthe previoussubsection\nwith noise amplitudes corresponding to signal to noise\nratios from 0.5 to 25. This contamination was added to\neach of the strain signals of the training, validation and\nprediction sets. In Fig. 7 we present the strain for the\ncaseq= 1 and SNR=10.\nIn Fig. 8 we show the RMSE for the interpolation and\nextrapolation regimes. As expected, the error decreases\nas the SNR increases. Notice that the magnitude of the\nerrors is bigger when the analysis is done with noisy",
        "page": 6,
        "link": "https://ui.adsabs.harvard.edu/link_gateway/2016GReGr..48..141C/EPRINT_PDF",
        "title": "Parameter estimates in binary black hole collisions using neural networks"
    },
    "2016GReGr..48..141C_page_6_chunk_3": {
        "text": " the RMSE for the interpolation and\nextrapolation regimes. As expected, the error decreases\nas the SNR increases. Notice that the magnitude of the\nerrors is bigger when the analysis is done with noisy sig-\nnals as can be seen by comparing these errors with those\nin Fig. 4. It is clear that the accuracy of the network\ndecreases as we increase q(as in the previous subsection)\nbut also decreases when we decrease the SNR. This be-\nhaviour is expected because as the SNR decreases the\nANN gets a hard time trying to ﬁnd the signal inside thePredicted qby the ANN\nTargetqANN-10 ANN-50 ANN-100\n1.21.182±0.0031.183±0.00011.186±0.001\n1.41.384±0.0071.384±0.00081.399±0.004\n1.61.560±0.0081.593±0.0031.621±0.007\n1.81.796±0.0031.799±0.0011.798±0.002\n1.91.936±0.0051.930±0.0011.920±0.004\n2.12.056±0.0092.042±0.0022.059±0.005\n2.22.188±0.0012.192±0.00072.193±0.0004\n2.32.261±0.0042.263±0.0012.270±0.002\n2.42.333±0.0122.314±0.0032.338±0.007\n2.62.481±0.0132.475±0.0032.514±0.013\n2.72.632±0.0122.639±0.0012.667±0.01",
        "page": 6,
        "link": "https://ui.adsabs.harvard.edu/link_gateway/2016GReGr..48..141C/EPRINT_PDF",
        "title": "Parameter estimates in binary black hole collisions using neural networks"
    },
    "2016GReGr..48..141C_page_6_chunk_4": {
        "text": "0022.059±0.005\n2.22.188±0.0012.192±0.00072.193±0.0004\n2.32.261±0.0042.263±0.0012.270±0.002\n2.42.333±0.0122.314±0.0032.338±0.007\n2.62.481±0.0132.475±0.0032.514±0.013\n2.72.632±0.0122.639±0.0012.667±0.012\n2.82.750±0.0162.756±0.0042.771±0.008\n2.92.733±0.0232.788±0.0032.825±0.013\n3.43.163±0.0323.229±0.0083.216±0.004\n3.53.214±0.0363.278±0.0133.245±0.013\n3.753.358±0.0353.441±0.0123.432±0.009\n4.03.350±0.0343.455±0.0103.496±0.007\n4.53.293±0.0293.353±0.0073.485±0.032\n5.02.663±0.0902.647±0.0222.873±0.063\nTABLE II: Averaged predictions calculated with ten ran-\ndomly initialized neural networks in each case, using 10, 50\nand 100 hidden neurons for the signals corresponding to the\nprediction set.\n-0.4-0.2 0 0.2 0.4 0.6\n 0 10 20 30 40 50 60 70 80r(h+)22/M \n t/M q = 1.0\nFIG. 7: Scaled h+for the equal mass case, contaminated with\nGaussian noise such that the SNR is 10.\nnoise. One way we believe this can be improved is using\na convolution of the noisy strain as a ﬁlter to increase\nthe size of the signal",
        "page": 6,
        "link": "https://ui.adsabs.harvard.edu/link_gateway/2016GReGr..48..141C/EPRINT_PDF",
        "title": "Parameter estimates in binary black hole collisions using neural networks"
    },
    "2016GReGr..48..141C_page_6_chunk_5": {
        "text": " case, contaminated with\nGaussian noise such that the SNR is 10.\nnoise. One way we believe this can be improved is using\na convolution of the noisy strain as a ﬁlter to increase\nthe size of the signal compared with the noise.\nVI. FINAL COMMENTS\nWe explored the accuracy in solving the inverse prob-\nlemfortheestimateofthemassratiowithANNmethods,",
        "page": 6,
        "link": "https://ui.adsabs.harvard.edu/link_gateway/2016GReGr..48..141C/EPRINT_PDF",
        "title": "Parameter estimates in binary black hole collisions using neural networks"
    },
    "2016GReGr..48..141C_page_7_chunk_1": {
        "text": "7\n 0 0.2 0.4 0.6 0.8 1 1.2 1.4 1.6 1.8\n 0  5  10  15  20  25RMSE\nSignal to Noise RatioInterpolation\nExtrapolation\nFIG. 8: Root mean square error for the prediction set us-\ning the 10 ANNs with 10 hidden neurons, using SNR in the\nrange from 0.5-25, for both the interpolation and extrapola -\ntion regimes.\nfor which we used a family of numerically generated GW\nsignals from the collision of two black holes. We estimate\nthe accuracy in the prediction in terms of the parameters\nof the ANN such as the number of hidden neurons. It is\nalso expected that the accuracy of the method improves\nwhen the time window of the signal contains informationof the orbiting phase.\nOur results indicate that the training set provides ac-\ncurate predictions within 3% error for the interpolation\nregime. Forvaluesof qintheextrapolationregimetheer-\nrorgrowthsveryfast. The conclusionwe can obtain from\nthis, is the need of expanding the training sets to avoid\nas much as possible, the extrapolation regime. We have\nshow",
        "page": 7,
        "link": "https://ui.adsabs.harvard.edu/link_gateway/2016GReGr..48..141C/EPRINT_PDF",
        "title": "Parameter estimates in binary black hole collisions using neural networks"
    },
    "2016GReGr..48..141C_page_7_chunk_2": {
        "text": "ntheextrapolationregimetheer-\nrorgrowthsveryfast. The conclusionwe can obtain from\nthis, is the need of expanding the training sets to avoid\nas much as possible, the extrapolation regime. We have\nshown that our method is accurate even with a modest\nsample of signals in the interpolation regime. Been ac-\ncurate with small samples is particularly interesting now\nthat the parameter space including aligned, anti-aligned\nand precessing black hole spins accounts with more GW\nsignals [11], where our method -with this accuracy-could\nbe useful to classify both spins and mass ratios.\nIn terms of the results related to the analysis with\nnoisy signals, the results are promising. Nevertheless the\nmethod can improve in order to obtain better results,\nwhich may include pre-processing of the signals using\nspeciﬁc ﬁlters.\nAcknowledgments\nThis researchis supported by grantsCIC-UMSNH-4.9,\nCIC-UMSNH-4.23 and CONACyT 258726(Fondo Secto-\nrial de Investigaci´ on para la Educaci´ on).\n[1] B. P. Abbott, et al.",
        "page": 7,
        "link": "https://ui.adsabs.harvard.edu/link_gateway/2016GReGr..48..141C/EPRINT_PDF",
        "title": "Parameter estimates in binary black hole collisions using neural networks"
    },
    "2016GReGr..48..141C_page_7_chunk_3": {
        "text": "\nspeciﬁc ﬁlters.\nAcknowledgments\nThis researchis supported by grantsCIC-UMSNH-4.9,\nCIC-UMSNH-4.23 and CONACyT 258726(Fondo Secto-\nrial de Investigaci´ on para la Educaci´ on).\n[1] B. P. Abbott, et al. Phys. Rev. Lett 116, 061102:2016.\n[2] B. P. Abbott, et al. Phys. Rev. Lett 116, 241103:2016.\n[3] B. P. Abbott et al., ApJL 818, L22:2016.\n[4] B. S. Sathyaprakash and B. F. Schutz, Living Rev. Rel-\nativity 12, 2, 2009.\n[5] B. P. Abbott et al., Phys. Rev. Lett. 116, 241102:2016.\n[6] J. Veitich, V. Raymond, B. Farr, W. Farr, P. Graﬀ, S.\nVitale, et al. Phys. Rev. D 91, 042003:2015\n[7] J. A. Gonz´ alez, U. Sperhake, B. Bruegmann, M. Han-\nnam, S. Husa, Phys. Rev. Lett. 98, 091101:2007.\n[8] J. A. Gonz´ alez, M.D. Hannam, U. Sperhake, B. Brueg-\nmann, S. Husa, Phys. Rev. Lett. 98, 231101:2007.\n[9] P. Ajith et al. Class. Quantum Grav. 29, 124001:2012.\n[10] A. H. Mrou´ e et al. Phys. Rev. Lett. 111, 241104:2013.\n[11] K. Jani, J. Healy, J. A. Clark, L. London, P. Laguna, D.\nShoemaker, arXiv:1605.0320",
        "page": 7,
        "link": "https://ui.adsabs.harvard.edu/link_gateway/2016GReGr..48..141C/EPRINT_PDF",
        "title": "Parameter estimates in binary black hole collisions using neural networks"
    },
    "2016GReGr..48..141C_page_7_chunk_4": {
        "text": "Ajith et al. Class. Quantum Grav. 29, 124001:2012.\n[10] A. H. Mrou´ e et al. Phys. Rev. Lett. 111, 241104:2013.\n[11] K. Jani, J. Healy, J. A. Clark, L. London, P. Laguna, D.\nShoemaker, arXiv:1605.03204\n[12] R. Biswas, et al. Phys. Rev. D 88, 062003:2013.\n[13] P. T. Baker, S. Caudill, K. A. Hodge, D. Talukder, C.\nCapano, N. J. Cornish, Phys. Rev. D 91, 062004:2015.\n[14] V. Raymond, M. V. van der Sluys, I. Mandel, V.\nKalogera, C Rover and N. Christensen, Classsical Quan-\ntum Gravity 26, 114007:2009.\n[15] R. J. E. Smith, K. Cannon, C. Hanna, D. Keppel, and I.\nMandel, Phys. Rev. D 87, 122002:2013.\n[16] Einstein toolkit, http://www.einsteintoolkit.org[17] F. L¨ oﬄer, J.Faber, E.Bentivegna, T.Bode, P.Diener, R .\nHaas, I. Hinder, B. C. Mundim, C. D. Ott, E. Schnetter,\nG. Allen, M. Campanelli, P. Laguna, Class. Quantum\nGrav. 29, 115001:2012.\n[18] S. Kahn, S. Husa, M. Hannam, F. Ohme, M. P´ urrer, X.\nJ. Forteza and A. Boh´ e, Phys. Rev. D 93, 044007:2016.\n[19] S. E. Field, C. R. Galley, J. S. H",
        "page": 7,
        "link": "https://ui.adsabs.harvard.edu/link_gateway/2016GReGr..48..141C/EPRINT_PDF",
        "title": "Parameter estimates in binary black hole collisions using neural networks"
    },
    "2016GReGr..48..141C_page_7_chunk_5": {
        "text": "Laguna, Class. Quantum\nGrav. 29, 115001:2012.\n[18] S. Kahn, S. Husa, M. Hannam, F. Ohme, M. P´ urrer, X.\nJ. Forteza and A. Boh´ e, Phys. Rev. D 93, 044007:2016.\n[19] S. E. Field, C. R. Galley, J. S. Hesthaven, J. Kaye and\nM. Tiglio, Phys. Rev. X 4, 031006:2014.\n[20] G. B Cook, Living Rev. Relativity 3 , 5:2000.\n[21] M. Campanelli, C. O. Lousto, P. Marronetti, Y. Zlo-\nchower, Phys. Rev. Lett. 96, 111101:2006.\n[22] J. G. Baker, J. Centrella, D-I. Choi, M. Koppitz, J. van\nMeter, Phys. Rev. Lett. 96, 111102:2006.\n[23] E. Schenetter, P. Diener, N. Dorband, M. Tiglio, Classi -\ncal and Quantum Gravity 23, S553-S578:2006.\n[24] C. Reisswig and D. Pollney, Class. Quantum Grav. 28,\n195015:2011\n[25] S. J. Russell and P. Norvig, Artiﬁcial Intelligence: A\nModern Approach, (Prentice-Hall, NJ), 563-566, 1995.\n[26] Y. LeCun, L. Bottou, G. Orr and K. Muller: Eﬃcient\nBackProp, in Orr, G. and Muller K. (Eds), Neural Net-\nworks: Tricks of the trade, Springer, 1998.\n[27] D. E. Rumelhart, G. E. Hinton and R.",
        "page": 7,
        "link": "https://ui.adsabs.harvard.edu/link_gateway/2016GReGr..48..141C/EPRINT_PDF",
        "title": "Parameter estimates in binary black hole collisions using neural networks"
    },
    "2016GReGr..48..141C_page_7_chunk_6": {
        "text": "995.\n[26] Y. LeCun, L. Bottou, G. Orr and K. Muller: Eﬃcient\nBackProp, in Orr, G. and Muller K. (Eds), Neural Net-\nworks: Tricks of the trade, Springer, 1998.\n[27] D. E. Rumelhart, G. E. Hinton and R. J. Williams, Na-\nture 323, 533-536:1986.",
        "page": 7,
        "link": "https://ui.adsabs.harvard.edu/link_gateway/2016GReGr..48..141C/EPRINT_PDF",
        "title": "Parameter estimates in binary black hole collisions using neural networks"
    }
}