{
    "2016NatSR...636139L_page_1_chunk_1": {
        "text": "arXiv:1604.01259v3  [physics.plasm-ph]  5 Jul 2016GigaGauss solenoidal magnetic ﬁeld inside of bubbles excit ed\nin under-dense plasma\nZs. L´ ecz, I. V. Konoplev, A. Seryi, A. Andreev\nOctober 22, 2018\nMagnetic ﬁelds have a crucial role in physics at all scales, from astro physics to nanoscale\nphenomena. Largeﬁelds, constant or pulsed, allow investigationof material in extreme conditions,\nopening up plethora of practical applications based on ultra-fast p rocess, and studying phenomena\nexisting only in exotic astro-objectslike neutron stars or pulsars. Magnetic ﬁelds are indispensable\nin particle accelerators, for guiding the relativistic particles along a c urved trajectory and for\nmaking them radiate in synchrotron light sources and in free electro n lasers.\nIn the presented paper we propose a novel and eﬀective method f or generating solenoidal\nquasi-static magnetic ﬁeld on the GigaGauss level and beyond, in und er-dense plasma, using\nscrew-shaped high intensity laser pulses. In compa",
        "page": 1,
        "link": "https://ui.adsabs.harvard.edu/link_gateway/2016NatSR...636139L/EPRINT_PDF",
        "title": "GigaGauss solenoidal magnetic field inside bubbles excited in underdense plasma"
    },
    "2016NatSR...636139L_page_1_chunk_2": {
        "text": "se a novel and eﬀective method f or generating solenoidal\nquasi-static magnetic ﬁeld on the GigaGauss level and beyond, in und er-dense plasma, using\nscrew-shaped high intensity laser pulses. In comparison with alread y known techniques which\ntypically rely on interaction with over-dense or solid targets, where radial or toroidal magnetic\nﬁeld localized at the stationary target were generated, our metho d allows to produce gigantic\nsolenoidal ﬁelds, which is co-moving with the driving laser pulse and collin ear with accelerated\nelectrons. The solenoidal ﬁeld is quasi-stationary in the reference frame of the laser pulse and\ncan be used for guiding electron beams and providing synchrotron r adiation beam emittance\ncooling for laser-plasma accelerated electron and positron beams, opening up novel opportunities\nfor designs of the light sources, free electron lasers, and high ene rgy colliders based on laser plasma\nacceleration.\n1 Introduction\nMagnetic ﬁeld is one of the fundamental entitie",
        "page": 1,
        "link": "https://ui.adsabs.harvard.edu/link_gateway/2016NatSR...636139L/EPRINT_PDF",
        "title": "GigaGauss solenoidal magnetic field inside bubbles excited in underdense plasma"
    },
    "2016NatSR...636139L_page_1_chunk_3": {
        "text": "ovel opportunities\nfor designs of the light sources, free electron lasers, and high ene rgy colliders based on laser plasma\nacceleration.\n1 Introduction\nMagnetic ﬁeld is one of the fundamental entities which inﬂuence natu re on all scales. It shapes\nplanets and stars [1], electron beams in laser-plasma particle acceler ators are guided and focused\nby magnetic ﬁelds [2] and it is used to understand natural phenomen a under extreme conditions\n[3]. Magnetic ﬁeld is used to stimulate coherent x-ray radiation from c harged particle beams [4]\nandit isresponsibleforthe mostspectacularnaturalphenomenai.e . AuroraBorealis. Acapability\nto generate high strength magnetic ﬁeld is essential for many proj ects and research communities\n(see for example MegaGauss International conferences). The m agnetic ﬁelds of MegaTesla level\nstrength are observed for example inside neutron stars [5] and c an be used to understand some\nother astrophysical phenomena [6, 3] as well as matter behavior under extreme co",
        "page": 1,
        "link": "https://ui.adsabs.harvard.edu/link_gateway/2016NatSR...636139L/EPRINT_PDF",
        "title": "GigaGauss solenoidal magnetic field inside bubbles excited in underdense plasma"
    },
    "2016NatSR...636139L_page_1_chunk_4": {
        "text": "ﬁelds of MegaTesla level\nstrength are observed for example inside neutron stars [5] and c an be used to understand some\nother astrophysical phenomena [6, 3] as well as matter behavior under extreme conditions [7].\nThe ﬁelds of up to 1 kT strength are currently generated using exp losive magnetic generators\n[8] or high-current single shot targets driven by pulsed power gene rators [9] which are used to\ngenerate high intensity X-ray ﬂuxes. Such machines are capable of generating magnetic ﬁelds of\nhigh strength (140 T) [10] and there are prediction of possible gene ration of up to 600 T in some\ncases [11]. The single shot techniques are well developed and allows ge nerating of ﬁelds around\n1 kT. Alternatively if non destructive machines are used the maximum strength ﬁeld achieved\nusing solenoids (without solenoid destruction) is reported to be 100 T at Los Alamos National\nLaboratory [12]. Reaching magnetic ﬁelds of a GigaGauss strength le vels seems to be impossible\nas electron currents w",
        "page": 1,
        "link": "https://ui.adsabs.harvard.edu/link_gateway/2016NatSR...636139L/EPRINT_PDF",
        "title": "GigaGauss solenoidal magnetic field inside bubbles excited in underdense plasma"
    },
    "2016NatSR...636139L_page_1_chunk_5": {
        "text": "ids (without solenoid destruction) is reported to be 100 T at Los Alamos National\nLaboratory [12]. Reaching magnetic ﬁelds of a GigaGauss strength le vels seems to be impossible\nas electron currents which is required to drive such ﬁelds and J×Bself induced forces will destroy\nany currently available material.\nDevelopments of laser technology stimulated exploration of method s of generation of large\nmagnetic ﬁelds from laser pulses directly or via interaction with plasma or solid targets. Perhaps\n1",
        "page": 1,
        "link": "https://ui.adsabs.harvard.edu/link_gateway/2016NatSR...636139L/EPRINT_PDF",
        "title": "GigaGauss solenoidal magnetic field inside bubbles excited in underdense plasma"
    },
    "2016NatSR...636139L_page_2_chunk_1": {
        "text": "the most close to conventional methods where pulsed solenoids are used is the method described\nin [13] where kilotesla magnetic ﬁeld was generated by pulsed laser in a c apacitor-coil target\nconﬁguration. Predictions of large toroidal magnetic ﬁeld generat ed by laser pulse in near-critical\nplasma were made in [14] and experimental observations reported in [15], [16] or [17] demonstrated\nproduction of megagauss magnetic ﬁelds in laser interaction with solid targets. Note that in all\nthese cases the ﬁeld is generated in a stationary space volume, the target is either solid or near-\ncriticalplasma,anddirectionoftheﬁeldisradialortoroidal,i.e. nots olenoidalandnotquasi-static\nin co-moving electron beam frame.\nMore recently, generation of longitudinal solenoidal magnetic ﬁeld w as explored, based on use\nof laser pulses carrying orbital angular momentum (OAM) created e ither by polarization of the\nlaser pulse [18, 23, 24] or by a hollow screw-like intense LaguerreGau ssian laser pulse [19]. ",
        "page": 2,
        "link": "https://ui.adsabs.harvard.edu/link_gateway/2016NatSR...636139L/EPRINT_PDF",
        "title": "GigaGauss solenoidal magnetic field inside bubbles excited in underdense plasma"
    },
    "2016NatSR...636139L_page_2_chunk_2": {
        "text": "ed on use\nof laser pulses carrying orbital angular momentum (OAM) created e ither by polarization of the\nlaser pulse [18, 23, 24] or by a hollow screw-like intense LaguerreGau ssian laser pulse [19]. These\ntechniques are closer to that we discuss in our paper, however met hod we suggest is capable to\nproduce signiﬁcantly higher solenoidal ﬁelds.\nThe way of generation of high amplitude solenoidal ﬁeld generation, s uggested and considered\nin detail in this paper, is based on interaction of screw-shaped laser pulse[23] interacting with\nunder-dense plasma. This interaction creates magnetic ﬁelds of Gig aGauss strength level inside a\nvolumeof0 .1−10sµm transversedimensions, depending onthe plasmadensityand pulse spirality,\nco-moving with the laser pulse, and thus suitable for eﬀective intera ction with the accelerated\nelectron or positron beams. We no that the generation of the solen oidal ﬁeld can also be achieved\nby using charged particle (electron) beams, but this will be consider ed in",
        "page": 2,
        "link": "https://ui.adsabs.harvard.edu/link_gateway/2016NatSR...636139L/EPRINT_PDF",
        "title": "GigaGauss solenoidal magnetic field inside bubbles excited in underdense plasma"
    },
    "2016NatSR...636139L_page_2_chunk_3": {
        "text": "tion with the accelerated\nelectron or positron beams. We no that the generation of the solen oidal ﬁeld can also be achieved\nby using charged particle (electron) beams, but this will be consider ed in the following studies.\nGeneration of a screw-shaped laser pulse is an interesting topic in its own right [24]. We\nassume that it can be generated via compression/focusing along a s ingle rotating plane of circular\npolarizedbeam orshapingit with relativisticelectrons[21, 22]andamp lifying the generatedhigher\nharmonics [24], and will focus on utilization of such a screw-shaped las er pulse.\nIn this paper two operating regimes will be discussed under which mag netic ﬁeld can be gener-\nated by the screw-shaped laserpulse, namely: bubble solenoid (sho rt solenoid) and steady solenoid\n(long solenoid) regimes. In the ﬁrst regime the solenoidal magnetic ﬁ eld is generated by the elec-\ntron currents moving around plasma bubble shell in a similar to solenoid manner with the highest\nﬁeld observed at",
        "page": 2,
        "link": "https://ui.adsabs.harvard.edu/link_gateway/2016NatSR...636139L/EPRINT_PDF",
        "title": "GigaGauss solenoidal magnetic field inside bubbles excited in underdense plasma"
    },
    "2016NatSR...636139L_page_2_chunk_4": {
        "text": "d) regimes. In the ﬁrst regime the solenoidal magnetic ﬁ eld is generated by the elec-\ntron currents moving around plasma bubble shell in a similar to solenoid manner with the highest\nﬁeld observed at the end of the bubble where electrons trajector ies are collapsing creating high\nstrength longitudinal magnetic ﬁeld. In this case the ﬁeld’s strengt h is adiabaticallychangingfrom\nthe center of the bubble to its end reaching the highest amplitude. T he magnetic ﬁeld direction\ncoincides with the direction of laser propagation with the volume (few cubic micrometers) having\nthe highest ﬁeld, deﬁned by the step of the laser spiral. The second regime is realized when a set\nof conditions (discussed below in the paper) are such that the plasm a bubble is not formed and\nthe solenoid currents are not limited to the dimensions of the plasma w avelength. In this case\nthe ﬁeld can be sustained over longer distances, until the pulse ene rgy is depleted, but the ﬁeld\namplitude achieved in this regime ",
        "page": 2,
        "link": "https://ui.adsabs.harvard.edu/link_gateway/2016NatSR...636139L/EPRINT_PDF",
        "title": "GigaGauss solenoidal magnetic field inside bubbles excited in underdense plasma"
    },
    "2016NatSR...636139L_page_2_chunk_5": {
        "text": " limited to the dimensions of the plasma w avelength. In this case\nthe ﬁeld can be sustained over longer distances, until the pulse ene rgy is depleted, but the ﬁeld\namplitude achieved in this regime will be order of magnitude less (i.e. 10 skT).\nThe paper is structured as follow: the second section is dedicated t o the model description\nwhile in the third section diﬀerent regimes will be considered. We discus s the application of\nthe bubble solenoid regime to laser plasma acceleration of electron or positron beams at the end\nof the second section, demonstrating the fast synchrtotron ra diation cooling of the emittance of\nthe accelerating beams. In the conclusion we will discuss the results and outline future work\nand possible impacts. One notes that the capability to generate suc h ﬁelds will allow dramatic\nprogress in non-destructive, reproducible studies of phenomena at ﬁelds strength which are not\nyet accessible in the laboratories. In this work we focus in particular on the novel ",
        "page": 2,
        "link": "https://ui.adsabs.harvard.edu/link_gateway/2016NatSR...636139L/EPRINT_PDF",
        "title": "GigaGauss solenoidal magnetic field inside bubbles excited in underdense plasma"
    },
    "2016NatSR...636139L_page_2_chunk_6": {
        "text": "will allow dramatic\nprogress in non-destructive, reproducible studies of phenomena at ﬁelds strength which are not\nyet accessible in the laboratories. In this work we focus in particular on the novel opportunities\nopened for design of laser-acceleration based devices – light sourc es, free electron lasers and high\nenergy colliders.\n2 Electron blow-out and collapse\nThe laser-plasma (LP) interaction is one of the most dynamic resear ch areas which is driven by\nnumber of problems including design of compact light sources and par ticle accelerators. Another\nchallenge, which can be resolvedusing LP interaction is generationof magnetic ﬁelds of MegaTesla\n2",
        "page": 2,
        "link": "https://ui.adsabs.harvard.edu/link_gateway/2016NatSR...636139L/EPRINT_PDF",
        "title": "GigaGauss solenoidal magnetic field inside bubbles excited in underdense plasma"
    },
    "2016NatSR...636139L_page_3_chunk_1": {
        "text": "(MT) strength. One notes that to resolve this problem the laser-p lasma parameters should be\ndiﬀerent from onesused in conventionalstudies [29] and in general may not be optimal for example\nfor LP acceleration of electrons.\nLet us consider the condition λp≫λL, whereλp= 2πc/ωpis the plasma wavelengthwith ωp=\n(n0e2/(γmeǫ0))1/2(relativistic plasma frequency, where n0is the unperturbed plasma density, γ\nandmeis the relativistic factor and mass of electron) and λLis the laser wavelength. In this case\nthe averageponderomotive force of the pulse, which is proportion al to the gradient of the intensity\ndeﬁned by the envelope function, acts on the electrons [25, 26]. T his is well known envelope model\nwhich is widely used for investigation of laser wake ﬁeld acceleration (L WFA) in low density\nplasmas [27]. This is appropriate and valid ”short-cut” to minimise the s patial resolution of\nnumerical modeling which leads to reduction of calculation time. We use a similar model and the\nsame concept ",
        "page": 3,
        "link": "https://ui.adsabs.harvard.edu/link_gateway/2016NatSR...636139L/EPRINT_PDF",
        "title": "GigaGauss solenoidal magnetic field inside bubbles excited in underdense plasma"
    },
    "2016NatSR...636139L_page_3_chunk_2": {
        "text": "mas [27]. This is appropriate and valid ”short-cut” to minimise the s patial resolution of\nnumerical modeling which leads to reduction of calculation time. We use a similar model and the\nsame concept for studying the eﬀect of laser pulse shape and its an gular momentum on the bubble\nformation and magnetic ﬁeld generation. We note that the 3D models of these phenomena have\nbeen studied using 3D Particle in Cell (PIC) code VSim, which has a self- consistent light-frame\nenvelope model implemented based on the method from Ref. [27].\n(a)\n (b)\nFigure 1: (a)Schematic of the laser pulse moving into the plasma (grey box) with mo mentary\nprojection of the pulse front on the box. (b)illustrates the isosurface of pulse intensity (purple) at\nthe value of 2 ×3×1020W/cm2and electron density (gray) with 1026m−3. The arrows represent\nthe velocity vectors of electrons seen from the moving frame of th e laser pulse and the color code\nshows their magnitude.\nTheexact analyticaldescription ofthe laserpulse ",
        "page": 3,
        "link": "https://ui.adsabs.harvard.edu/link_gateway/2016NatSR...636139L/EPRINT_PDF",
        "title": "GigaGauss solenoidal magnetic field inside bubbles excited in underdense plasma"
    },
    "2016NatSR...636139L_page_3_chunk_3": {
        "text": "026m−3. The arrows represent\nthe velocity vectors of electrons seen from the moving frame of th e laser pulse and the color code\nshows their magnitude.\nTheexact analyticaldescription ofthe laserpulse is presentedin th e Appendix. Thelaserpulse\nshape i.e. its envelope function, illustrated in Fig. 1a, is similar to a drill b it propagating along\nx-coordinate and Fig. 1b shows the electron dynamics while the pulse moves through the plasma.\nThe intensity distribution of the pulse is Gaussian-like, but it is modulat ed helically, providing\nthe desired spiral shape. One notes that the main diﬀerence (in plas ma dynamics) between the\nstandard Gaussian and the spiral-shaped beam propagation throu gh the plasma is the azimuthal\nnon-uniformity of electron density (i.e. appearanceof azimuthal c urrent) along the bubble surface.\nThe electrons expelled by the laser pulse will move along spiral trajec tories on the surface of\nthe generated bubble (azimuthal electron current), which in turn induces ",
        "page": 3,
        "link": "https://ui.adsabs.harvard.edu/link_gateway/2016NatSR...636139L/EPRINT_PDF",
        "title": "GigaGauss solenoidal magnetic field inside bubbles excited in underdense plasma"
    },
    "2016NatSR...636139L_page_3_chunk_4": {
        "text": "nt) along the bubble surface.\nThe electrons expelled by the laser pulse will move along spiral trajec tories on the surface of\nthe generated bubble (azimuthal electron current), which in turn induces strong axial magnetic\nﬁeld with the maximum value in the back of the bubble. Indeed the spira l shaped laser pulse\ngives a twist to the electrons which can be seen at the right side of Fig . 1b (in the vicinity of\nthe pulse). As they travel to the back side of the bubble two electr ic current channel are formed,\nwhich approach each other and ﬁnally pass by within a distance less th en laser spot diameter. The\n3",
        "page": 3,
        "link": "https://ui.adsabs.harvard.edu/link_gateway/2016NatSR...636139L/EPRINT_PDF",
        "title": "GigaGauss solenoidal magnetic field inside bubbles excited in underdense plasma"
    },
    "2016NatSR...636139L_page_4_chunk_1": {
        "text": "currents cannot merge as these two electron currents have opp osite direction, repelling each other\nand thus limiting the magnetic ﬁeld generated at the merging point. Ho wever, the maximum value\nof the ﬁeld is generated at the end of the bubble due to the fact tha t the electrons’ trajectories are\napproaching each other in this region. This motion as well as dense ele ctron bunches are shown in\nFig. 1b. To minimize the calculation time and for better illustration of th e electron currents we\nmove to the frame co-moving with the laser pulse. We also note that t hroughout the paper the\nlaser wavelength is adjusted such that the conditions λL≪λsp, whereλspis the spiral step, and\nn0< ncr, wherencr=ω2\nLmeǫ0/e2, are fulﬁlled.\nIn the example shown in Fig. 1b the peak intensity is I0= 1.6×1021W/cm2, the pulse width\nis 1.8µm (FWHM), the pulse length is equal to the spiral step, λsp= 1.8µm, and electron density\nis typical fully ionized C-H gas density, n0= 0.62×10−3ncr= 7×1025m−3. In order to u",
        "page": 4,
        "link": "https://ui.adsabs.harvard.edu/link_gateway/2016NatSR...636139L/EPRINT_PDF",
        "title": "GigaGauss solenoidal magnetic field inside bubbles excited in underdense plasma"
    },
    "2016NatSR...636139L_page_4_chunk_2": {
        "text": "m2, the pulse width\nis 1.8µm (FWHM), the pulse length is equal to the spiral step, λsp= 1.8µm, and electron density\nis typical fully ionized C-H gas density, n0= 0.62×10−3ncr= 7×1025m−3. In order to use\nthe envelope model the plasma has to be strongly underdense, i.e. n0/ncr≪1, to ignore the\npulse energy depletion during the short time scale considered here. The pulse evolution during\npropagation in underdense plasma is not trivial [28]. The exact pulse a nd ﬁeld evolution over a\nlonger time is out of scope of this work, but these aspects will be stu died in the future. Although\nthe plasma is dilute the pulse shape can be strongly modiﬁed near the w ings of the radial Gaussian\nproﬁle, where the edge of the helical intensity modulation is trimmed b y the repelled electrons.\nThis reduces the spirality of the pulse and results in a much smoother quasi-Gaussian beam. On\nthe otherhand the spiralstep can decreasedue to pulse steepen ing [29] at the front side ofthe laser\npulse, which will ch",
        "page": 4,
        "link": "https://ui.adsabs.harvard.edu/link_gateway/2016NatSR...636139L/EPRINT_PDF",
        "title": "GigaGauss solenoidal magnetic field inside bubbles excited in underdense plasma"
    },
    "2016NatSR...636139L_page_4_chunk_3": {
        "text": " spirality of the pulse and results in a much smoother quasi-Gaussian beam. On\nthe otherhand the spiralstep can decreasedue to pulse steepen ing [29] at the front side ofthe laser\npulse, which will change the ﬁeld distribution in the back of the bubble. All these eﬀects make the\ninteraction extremely complicated, therefore we limit ourselves to a narrow parameter-range and\ntime window, where the generated B-ﬁeld is quasi-static. Later in th is paper we show examples,\nwhere the pulse evolution can not be neglected even on this short tim e scale.\n(a)\n (b)\nFigure 2: (a) Three-dimensional view of the electron streamlines. O n the faces of the visualization\nbox the cross section of axial magnetic ﬁeld and charge density of e lectrons are shown. The\ntransparent green isosurface illustrates the regions where the e lectric current is the highest. (b)\nZoom on the streamlines in the back of the bubble. The color code is th e same as in the left\npicture.\nThe complex dynamics of electrons ﬂuxes an",
        "page": 4,
        "link": "https://ui.adsabs.harvard.edu/link_gateway/2016NatSR...636139L/EPRINT_PDF",
        "title": "GigaGauss solenoidal magnetic field inside bubbles excited in underdense plasma"
    },
    "2016NatSR...636139L_page_4_chunk_4": {
        "text": "egions where the e lectric current is the highest. (b)\nZoom on the streamlines in the back of the bubble. The color code is th e same as in the left\npicture.\nThe complex dynamics of electrons ﬂuxes and mechanism of the ﬁeld g eneration is more elu-\ncidated in Fig. 2a, where the electron streamlines are shown ﬂowing a round the bubble in three\ndimensions. On the lateral sides of the simulation box the cross sect ions of the longitudinal mag-\nnetic ﬁeld are shown, which are taken along the axis of the propagat ion. The back side presents\nthe transversal cross section of the electron density at the tail of the bubble. In the right picture\n4",
        "page": 4,
        "link": "https://ui.adsabs.harvard.edu/link_gateway/2016NatSR...636139L/EPRINT_PDF",
        "title": "GigaGauss solenoidal magnetic field inside bubbles excited in underdense plasma"
    },
    "2016NatSR...636139L_page_5_chunk_1": {
        "text": "of Fig. 2b a more detailed structure of the electric currents is show n. Here one sees that a part\nof the electron tracks simply pass through and leave the highly conc entrated region while some\nelectrons will be captured by the electromagnetic (EM) potential a nd start to move on a spiral\npath. A small portion of the electrons moves outward and will spiral in the opposite direction (the\nnegative B-ﬁeld seen in the xyplane of the left picture).\nThe electron trajectory and bubble shape strongly depends on th e balance between the kinetic\nenergy ofelectrons gained in the force ﬁeld of the laserpulse and on the EM potential generatedby\nthe bubble where the electrons are evacuated from. If the latter is high enough, electrons can be\ncaptured and accelerated while moving in the strong magnetic ﬁeld. T his electron dynamics can\nbe beneﬁcial for improving an accelerated electron beam emittance in laser plasma accelerators.\nThe internal structure of the longitudinal magnetic ﬁeld depends a lso",
        "page": 5,
        "link": "https://ui.adsabs.harvard.edu/link_gateway/2016NatSR...636139L/EPRINT_PDF",
        "title": "GigaGauss solenoidal magnetic field inside bubbles excited in underdense plasma"
    },
    "2016NatSR...636139L_page_5_chunk_2": {
        "text": "ﬁeld. T his electron dynamics can\nbe beneﬁcial for improving an accelerated electron beam emittance in laser plasma accelerators.\nThe internal structure of the longitudinal magnetic ﬁeld depends a lso on the number of captured\nelectrons and for example if the bubble size is large or plasma density is high while the laser\nparameters are not adjusted correctly, the eﬃciency of B-ﬁeld g eneration decreases.\nne/n0 Bx(kT)\n(a)X (µm)Y (µm)\n  \n22 24 26 2812345678\n012345\nX (µm)Z (µm)\n  \n22 24 26 2812345678\n012345\nX (µm)Y (µm)\n  \n22 24 26 2812345678\n−2−10123\nX (µm)Z (µm)\n  \n22 24 26 2812345678\n−2−10123\n(b)X (µm)Y (µm)\n  \n22 24 26 2812345678\n012345\nX (µm)Z (µm)\n  \n22 24 26 2812345678\n012345\nX (µm)Y (µm)\n  \n22 24 26 2812345678\n−2−10123\nX (µm)Z (µm)\n  \n22 24 26 2812345678\n−2−10123\n(c)X (µm)Y (µm)\n  \n22 24 26 2812345678\n12345\nX (µm)Z (µm)\n  \n22 24 26 2812345678\n012345\nX (µm)Y (µm)\n  \n22 24 26 2812345678\n−1.5−1−0.500.511.522.53\nX (µm)Z (µm)\n  \n22 24 26 2812345678\n−1.5−1−0.500.511.522.53\nFigure 3: Cro",
        "page": 5,
        "link": "https://ui.adsabs.harvard.edu/link_gateway/2016NatSR...636139L/EPRINT_PDF",
        "title": "GigaGauss solenoidal magnetic field inside bubbles excited in underdense plasma"
    },
    "2016NatSR...636139L_page_5_chunk_3": {
        "text": " 24 26 2812345678\n12345\nX (µm)Z (µm)\n  \n22 24 26 2812345678\n012345\nX (µm)Y (µm)\n  \n22 24 26 2812345678\n−1.5−1−0.500.511.522.53\nX (µm)Z (µm)\n  \n22 24 26 2812345678\n−1.5−1−0.500.511.522.53\nFigure 3: Cross sections of electron density normalized to initial den sity in the two orthogonal\ntransversal planes and the corresponding magnetic ﬁelds in the sa me planes for rows: a)λsp=\n0.9µm;b) 1.8µm; andc) 3.6µm. In all cases n0= 0.62×10−3ncr.\n3 Magnetic ﬁeld structure and scaling with parameters\n3.1 The bubble solenoid\nLet us consider the case when the majority of the collapsing at the e nd of the bubble electrons can\nescape the attracting ﬁeld of the bubble and do not disturb the gen erated magnetic ﬁeld. Here we\nwill consider the dependance of the magnetic ﬁeld on following set of la ser and plasma parameters:\nplasma density, laser pulse spiral step, intensity, and wavelength. All these parameters deﬁne the\nelectroncurrentsoutsidethe bubble which drivetheGGs levelmagn eticﬁeld. In ordertochec",
        "page": 5,
        "link": "https://ui.adsabs.harvard.edu/link_gateway/2016NatSR...636139L/EPRINT_PDF",
        "title": "GigaGauss solenoidal magnetic field inside bubbles excited in underdense plasma"
    },
    "2016NatSR...636139L_page_5_chunk_4": {
        "text": "ma parameters:\nplasma density, laser pulse spiral step, intensity, and wavelength. All these parameters deﬁne the\nelectroncurrentsoutsidethe bubble which drivetheGGs levelmagn eticﬁeld. In ordertocheckthe\ndependence on the spiral step the following simulations were perfor med, with the results presented\nin Fig. 3. In all cases the pulse length is equal to the half of the pulse s piral step, which means 180\ndegrees rotation of the intensity proﬁle, but due to the Gaussian lo ngitudinal proﬁle the eﬀective\nrotation is roughly 90 degrees (see Fig. 1). It can be clearly seen th at as the pulse length becomes\ncomparable with the bubble size the magnetic ﬁeld proﬁle gets more sim ilar to a solenoid in the\nxzplane. The peak axial magnetic ﬁeld is more localized in the case of shor tλsp, while it is more\n5",
        "page": 5,
        "link": "https://ui.adsabs.harvard.edu/link_gateway/2016NatSR...636139L/EPRINT_PDF",
        "title": "GigaGauss solenoidal magnetic field inside bubbles excited in underdense plasma"
    },
    "2016NatSR...636139L_page_5_chunk_5": {
        "text": "is more\n5",
        "page": 5,
        "link": "https://ui.adsabs.harvard.edu/link_gateway/2016NatSR...636139L/EPRINT_PDF",
        "title": "GigaGauss solenoidal magnetic field inside bubbles excited in underdense plasma"
    },
    "2016NatSR...636139L_page_6_chunk_1": {
        "text": "(a) (b) (c)\n21222324252627282900.511.522.533.544.5\nX (µm)Bx (103 T)\n  \nλsp=0.9 µm\nλsp=1.8 µm\nλsp=3.6 µm\nLaser pulse\nFigure 4: a) Longitudinal magnetic ﬁeld along the axis of propagation for diﬀerent spiral steps\nof the laser pulse presented in Fig. 3. b) and c) show the total azimu thal velocity (/summationtextvϕ/c)\ndistribution in the transverse plane at the back of the bubble for λsp= 0.9µm andλsp= 3.6µm,\nrespectively. The negative velocity (blue colors) indicates clockwise rotation while small positive\nor near zero velocities (red colors) indicates anti-clock rotation.Th e circle indicates the area of\nhigh compression where the highest magnetic ﬁeld amplitude is achieve d\nelongated in the case of larger λsp. In the left panels of Fig. 3 the normalized electron density\ndistribution is shown. It is clear that the charge densities in xyandxzplanes are diﬀerent as\na result of ”asymmetric” laser pulse. Higher compression is visible for the smaller spiral step,\nconsequently a higher peak ",
        "page": 6,
        "link": "https://ui.adsabs.harvard.edu/link_gateway/2016NatSR...636139L/EPRINT_PDF",
        "title": "GigaGauss solenoidal magnetic field inside bubbles excited in underdense plasma"
    },
    "2016NatSR...636139L_page_6_chunk_2": {
        "text": "own. It is clear that the charge densities in xyandxzplanes are diﬀerent as\na result of ”asymmetric” laser pulse. Higher compression is visible for the smaller spiral step,\nconsequently a higher peak of magnetic ﬁeld was observed, which is s hown also in Fig. 4.\n2σ1(µm)λsp(µm)λL(nm)I0( W/cm2)n0/ncrmax(Bx) (T)\nSim1 1.8 0.9µm100 1.6×10210.62×10−34000\nSim2 1.2 0.9µm100 8×10216.2×10−32.8×104\nSim3 0.8 0.9µm100 3.2×10220.062 2.5×105\nSim4 0.3 0.3µm 20 8×10230.025 0.95×106\nSim5 14.4 7.2µm800 1.6×10210.04 1.2×104\nSim6 14.4 7.2µm800 0.8×10210.01 5000\nSim7 14.4 7.2µm800 3.2×10210.01 8000\nSim8 9.6 7.2µm800 2×10220.1 5×104\nTable 1: Simulation parameters. In all simulations σ2=σ1/2.\nIndeed the shape of the magnetic ﬁeld distribution and the actual p eak value depend on the\ndetailsofcomplexelectron’strajectoriesandonthecompressionle velwhichtheyacquirein thetail\nof the bubble. However the self induced repulsive forces can result in destruction of the currents\nand thus limiting the amplitude of genera",
        "page": 6,
        "link": "https://ui.adsabs.harvard.edu/link_gateway/2016NatSR...636139L/EPRINT_PDF",
        "title": "GigaGauss solenoidal magnetic field inside bubbles excited in underdense plasma"
    },
    "2016NatSR...636139L_page_6_chunk_3": {
        "text": "ectoriesandonthecompressionle velwhichtheyacquirein thetail\nof the bubble. However the self induced repulsive forces can result in destruction of the currents\nand thus limiting the amplitude of generated magnetic ﬁeld. If we assu me that the transversalsize\nof the bubble does not change (which is true in Fig. 3) the compresse d electron density scales as\nne= (λp/λsp)n0. The second thing to be noticed is the fact that the magnetic ﬁeld is g eneratedby\nﬁnite current sheets with thickness approximately λsp/2. Applying Ampere’s law to this geometry\none ﬁnds for the magnetic ﬁeld B=µ0j0λsp, wherej0=enevϕandvϕis the azimuthal velocity.\nInserting the expression for the compressed electron density an d considering that some of the\nevacuated electrons contribute to the transversal current we ﬁndB=pµ0en0λpvϕ/2, where p <1\nindicates the percentage of electrons contributing to the transv erse current. If one uses λp≈8µm\nthe estimated value of the B-ﬁeld is B≈p·16 kT, which is close to the measured",
        "page": 6,
        "link": "https://ui.adsabs.harvard.edu/link_gateway/2016NatSR...636139L/EPRINT_PDF",
        "title": "GigaGauss solenoidal magnetic field inside bubbles excited in underdense plasma"
    },
    "2016NatSR...636139L_page_6_chunk_4": {
        "text": "µ0en0λpvϕ/2, where p <1\nindicates the percentage of electrons contributing to the transv erse current. If one uses λp≈8µm\nthe estimated value of the B-ﬁeld is B≈p·16 kT, which is close to the measured one if assume\nthat only quarter of the electrons are contributing to the transv erse current.\nAccording to Fig. 4a the peak magnetic ﬁeld depends only weakly on th e spiral step (or pulse\nlength in our setup), but through the expression of ponderomotiv e force we ﬁnd that\nγ∼ ∇ILλ2\nL∼I0λL/l, (1)\n6",
        "page": 6,
        "link": "https://ui.adsabs.harvard.edu/link_gateway/2016NatSR...636139L/EPRINT_PDF",
        "title": "GigaGauss solenoidal magnetic field inside bubbles excited in underdense plasma"
    },
    "2016NatSR...636139L_page_7_chunk_1": {
        "text": "(a) (b)\n1 2 3 4 5 6 7102103104105106\nX (µm)Bx(T)\n01234567102103104105\nX (µm)Bx (T)λsp=1.8 µm\nFigure 5: Longitudinal magnetic ﬁeld along the axis of propagation fo r parameters shown in: (a)\nTable 1 and (b) for two times larger spiral step. The red, green, blu e and black lines corresponds\nto simulations 1 ,2,3,4 respectively. The color code is the same in both pictures.\nwherel=λsp/λL. Ontheotherhandthebubblelength(orhalfplasmawavelength)isp roportional\nto/radicalbig\nγ/n0, thus\nB∼(γn0)1/2vϕ. (2)\nThis scaling indicates that the axial magnetic ﬁeld shown in Fig. 4a shou ld be two times lower\nfor 4 times longer spiral step. However, the peak values are much c loser to each other, which can\nbe attributed to the larger azimuthal momentum acquired with large rλsp. The comparison of\nazimuthalvelocitydistributioninthebackofthebubbleisshowninFig. 4band4cfor λsp= 0.9µm\nandλsp= 3.6µm, respectively. The number of rotating electrons is the same in bot h cases, but\ntheir azimuthal velocity is two tim",
        "page": 7,
        "link": "https://ui.adsabs.harvard.edu/link_gateway/2016NatSR...636139L/EPRINT_PDF",
        "title": "GigaGauss solenoidal magnetic field inside bubbles excited in underdense plasma"
    },
    "2016NatSR...636139L_page_7_chunk_2": {
        "text": "itydistributioninthebackofthebubbleisshowninFig. 4band4cfor λsp= 0.9µm\nandλsp= 3.6µm, respectively. The number of rotating electrons is the same in bot h cases, but\ntheir azimuthal velocity is two times higher in the case of longer spiral step, which compensates\nfor the reduced gamma factor.\nIt is straightforward to expect higher magnetic ﬁeld inside larger vo lumes by increasing the\nlaser intensity (energy available to drive the current) and plasma de nsity (current available to\ngenerate the ﬁeld). In the following studies it is proven that with the laser intensity reachable\nwith the current technology the GGs level magnetic ﬁelds can be gen erated in the experiments\nin the laboratory environment. The parameters used in the next sim ulations are shown in Table\n1. The ﬁrst parameter-set (Sim1) has been used in the previous sim ulations. The bubble size is\ndeﬁned by three parameters: laser spot size ( WL= 2σ1), laser intensity and plasma density. In\norder to have similar bubble structur",
        "page": 7,
        "link": "https://ui.adsabs.harvard.edu/link_gateway/2016NatSR...636139L/EPRINT_PDF",
        "title": "GigaGauss solenoidal magnetic field inside bubbles excited in underdense plasma"
    },
    "2016NatSR...636139L_page_7_chunk_3": {
        "text": "im1) has been used in the previous sim ulations. The bubble size is\ndeﬁned by three parameters: laser spot size ( WL= 2σ1), laser intensity and plasma density. In\norder to have similar bubble structure as before we chose the laser spot size to be between one\nthird and half of the bubble length.\nThe axial magnetic ﬁelds measured for the ﬁrst four parameter-s ets are shown in Fig. 5a and\n5b. The expression derived above, in the strongly relativistic case, i.e.vϕ≈c, predicts a scaling\nB∼(γn0)1/2, which is close to the observed scaling. In the case of larger spiral s tep (Fig. 5b) the\nthird simulation did not give the expected result, because the pulse w as longer than the bubble\nand the magnetic ﬁeld generation enters a diﬀerent regime, discuss ed later. In the case of Sim4 the\nplasma density is near the solid density, which allows the formation of v ery small bubble, therefore\nthe laser wavelength and pulse size had to be decreased. Although t he resulting magnetic ﬁeld\nreaches the MT le",
        "page": 7,
        "link": "https://ui.adsabs.harvard.edu/link_gateway/2016NatSR...636139L/EPRINT_PDF",
        "title": "GigaGauss solenoidal magnetic field inside bubbles excited in underdense plasma"
    },
    "2016NatSR...636139L_page_7_chunk_4": {
        "text": " is near the solid density, which allows the formation of v ery small bubble, therefore\nthe laser wavelength and pulse size had to be decreased. Although t he resulting magnetic ﬁeld\nreaches the MT level, the required laser parameters do not seem to be reachable at the current\nstage of laser technology. However, it is possible to scale the param eters such that the resulting\nB-ﬁeld remains the same. For this the following condition has to be fulﬁ lled:\nn0λp∼/radicalbig\nn0I0λL/l∼/radicalbig\nkI0/(λLl)≈constant, (3)\nwherek=n0/ncr. In order to have the same bubble shape the following constrain can be added:\nλp/λsp∼/radicalbig\nI0/(λLl3n0)∼/radicalbig\nI0λL/(l3k)≈constant. (4)\n7",
        "page": 7,
        "link": "https://ui.adsabs.harvard.edu/link_gateway/2016NatSR...636139L/EPRINT_PDF",
        "title": "GigaGauss solenoidal magnetic field inside bubbles excited in underdense plasma"
    },
    "2016NatSR...636139L_page_8_chunk_1": {
        "text": "(a) (b)\nFigure 6: Parameter-map of the mechanism, where the region of diﬀ erent regimes are also indi-\ncated, for two laser wavelengths: a) λL= 800 nm and b) λL= 100 nm. The blue and red lines\n(Eq. (3, 4)) show the parameters required to generate the same magnetic ﬁeld amplitude and\nthe same ﬁeld distribution, respectively. The blue area shows the pa rameter interval discussed in\nthis section: the bubble solenoid regime. The red dashed line corresp onds tok=n0/ncr= 0.1,\nbehind which the laser pulse depletion aﬀects the magnetic ﬁeld gener ation and the model should\nbe revisited.\nUnfortunately by increasing the laser wavelength up to 0.8 µm the plasma becomes overdense\nwhich results in quick depletion (absorption or even reﬂection) of th e laser pulse and no axial\nB-ﬁeld is generated. At this stage we can speculate that the issue c an be resolved if for instance\nan electron beam with angular momentum is used to drive the current s capable of generating MT\nmagnetic ﬁelds.\nFrom the expres",
        "page": 8,
        "link": "https://ui.adsabs.harvard.edu/link_gateway/2016NatSR...636139L/EPRINT_PDF",
        "title": "GigaGauss solenoidal magnetic field inside bubbles excited in underdense plasma"
    },
    "2016NatSR...636139L_page_8_chunk_2": {
        "text": "is stage we can speculate that the issue c an be resolved if for instance\nan electron beam with angular momentum is used to drive the current s capable of generating MT\nmagnetic ﬁelds.\nFrom the expressions presented above it follows that either the bu bble shape or magnetic ﬁeld\namplitude changes by modifying the laser or plasma parameters. In t he above simulations the\ndimensionless pulse length was l= 9 and if it is kept the same, the laser wavelength and intensity\ncan be tuned, within well deﬁned limits, to obtain the same magnetic ﬁe ld strength. In Fig. 6 the\niso-value curves of max( Bx) andλp/λspare shown, which indicate the parameter plane scaling\nfor constant pulse length l. The simulations discussed and presented in Table 1 are shown on\nthese planes of parameters. The blue area indicates the paramete r space where the bubble regime\ncan be observed. The green area shows the regime of strong elect ron trapping (not favorable for\ngeneration of large magnetic ﬁelds), the yellow ar",
        "page": 8,
        "link": "https://ui.adsabs.harvard.edu/link_gateway/2016NatSR...636139L/EPRINT_PDF",
        "title": "GigaGauss solenoidal magnetic field inside bubbles excited in underdense plasma"
    },
    "2016NatSR...636139L_page_8_chunk_3": {
        "text": "dicates the paramete r space where the bubble regime\ncan be observed. The green area shows the regime of strong elect ron trapping (not favorable for\ngeneration of large magnetic ﬁelds), the yellow area corresponds t o the regime of steady solenoid\n(presented in the next section) and the red area is the area where the plasma density is large\nand pulse energy depletion is not negligible any more. The yellow and gre en dashed lines are not\nexact curves and due to energy depletion transitions from green t o blue and from red to yellow are\nalways expected. It is clearly visible that the laser wavelength stron gly inﬂuences the diagram and\nit pushes the blue area towards lower intensity and density regions, which in turn means weaker\nmagnetic ﬁeld generation. One notices that for the generation of h igh B-ﬁeld in static bubble\nsolenoid high intensity and short wavelength is required.\nIn order to prove the validity of the scalings we show the magnetic ﬁe ld and electron density\ncross section",
        "page": 8,
        "link": "https://ui.adsabs.harvard.edu/link_gateway/2016NatSR...636139L/EPRINT_PDF",
        "title": "GigaGauss solenoidal magnetic field inside bubbles excited in underdense plasma"
    },
    "2016NatSR...636139L_page_8_chunk_4": {
        "text": " of h igh B-ﬁeld in static bubble\nsolenoid high intensity and short wavelength is required.\nIn order to prove the validity of the scalings we show the magnetic ﬁe ld and electron density\ncross sections from simulation 5, 6, 7 in Fig. 7, where the laser wavele ngth is 8 times longer\nthan in Sim1. First Fig. 7a ( k= 0.04) should be compared with Fig. 3a ( k= 0.62×10−3).\nIt can be clearly seen that by increasing only the laser wavelength th e ﬁeld amplitude increases\nby≈√\n8, and the relative bubble size, λp/λsp, decreases by the same factor: ≈2.8. The bubble\ncan increase again due to the large amount of captured electrons, which decrease the electrostatic\npotential inside of the bubble, leading to its expansion. The laser inte nsity and plasma density\ncan be changed such that almost the same magnetic ﬁeld is obtained ( Sim6) and the ratio λp/λsp\nbecomes larger (Fig. 7b). Finally, similar bubble shape can be obtained by increasing the laser\nintensity and decreasing the plasma density (Sim7",
        "page": 8,
        "link": "https://ui.adsabs.harvard.edu/link_gateway/2016NatSR...636139L/EPRINT_PDF",
        "title": "GigaGauss solenoidal magnetic field inside bubbles excited in underdense plasma"
    },
    "2016NatSR...636139L_page_8_chunk_5": {
        "text": "magnetic ﬁeld is obtained ( Sim6) and the ratio λp/λsp\nbecomes larger (Fig. 7b). Finally, similar bubble shape can be obtained by increasing the laser\nintensity and decreasing the plasma density (Sim7).\n8",
        "page": 8,
        "link": "https://ui.adsabs.harvard.edu/link_gateway/2016NatSR...636139L/EPRINT_PDF",
        "title": "GigaGauss solenoidal magnetic field inside bubbles excited in underdense plasma"
    },
    "2016NatSR...636139L_page_9_chunk_1": {
        "text": "(a) (b) (c)\nX (µm)Z (µm)\n  \n90100110120130140150160203040506070\n−8000−6000−4000−20000200040006000800010000Bx (T)\nX (µm)Z (µm)\n  \n90100110120130140150160203040506070\n−4000−3000−2000−100001000200030004000Bx (T)\nX (µm)Z (µm)\n  \n90100110120130140150160203040506070\n−6000−4000−20000200040006000Bx (T)\nX (µm)Z (µm)\n  \n90100110120130140150160203040506070\n0123456789ne/n0\nX (µm)Z (µm)\n  \n90100110120130140150160203040506070\n0123456789ne/n0\nX (µm)Z (µm)\n  \n90100110120130140150160203040506070\n0123456789ne/n0\nFigure 7: Longitudinal magnetic generated in the upper row and nor malized electron density in\nthe lower row observed for the parameter sets shown in Table 1: (a ) Sim5, (b) Sim6 and (c) Sim7.\nPlasma waves produced in the under-dense plasmas are famous for their capability of accel-\nerating electrons to GeV energy. This is also true in the case of scre w-like-shape of the laser\npulse. In this case the longitudinal accelerating ﬁeld is combined with s trong longitudinal mag-\nnetic ﬁeld which is p",
        "page": 9,
        "link": "https://ui.adsabs.harvard.edu/link_gateway/2016NatSR...636139L/EPRINT_PDF",
        "title": "GigaGauss solenoidal magnetic field inside bubbles excited in underdense plasma"
    },
    "2016NatSR...636139L_page_9_chunk_2": {
        "text": "s to GeV energy. This is also true in the case of scre w-like-shape of the laser\npulse. In this case the longitudinal accelerating ﬁeld is combined with s trong longitudinal mag-\nnetic ﬁeld which is pointing in the same direction giving set of new featur es to this accelerating\nscheme. Due to the B-ﬁeld produced in the tail of the bubble very lar ge number of electrons can\nbe accumulated in the accelerated beam with dramatically improved em ittance. In case shown\nin Fig. 8 the electron energy has reached the 500 MeV after only 60 µm of propagation. It is\nclear that this high energy is due to the high plasma density and high las er intensity used in the\nsimulation. The energy spectrum and angular distribution of electro ns is shown in Fig. 8d,e,f.\nTwo electron bunches are observable in the density distribution (8a ), which appear also in the\nmomentum distribution. Even at this preliminary studies an eﬃcient ac celeration and multiple\nbeam bunching is visible. As their energy increases t",
        "page": 9,
        "link": "https://ui.adsabs.harvard.edu/link_gateway/2016NatSR...636139L/EPRINT_PDF",
        "title": "GigaGauss solenoidal magnetic field inside bubbles excited in underdense plasma"
    },
    "2016NatSR...636139L_page_9_chunk_3": {
        "text": "density distribution (8a ), which appear also in the\nmomentum distribution. Even at this preliminary studies an eﬃcient ac celeration and multiple\nbeam bunching is visible. As their energy increases their angular spre ad decreases and probably\nwill be uniﬁed into a single dense and energetic electron bunch if the ac celeration is long enough.\nThe energy spread of electrons is relatively large, but the angular s pread of the individual bunches\nis less then 1 mrad. The large energy spread can be attributed to th e pulse energy depletion and\nto the large charge density of the electron beam, which modiﬁes the bubble ﬁelds (see Fig. 8b,c),\nmaking the bunching and acceleration less eﬀective.\nDue to the strong magnetic ﬁeld these electrons are compressed, and rotate along the propa-\ngation axis (see Fig. 8e,f). This electron beam dynamics can be very in teresting for generating\nhigh intensity synchrotron radiation (SR) at <nm wavelength scale predominantly in the forward\ndirection. Since the ",
        "page": 9,
        "link": "https://ui.adsabs.harvard.edu/link_gateway/2016NatSR...636139L/EPRINT_PDF",
        "title": "GigaGauss solenoidal magnetic field inside bubbles excited in underdense plasma"
    },
    "2016NatSR...636139L_page_9_chunk_4": {
        "text": "see Fig. 8e,f). This electron beam dynamics can be very in teresting for generating\nhigh intensity synchrotron radiation (SR) at <nm wavelength scale predominantly in the forward\ndirection. Since the spatial resolution of our simulation method is not high enough to resolve\nthese wavelengths (and the spiral motion of electrons) this radiat ion can not be investigated at\nthis stage of the numerical modeling and will be studied in the future. We anticipate that due to\nelectron spiral motion in magnetic ﬁeld strong energy loss from the t ransversal motion will take\nplace due to intense SR. The SR losses per unit length are [30]:\ndW\ndS=2\n3reγ4mec2\nR2, (5)\nwherereis the classical electron radius and Ris the radius of curvature of electron motion deﬁned\nby the magnetic rigidity, Bρ[Tm]≈3.33p[GeV/c], and azimuthal angle of electron motion, θ.\nRepresenting the spiral motion of relativistic particles with transve rse angle θin this solenoidal\n9",
        "page": 9,
        "link": "https://ui.adsabs.harvard.edu/link_gateway/2016NatSR...636139L/EPRINT_PDF",
        "title": "GigaGauss solenoidal magnetic field inside bubbles excited in underdense plasma"
    },
    "2016NatSR...636139L_page_9_chunk_5": {
        "text": "c], and azimuthal angle of electron motion, θ.\nRepresenting the spiral motion of relativistic particles with transve rse angle θin this solenoidal\n9",
        "page": 9,
        "link": "https://ui.adsabs.harvard.edu/link_gateway/2016NatSR...636139L/EPRINT_PDF",
        "title": "GigaGauss solenoidal magnetic field inside bubbles excited in underdense plasma"
    },
    "2016NatSR...636139L_page_10_chunk_1": {
        "text": "(a) (b) (c)\nX (µm)Z (µm)\n  \n343536373839123456\n051015ne/n0\nmax(ne/n0)=120\nX (µm)Z (µm)\n  \n343536373839123456\n−2−1012Ex(1013\nV/m)\nX (µm)Z (µm)\n  \n343536373839123456\n−10−50510Bx(kT)\n(d) (e) (f)\n0100200300400500600105106107\nEnergy (MeV)Ne\n  \nt=74 fs\nt=110 fs\nt=147 fs\nt=184 fs\npy/pxpz/px\n  \n−0.05 0 0.05−0.0500.05\n0.511.522.533.544.5x 105\nt=110 fs\npy/pxpz/px\n  \n−0.05 0 0.05−0.0500.05\n0.511.522.533.544.55x 105\nt=147 fs\nFigure 8: (a)A snapshot of electron density, (b)longitudinal electric ﬁeld and (c)axial magnetic\nﬁeld in the case of Sim2 at t= 110 fs. (d)Electron energy and (e,f)momentum distributions for\ndiﬀerent time instances.\nﬁeldBxasr=θρsin(s/ρ) whereρ=Bρ/Bx, we can ﬁnd the radius of curvature of this motion as\n1/R=d2r/ds2which gives us an estimate R=Bρ/(Bxθ). Let us deﬁne the cooling length Lcool\nto be equal to the distance over which the electron will lose all its tra nsverse energy, estimated as\nγmec2θ2, due to SR. Therefore its transverse emittance will decrease by a factor of e= 2",
        "page": 10,
        "link": "https://ui.adsabs.harvard.edu/link_gateway/2016NatSR...636139L/EPRINT_PDF",
        "title": "GigaGauss solenoidal magnetic field inside bubbles excited in underdense plasma"
    },
    "2016NatSR...636139L_page_10_chunk_2": {
        "text": "th Lcool\nto be equal to the distance over which the electron will lose all its tra nsverse energy, estimated as\nγmec2θ2, due to SR. Therefore its transverse emittance will decrease by a factor of e= 2.718 over\nLcool:\nLcool=3\n2R2\nreγ3θ=3\n2/parenleftbiggBρ\nBx/parenrightbigg21\nreγ3. (6)\nFor a simple estimation one can assume 1 GeV electron energy, which m eansγ= 2000 and\nBρ= 3.3 Tm, and Bx= 105T magnetic ﬁeld resulting in Lcool≈60µm, which is much shorter\nthan the pulse depletion length [32]: Lpd≈0.45λ3\np/λ2\nL(λL/1µm)/radicalbig\nI0[1018W/cm2]/1.4≈3.4 mm\nin the case of Sim2. This type of eﬀective cooling should improve overa ll beam emittance as beam\nwill continue accelerate as shown in Fig 8(e,f). Thus, the longitudinal magnetic ﬁeld will acts\nnot only to guide the electron beam (eﬀective beam collimator) but als o as a eﬃcient coolant\nmediating conversion of beam transverse energy into high frequen cy synchrotron radiation at the\nsame time.\n3.2 The steady solenoid\nSo far the regime of la",
        "page": 10,
        "link": "https://ui.adsabs.harvard.edu/link_gateway/2016NatSR...636139L/EPRINT_PDF",
        "title": "GigaGauss solenoidal magnetic field inside bubbles excited in underdense plasma"
    },
    "2016NatSR...636139L_page_10_chunk_3": {
        "text": "m collimator) but als o as a eﬃcient coolant\nmediating conversion of beam transverse energy into high frequen cy synchrotron radiation at the\nsame time.\n3.2 The steady solenoid\nSo far the regime of large bubble is considered, where laser spot size WL< λpand spiral step\nλsp< λpwere relatively small. In this case the magnetic ﬁeld moves with the spe ed of light,\nconstantly appears and disappears in the plasma, which might not be advantageous in some cases\nand it is diﬃcult to detect with direct methods. If the pulse length app roaches or exceeds the\nbubble length more uniform magnetic ﬁeld can be observed (see Fig. 5 b or 7a). In this regime\nthe azimuthal current can be driven resonantly if the plasma wavele ngth matches the spiral step\nof the laser pulse. However in this case the bubble cannot be formed and as a result the spiral\ncurrents are not limited to a short intervals of bubble shell thus sur viving over a longer distance\nbehind the laser pulse.\n10",
        "page": 10,
        "link": "https://ui.adsabs.harvard.edu/link_gateway/2016NatSR...636139L/EPRINT_PDF",
        "title": "GigaGauss solenoidal magnetic field inside bubbles excited in underdense plasma"
    },
    "2016NatSR...636139L_page_10_chunk_4": {
        "text": "not be formed and as a result the spiral\ncurrents are not limited to a short intervals of bubble shell thus sur viving over a longer distance\nbehind the laser pulse.\n10",
        "page": 10,
        "link": "https://ui.adsabs.harvard.edu/link_gateway/2016NatSR...636139L/EPRINT_PDF",
        "title": "GigaGauss solenoidal magnetic field inside bubbles excited in underdense plasma"
    },
    "2016NatSR...636139L_page_11_chunk_1": {
        "text": "(a)X (µm)Z (µm)Bx (103 T)\n  \n7080901001101201301401020304050607080\n−8−6−4−202468 t=230 fs\nX (µm)Z (µm)Bx (103 T)\n  \n1101201301401501601701020304050607080\n−8−6−4−202468\nt=345 fs\nX (µm)Z (µm)Bx (103 T)\n  \n1401501601701801902002101020304050607080\n−6−4−20246 t=460 fs\n(b)X (µm)Z (µm)|A|\n  \n7080901001101201301401020304050607080\n0.0050.010.0150.020.0250.030.0350.040.0450.05\nX (µm)Z (µm)|A|\n  \n1101201301401501601701020304050607080\n0.010.020.030.040.050.06\nX (µm)Z (µm)|A|\n  \n1401501601701801902002101020304050607080\n00.010.020.030.040.050.060.07\nFigure 9: Longitudinal magnetic ﬁeld (a)and amplitude of vector potential in the pulse (b)cross\nsections are shown at three time instances for the parameters of Sim5 with I0= 0.8×1021W/cm2.\nOne example is presented in Fig. 9, where the parameters are similar t o Sim5, but lower\nintensity is used. Already in Fig. 7a this regime is observable, because the parameter-set of Sim5\nis close to the red area in Fig. 6, which means fast depletion (decreas ing inte",
        "page": 11,
        "link": "https://ui.adsabs.harvard.edu/link_gateway/2016NatSR...636139L/EPRINT_PDF",
        "title": "GigaGauss solenoidal magnetic field inside bubbles excited in underdense plasma"
    },
    "2016NatSR...636139L_page_11_chunk_2": {
        "text": " t o Sim5, but lower\nintensity is used. Already in Fig. 7a this regime is observable, because the parameter-set of Sim5\nis close to the red area in Fig. 6, which means fast depletion (decreas ing intensity) and transition\nto the yellow area. The energy distribution of the laser pulse is also sh own in Fig. 9b, which\nindicates energy depletion and strong modulations during the pulse e volution. It is clear that\nall interactions end with transition from bubble to steady solenoid, b ecause of energy depletion.\nIn the channel behind the laser pulse the positive and negative magn etic ﬁelds are parallel and\nseparated as expected in any solenoid structures. This structur e brakes in the limit of WL≫λp,\nbecause of magnetic ﬁlaments evolving in the plasma if the current ﬂo w is wider than the local\nDebye-length.\nThelifetime ofmagneticﬁeldsgeneratedin this waydependsonthe co llisionfrequencybetween\nelectrons and ions and on the magnetic diﬀusion time, which is deﬁned a s [31]td=µ0R2/η, where\nRi",
        "page": 11,
        "link": "https://ui.adsabs.harvard.edu/link_gateway/2016NatSR...636139L/EPRINT_PDF",
        "title": "GigaGauss solenoidal magnetic field inside bubbles excited in underdense plasma"
    },
    "2016NatSR...636139L_page_11_chunk_3": {
        "text": "l\nDebye-length.\nThelifetime ofmagneticﬁeldsgeneratedin this waydependsonthe co llisionfrequencybetween\nelectrons and ions and on the magnetic diﬀusion time, which is deﬁned a s [31]td=µ0R2/η, where\nRis the transverse scale length of the electron beam and ηis the resistivity. The ﬁrst eﬀect is\nnegligible in gases, but if >kT magnetic ﬁelds are generated, the plasma density could be high\nenough to smear out the electron rotation. The second eﬀect is als o negligible, because the plasma\nresistivity is on the order of 10−6Ωm, which gives more than 1 ps diﬀusion time with R≈10µm.\nIn the simulation shown in Fig. 9 the depletion time is on the order of 500 fs and the length of the\nquasi-static axial magnetic ﬁeld can reach the sub-millimeter level, wh ich can be easily detected\nin experiments [16].\n4 Conclusions and outlook\nWe suggested and discussed the possibility of generating GigaGauss level axial magnetic ﬁeld in\nunderdense plasmas in laboratory environment using screw-shape d intense la",
        "page": 11,
        "link": "https://ui.adsabs.harvard.edu/link_gateway/2016NatSR...636139L/EPRINT_PDF",
        "title": "GigaGauss solenoidal magnetic field inside bubbles excited in underdense plasma"
    },
    "2016NatSR...636139L_page_11_chunk_4": {
        "text": "].\n4 Conclusions and outlook\nWe suggested and discussed the possibility of generating GigaGauss level axial magnetic ﬁeld in\nunderdense plasmas in laboratory environment using screw-shape d intense laser pulses. In this\npaper we consider the pulse length to be equal to the spiral period. In lower density plasmas\n(gas) the usual λL≈1µm high power lasers (available to the researchers nowadays) are su itable\nfor reaching the 10s of kT ﬁelds for a short period of time in a spatial volume comparable with\nthe pulse length. It has been demonstrated that by changing the r elative laser beam size with\nrespect to the plasma wavelength the shape of the axial magnetic ﬁ eld distribution can be tuned.\nIf the ratio of λp/λspis near one, then a static solenoid magnetic ﬁeld is generated eﬃcient ly\nalong a straight line behind the laser pulse limited only by the laser pulse e nergy depletion. If the\n11",
        "page": 11,
        "link": "https://ui.adsabs.harvard.edu/link_gateway/2016NatSR...636139L/EPRINT_PDF",
        "title": "GigaGauss solenoidal magnetic field inside bubbles excited in underdense plasma"
    },
    "2016NatSR...636139L_page_11_chunk_5": {
        "text": "a straight line behind the laser pulse limited only by the laser pulse e nergy depletion. If the\n11",
        "page": 11,
        "link": "https://ui.adsabs.harvard.edu/link_gateway/2016NatSR...636139L/EPRINT_PDF",
        "title": "GigaGauss solenoidal magnetic field inside bubbles excited in underdense plasma"
    },
    "2016NatSR...636139L_page_12_chunk_1": {
        "text": "plasma wavelength is relatively large a bubble is formed and at its tail a s trong, highly peaked and\nlocalized magnetic ﬁeld is generated. This regime becomes highly non-lin ear (i.e. the introduced\nscaling does not work) and unstable if the bubble size is too large and t he charge of captured\nelectrons inﬂuences the longitudinal electric and magnetic ﬁelds.\nWe note that the stable and repetitive production of screw-shape laser pulse still requires large\namount of theoretical and experimental work in the ﬁeld of laserph ysics. However, we believe that\nusingsuchalaserpulsecanbringanumerousadvantagestotheﬁeld soflaserwakeﬁeldacceleration\nand astrophysics. This high magnetic ﬁeld strength often observe d in exotic cosmological objects,\nwhich also radiate in a wide range of x-ray and gamma frequency. The observation of radiation\nin PIC simulations requires very large resolution, which is inadmissible wit h the current high\nperformance computing units. However, we can anticipate that th e ",
        "page": 12,
        "link": "https://ui.adsabs.harvard.edu/link_gateway/2016NatSR...636139L/EPRINT_PDF",
        "title": "GigaGauss solenoidal magnetic field inside bubbles excited in underdense plasma"
    },
    "2016NatSR...636139L_page_12_chunk_2": {
        "text": "equency. The observation of radiation\nin PIC simulations requires very large resolution, which is inadmissible wit h the current high\nperformance computing units. However, we can anticipate that th e spiral motion of well-bunched\nrelativistic electron beam will result in intense synchrotron emission w ith small angular spread\nat nm wavelengths and we can make estimates of the corresponding parameters of synchrotron\nradiation and in particular of the cooling rate of the electron beam em ittance.\nImmersing electron bunches which are accelerated during laser plas ma interaction into co-\npropagating axial magnetic ﬁeld enable unique possibility to conﬁne hig h density beam while\nimproving beam emittance through synchrotron radiation cooling. W e have demonstrated that\nlarge acceleratingpotential can be achieved simultaneously with str onglongitudinal magnetic ﬁeld\nat the point of beam self-injection. Showing that it is possible to use s uch accelerating structure\nwill motivate future studi",
        "page": 12,
        "link": "https://ui.adsabs.harvard.edu/link_gateway/2016NatSR...636139L/EPRINT_PDF",
        "title": "GigaGauss solenoidal magnetic field inside bubbles excited in underdense plasma"
    },
    "2016NatSR...636139L_page_12_chunk_3": {
        "text": "al can be achieved simultaneously with str onglongitudinal magnetic ﬁeld\nat the point of beam self-injection. Showing that it is possible to use s uch accelerating structure\nwill motivate future studies in this direction, in particular the investig ation of transversal cooling\nof electrons due to synchrotron radiation, which opens a novel pa thway for design of Free Electron\nLasers or particle colliders, based on laser plasma acceleration. The non-uniform axial B-ﬁeld can\nbehave as a magnetic mirror allowing to observe such phenomena as b eam reﬂection and trapping.\nThe possibility of using screw-shaped relativistic electron beams inst ead of laser pulses is also one\nof the follow-up research topics triggered by this work.\nAcknowledgement:\nWe would like to thank the developer team of Tech-X Corporation for the help and support\nin solving the issues regarding the parallel performance of the simula tion code (VSim). The high\nperformancecomputerclusterwasprovidedbytheJohnAdamsIn stitute(O",
        "page": 12,
        "link": "https://ui.adsabs.harvard.edu/link_gateway/2016NatSR...636139L/EPRINT_PDF",
        "title": "GigaGauss solenoidal magnetic field inside bubbles excited in underdense plasma"
    },
    "2016NatSR...636139L_page_12_chunk_4": {
        "text": "X Corporation for the help and support\nin solving the issues regarding the parallel performance of the simula tion code (VSim). The high\nperformancecomputerclusterwasprovidedbytheJohnAdamsIn stitute(Oxford). TheELI-ALPS\nproject (GOP-1.1.1.-12/B-2012-0001, GINOP-2.3.6-15-2015-00 001) is supported by the European\nUnion and co-ﬁnanced by the European Regional Development Fund .\n12",
        "page": 12,
        "link": "https://ui.adsabs.harvard.edu/link_gateway/2016NatSR...636139L/EPRINT_PDF",
        "title": "GigaGauss solenoidal magnetic field inside bubbles excited in underdense plasma"
    },
    "2016NatSR...636139L_page_13_chunk_1": {
        "text": "References\n[1] E. G. Zweibel, C. Heiles, Magnetic ﬁelds in galaxies and beyond, Natu re385, 131 136 (1997)\n[2] J. Faure, Y. Glinec, et al., A laserplasma accelerator producing mo noenergetic electron beams,\nstimulating coherent radiation, Nature 431, p.541 (2004)\n[3] B. A. Remington, R. P. Drake, D. D. Ryutov, Experimental astr ophysics with high power\nlasers and Z pinches, Rev. Mod. Phys. 78, 755 (2006)\n[4] L. R. Elias, W. M. Fairbank, J. M. J. Madey, H. A. Schwettman, an d T. I. Smith, Observation\nofStimulatedEmissionofRadiationbyRelativisticElectronsinaSpatially PeriodicTransverse\nMagnetic Field, Phys. Rev. Lett. 36, p.717 (1976)\n[5] Spruit, H. C. and Phinney, E. S., Birth kicks as the origin of pulsar r otation, Nature 393, 139\n(1998)\n[6] G. Gregori et al., Generation of scaled protogalactic seed magne tic ﬁelds in laser-produced\nshock waves, Nature 481, 480483 (2012)\n[7] Balandina, A.N., et. al., Magnetic Field Generation and Related Topics (MEGAGUSS), 2012\n14th International Conf",
        "page": 13,
        "link": "https://ui.adsabs.harvard.edu/link_gateway/2016NatSR...636139L/EPRINT_PDF",
        "title": "GigaGauss solenoidal magnetic field inside bubbles excited in underdense plasma"
    },
    "2016NatSR...636139L_page_13_chunk_2": {
        "text": "lactic seed magne tic ﬁelds in laser-produced\nshock waves, Nature 481, 480483 (2012)\n[7] Balandina, A.N., et. al., Magnetic Field Generation and Related Topics (MEGAGUSS), 2012\n14th International Conference on Megagauss, IEEE 2012, pp.1- 7\n[8] V. K. Chernyshev, V. D. Selemir, and L. N. Plyashkevich, Super- power explosive magnetic\nsources for thermonuclear and physical research, in Megagauss and megaampere pulsed tech-\nnology and application, Eds. Sarov: RFNC-VNIIEF, pp. 4158. (199 7)\n[9] S. V. Lebedev, et al., X-ray backlighting of wire array Z-pinch implo sions using X pinch, Rev.\nSci. Instrum. 72, 671 (2001)\n[10] P. J. Turchi, A. L. Cooper, R. D. Ford, D. J. Jenkins, and R. L. Burton, Review of the\nNRL Liner Implosion Program, Megagauss Physics and Technology, E d. Peter Turchi, Plenum\nPress, New York (1980)\n[11] J. Slough, A. Pancotti, D. Kirtley, Magnetic Field Generation and Related Topics (MEGA-\nGUSS), 2012 14th International Conference on Megagauss, 201 2\n[12] Sims, J.R. ; Rick",
        "page": 13,
        "link": "https://ui.adsabs.harvard.edu/link_gateway/2016NatSR...636139L/EPRINT_PDF",
        "title": "GigaGauss solenoidal magnetic field inside bubbles excited in underdense plasma"
    },
    "2016NatSR...636139L_page_13_chunk_3": {
        "text": "Press, New York (1980)\n[11] J. Slough, A. Pancotti, D. Kirtley, Magnetic Field Generation and Related Topics (MEGA-\nGUSS), 2012 14th International Conference on Megagauss, 201 2\n[12] Sims, J.R. ; Rickel, D.G. ; Swenson, C.A. ; Schillig, J.B. ; Ellis, G.W. ; Amm erman, C.N., As-\nsembly, Commissioning and Operation of the NHMFL 100 Tesla Multi-Puls e Magnet System,\nIEEE Transactions on Applied Superconductivity 18, p.587-591 (2008)\n[13] Fujioka et al., Kilotesla Magnetic Field due to a Capacitor-Coil Targ et Driven by High Power\nLaser, Sci. Rep. 3 (2013) 1170.\n[14] Puhkovet al., Relativistic Magnetic Self-Channeling of Light in Near -CriticalPlasma: Three-\nDimensional Particle-in-Cell Simulation, PRL 76 (1996) 3975\n[15] Borghesi et al, Megagauss Magnetic Field Generation and Plasma Jet Formation on Solid\nTargets Irradiated by an Ultraintense Picosecond Laser Pulse, Ph ys. Rev. Lett. 80 (1998)\n[16] Tatarakis et al, Measuring huge magnetic ﬁelds, Nature 415 (20 02) 280\n[17] Sarri et al, Dy",
        "page": 13,
        "link": "https://ui.adsabs.harvard.edu/link_gateway/2016NatSR...636139L/EPRINT_PDF",
        "title": "GigaGauss solenoidal magnetic field inside bubbles excited in underdense plasma"
    },
    "2016NatSR...636139L_page_13_chunk_4": {
        "text": "tion on Solid\nTargets Irradiated by an Ultraintense Picosecond Laser Pulse, Ph ys. Rev. Lett. 80 (1998)\n[16] Tatarakis et al, Measuring huge magnetic ﬁelds, Nature 415 (20 02) 280\n[17] Sarri et al, Dynamics of Self-Generated, Large Amplitude Magn etic Fields Following High-\nIntensity Laser Matter Interaction, Phys. Rev. Lett. 109 (201 2)\n[18] Ali et al, Inverse Faraday Eﬀect with Linearly Polarized Laser Pu lses, Phys. Rev. Lett. 105\n(2010) 35001\n[19] Wang et al, Hollow screw-like drill in plasma using an intense Laguerr eGaussian laser, Scient.\nRep. 5 (2015) 8274\n13",
        "page": 13,
        "link": "https://ui.adsabs.harvard.edu/link_gateway/2016NatSR...636139L/EPRINT_PDF",
        "title": "GigaGauss solenoidal magnetic field inside bubbles excited in underdense plasma"
    },
    "2016NatSR...636139L_page_14_chunk_1": {
        "text": "[20] Naseri, Bychenkov, and Rozmus, Axial magnetic ﬁeld generatio n by intense circularly polar-\nized laser pulses in underdense plasmas, Phys. Plasmas 17, 083109 (2010)\n[21] Zs.LeczandA.Andreev,Attospiralgenerationuponinterac tionofcircularlypolarizedintense\nlaser pulses with cone-like targets, Phys Rev E 93, 013207 (2016)\n[22] Yin Shi et al., Light Fan Driven by a Relativistic Laser Pulse, Phys Re v Lett112, 235001\n(2014)\n[23] Zs. Lecz, A. Andreev and A. Seryi, Plasma rotation with circular ly polarized laser pulse,\nLaser and Particle Beams 34, 31-42 (2015)\n[24] J. Vieira et al., Ampliﬁcation and generation of ultra-intense twist ed laser pulses via stimu-\nlated Raman scattering, Nature Communications 7, 10371 (2016)\n[25] T. Antonsen and P. Mora, Kinetic modeling of intense, short lase r pulses propagating in\ntenuous plasmas, Phys. Plasmas 4, 217 (1997)\n[26] D. Gordon, W. Mori, and T. Antonsen, Jr., A Ponderomotive Guid ing Center Particle-in-\nCell Code for Eﬃcient Modeling of LaserP",
        "page": 14,
        "link": "https://ui.adsabs.harvard.edu/link_gateway/2016NatSR...636139L/EPRINT_PDF",
        "title": "GigaGauss solenoidal magnetic field inside bubbles excited in underdense plasma"
    },
    "2016NatSR...636139L_page_14_chunk_2": {
        "text": " pulses propagating in\ntenuous plasmas, Phys. Plasmas 4, 217 (1997)\n[26] D. Gordon, W. Mori, and T. Antonsen, Jr., A Ponderomotive Guid ing Center Particle-in-\nCell Code for Eﬃcient Modeling of LaserPlasmaInteractions, IEEE T rans. Plasma Science 28,\n11351143 (2000)\n[27] P. Messmer and D. L. Bruhwiler, Simulating laser pulse propagatio n and low-frequency wave\nemission in capillary plasma channel systems with a ponderomotive guid ing center model,\nPhys. Rev. ST Accel. Beams 9, 031302 (2006)\n[28] C. B. Schroeder, C. Benedetti, E. Esarey, and W. P. Leemans , Phys Rev Lett 106, 135002\n(2011)\n[29] E. Esareyet al., Physics oflaser-drivenplasma-basedelectron accelerators,Review ofModern\nPhysics81, 1229 (2009)\n[30] J. D. Jackson, Classical Electrodynamics, 3rd ed. (Hamilton, N ew York, 1999)\n[31] J.R. Davies, Electric and magnetic ﬁeld generation and target he ating by laser-generated fast\nelectrons, Physical Review E 68, 056404 (2003)\n[32] Shadwick, B. A., C. B. Schroeder, and E. Esarey, Phy",
        "page": 14,
        "link": "https://ui.adsabs.harvard.edu/link_gateway/2016NatSR...636139L/EPRINT_PDF",
        "title": "GigaGauss solenoidal magnetic field inside bubbles excited in underdense plasma"
    },
    "2016NatSR...636139L_page_14_chunk_3": {
        "text": " J.R. Davies, Electric and magnetic ﬁeld generation and target he ating by laser-generated fast\nelectrons, Physical Review E 68, 056404 (2003)\n[32] Shadwick, B. A., C. B. Schroeder, and E. Esarey, Physics of Pla smas16, 056704 (2009)\n14",
        "page": 14,
        "link": "https://ui.adsabs.harvard.edu/link_gateway/2016NatSR...636139L/EPRINT_PDF",
        "title": "GigaGauss solenoidal magnetic field inside bubbles excited in underdense plasma"
    },
    "2016NatSR...636139L_page_15_chunk_1": {
        "text": "Appendix\nThe cork-screw shape of the laser envelope can be obtained by imple menting a rotating elliptic\nbeam proﬁle, with periodicity λsp. The transverse beam proﬁle at one point of the pulse is\nthe superposition of two Gaussian shapes: one is rotation symmetr ic with standard deviation\nσ1and one is uniform in the radial direction with σ2< σ1in the orthogonal direction. After\nsome geometric calculations one can derive the function of a line rota ting around the axis in the\ntransverse plane, which will give the radial direction of the second G aussian. Finally, the function\ndescribing the intensity distribution has the the following form:\nIL=I0exp/parenleftbigg\n−D2\n2σ2\n2/parenrightbigg\nexp/parenleftbigg\n−r2\n2σ2\n1/parenrightbigg\ncos[(2x/Llp−1)π/2], (7)\nwhereLlpis the total pulse length, r=/radicalbig\ny2+z2and the distance from the rotating line in the\ntransverse plane:\nD(x,y,z) = [(y−cos(α)(ztan(α)+y))2+(z−sin(α)(ztan(α)+y))2]1/2, (8)\nwhereα=πx/λspis the phase of the spiral envelope. In",
        "page": 15,
        "link": "https://ui.adsabs.harvard.edu/link_gateway/2016NatSR...636139L/EPRINT_PDF",
        "title": "GigaGauss solenoidal magnetic field inside bubbles excited in underdense plasma"
    },
    "2016NatSR...636139L_page_15_chunk_2": {
        "text": "radicalbig\ny2+z2and the distance from the rotating line in the\ntransverse plane:\nD(x,y,z) = [(y−cos(α)(ztan(α)+y))2+(z−sin(α)(ztan(α)+y))2]1/2, (8)\nwhereα=πx/λspis the phase of the spiral envelope. In Eq. 7 a cosine function also ap pears,\nwhich is the longitudinal envelope. The usual Gauss function is not ap propriate in this case,\nbecause it has to be truncated and the gradient at the leading edge of the pulse would be too\nlarge. By using this function we can assure that the intensity value is zero at both ends of the\npulse.\nThe simulation space contains 200 ×200×200 computational mesh cells with variable grid\nsizes depending on the bubble size. The propagation time is about 100 fs, which corresponded to\nabout 1000 PIC cycles. The plasma is represented by electrons with under-critical density with\n8 macro-particles in each cell. In order to simulate propagation dista nce much longer than the\ndomain size we applied the moving window feature of the VSim code. In t his case the simulati",
        "page": 15,
        "link": "https://ui.adsabs.harvard.edu/link_gateway/2016NatSR...636139L/EPRINT_PDF",
        "title": "GigaGauss solenoidal magnetic field inside bubbles excited in underdense plasma"
    },
    "2016NatSR...636139L_page_15_chunk_3": {
        "text": "nsity with\n8 macro-particles in each cell. In order to simulate propagation dista nce much longer than the\ndomain size we applied the moving window feature of the VSim code. In t his case the simulation\nbox is moving in the positive xdirection with the speed of light and in each time step electrons\nare loaded in the new grid cell appearing at the front side and electro ns are absorbed at the back\nside of the simulation domain.\n15",
        "page": 15,
        "link": "https://ui.adsabs.harvard.edu/link_gateway/2016NatSR...636139L/EPRINT_PDF",
        "title": "GigaGauss solenoidal magnetic field inside bubbles excited in underdense plasma"
    }
}