{
    "2017PhLB..772..592C_page_1_chunk_1": {
        "text": "Phase transitions in thick branes endorsed by entropic\ninformation\nW. T. Cruza, D. M. Dantasb, R. A. C. Correac,d, C. A. S. Almeidab\naInstituto Federal de Educa\u0018 c~ ao, Ci^ encia e Tecnologia do Cear\u0013 a (IFCE), Campus Juazeiro\ndo Norte - 63040-540 Juazeiro do Norte, CE, Brazil\nbUniversidade Federal do Cear\u0013 a (UFC), Departamento de F\u0013 \u0010sica, Campus do Pici,\nFortaleza - CE, C.P. 6030, 60455-760 - Brazil\ncUNESP, Universidade Estadual Paulista, Campus de Guaratinguet\u0013 a, 12516-410,\nGuaratinguet\u0013 a, S~ ao Paulo, Brazil\ndITA, Instituto Tecnol\u0013 ogico de Aeron\u0013 autica- Departamento de F\u0013 \u0010sica, 12228-900, S~ ao Jos\u0013 e\ndos Campos, S~ ao Paulo, Brazil\nAbstract\nThe so-called con\fgurational entropy (CE) framework has proved to be an e\u000e-\ncient instrument to study nonlinear scalar \feld models featuring solutions with\nspatially-localized energy, since its proposal by Gleiser and Stamapoulos. There-\nfore, in this work, we apply this new physical quantity in order to investigate the\nproperties of dege",
        "page": 1,
        "link": "https://ui.adsabs.harvard.edu/link_gateway/2017PhLB..772..592C/EPRINT_PDF",
        "title": "Phase transitions in thick branes endorsed by entropic information"
    },
    "2017PhLB..772..592C_page_1_chunk_2": {
        "text": " solutions with\nspatially-localized energy, since its proposal by Gleiser and Stamapoulos. There-\nfore, in this work, we apply this new physical quantity in order to investigate the\nproperties of degenerate Bloch branes. We show that it is possible to construct\na con\fgurational entropy measure in functional space from the \feld con\fgura-\ntions, where a complete set of exact solutions for the model studied displays\nboth double and single-kink con\fgurations. Our study shows a rich internal\nstructure of the con\fgurations, where we observe that the \feld con\fgurations\nundergo a quick phase transition, which is endorsed by information entropy.\nFurthermore, the Bloch con\fgurational entropy is employed to demonstrate a\nhigh organisational degree in the structure of the con\fgurations of the system,\nstating that there is a best ordering for the solutions.\nKeywords: Bloch brane, brane-world models, con\fgurational entropy\n1. INTRODUCTION\nIn the last years, the study of phenomenological properties i",
        "page": 1,
        "link": "https://ui.adsabs.harvard.edu/link_gateway/2017PhLB..772..592C/EPRINT_PDF",
        "title": "Phase transitions in thick branes endorsed by entropic information"
    },
    "2017PhLB..772..592C_page_1_chunk_3": {
        "text": "stating that there is a best ordering for the solutions.\nKeywords: Bloch brane, brane-world models, con\fgurational entropy\n1. INTRODUCTION\nIn the last years, the study of phenomenological properties in braneworld\nmodels are increasing. We have recent works explaining anomalies in the meson\nBdecay [1] and in the neutrinos physics [2], performing bounds into correc-\ntions to Coulomb's law [3, 4], into electrical conductivity [5], as also adjusting\nparameters to the experimental data of the nucleon-nucleus total cross-section\nof various chemical elements [6]. Applications to Myers-Perry's black holes and\nresults based on the observation of gravitational waves are others interesting\nissues about new insights in the braneworld framework.\nIn this context, a well-known model is the Bloch brane scenario, proposed by\nBazeia and Gomes [9]. This thick brane model is generated by two interacting\nEmail addresses: wilamicruz@gmail.com (W. T. Cruz), davi@fisica.ufc.br (D. M.\nDantas), rafael.couceiro@",
        "page": 1,
        "link": "https://ui.adsabs.harvard.edu/link_gateway/2017PhLB..772..592C/EPRINT_PDF",
        "title": "Phase transitions in thick branes endorsed by entropic information"
    },
    "2017PhLB..772..592C_page_1_chunk_4": {
        "text": "enario, proposed by\nBazeia and Gomes [9]. This thick brane model is generated by two interacting\nEmail addresses: wilamicruz@gmail.com (W. T. Cruz), davi@fisica.ufc.br (D. M.\nDantas), rafael.couceiro@ufabc.edu.br (R. A. C. Correa), carlos@fisica.ufc.br (C. A.\nS. Almeida)\nPreprint submitted to Physics Letters B August 25, 2021arXiv:1702.04042v2  [hep-th]  17 Jul 2017",
        "page": 1,
        "link": "https://ui.adsabs.harvard.edu/link_gateway/2017PhLB..772..592C/EPRINT_PDF",
        "title": "Phase transitions in thick branes endorsed by entropic information"
    },
    "2017PhLB..772..592C_page_2_chunk_1": {
        "text": "scalar \felds that perform the thickness of the model that solves several issues in\nthe \felds localisation present in thin models [10, 11], as well as in the Randall-\nSundrum models [12, 13]. Moreover, the structure of this scenario is based on\ndomain walls, which have some interesting application in several branches of\nPhysics as in high energy physics [14], cosmology [15, 16], quantum \feld theory\n[17] and propositions about the gravitational waves observation [18].\nThe authors of the works [19{21] have shown the existence of more general\nBloch brane solutions in which a degeneracy parameter is responsible for the\nraising of two-kink solutions. That model is the so-called degenerate Bloch\nbrane (DBB), where the energy of the \feld con\fguration in the superpotential\nis precisely the same with regarding all parameter associated with the domain\nwall [19]. So, we have the formation of a double brane structure with a splitting\ne\u000bect that is magni\fed by the approaching of the degeneracy param",
        "page": 2,
        "link": "https://ui.adsabs.harvard.edu/link_gateway/2017PhLB..772..592C/EPRINT_PDF",
        "title": "Phase transitions in thick branes endorsed by entropic information"
    },
    "2017PhLB..772..592C_page_2_chunk_2": {
        "text": "h regarding all parameter associated with the domain\nwall [19]. So, we have the formation of a double brane structure with a splitting\ne\u000bect that is magni\fed by the approaching of the degeneracy parameter to a\ncritical value.\nThis transition from single-kink solution to double-kink (or multi-kink) so-\nlutions have some physical implications. The multi-kinks appear in dispersive\nnon-linear system, where single-kinks are no more stables [22]. The Ref. [23]\nshows the appearance of double-kink soliton in the sine-Gordon model under the\nperturbation of a space-dependent force. The experimental application of multi-\nkink concepts arises, among other, in the mobility hysteresis in a damped driven\ncommensurable chain of atoms [24] and in arrays of Josephson junctions [25].\nSpeci\fcally in the context of braneworlds, the presence of the massive resonant\nKaluza-Klein modes is dependent upon transition parameter. A resonant KK\nmode is an extradimensional massive mode of a \feld with a \fnite lifetim",
        "page": 2,
        "link": "https://ui.adsabs.harvard.edu/link_gateway/2017PhLB..772..592C/EPRINT_PDF",
        "title": "Phase transitions in thick branes endorsed by entropic information"
    },
    "2017PhLB..772..592C_page_2_chunk_3": {
        "text": "xt of braneworlds, the presence of the massive resonant\nKaluza-Klein modes is dependent upon transition parameter. A resonant KK\nmode is an extradimensional massive mode of a \feld with a \fnite lifetime, which\ncan bring some interesting phenomenology to braneworlds branch [1, 4, 26{28].\nThe study of resonances for gravity and fermions in the symmetric and asym-\nmetric cases of the usual Bloch branes was performed in Ref. [29]. However,\nmore interesting results are present in the DBB scenarios [21, 30]. In this case\nthe degeneracy constant tends to a critical value, a highly KK gravity mode\ncoupled to the brane is observed [30], and also crucial issues in the localisation\nof massless fermions are clari\fed [21]. Moreover, the gauge \feld resonances are\npresent only in the double-kink version of sine-Gordon models [4]. In short,\nthe double-kink models bring more stability to the models and richer physical\napplications.\nOn the other hand, the reference [31] reintroduces the concept of inform",
        "page": 2,
        "link": "https://ui.adsabs.harvard.edu/link_gateway/2017PhLB..772..592C/EPRINT_PDF",
        "title": "Phase transitions in thick branes endorsed by entropic information"
    },
    "2017PhLB..772..592C_page_2_chunk_4": {
        "text": "f sine-Gordon models [4]. In short,\nthe double-kink models bring more stability to the models and richer physical\napplications.\nOn the other hand, the reference [31] reintroduces the concept of informa-\ntional entropy, based on Shannon's information entropy [32]. The so-called\nCon\fgurational Entropy (CE) was constructed and applied to several nonlin-\near scalar \feld models featuring solutions with spatially-localised energy. As\npresented in Ref. [31], the CE can solve energies of degenerate con\fgurations.\nThe approach presented in [31] have been used to study the non-equilibrium\ndynamics of spontaneous symmetry breaking [33], to obtain the stability bound\nfor compact objects like Q-balls [34], to investigate the emergence of localized\nobjects during in\rationary preheating [35], and moreover to distinguish con\fgu-\nrations with energy-degenerate spatial pro\fles [36]. The CE bounds the stability\nof various self-gravitating astrophysical objects [37] and states in Lorentz Vi-\nolating (LV) ",
        "page": 2,
        "link": "https://ui.adsabs.harvard.edu/link_gateway/2017PhLB..772..592C/EPRINT_PDF",
        "title": "Phase transitions in thick branes endorsed by entropic information"
    },
    "2017PhLB..772..592C_page_2_chunk_5": {
        "text": "r to distinguish con\fgu-\nrations with energy-degenerate spatial pro\fles [36]. The CE bounds the stability\nof various self-gravitating astrophysical objects [37] and states in Lorentz Vi-\nolating (LV) scenarios [38] and also provides information about the stability\nof the glueball states in a dynamical holographic AdS/QCD model [39]. In the\ntopic of braneworlds, the CE was heretofore applied to sine-Gordon models [40],\nto models with f(R) [41], tof(R;T) [42] theories of gravity, and to the Weyl\nbrane [43], as well as to the topological abelian string-vortex in six dimensions\n2",
        "page": 2,
        "link": "https://ui.adsabs.harvard.edu/link_gateway/2017PhLB..772..592C/EPRINT_PDF",
        "title": "Phase transitions in thick branes endorsed by entropic information"
    },
    "2017PhLB..772..592C_page_3_chunk_1": {
        "text": "[44].\nGuided by the previous results involving degenerate two-\feld thick brane\nsolutions, we propose in this work to investigate the Bloch brane solutions and\ndegenerate versions by means of the CE information.\n2. Bloch brane overview\nA very interesting class of con\fguration in theories involving extra dimen-\nsions is that one where the scalar \feld give rise a domain wall, which is baptised\nin the literature as thick brane. It was shown that some kinds of two inter-\nacting scalar \feld potentials can be used in order to describe the splitting of\nthick branes due to a \frst-order phase transition in a warped geometry. As\na consequence, we can \fnd remarkable and distinctive critical phenomena in\nwarped spacetimes, which can open a new window to study cosmological sce-\nnarios. Other e\u000ecient alternative to \fnd answers for the cosmological issues\ncome from the work by Bazeia and Campos [9], where it was studied a system\ndescribed by two real scalar \felds coupled with gravity in (4 + 1) dimens",
        "page": 3,
        "link": "https://ui.adsabs.harvard.edu/link_gateway/2017PhLB..772..592C/EPRINT_PDF",
        "title": "Phase transitions in thick branes endorsed by entropic information"
    },
    "2017PhLB..772..592C_page_3_chunk_2": {
        "text": "ernative to \fnd answers for the cosmological issues\ncome from the work by Bazeia and Campos [9], where it was studied a system\ndescribed by two real scalar \felds coupled with gravity in (4 + 1) dimensions in\nwarped spacetime involving one extra dimension. In that work, it was found a\nrich class of brane con\fguration, which was called Bloch brane. The most im-\nportant feature of the Bloch brane solutions is its stability regarding the classical\nlinear \ructuations of the scalar \felds.\n2.1.Bloch brane\nThe simplest Bloch brane setup is built with the coupling of two \felds to\ngravity, as we describe below. The scalar \felds depend only on the extra dimen-\nsiony. The usual action in \fve-dimensional (5 D) gravity can be represented\nby\nS=Z\nd4xdyp\njgj\u0014\n\u0000R\n4+1\n2(@\u0016\u001e@\u0016\u001e+@\u0016\u001f@\u0016\u001f)\u0000V(\u001e;\u001f)\u0015\n; (1)\nwhereg=det(g\u0016\u0017) andRis the curvature scalar for the metric ds2= e2A\u0011\u0016\u0017dx\u0016dx\u0017\u0000\ndy2. From Eq. (1), we can obtain the following equation of motion and the cor-\nresponding modi\fed Einstein equations\n\u001e00+ 4A0\u001e0=@V\n",
        "page": 3,
        "link": "https://ui.adsabs.harvard.edu/link_gateway/2017PhLB..772..592C/EPRINT_PDF",
        "title": "Phase transitions in thick branes endorsed by entropic information"
    },
    "2017PhLB..772..592C_page_3_chunk_3": {
        "text": "t(g\u0016\u0017) andRis the curvature scalar for the metric ds2= e2A\u0011\u0016\u0017dx\u0016dx\u0017\u0000\ndy2. From Eq. (1), we can obtain the following equation of motion and the cor-\nresponding modi\fed Einstein equations\n\u001e00+ 4A0\u001e0=@V\n@\u001e; \u001f00+ 4A0\u001f0=@V\n@\u001f(2)\nA00=\u00002\n3\u0000\n\u001e02+\u001f02\u0001\n(3)\nA02=1\n6\u0000\n\u001e02+\u001f02\u0001\n\u00001\n3V(\u001e;\u001f): (4)\nwhere prime stands for derivative with respect to y.\nIn order to obtain \frst order equations from the equations of motion, let us\napply the so-called superpotential method [45{51]\nV(\u001e;\u001f) =1\n8\"\u0012@W\n@\u001e\u00132\n+\u0012@W\n@\u001f\u00132#\n\u00001\n3W2(\u001e;\u001f): (5)\nwhereW(\u001e;\u001f) is the superpotential, which from Ref. [45] is de\fned by\nW(\u001e;\u001f) = 2\u001e\u00002\n3\u001e3\u00002r\u001e\u001f2; (6)\n3",
        "page": 3,
        "link": "https://ui.adsabs.harvard.edu/link_gateway/2017PhLB..772..592C/EPRINT_PDF",
        "title": "Phase transitions in thick branes endorsed by entropic information"
    },
    "2017PhLB..772..592C_page_4_chunk_1": {
        "text": "whereris a real thickness parameter that can vary in the interval r2(0;1=2).\nWe want to stress, however, that this particular superpotential has a fer-\ntile structure being very useful in a large number of physical applications. For\ninstance, studies include topological defects, localisation of fermions on crit-\nical branes, supersymmetric theories, travelling solitons in Lorentz and CPT\nbreaking systems, bags, junctions, and networks of BPS and non-BPS defects\n[9, 19{21, 45].\nWith the potential introduced in Eq.(5), we obtain the resulting \frst-order\nequations\u001e0=1\n2@W\n@\u001e,\u001f0=1\n2@W\n@\u001fandA0=\u00001\n3W, from which we \fnd the\nsolutions that describe our brane model. The solutions to the \felds are\n\u001e(y) = tanh(2ry); \u001f(y) =\u0006 r\n1\nr\u00002!\nsech(2ry): (7)\nThe upper limit r!1=2 changes the Bloch brane pro\fle, where two-\feld so-\nlution turns into one-\feld solution [9]. However, for the usual Bloch brane the\ntwo-kink pro\fle is never achieved by variations in r. The warp factor e2A(y)is\nobtained by the solut",
        "page": 4,
        "link": "https://ui.adsabs.harvard.edu/link_gateway/2017PhLB..772..592C/EPRINT_PDF",
        "title": "Phase transitions in thick branes endorsed by entropic information"
    },
    "2017PhLB..772..592C_page_4_chunk_2": {
        "text": " where two-\feld so-\nlution turns into one-\feld solution [9]. However, for the usual Bloch brane the\ntwo-kink pro\fle is never achieved by variations in r. The warp factor e2A(y)is\nobtained by the solution of A0=\u0000W=3 in the form\nA(y) =1\n9r\u0002\n(1\u00003r) tanh2(2ry)\u00002 ln cosh(2ry)\u0003\n: (8)\nFor this model, the energy density is written as [9]\n\"(y) = e2A(y)\u00141\n2\u001e02+1\n2\u001f02+V(\u001e;\u001f)\u0015\n: (9)\nWe plot\"(y) in Fig. (1), that show us the appearance of two peaks on the\nenergy density for the interval 0 >r> 0:17. In Ref. [9] the authors have noticed\nthe existence of a brane internal structure that is suppressed by the presence of\ngravity. The raising of such structure is related with a speci\fc value of r. This\nissue will be addressed in the next section by CE concepts.\n2.2.Degenerate I Bloch Brane\nAmong other types of nonlinear \feld con\fgurations coupled to gravity in\n(4 + 1) dimensions in warped space-time with one extra dimension. That is a\nspecially important class of Bloch branes, which was coined degenerate ",
        "page": 4,
        "link": "https://ui.adsabs.harvard.edu/link_gateway/2017PhLB..772..592C/EPRINT_PDF",
        "title": "Phase transitions in thick branes endorsed by entropic information"
    },
    "2017PhLB..772..592C_page_4_chunk_3": {
        "text": "f nonlinear \feld con\fgurations coupled to gravity in\n(4 + 1) dimensions in warped space-time with one extra dimension. That is a\nspecially important class of Bloch branes, which was coined degenerate Bloch\nbrane (DBB) [19, 21], due to degenerate energy in the superpotencial param-\neters. These new class of con\fgurations, on the contrary of the usual Bloch\nbranes, enable a control over the brane thickness without needing to change the\npotential parameter, but by means of a domain wall degeneracy parameter.\nIn such models, the scalar \feld manifests a transition from kink to double\nkink solution when a degeneracy parameter reaches a critical value with the\nfollowing potential:\nV(\u001e;\u001f) =1\n2\"\u0012@W\n@\u001e\u00132\n+\u0012@W\n@\u001f\u00132#\n\u00004\n3W2(\u001e;\u001f); (10)\nand the new superpotential\nW(\u001e;\u001f) =\u001e\u0014\n\u0015\u0012\u001e2\n3\u0000a2\u0013\n+\u0016\u001f2\u0015\n; (11)\n4",
        "page": 4,
        "link": "https://ui.adsabs.harvard.edu/link_gateway/2017PhLB..772..592C/EPRINT_PDF",
        "title": "Phase transitions in thick branes endorsed by entropic information"
    },
    "2017PhLB..772..592C_page_5_chunk_1": {
        "text": "-15 -10 -5 0 5 10 15-0.10.00.10.2\nyϵ(y)=0.25r=0.17r=0.08\nrFigure 1:\"(y) for Bloch brane.\nwhere\u0015,aand\u0016are real parameters that deform this superpotential.\nSo, it has been found in Ref. [20] that there are two particular cases where\nthe \frst-order di\u000berential equations can be solved analytically. The \frst set of\nsolutions is given by [19]\n\u001f(1)(y) =2a2\n\u0010p\nc2\n0\u00004a2\u0011\ncosh(2\u0016ay)\u0000c0; (12)\n\u001e(1)(y) =a\u0010p\nc2\n0\u00004a2\u0011\nsinh(2\u0016ay)\n\u0010p\nc2\n0\u00004a2\u0011\ncosh(2\u0016ay)\u0000c0; (13)\nwherec0is the degeneracy parameter that also regulates the brane thickness\n(the larger is c0, the thinner is the brane) and it was considered as c0<\u00002a\nand\u0015=\u0016. Moreover, in this case, the corresponding warp factor is written in\nthe form\neA(y)=N2\n42a2\n\u0010p\nc2\n0\u00004a2\u0011\ncosh(2\u0016ay)\u0000c03\n54\n9a2\n\u0002\n\u0002exp8\n><\n>:2a2h\nc2\n0\u00064a2\u0000c0\u0010p\nc2\n0\u00004a2\u0011\ncosh(2a\u0016y)i\n9h\u0010p\nc2\n0\u00004a2\u0011\ncosh(2\u0016ay)\u0000c0i29\n>=\n>;: (14)\nAn interesting feature of these solutions is that, for some values of c0close to\nthe critical value, namely ccrit\n0=\u00002a, the scalar \feld \u001e(1)(y) exhibits a double\nk",
        "page": 5,
        "link": "https://ui.adsabs.harvard.edu/link_gateway/2017PhLB..772..592C/EPRINT_PDF",
        "title": "Phase transitions in thick branes endorsed by entropic information"
    },
    "2017PhLB..772..592C_page_5_chunk_2": {
        "text": "0\u00004a2\u0011\ncosh(2\u0016ay)\u0000c0i29\n>=\n>;: (14)\nAn interesting feature of these solutions is that, for some values of c0close to\nthe critical value, namely ccrit\n0=\u00002a, the scalar \feld \u001e(1)(y) exhibits a double\nkink pro\fle that re\rects a formation of a double wall structure, extended along\nthe extra dimension. On the other hand, the scalar \feld \u001f(1)(y), close to the\n5",
        "page": 5,
        "link": "https://ui.adsabs.harvard.edu/link_gateway/2017PhLB..772..592C/EPRINT_PDF",
        "title": "Phase transitions in thick branes endorsed by entropic information"
    },
    "2017PhLB..772..592C_page_6_chunk_1": {
        "text": "critical value ccrit\n0, exhibits a \rat top. In addition, we can observe in the warp\nfactor the emergence of a controllable \rat region, where one could think in a\nMinkowski-type metric region sandwiched between the two branes.\nAs we are interested in analysing the information-entropic measure of these\ncon\fgurations, it is interesting to show the energy density pro\fle. Therefore\nwith the results above we are able to construct the energy density (9), which is\ndisplayed in Fig. (2). From that \fgure, we can also note the appearance of two\npeaks when the degeneracy parameter is close to the critical value, signalising\na richer structure for energy density.\n-4 -2 0 2 4-0.20.00.20.4\nyϵ(y)c0=-2.1c0=-2.3c0=-2.7\nFigure 2:\"(y) for DBB I with a=\u0016= 1.\n2.3.Degenerate II Bloch Brane\nFollowing Ref. [21], with the same potential (10) and the superpotential\nfunction (11), there is another class of degenerate Bloch brane solution, which\nwe named DBB II. In this case, assuming c0<1=(16a2) and\u0015= 4\u0016, we \fnd\n",
        "page": 6,
        "link": "https://ui.adsabs.harvard.edu/link_gateway/2017PhLB..772..592C/EPRINT_PDF",
        "title": "Phase transitions in thick branes endorsed by entropic information"
    },
    "2017PhLB..772..592C_page_6_chunk_2": {
        "text": "ith the same potential (10) and the superpotential\nfunction (11), there is another class of degenerate Bloch brane solution, which\nwe named DBB II. In this case, assuming c0<1=(16a2) and\u0015= 4\u0016, we \fnd\nthe following analytical solutions [21]\n\u001f(2)(y) =\u00002aq\u0000p1\u000016c0a2\u0001\ncosh(4\u0016ay) + 1; (15)\n\u001e(2)(y) =a\u0000p1\u000016c0a2\u0001\nsinh(4\u0016ay)\u0000p1\u000016c0a2\u0001\ncosh(4\u0016ay) + 1: (16)\nFurthermore, the corresponding warp factor is given by\ne2A(y)=N2\n4\u00002aq\u0000p1\u000016c0a2\u0001\ncosh(4\u0016ay) + 13\n516a2\n9\n\u0002\n\u0002exp(\n\u00004a2\u0002\n1 + 8c0a2+\u0000p1\u000016c0a2\u0001\ncosh(4a\u0016y)\u0003\n9\u0002\u0000\n1 +p1\u000016c0a2\u0001\ncosh(4\u0016ay)\u00032)\n: (17)\n6",
        "page": 6,
        "link": "https://ui.adsabs.harvard.edu/link_gateway/2017PhLB..772..592C/EPRINT_PDF",
        "title": "Phase transitions in thick branes endorsed by entropic information"
    },
    "2017PhLB..772..592C_page_7_chunk_1": {
        "text": "-3 -2 -1 0 1 2 3051015202530\nyϵ(y)c0=0.010c0=0.050c0=0.052Figure 3:\"(y) for DBB II with a=\u0016= 1.\nThe solution presented in (17) is also known as critical Bloch brane due the\nappearance of a more pronounced \rat region when the degeneracy parameter\ntends to its upper limit c0!\u0000\n1=16a2\u0001\n. After all, we note that the DBB I and\nDBB II are very similar models, as we can see by comparing the warp factors\nin the equations (14) and (17).\nFinally, the resulting energy density is plotted in Fig. (3). The behaviour\nof the energy density of the DBB II solution is di\u000berent from the two previous\ncases, since its energies are more localised and the peaks are more prominent.\nHowever, the DBB II model maintains the splitting of the maxima. In next\nsection, we will verify by CE concepts, that these changes in the DBB II occur\nbecause the region where CE tends to the minimum is more narrow that in the\nDBB I and in the usual Bloch Brane cases.\n3. Con\fgurational Entropy in Bloch brane scenario\nThe so-called ",
        "page": 7,
        "link": "https://ui.adsabs.harvard.edu/link_gateway/2017PhLB..772..592C/EPRINT_PDF",
        "title": "Phase transitions in thick branes endorsed by entropic information"
    },
    "2017PhLB..772..592C_page_7_chunk_2": {
        "text": " the DBB II occur\nbecause the region where CE tends to the minimum is more narrow that in the\nDBB I and in the usual Bloch Brane cases.\n3. Con\fgurational Entropy in Bloch brane scenario\nThe so-called con\fgurational entropy (CE) [31] is correlated to the energy of\na localised \feld con\fguration, where low energy systems are linked with small\nentropic measures [31].\nThe CE can be expressed by the following Fourier transform of the energy\ndensity [31, 40, 41]\nF(!) =1p\n2\u0019Z1\n\u00001\"(y) ei!ydy: (18)\nThe model where we apply the CE contains structures with spatially lo-\ncalised, square-integrable, bounded energy density functions \"(y). Hence, we\ncan de\fne the so-called modal fraction that reads [31, 33, 34, 36]\nf(!) =jF(!)j2\nR1\n\u00001d!jF(!)j2: (19)\n7",
        "page": 7,
        "link": "https://ui.adsabs.harvard.edu/link_gateway/2017PhLB..772..592C/EPRINT_PDF",
        "title": "Phase transitions in thick branes endorsed by entropic information"
    },
    "2017PhLB..772..592C_page_8_chunk_1": {
        "text": "Subsequently, we can work with the normalized modal fraction, de\fned as\nthe ratio of the normalised Fourier transformed function and its maximum value\n~f(!) =f(!)=fmax:So, localised and continuous function ~f(!) yields the fol-\nlowing de\fnition for the CE\nS(~f) =\u0000Z1\n\u00001d!~f(!)lnh\n~f(!)i\n: (20)\nFrom the point of view of CE approach, it has been shown that is possible to\nobtain important bounds in theories where unknown parameters are presented.\nHere, it should be noted that the strategy of using c0to map a di\u000berent range\nof parameters for the energy density and the CE has been used successfully\nseveral times before. It is worth highlighting that the CE method was already\nemployed for the \rat case of degenerate kinks in two-\feld models [36]. In the\npresent paper, we verify the in\ruence of the gravity in these degenerate models\nand its implications on the \felds localisation and the changes in the critical\npoints. The main motivation in our study is to show that there is a bound\nregarding t",
        "page": 8,
        "link": "https://ui.adsabs.harvard.edu/link_gateway/2017PhLB..772..592C/EPRINT_PDF",
        "title": "Phase transitions in thick branes endorsed by entropic information"
    },
    "2017PhLB..772..592C_page_8_chunk_2": {
        "text": " gravity in these degenerate models\nand its implications on the \felds localisation and the changes in the critical\npoints. The main motivation in our study is to show that there is a bound\nregarding the internal structure of DBB, where the warped geometry leads to\nthe emergence of a controllable \rat region, which is described by a Minkowski\nspace-time. Through this analysis, we expect to understand the phase transition\nphenomena in Bloch branes scenarios, providing tools for a better understand-\ning of new brane cosmological models. Furthermore, we can point out the most\nprobable parameter that allows us to have normalisable fermion zero-mode lo-\ncalised on the brane. In addition we have the value for the highly KK gravity\nmodes coupled in these DBB models. Our methodology consists in quantify the\nCE in terms of the degeneracy parameter c0. On this way, we can merge the\nentropy information with details of the structure of the defects like thickness\nand curvature.\n0.0 0.1 0.2 0.3 0.4 0.",
        "page": 8,
        "link": "https://ui.adsabs.harvard.edu/link_gateway/2017PhLB..772..592C/EPRINT_PDF",
        "title": "Phase transitions in thick branes endorsed by entropic information"
    },
    "2017PhLB..772..592C_page_8_chunk_3": {
        "text": "tify the\nCE in terms of the degeneracy parameter c0. On this way, we can merge the\nentropy information with details of the structure of the defects like thickness\nand curvature.\n0.0 0.1 0.2 0.3 0.4 0.50.00.51.01.5\nrS(r)\nFigure 4: CE for usual Bloch brane solution.\n8",
        "page": 8,
        "link": "https://ui.adsabs.harvard.edu/link_gateway/2017PhLB..772..592C/EPRINT_PDF",
        "title": "Phase transitions in thick branes endorsed by entropic information"
    },
    "2017PhLB..772..592C_page_9_chunk_1": {
        "text": "3.1. CE in the usual Bloch Brane\nNow, we review the CE approach to the usual Bloch brane. Firstly we\nanalyse the basic two-\feld setup from Eqs. (7). Due to the complexity of the\nsolutions, we evaluate numerically the S(~f) and show the result in Fig. (4). The\ngraphic shows us that there is no minimum in the CE to this case and S(~f) is\nreduced as the thickness of the brane is increased ( rgoes to zero). This result\ntells us that the region where we have the opening of the internal structure,\nnamely, 0< r < 0:17, corresponds to the region of lower CE. Therefore, in\nthe range of lowest CE, the coupling to gravity does not destroy the presence\nof internal structure for the Bloch brane. From information-entropic measure\npoint of view, that range matches the values of lower energy of the system, and\nthus explaining the stability of the con\fgurations. This is an important result\nfrom CE background, since that the problem concerning the stability of internal\nstructure had not yet been su\u000ecien",
        "page": 9,
        "link": "https://ui.adsabs.harvard.edu/link_gateway/2017PhLB..772..592C/EPRINT_PDF",
        "title": "Phase transitions in thick branes endorsed by entropic information"
    },
    "2017PhLB..772..592C_page_9_chunk_2": {
        "text": ", and\nthus explaining the stability of the con\fgurations. This is an important result\nfrom CE background, since that the problem concerning the stability of internal\nstructure had not yet been su\u000eciently answered in the literature.\nThe lack of a minimum CE for r6= 0 is related to the absence of a phase\ntransition in the scalar \feld solutions. In fact, the solution to \u001e(y) in this\ncase do not presents the transition kink to double-kink pro\fle. In addition, the\nCE shows that the most prominent Bloch con\fgurations are those where the\ninteraction between the \felds is weak. In this case, we can argue that the CE\nselects usual Bloch brane models that in a good approximation has its form\ndominated by the standard \u001e4model.\n3.2.CE in the degenerate I Bloch brane\nWe now turn our attention to the DBB I solution, that is expressed by the\nsolutions in Eqs. (12) and (14). After numerical calculations, the CE for this\ncase is presented in Fig. (5). Our fundamental goal is to show that the CE can be\nu",
        "page": 9,
        "link": "https://ui.adsabs.harvard.edu/link_gateway/2017PhLB..772..592C/EPRINT_PDF",
        "title": "Phase transitions in thick branes endorsed by entropic information"
    },
    "2017PhLB..772..592C_page_9_chunk_3": {
        "text": " I solution, that is expressed by the\nsolutions in Eqs. (12) and (14). After numerical calculations, the CE for this\ncase is presented in Fig. (5). Our fundamental goal is to show that the CE can be\nused to distinguish between such con\fgurations. Moreover, as a Bloch brane is a\nthick brane that evolutes to a thicker one, which is called DBB, we are interested\nin describing the mechanism that can adequately facilitate the description of\n\frst order phase transitions. As a matter of fact, these transitions can provide\na better understanding of the complex issues regarding brane splitting in warped\ngeometries. In this case, we will see that the CE can be used as a key element\nfor this description.\nFrom the Fig. (5), we can note that there is a minimum in the CE at\nc0=\u00002:3. This point corresponds the phase transition for the scalar \feld\nsolution. At this point, we have the raising of two-kink pro\fle. In order to better\nidentify the raising of the two-kink solutions, we have plotted the \frst",
        "page": 9,
        "link": "https://ui.adsabs.harvard.edu/link_gateway/2017PhLB..772..592C/EPRINT_PDF",
        "title": "Phase transitions in thick branes endorsed by entropic information"
    },
    "2017PhLB..772..592C_page_9_chunk_4": {
        "text": "ds the phase transition for the scalar \feld\nsolution. At this point, we have the raising of two-kink pro\fle. In order to better\nidentify the raising of the two-kink solutions, we have plotted the \frst derivative\nof the scalar \feld in Figure (6). In one-kink solution, the \frst derivative must\nassume a constant value near the origin. However, when we have the two-kink\nsolution, the \u001e0(0) must be a local minimum. We note the appearance of a\nminimum in \u001e0(0) at the critical point ( c0=\u00002:3). Therefore, the raising of\ntwo-kink pro\fle occurs at the degeneracy parameter c0corresponding to the\nminimum of the CE.\nThere is also a correspondence between the entropic information and the\nmatter-energy density along the extra dimension. For the region where c0<\n\u00002:3, the\"(y) degenerate solutions have a single peak around y= 0. Our results\nalso show that for \u00002:3< c0<\u00002:0 (see \fg.( 2)) the energy density acquires\ntwo peaks. The minimum of the CE at c0=\u00002:3 is related to the appearance\nof a behavior n",
        "page": 9,
        "link": "https://ui.adsabs.harvard.edu/link_gateway/2017PhLB..772..592C/EPRINT_PDF",
        "title": "Phase transitions in thick branes endorsed by entropic information"
    },
    "2017PhLB..772..592C_page_9_chunk_5": {
        "text": "single peak around y= 0. Our results\nalso show that for \u00002:3< c0<\u00002:0 (see \fg.( 2)) the energy density acquires\ntwo peaks. The minimum of the CE at c0=\u00002:3 is related to the appearance\nof a behavior named brane internal structure, as reported in ref. [9].\n9",
        "page": 9,
        "link": "https://ui.adsabs.harvard.edu/link_gateway/2017PhLB..772..592C/EPRINT_PDF",
        "title": "Phase transitions in thick branes endorsed by entropic information"
    },
    "2017PhLB..772..592C_page_10_chunk_1": {
        "text": "c0=-2.3\nkink solutions two-kink solutions-3.0 -2.8 -2.6 -2.4 -2.2 -2.0c0 1.21.31.41.51.61.71.81.9Sc(c0)Figure 5: CE for DBB I solution with a=\u0016= 1.\n-4 -2 0 2 4-1.0-0.50.00.51.0\nyϕ(y)\nc0=-2.1c0=-2.3c0=-2.7-1.0 -0.5 0.0 0.5 1.00.40.50.60.70.8\nyϕ'(y)\nc0=-2.1c0=-2.3c0=-2.5\nFigure 6: Scalar \feld solution for DBB I case (left) and its \frst derivative (right) for a=\u0016= 1.\n3.3.CE in the degenerate II Bloch brane\nThe CE for the second class of degenerate solution is showed in Figure (7).\nWe also have a minimum entropy point de\fning the frontier between the regions\nwith kink and two-kink solutions. Since that the Fig. (3) shows a more narrow\nand localised energy density, we verify by its CE in Fig. (7) that the interval\nwhere we have two-kink solutions should be very small. The minimum entropy\nc0= 0:05 corresponds to the beginning of the formation of two-kink solutions.\nThis also can be veri\fed by the scalar \feld and its derivative in terms of c0near\nthe phase transition, as plotted in Figure (8)",
        "page": 10,
        "link": "https://ui.adsabs.harvard.edu/link_gateway/2017PhLB..772..592C/EPRINT_PDF",
        "title": "Phase transitions in thick branes endorsed by entropic information"
    },
    "2017PhLB..772..592C_page_10_chunk_2": {
        "text": "05 corresponds to the beginning of the formation of two-kink solutions.\nThis also can be veri\fed by the scalar \feld and its derivative in terms of c0near\nthe phase transition, as plotted in Figure (8). For the kink structure, the \u001e0(0)\nmust have a maximum. However, in the interval 0 :05< c0<0:06 we have a\nlocal minimum to \u001e0(0) indicating the emergence of two-kink pro\fle.\n10",
        "page": 10,
        "link": "https://ui.adsabs.harvard.edu/link_gateway/2017PhLB..772..592C/EPRINT_PDF",
        "title": "Phase transitions in thick branes endorsed by entropic information"
    },
    "2017PhLB..772..592C_page_11_chunk_1": {
        "text": "kink solutionsc0=0.05two-kink solutions-0.30 -0.25 -0.20 -0.15 -0.10 -0.05 0.00 0.051.52.02.53.03.54.0\nc0Sc(c0)Figure 7: CE for DBB II solution with a=\u0016= 1\n-2 -1 0 1 2-1.0-0.50.00.51.0\nyϕ(y)\nc0=0.06c0=0.05c0=-2.00-1.0 -0.5 0.0 0.5 1.00.20.40.60.81.01.21.41.6\nyϕ'(y)\nc0=0.06c0=0.05c0=0.04\nFigure 8: Scalar \feld solution for DBB II case (left) and its \frst derivative (right) for a=\n\u0016= 1.\n4. Discussion and conclusions\nWe investigated the properties of a 5 Dbraneworld generated by two scalar\n\felds coupled to gravity from the viewpoint of the Con\fgurational Entropy\n(CE) measure. The Bloch brane model is especially interesting in this scenario\nbecause it has a degenerate spatially-localised energy. The connection with\nthe entropic information and the model is stated via the matter-energy density\nalong the extra dimension. From the Fourier transform of the energy density,\nwe construct a relation between each degenerate energy density and its resulting\nCE.\nThe \frst new result is revealed when we",
        "page": 11,
        "link": "https://ui.adsabs.harvard.edu/link_gateway/2017PhLB..772..592C/EPRINT_PDF",
        "title": "Phase transitions in thick branes endorsed by entropic information"
    },
    "2017PhLB..772..592C_page_11_chunk_2": {
        "text": "long the extra dimension. From the Fourier transform of the energy density,\nwe construct a relation between each degenerate energy density and its resulting\nCE.\nThe \frst new result is revealed when we consider the basic two-\feld thick\nbrane setup. The increasing of the brane thickness and the raising of the internal\n11",
        "page": 11,
        "link": "https://ui.adsabs.harvard.edu/link_gateway/2017PhLB..772..592C/EPRINT_PDF",
        "title": "Phase transitions in thick branes endorsed by entropic information"
    },
    "2017PhLB..772..592C_page_12_chunk_1": {
        "text": "structure occurs at the lowest entropy values. There is no phase transition of\nthe scalar \feld solutions of the basic Bloch brane and this is expressed with the\nabsence of local or global minima in the CE, as showed in Fig. (4).\nFor the Degenerate I Bloch Brane (DBB I) solution, the information entropy\nreveals us special details concerning the brane formation. The link between the\nCE and the degenerate energy density solutions is presented in Fig. (5). The\nminimum CE for this case is 1 :32 and corresponds to the degenerate parameter\nc0=\u00002:3. This is the turning point of the DBB I solution. Regarding the\nenergy density, the lowest CE value corresponds to the raising of the internal\nstructure, which can be observed in Fig. (2). We also observed that at minimum\nS(~f) there is a phase transition where the kink solution to \u001e(y) converges into\na two-kink one.\nThe DBB II case also presents a splitting e\u000bect in the energy density, how-\never, it happens to a distinct value of the CE at the scal",
        "page": 12,
        "link": "https://ui.adsabs.harvard.edu/link_gateway/2017PhLB..772..592C/EPRINT_PDF",
        "title": "Phase transitions in thick branes endorsed by entropic information"
    },
    "2017PhLB..772..592C_page_12_chunk_2": {
        "text": "on where the kink solution to \u001e(y) converges into\na two-kink one.\nThe DBB II case also presents a splitting e\u000bect in the energy density, how-\never, it happens to a distinct value of the CE at the scalar \feld phase transition.\nThe region where the CE tends to the minimum value is narrow, which re\rects\nthe narrow density energy distributions for this second model and, as expected,\nthe interval where the two-kink solutions exists is very small if compared with\nDBB I scenario.\nOne very important consequence of our analysis is that the \rat region in\nthe warp factor undergo a kind of phase transition in a certain value of the\ndegeneracy parameter, which is designated by the CE. Thus, such approach\nenables to predict which is the approximate value of the degeneracy parameter,\nand if the con\fning mechanism for the bulk particles will occur in that internal\nregion. For instance, in scenarios where there is the localisation of fermions [21]\non the degenerate Bloch branes, the CE provides the cor",
        "page": 12,
        "link": "https://ui.adsabs.harvard.edu/link_gateway/2017PhLB..772..592C/EPRINT_PDF",
        "title": "Phase transitions in thick branes endorsed by entropic information"
    },
    "2017PhLB..772..592C_page_12_chunk_3": {
        "text": "mechanism for the bulk particles will occur in that internal\nregion. For instance, in scenarios where there is the localisation of fermions [21]\non the degenerate Bloch branes, the CE provides the correct values of c0for the\nlocalisation of fermionic zero modes inside the branes. Here, it is important to\nremark that the values of c0are in accordance with that one found in ref. [21].\nMoreover, for the DBB II model, the double-kink region enables the existence\nof a strong resonant graviton coupled to brane with a larger lifetime [30].\nThe investigation in braneworld models using the CE approach can reveal\ninteresting features of these kind of models. We will continue addressing this\nissue in future works.\n5. Acknowledgments\nThis work was partially supported by the Brazilian agencies Coordena\u0018 c~ ao\nde Aperfei\u0018 coamento de Pessoal de N\u0013 \u0010vel Superior (CAPES) (grant no. 99999.\n006822/2014-02), Conselho Nacional de Desenvolvimento Cient\u0013 \u0010\fco e Tecnol\u0013 ogico\n(CNPq) (grant numbers 305766/201",
        "page": 12,
        "link": "https://ui.adsabs.harvard.edu/link_gateway/2017PhLB..772..592C/EPRINT_PDF",
        "title": "Phase transitions in thick branes endorsed by entropic information"
    },
    "2017PhLB..772..592C_page_12_chunk_4": {
        "text": "\u0018 c~ ao\nde Aperfei\u0018 coamento de Pessoal de N\u0013 \u0010vel Superior (CAPES) (grant no. 99999.\n006822/2014-02), Conselho Nacional de Desenvolvimento Cient\u0013 \u0010\fco e Tecnol\u0013 ogico\n(CNPq) (grant numbers 305766/2012-0 and 305678/2015-9) and S~ ao Paulo Re-\nsearch Foundation (FAPESP) (grant 2016/03276-5). The authors are very\nthankful for the referee suggestions.\nReferences\nReferences\n[1] E. Megias, G. Panico, O. Pujolas and M. Quiros, JHEP 1609 , 118 (2016)\n[2] P. Chen, G. J. Ding, A. D. Rojas, C. A. Vaquera-Araujo and J. W. F. Valle,\nJHEP 1601 , 007 (2016).\n12",
        "page": 12,
        "link": "https://ui.adsabs.harvard.edu/link_gateway/2017PhLB..772..592C/EPRINT_PDF",
        "title": "Phase transitions in thick branes endorsed by entropic information"
    },
    "2017PhLB..772..592C_page_13_chunk_1": {
        "text": "[3] R. Cartas-Fuentevilla, A. Escalante, G. German, A. Herrera-Aguilar and\nR. R. Mora-Luna, JCAP 1605 , no. 05, 026 (2016).\n[4] W. T. Cruz, R. V. Maluf, D. M. Dantas and C. A. S. Almeida, Annals\nPhys. 375, 49 (2016).\n[5] T. N. Ikeda, A. Lucas and Y. Nakai, JHEP 1604 , 007 (2016).\n[6] R. Arceo, O. Pedraza, L. A. Lopez, L. Valencia-Palomo, E. Gonzalez-\nEspinosa, G. Leon-Soto and S. Kurtz, Int. J. Mod. Phys. E 25, no. 10,\n1650084 (2016).\n[7] M. Stein, JHEP 1609 , 067 (2016).\n[8] H. Yu, B. M. Gu, F. P. Huang, Y. Q. Wang, X. H. Meng and Y. X. Liu,\nJCAP 1702 , no. 02, 039 (2017)\n[9] D. Bazeia and A. R. Gomes, J. High Energy Phys. 0405 (2004) 012.\n[10] V. Dzhunushaliev, V. Folomeev, and M. Minamitsuji, Rept. Prog. Phys.\n73, 066901 (2010).\n[11] B. Bajc, G. Gabadadze, Phys. Lett. B 474, 282 (2000).\n[12] L. Randall and R. Sundrum, Phys. Rev. Lett. 83, 3370 (1999).\n[13] L. Randall and R. Sundrum, Phys. Rev. Lett. 83, 4690 (1999).\n[14] A. Vilenkin and E.P.S. Shellard, Cosmic strings and other topo",
        "page": 13,
        "link": "https://ui.adsabs.harvard.edu/link_gateway/2017PhLB..772..592C/EPRINT_PDF",
        "title": "Phase transitions in thick branes endorsed by entropic information"
    },
    "2017PhLB..772..592C_page_13_chunk_2": {
        "text": "\n[12] L. Randall and R. Sundrum, Phys. Rev. Lett. 83, 3370 (1999).\n[13] L. Randall and R. Sundrum, Phys. Rev. Lett. 83, 4690 (1999).\n[14] A. Vilenkin and E.P.S. Shellard, Cosmic strings and other topological de-\nfects, Cambridge University Press, Cambridge 1994.\n[15] S. E. Larsson, S. Sarkar and P. L. White, Phys. Rev. D 55, 5129 (1997)\n[16] K. Skenderis and P. K. Townsend, Phys. Rev. D 74, 125008 (2006)\n[17] H. J. Boonstra, K. Skenderis and P. K. Townsend, JHEP 9901 , 003 (1999)\n[18] T. Krajewski, Z. Lalak, M. Lewicki and P. Olszewski, JCAP 1612 , no. 12,\n036 (2016)\n[19] A. de Souza Dutra, A. C. A. de Faria, Jr. and M. Hott, Phys. Rev. D 78,\n043526 (2008).\n[20] A. de Souza Dutra, Phys. Lett. B 626, 249 (2005).\n[21] R. A. C. Correa, A. de Souza Dutra and M.B.Hott, Class. Quant. Grav.\n28, 155012 (2011).\n[22] G. P. de Brito, R. A. C. Correa and A. de Souza Dutra, Phys. Rev. D 89,\nno. 6, 065039 (2014).\n[23] M. A. Garcia-Nustes and J. A. Gonzalez, Phys. Rev. E 86, 066602 (2012).\n[24] O.M. ",
        "page": 13,
        "link": "https://ui.adsabs.harvard.edu/link_gateway/2017PhLB..772..592C/EPRINT_PDF",
        "title": "Phase transitions in thick branes endorsed by entropic information"
    },
    "2017PhLB..772..592C_page_13_chunk_3": {
        "text": "55012 (2011).\n[22] G. P. de Brito, R. A. C. Correa and A. de Souza Dutra, Phys. Rev. D 89,\nno. 6, 065039 (2014).\n[23] M. A. Garcia-Nustes and J. A. Gonzalez, Phys. Rev. E 86, 066602 (2012).\n[24] O.M. Braun, T. Dauxois, M.V. Paliy, and M. Peyrard. Phys. Rev. Lett.\n78, 1295 (1997).\n[25] A.V. Ustinov, B.A. Malomed, and S. Sakai. Phys. Rev. B 57, 11691 (1998).\n[26] H. Davoudiasl, J. L. Hewett and T. G. Rizzo, Phys. Rev. Lett. 84, 2080\n(2000).\n[27] S. Kumar Rai and S. Raychaudhuri, JHEP 0310 , 020 (2003).\n[28] J. C. B. Araujo, D. F. S. Veras, D. M. Dantas and C. A. S. Almeida,\narXiv:1610.08124 [hep-th].\n[29] Q. Y. Xie, J. Yang and L. Zhao, Phys. Rev. D 88, 105014 (2013).\n[30] W. T. Cruz, L. J. S. Sousa, R. V. Maluf and C. A. S. Almeida, Phys. Lett.\nB730(2014) 314.\n[31] M. Gleiser and N. Stamatopoulos, Phys. Lett. B 713, 304 (2012).\n[32] C. E. Shannon, The Bell System Technical J. 27, 379 (1948).\n[33] M. Gleiser and N. Stamatopoulos, Phys. Rev. D 86, 045004 (2012).\n[34] M. Gleiser, D. Sowins",
        "page": 13,
        "link": "https://ui.adsabs.harvard.edu/link_gateway/2017PhLB..772..592C/EPRINT_PDF",
        "title": "Phase transitions in thick branes endorsed by entropic information"
    },
    "2017PhLB..772..592C_page_13_chunk_4": {
        "text": "poulos, Phys. Lett. B 713, 304 (2012).\n[32] C. E. Shannon, The Bell System Technical J. 27, 379 (1948).\n[33] M. Gleiser and N. Stamatopoulos, Phys. Rev. D 86, 045004 (2012).\n[34] M. Gleiser, D. Sowinski, Phys. Lett. B 727, 272 (2013).\n[35] M. Gleiser, N. Graham, Phys. Rev. D 89, 083502 (2014).\n[36] R. A. C. Correa, A. de Souza Dutra, and M. Gleiser, Phys. Lett. B 737,\n388 (2014).\n13",
        "page": 13,
        "link": "https://ui.adsabs.harvard.edu/link_gateway/2017PhLB..772..592C/EPRINT_PDF",
        "title": "Phase transitions in thick branes endorsed by entropic information"
    },
    "2017PhLB..772..592C_page_14_chunk_1": {
        "text": "[37] M. Gleiser and N. Jiang, Phys. Rev. D 92, 044046 (2015).\n[38] R. A. C. Correa, R. da Rocha, and A. de Souza Dutra, Ann. Phys. 359,\n198 (2015).\n[39] A. E. Bernardini, N. R. F. Braga and R. da Rocha, Phys. Lett. B 765, 81\n(2017)\n[40] R. A. C. Correa and R. da Rocha, Eur. Phys. J. C 75, 522 (2015).\n[41] R. A. C. Correa, P. H. R. S. Moraes, A. de Souza Dutra, and R. da Rocha,\nPhys. Rev. D 92, 126005 (2015).\n[42] R. A. C. Correa and P. H. R. S. Moraes, Con\fgurational entropy in f(R;T)\nbrane models, [arXiv:1509.00732].\n[43] R. A. C. Correa, D. M. Dantas, C. A. S. Almeida and P. H. R. S. Moraes,\nRe\fnements of the Weyl pure geometrical thick branes from information-\nentropic measure, arXiv:1607.01710 [hep-th].\n[44] R. A. C. Correa, D. M. Dantas, C. A. S. Almeida and R. da Rocha, Phys.\nLett. B 755, 358 (2016)\n[45] D. Bazeia, M.J. dos Santos and R.F. Ribeiro, Phys. Lett. A 20884 (1995).\n[46] D. Bazeia, H. Boschi-Filho, and F.A. Brito, J. High Energy Phys. 9904\n(1999) 028.\n[47] D. Bazeia and",
        "page": 14,
        "link": "https://ui.adsabs.harvard.edu/link_gateway/2017PhLB..772..592C/EPRINT_PDF",
        "title": "Phase transitions in thick branes endorsed by entropic information"
    },
    "2017PhLB..772..592C_page_14_chunk_2": {
        "text": " 755, 358 (2016)\n[45] D. Bazeia, M.J. dos Santos and R.F. Ribeiro, Phys. Lett. A 20884 (1995).\n[46] D. Bazeia, H. Boschi-Filho, and F.A. Brito, J. High Energy Phys. 9904\n(1999) 028.\n[47] D. Bazeia and F.A. Brito, Phys. Rev. Lett. 84, 1094 (2000).\n[48] D. Bazeia, J.R. Nascimento, R.F. Ribeiro and D. Toledo, J. Phys. A 30,\n8157 (1997).\n[49] M.A. Shifman and M.B. Voloshin, Phys. Rev. D 57, 2590 (1998).\n[50] A. Alonso Izquierdo, M.A. Gonzalez Lion and J. Mateos Guilarte, Phys.\nRev. D 65, 085012 (2002).\n[51] D. Bazeia, E. E. M. Lima and L. Losano, Eur. Phys. J. C 77, no. 2, 127\n(2017).\n14",
        "page": 14,
        "link": "https://ui.adsabs.harvard.edu/link_gateway/2017PhLB..772..592C/EPRINT_PDF",
        "title": "Phase transitions in thick branes endorsed by entropic information"
    }
}