{
    "2017AnPhy.377....1T_page_1_chunk_1": {
        "text": "arXiv:1603.01122v3  [quant-ph]  27 Jan 2017Entanglement Enhanced Thermometry in the Detection of the U nruh Eﬀect\nZehua Tian∗and Andrzej Dragan†\nInstitute of Theoretical Physics, University of Warsaw, Pa steura 5, 02-093 Warsaw, Poland\nJieci Wang and Jiliang Jing‡\nDepartment of Physics, Key Laboratory of Low Dimensional Qu antum Structures and Quantum Control\nof Ministry of Education, and Synergetic Innovation Center for Quantum Eﬀects and Applications,\nHunan Normal University, Changsha, Hunan 410081, P. R. Chin a\nWe show how the use of entanglement can enhance the precision of the detection of the Unruh\neﬀect with an accelerated probe. We use a two-level atom inte racting relativistically with a quantum\nﬁeld as the probe, and treat it as an open quantum system to der ive the master equation governing\nits evolution. By means of quantum state discrimination, we detect the accelerated motion of the\natom by examining its time evolving state. It turns out that t he optimal strategy for the",
        "page": 1,
        "link": "https://ui.adsabs.harvard.edu/link_gateway/2017AnPhy.377....1T/EPRINT_PDF",
        "title": "Entanglement enhanced thermometry in the detection of the Unruh effect"
    },
    "2017AnPhy.377....1T_page_1_chunk_2": {
        "text": "on governing\nits evolution. By means of quantum state discrimination, we detect the accelerated motion of the\natom by examining its time evolving state. It turns out that t he optimal strategy for the detection of\nthe Unruh eﬀect, to which the accelerated atom is sensitive, involves letting the atom-thermometer\nequilibrate with the thermal bath. However, introducing in itial entanglement between the detector\nand an external degree of freedom leads to an enhancement of t he sensitivity of the detector. Also,\nthe maximum precision is attained within ﬁnite time, before equilibration takes place.\nPACS numbers: 03.65.Yz, 04.62.+v, 06.20.-f, 03.67.-a, 03. 65.Ta\nKeywords: Unruh eﬀect, open quantum system, quantum state d iscrimination\n∗Electronic address: zehuatian@126.com\n†Electronic address: dragan@fuw.edu.pl\n‡Electronic address: jljing@hunn.edu.cn",
        "page": 1,
        "link": "https://ui.adsabs.harvard.edu/link_gateway/2017AnPhy.377....1T/EPRINT_PDF",
        "title": "Entanglement enhanced thermometry in the detection of the Unruh effect"
    },
    "2017AnPhy.377....1T_page_1_chunk_3": {
        "text": "agan@fuw.edu.pl\n‡Electronic address: jljing@hunn.edu.cn",
        "page": 1,
        "link": "https://ui.adsabs.harvard.edu/link_gateway/2017AnPhy.377....1T/EPRINT_PDF",
        "title": "Entanglement enhanced thermometry in the detection of the Unruh effect"
    },
    "2017AnPhy.377....1T_page_2_chunk_1": {
        "text": "2\nI. INTRODUCTION\nQuantum ﬁeld theory predicts that a relativistically accelerated obs erver views the Minkowski vacuum as a\nthermal bath with a temperature proportional to the proper acc eleration of the observer. This phenomenon,\nknown as the Unruh eﬀect [1], is extremely weak, and even the accele ration as high as a∼1021ms−2should\nresult in the temperature as low as 1K. Although several experimen tal proposals have been put forth [2–14],\nveriﬁcation of the Unruh eﬀect still remains an open question [15–17 ].\nThe theory of the Unruh eﬀect has attracted widespread interes t in the physics community and it has\nbeen extensively examined from diﬀerent perspectives. These inclu de the approaches involving Bogolyubov\ntransformation between the Minkowski and Rindler frames of refe rence [1, 15, 18–21], the application of\nthe Unruh-DeWitt detector model which oﬀers an operational deﬁ nition of a particle as a trigger for the\ntransitions between the atomic energy levels [1, 22], the manifesta",
        "page": 2,
        "link": "https://ui.adsabs.harvard.edu/link_gateway/2017AnPhy.377....1T/EPRINT_PDF",
        "title": "Entanglement enhanced thermometry in the detection of the Unruh effect"
    },
    "2017AnPhy.377....1T_page_2_chunk_2": {
        "text": " 18–21], the application of\nthe Unruh-DeWitt detector model which oﬀers an operational deﬁ nition of a particle as a trigger for the\ntransitions between the atomic energy levels [1, 22], the manifestat ion of thermalization of open quantum\nsystems involving decoherence and dissipation [23], understanding a s a quantum noise channel [24], and the\nthermal correction to the energy shift and spontaneous excitat ion of atoms [25–27]. In recent years, the\nUnruh eﬀect has been extensively considered in the ﬁeld of quantum information. It has been studied how the\nUnruh eﬀect aﬀects quantum entanglement between diﬀerent obs ervers [18–21, 28–36], as well as other types\nof non-classical correlations [20, 37–43] and consequently quant um nonlocality [44–47], quantum teleportation\n[28, 48], entropic uncertainty relations [49], and parameter estimat ion [50–52]. The Unruh eﬀect has also\nbeen used to analyze how to improve information processing protoc ols [53, 54] and quantum measurement\ntechniques",
        "page": 2,
        "link": "https://ui.adsabs.harvard.edu/link_gateway/2017AnPhy.377....1T/EPRINT_PDF",
        "title": "Entanglement enhanced thermometry in the detection of the Unruh effect"
    },
    "2017AnPhy.377....1T_page_2_chunk_3": {
        "text": "ncertainty relations [49], and parameter estimat ion [50–52]. The Unruh eﬀect has also\nbeen used to analyze how to improve information processing protoc ols [53, 54] and quantum measurement\ntechniques [55].\nIn order to detect the Unruh eﬀect several metrological tools ha ve been employed. Diﬀerent approaches\ninclude using Gaussian probes [56], applying the framework of open qu antum systems to compute Fisher\ninformation and quantum Fisher information [57], and using the techn ique of quantum channel discrimination\n[58].\nIn this work, we study an overlookedpossibility ofincreasingthe det ection precisionforthe Unruh eﬀect and\nshow how entangled states can be used to enhance sensibility of the accelerated detectors. We use quantum\nstate discrimination technique [59] to search for the optimal stra tegies that can facilitate the detection of the\nUnruh eﬀect. We employ the model of a two-level atom coupled to th e massless scalar ﬁelds in the Minkowski\nvacuum state as a probe and study its ",
        "page": 2,
        "link": "https://ui.adsabs.harvard.edu/link_gateway/2017AnPhy.377....1T/EPRINT_PDF",
        "title": "Entanglement enhanced thermometry in the detection of the Unruh effect"
    },
    "2017AnPhy.377....1T_page_2_chunk_4": {
        "text": " stra tegies that can facilitate the detection of the\nUnruh eﬀect. We employ the model of a two-level atom coupled to th e massless scalar ﬁelds in the Minkowski\nvacuum state as a probe and study its time evolving state to discrimin ate between two possible scenarios: one,\nin which the atom has been inertial, and the other, in which the atom ha s been uniformly accelerated. We\ndiscuss diﬀerent strategies of detection and show how initial entan glement between the atom and an external\ndegree of freedom can enhance the performance of the atom as a thermometer.\nOur paper is constructed as follows: in section II we introduce the m odel of our probe, we analyze the\noptimal detection of the Unruh eﬀect in section III, and section IV concludes the paper.\nII. DETECTION MODEL\nLet us note that the detector model we will consider was ﬁrstly intr oduced in Ref. [23] by F. Benatti and\nR. Floreanin, where the Unruh eﬀect has been reexamined from the perspective of the thermalization phe-\nnomenon and",
        "page": 2,
        "link": "https://ui.adsabs.harvard.edu/link_gateway/2017AnPhy.377....1T/EPRINT_PDF",
        "title": "Entanglement enhanced thermometry in the detection of the Unruh effect"
    },
    "2017AnPhy.377....1T_page_2_chunk_5": {
        "text": "etector model we will consider was ﬁrstly intr oduced in Ref. [23] by F. Benatti and\nR. Floreanin, where the Unruh eﬀect has been reexamined from the perspective of the thermalization phe-\nnomenon and entanglement generation of accelerated atoms. Rec ently this model has been fruitfully applied\nto understand the Hawking and Gibbons-Hawking eﬀects [60]. Here we will use this model to investigate the\ndetection of the Unruh eﬀect with the assistance of entanglement .\nAcombinedsystemconsistsofadetectorandanexternalﬂuctua tingvacuumﬁeldwiththetotalHamiltonian\nof the general form:\nH=HD+HΦ+HI, (1)\nwhereHDis the Hamiltonian of the detector, HΦis the free Hamiltonian of the scalar ﬁeld, and HIrepresents\ntheir mutual interaction. The detector will be described with a two- level atom governed by the Hamiltonian\nHD=1\n2ω0σz, whereω0is its energy-level spacing and σzis the Pauli matrix. The interaction Hamiltonian\ntakes the form:\nHI=µ(σ++σ−)Φ(x(τ)), (2)",
        "page": 2,
        "link": "https://ui.adsabs.harvard.edu/link_gateway/2017AnPhy.377....1T/EPRINT_PDF",
        "title": "Entanglement enhanced thermometry in the detection of the Unruh effect"
    },
    "2017AnPhy.377....1T_page_2_chunk_6": {
        "text": "Hamiltonian\nHD=1\n2ω0σz, whereω0is its energy-level spacing and σzis the Pauli matrix. The interaction Hamiltonian\ntakes the form:\nHI=µ(σ++σ−)Φ(x(τ)), (2)",
        "page": 2,
        "link": "https://ui.adsabs.harvard.edu/link_gateway/2017AnPhy.377....1T/EPRINT_PDF",
        "title": "Entanglement enhanced thermometry in the detection of the Unruh effect"
    },
    "2017AnPhy.377....1T_page_3_chunk_1": {
        "text": "3\nwhereµis the coupling constant, σ+(σ−) is the atomic raising (lowering) operator, and Φ( x) corresponds to\nthe scalar ﬁeld operator taken at x(τ) representing the classical trajectory of the atom.\nWe assume that the initial state of the atom, ρ(0), is separable from the initial state of the ﬁeld, which\nis assumed to be in the Minkowski vacuum |0/angbracketrightM. Therefore the initial state of the total system is given by\nρtot=ρ(0)⊗|0/angbracketrightM/angbracketleft0|. In the reference frame of the atom, the equation of motion of th e total system is given\nby:\ndρtot(τ)\ndτ=−i[H,ρtot(τ)], (3)\nwhereτis the proper time along the trajectory of the atom, and ρtot(τ) denotes the time-dependent density\nmatrix of the atom and the ﬁeld. Generally, we will be interested in the evolution of the atom and this\ndynamics can be obtained by tracing out the ﬁeld degrees of freedo m, i.e.,ρ(τ) = Tr Φ[ρtot(τ)]. The reduced\nstate density of the atom, in the limit of weak coupling, is found to obe y the K",
        "page": 3,
        "link": "https://ui.adsabs.harvard.edu/link_gateway/2017AnPhy.377....1T/EPRINT_PDF",
        "title": "Entanglement enhanced thermometry in the detection of the Unruh effect"
    },
    "2017AnPhy.377....1T_page_3_chunk_2": {
        "text": " and this\ndynamics can be obtained by tracing out the ﬁeld degrees of freedo m, i.e.,ρ(τ) = Tr Φ[ρtot(τ)]. The reduced\nstate density of the atom, in the limit of weak coupling, is found to obe y the Kossakowski-Lindblad equation\nof the form [23, 61]:\ndρ(τ)\ndτ=−i[Heff,ρ(τ)]+L[ρ(τ)] (4)\nwith the eﬀective Hamiltonian Heffgiven below, and the Lindblad superoperator:\nL[ρ(τ)] =1\n23/summationdisplay\ni,j=1aij[2σjρσi−σiσjρ−ρσiσj]. (5)\nBoth the matrix aijand the eﬀective Hamiltonian Heffare associated with the ﬁeld correlation functions,\nG+(x−x′) =µ2/angbracketleft0|Φ(x)Φ(x′)|0/angbracketright. By deﬁning the Fourier and Hilbert transforms of the ﬁeld correlat ion\nfunctions, namely:\nG(λ) =/integraldisplay∞\n−∞dτeiλτG(x(τ)), (6)\nK(λ) =P\nπi/integraldisplay∞\n−∞dωG(ω)\nω−λ, (7)\nwe have computed that the coeﬃcients of the Kossakowski matrix aijcan be expressed as:\naij=Aδij−iBǫijkδk3−Aδi3δj3, (8)\nwithA=1\n4[G(ω0) +G(−ω0)],B=1\n4[G(ω0)−G(−ω0)]. The eﬀective Hamiltonian Heff, which contains the\nso called La",
        "page": 3,
        "link": "https://ui.adsabs.harvard.edu/link_gateway/2017AnPhy.377....1T/EPRINT_PDF",
        "title": "Entanglement enhanced thermometry in the detection of the Unruh effect"
    },
    "2017AnPhy.377....1T_page_3_chunk_3": {
        "text": "oeﬃcients of the Kossakowski matrix aijcan be expressed as:\naij=Aδij−iBǫijkδk3−Aδi3δj3, (8)\nwithA=1\n4[G(ω0) +G(−ω0)],B=1\n4[G(ω0)−G(−ω0)]. The eﬀective Hamiltonian Heff, which contains the\nso called Lamb shift [62], then can be written as:\nHeff=1\n2Ωσz=1\n2/braceleftbigg\nω0+i\n2[K(−ω0)−K(ω0)]/bracerightbigg\nσz, (9)\nwhere we have deﬁned a renormalized energy level spacing Ω, which c ontains the original atomic energy level\nspacingω0and the energy shifti\n2[K(−ω0)−K(ω0)]. Assuming the atom is initially prepared in the pure state\n|ψ(0)/angbracketright= sinθ\n2|0/angbracketright+ cosθ\n2|1/angbracketright, by solving the master equation (4) we can obtain the time-depende nt reduced\ndensity matrix of the atom,\nρ(τ) =/parenleftbigg\ne−4Aτcos2θ\n2+B−A\n2A(e−4Aτ−1)1\n2e−2Aτ−iΩτsinθ\n1\n2e−2Aτ+iΩτsinθ 1−e−4Aτcos2θ\n2−B−A\n2A(e−4Aτ−1)/parenrightbigg\n. (10)\nLet us now consider the evolution of the uniformly accelerated two- level atom, whose trajectory can be\ndescribed as:\nt(τ) =1\nasinh(aτ), x(τ) =1\nacosh(aτ), ",
        "page": 3,
        "link": "https://ui.adsabs.harvard.edu/link_gateway/2017AnPhy.377....1T/EPRINT_PDF",
        "title": "Entanglement enhanced thermometry in the detection of the Unruh effect"
    },
    "2017AnPhy.377....1T_page_3_chunk_4": {
        "text": "s2θ\n2−B−A\n2A(e−4Aτ−1)/parenrightbigg\n. (10)\nLet us now consider the evolution of the uniformly accelerated two- level atom, whose trajectory can be\ndescribed as:\nt(τ) =1\nasinh(aτ), x(τ) =1\nacosh(aτ), y(τ) =z(τ) = 0. (11)",
        "page": 3,
        "link": "https://ui.adsabs.harvard.edu/link_gateway/2017AnPhy.377....1T/EPRINT_PDF",
        "title": "Entanglement enhanced thermometry in the detection of the Unruh effect"
    },
    "2017AnPhy.377....1T_page_4_chunk_1": {
        "text": "4\nIn order to obtain the parameters of the reduced density matrix o f the accelerated atom, we need to evaluate\nthe correlation function of the ﬁeld, which can be found from the fo llowing two-point function of the massless\nscalar ﬁeld:\nG+(x,x′) =−µ2\n4π21\n(t−t′−iǫ)2−|x−x′|2. (12)\nSubstituting the trajectory of the atom (11) into (12), one can o btain the ﬁeld correlation function in the\nframe of the accelerated atom [22]:\nG+(x,x′) =−a2µ2\n16π2sinh−2/bracketleftbigga(τ−τ′)\n2−iǫ/bracketrightbigg\n. (13)\nIn this case, the Fourier transform of the ﬁeld correlation functio n (6) is:\nG(λ) =µ2λ\n4π/parenleftbigg\n1+cothπλ\na/parenrightbigg\n. (14)\nConsequently, the coeﬃcients of the Kossakowski matrix aijand the eﬀective level spacing Ω of the atom are\ngiven by:\nA=1\n4γ0/parenleftbigge2πω0/a+1\ne2πω0/a−1/parenrightbigg\n,\nB=1\n4γ0,\nΩ =ω0+γ0\n2πω0/integraldisplay∞\n−∞dωP/parenleftbiggω\nω+ω0−ω\nω−ω0/parenrightbigg\n×/parenleftbigg\n1+2\ne2πω/a−1/parenrightbigg\n, (15)\nwhereγ0=µ2ω0/2πis the spontaneous emission ",
        "page": 4,
        "link": "https://ui.adsabs.harvard.edu/link_gateway/2017AnPhy.377....1T/EPRINT_PDF",
        "title": "Entanglement enhanced thermometry in the detection of the Unruh effect"
    },
    "2017AnPhy.377....1T_page_4_chunk_2": {
        "text": "/parenrightbigg\n,\nB=1\n4γ0,\nΩ =ω0+γ0\n2πω0/integraldisplay∞\n−∞dωP/parenleftbiggω\nω+ω0−ω\nω−ω0/parenrightbigg\n×/parenleftbigg\n1+2\ne2πω/a−1/parenrightbigg\n, (15)\nwhereγ0=µ2ω0/2πis the spontaneous emission rate of the inertial atom in Minkowski sp acetime. Using the\nabove results and assuming that the time of evolution is suﬃciently lon g, i.e.τ≫1/A, one can write the\nsteady state of the accelerated atom as:\nρ(∞) =eβHD\nTr[eβHD], (16)\nwhich is a thermal state with the temperature T= 1/β=a/2π. This result shows that the accelerated atom\nhas been equilibrating with the thermal bath characterized by the m ean number of Unruh particles equal to\nNU= 1/(eω0\nT−1). Forfurther convenience, let us parameterizethe number ofU nruh particlesby n= 1+2NU.\nThen, in the interaction representation we can rewrite the time-de pendent state of the accelerated atom as:\nρ(τ) =1\n2/parenleftbigg\n1+3/summationdisplay\ni=1ri(τ)σi/parenrightbigg\n,\nr1(τ) =r1(0)e−1\n2γ0nτ, r 2(τ) =r2(0)e−1\n2γ0nτ,\nr3(τ) =r3(0)e−γ0nτ−1\nn(1−e−",
        "page": 4,
        "link": "https://ui.adsabs.harvard.edu/link_gateway/2017AnPhy.377....1T/EPRINT_PDF",
        "title": "Entanglement enhanced thermometry in the detection of the Unruh effect"
    },
    "2017AnPhy.377....1T_page_4_chunk_3": {
        "text": "he time-de pendent state of the accelerated atom as:\nρ(τ) =1\n2/parenleftbigg\n1+3/summationdisplay\ni=1ri(τ)σi/parenrightbigg\n,\nr1(τ) =r1(0)e−1\n2γ0nτ, r 2(τ) =r2(0)e−1\n2γ0nτ,\nr3(τ) =r3(0)e−γ0nτ−1\nn(1−e−γ0nτ), (17)\nwherer1(0) = sinθ,r2(0) = 0 and r3(0) = cosθ. Let us note that if n= 1, then Eq. (17) represents the the\nevolving quantum state of the inertial atom in the Minkowski vacuum .\nIII. OPTIMALLY DETECTING THE UNRUH EFFECT\nWe will now use the detector model described in the previous section to act as a thermometer detecting the\nUnruh eﬀect. In order to ﬁnd out how to optimally detect this eﬀect , we choose to measure the atom in the",
        "page": 4,
        "link": "https://ui.adsabs.harvard.edu/link_gateway/2017AnPhy.377....1T/EPRINT_PDF",
        "title": "Entanglement enhanced thermometry in the detection of the Unruh effect"
    },
    "2017AnPhy.377....1T_page_5_chunk_1": {
        "text": "5\nbasis that has the lowest probability of misidentifying the two possible states: one characterizing a static, and\nthe other - uniformly accelerated trajectory of the atom. It is cle ar that this question has been reduced to the\nclassical problem of quantum state discrimination [59]. In this scheme , the minimum probability of making\nan error in the identiﬁcation of the states ρ1orρ2is given by:\nPE=1\n2(1−1\n2||ρ1−ρ2||), (18)\nwhere||∆||=Tr√\n∆†∆ denotes the trace norm of ∆. For Hermitian operators ∆ their nor ms also equal the\nsum of the absolute values of their eigenvalues. In our problem, ρ1is the evolution state of the inertial atom,\ni.e., the case of n= 1 in Eq. (17), and ρ2corresponds to the quantum state of the accelerated atom, i.e., t he\ncase ofn>1 in Eq. (17). From this, we obtain:\nPE=1\n2/parenleftbigg\n1−1\n2∆(/vector r1(τ)−/vector r2(τ))/parenrightbigg\n(19)\nwith\n∆2(/vector r1(τ)−/vector r2(τ)) = sin2θΛ2\n1+/bracketleftbigg\ncosθΛ2−Λ3/bracketrightbigg2\n, (20)\nwhere Λ 1=e−1\n2γ0τ−e−1",
        "page": 5,
        "link": "https://ui.adsabs.harvard.edu/link_gateway/2017AnPhy.377....1T/EPRINT_PDF",
        "title": "Entanglement enhanced thermometry in the detection of the Unruh effect"
    },
    "2017AnPhy.377....1T_page_5_chunk_2": {
        "text": "PE=1\n2/parenleftbigg\n1−1\n2∆(/vector r1(τ)−/vector r2(τ))/parenrightbigg\n(19)\nwith\n∆2(/vector r1(τ)−/vector r2(τ)) = sin2θΛ2\n1+/bracketleftbigg\ncosθΛ2−Λ3/bracketrightbigg2\n, (20)\nwhere Λ 1=e−1\n2γ0τ−e−1\n2γ0nτ, Λ2=e−γ0τ−e−γ0nτ, and Λ 3= (1−e−γ0τ)−1\nn(1−e−γ0nτ). For suﬃciently long\ninteraction times, the atom reaches equilibrium with the state of the external ﬁeld, then the distinguishability\nbetween the two equilibrium states in Eq. (20) is determined by ∆ ∞= 1−n−1. Moreover, in the long limit\nof interaction times the level of distinguishability is independent of th e initial state of such a thermometer.\nLet us now study the distinguishability of the state for ﬁnite interac tion times. To better quantify the\nperformance of the atom thermometer, let us normalize the Euclide an distance ∆( /vector r1(τ)−/vector r2(τ)) to ∆ ∞. In\nFig. 1, we plot ∆( /vector r1(τ)−/vector r2(τ))/∆∞as a function of the interaction time τand the parameter θcharacterizing\nthe initial state of the atom thermometer",
        "page": 5,
        "link": "https://ui.adsabs.harvard.edu/link_gateway/2017AnPhy.377....1T/EPRINT_PDF",
        "title": "Entanglement enhanced thermometry in the detection of the Unruh effect"
    },
    "2017AnPhy.377....1T_page_5_chunk_3": {
        "text": "tor r1(τ)−/vector r2(τ)) to ∆ ∞. In\nFig. 1, we plot ∆( /vector r1(τ)−/vector r2(τ))/∆∞as a function of the interaction time τand the parameter θcharacterizing\nthe initial state of the atom thermometer. We can see from Fig. 1 th at the two possible trajectories are always\nless distinguishable as compared to the equilibrium case. The largest d istance between the two alternative\nﬁnal states is obtained in the limit of long interaction times, and it is equ al to 1−n−1. Interestingly the\nlargest distance in this case is independent of initial states of the at om thermometer. It means that the\noptimal condition to detect the Unruh eﬀect is letting the atom evolv e for long enough times regardless of its\ninitial state. Thus, we arrive at the conclusion that quantum coher ence [63] plays a trivial role in the optimal\ndetection of the Unruh eﬀect. Let us note that our results obtain ed here are consistent with that of Ref. [57]\nwhere the technique of quantum metrology has been used.\nWe also ﬁn",
        "page": 5,
        "link": "https://ui.adsabs.harvard.edu/link_gateway/2017AnPhy.377....1T/EPRINT_PDF",
        "title": "Entanglement enhanced thermometry in the detection of the Unruh effect"
    },
    "2017AnPhy.377....1T_page_5_chunk_4": {
        "text": "l role in the optimal\ndetection of the Unruh eﬀect. Let us note that our results obtain ed here are consistent with that of Ref. [57]\nwhere the technique of quantum metrology has been used.\nWe also ﬁnd that if the probe is prepared in the excited state, i.e., θ= 0, then there is a ﬁnite time,\nτ≈0.80 (namely, when Λ 2= Λ3), at which the trace distance goes to zero. This is because at this t ime,\nboth the accelerated atom and the inertial atom are approximative ly driven to the same thermal state with\nthe parameterized temperature n= 10. However, after that time, the state of the accelerated ato m remains\nalmost unchanged, while the state of the inertial atom will be eventu ally driven to the ground state. Thus,\nwe can see that the Euclidean distance between these two cases will increase again and ﬁnally reach 1 −n−1.\nWe can also see from Fig. 1 that the increase of θleads to a quicker equilibration of the system.\nWewill nowturnourattentiontoamoregeneralscenario,in whichth econsideredato",
        "page": 5,
        "link": "https://ui.adsabs.harvard.edu/link_gateway/2017AnPhy.377....1T/EPRINT_PDF",
        "title": "Entanglement enhanced thermometry in the detection of the Unruh effect"
    },
    "2017AnPhy.377....1T_page_5_chunk_5": {
        "text": "in and ﬁnally reach 1 −n−1.\nWe can also see from Fig. 1 that the increase of θleads to a quicker equilibration of the system.\nWewill nowturnourattentiontoamoregeneralscenario,in whichth econsideredatomisinitially entangled\nwith another atom. In particular we assume that the additional ato m does not interact with the external\nﬁeld. Let us consider the initial state of the two atoms to be:\nρ(0) =1\n4/parenleftbigg\n1+3/summationdisplay\ni=1ci(0)σi⊗σi/parenrightbigg\n. (21)\nNote that this state is an X−type state and the parameter cisatisﬁes 0 ≤ |ci| ≤1; the two particular cases,\n|ci|= 1 and|ci|=ccorrespondto one of the Bell states and the Werner state, resp ectively. Then the evolution",
        "page": 5,
        "link": "https://ui.adsabs.harvard.edu/link_gateway/2017AnPhy.377....1T/EPRINT_PDF",
        "title": "Entanglement enhanced thermometry in the detection of the Unruh effect"
    },
    "2017AnPhy.377....1T_page_6_chunk_1": {
        "text": "6\n0.00.20.40.60.81.00.00.51.01.52.02.53.0\nΤΘ\n01\nΘ/EΘualΠ/Slash13Θ/EΘualΠ/Slash12Θ/EΘual2Π/Slash13Θ/EΘualΠ\nΘ/EΘual0\n0 1 2 3 4 5Τ0.20.40.60.81.0/CaΠDelΤa\n/CaΠDelΤa/InfiniΤy\nFIG. 1: (Color online) The Euclidean distance ∆( /vector r1(τ)−/vector r2(τ)), normalized to ∆ ∞, plotted as a function of time τ(in\nunits ofγ0) and the parameter θcharacterizing the initial state of the atom. n= 10 is assumed.\nof the system leads to the following ﬁnal state of the atoms:\nρ(n,τ) =1\n4/parenleftbigg\n1+3/summationdisplay\ni=1ci(n,τ)σi⊗σi+c30(n,τ)σ3⊗σ0/parenrightbigg\n,\nc1(n,τ) =c1(0)e−1\n2γ0nτ, c 2(n,τ) =c2(0)e−1\n2γ0nτ,\nc3(n,τ) =c3(0)e−γ0nτ, c30(n,τ) =−1\nn(1−e−γ0nτ). (22)\nWith this in hand, we can compute the trace distance between the st ateρ(1,τ) corresponding to the resting\ndetector case and the state ρ(n,τ) corresponding to the accelerated detector case, which is given b y:\n∆ =1\n4/bracketleftbigg/vextendsingle/vextendsingle/vextendsingle/vextendsingle/radicalBig\nc2\n+(0)Λ2\n1+Λ2\n3+c3(0)Λ2/vextendsingle/ve",
        "page": 6,
        "link": "https://ui.adsabs.harvard.edu/link_gateway/2017AnPhy.377....1T/EPRINT_PDF",
        "title": "Entanglement enhanced thermometry in the detection of the Unruh effect"
    },
    "2017AnPhy.377....1T_page_6_chunk_2": {
        "text": " corresponding to the accelerated detector case, which is given b y:\n∆ =1\n4/bracketleftbigg/vextendsingle/vextendsingle/vextendsingle/vextendsingle/radicalBig\nc2\n+(0)Λ2\n1+Λ2\n3+c3(0)Λ2/vextendsingle/vextendsingle/vextendsingle/vextendsingle+/vextendsingle/vextendsingle/vextendsingle/vextendsingle/radicalBig\nc2\n+(0)Λ2\n1+Λ2\n3\n−c3(0)Λ2/vextendsingle/vextendsingle/vextendsingle/vextendsingle+/vextendsingle/vextendsingle/vextendsingle/vextendsinglec3(0)Λ2+/radicalBig\nc2\n−(0)Λ2\n1+Λ2\n3/vextendsingle/vextendsingle/vextendsingle/vextendsingle+/vextendsingle/vextendsingle/vextendsingle/vextendsinglec3(0)Λ2\n−/radicalBig\nc2\n−(0)Λ2\n1+Λ2\n3/vextendsingle/vextendsingle/vextendsingle/vextendsingle/bracketrightbigg\n, (23)\nwherec±(0) =c1(0)±c2(0). Let us note that in the limit of inﬁnite evolution time, the trace dis tance also\napproaches to 1 −n−1regardless of the initial state of the two atoms.\nConsider the Werner initial state, for which c1(0) =−c2(0) =c3(0) =cwith 0≤c≤1. Such an input\nstate is only en",
        "page": 6,
        "link": "https://ui.adsabs.harvard.edu/link_gateway/2017AnPhy.377....1T/EPRINT_PDF",
        "title": "Entanglement enhanced thermometry in the detection of the Unruh effect"
    },
    "2017AnPhy.377....1T_page_6_chunk_3": {
        "text": "race dis tance also\napproaches to 1 −n−1regardless of the initial state of the two atoms.\nConsider the Werner initial state, for which c1(0) =−c2(0) =c3(0) =cwith 0≤c≤1. Such an input\nstate is only entangled when 1 /3<c≤1. The resulting trace distance given by Eq. (23) is plotted in Fig. 2.\nWe ﬁnd that the trace distance between the accelerated and non- accelerated scenario increases as a function\nof the initial entanglement (quantiﬁed by c). Besides, for some entangled states there is a global maximum in\nthe distinguishability before they achieve the equilibrium with the envir onment, and interestingly this value\ncan even exceed the equilibrium value, 1 −n−1. This interesting result proves that the performance of the\nthermometer with the auxiliary component can be enhanced with the aid of the initial entanglement. It also\nfollows that the optimal bipartite state for the detection of Unruh eﬀect is the maximally entangled state\n(c= 1).\nLet us now elucidate some of the phenomena observe",
        "page": 6,
        "link": "https://ui.adsabs.harvard.edu/link_gateway/2017AnPhy.377....1T/EPRINT_PDF",
        "title": "Entanglement enhanced thermometry in the detection of the Unruh effect"
    },
    "2017AnPhy.377....1T_page_6_chunk_4": {
        "text": " the initial entanglement. It also\nfollows that the optimal bipartite state for the detection of Unruh eﬀect is the maximally entangled state\n(c= 1).\nLet us now elucidate some of the phenomena observed in Fig. 2. Ther e is a sudden change point for the\ntrace distance, which occurs when cΛ2= Λ3. Thus, the bigger cis, the later the sudden change occurs. If\nc>infτ/braceleftbigg√\n16Λ2\n1(1−n−1)2+Λ2\n2Λ2\n3−4Λ2\n1Λ2\n3−2Λ2(1−n−1)\n4Λ2\n1−Λ2\n2/bracerightbigg\n(it is equal to 0 .88 forn= 10 in Fig. 2), the trace distance\ncan become larger than the equilibrium one, 1 −n−1. In this case there is also the maximum trace distance",
        "page": 6,
        "link": "https://ui.adsabs.harvard.edu/link_gateway/2017AnPhy.377....1T/EPRINT_PDF",
        "title": "Entanglement enhanced thermometry in the detection of the Unruh effect"
    },
    "2017AnPhy.377....1T_page_7_chunk_1": {
        "text": "7\nc/EΘual1\nc/EΘual0.9\nc/EΘual0.7\nc/EΘual0.5\nc/EΘual1/Slash13\n0 1 2 3 4 5Τ0.20.40.60.81.0/CaΠDelΤa\n/CaΠDelΤa/InfiniΤy\nFIG. 2: (Color online) Normalized trace distance for bipart ite states as a function of time τ(in units of γ0).n= 10 is\ntaken.\ncorresponding to the the optimal detection of the acceleration of the atom. In the case of c= 1 (c= 0.9), the\nmaximum trace distance is 1 .13 (1.02) whenτ= 0.42 (τ= 0.43).\nTo ﬁnd out which thermometer, the one with or without the initial ent anglement, performs better in the\ndetection of the Unruh eﬀect, we compare the trace distance of b ipartite system case with that of a single\natom case in Fig. 3. It is clear that the use of the initial entanglement provides a signiﬁcant advantage. This\ninteresting result provides a hint that the use of entanglement can be useful in the detection of the absolute\nacceleration, and as a consequence in experimental veriﬁcation of the Unruh eﬀect.\n0.00.51.01.52.02.53.0Τ0.20.40.60.81.01.2/CaΠDelΤa\n/CaΠDelΤa/Infini",
        "page": 7,
        "link": "https://ui.adsabs.harvard.edu/link_gateway/2017AnPhy.377....1T/EPRINT_PDF",
        "title": "Entanglement enhanced thermometry in the detection of the Unruh effect"
    },
    "2017AnPhy.377....1T_page_7_chunk_2": {
        "text": "ent can be useful in the detection of the absolute\nacceleration, and as a consequence in experimental veriﬁcation of the Unruh eﬀect.\n0.00.51.01.52.02.53.0Τ0.20.40.60.81.01.2/CaΠDelΤa\n/CaΠDelΤa/InfiniΤy\nFIG. 3: (Color online) Normalized trace distances as a funct ion of time τ(in units of γ0). The green curve denotes\nthat for the initial maximally entangled state case, the red curve denotes that for the single atom initially prepared in\nthe ground state, and the blue curve denotes the equilibrium case.n= 10 is assumed here.\nIV. CONCLUSIONS\nWe have used a simple model of a two-level atom interacting relativist ically with the ﬂuctuating massless\nscalar quantum ﬁeld in the Minkowski vacuum to probe the Unruh eﬀe ct. The purpose of the study was to\ndetermine the optimum methods of the detection, in particular to sh ow a relevant role of the initial entangle-",
        "page": 7,
        "link": "https://ui.adsabs.harvard.edu/link_gateway/2017AnPhy.377....1T/EPRINT_PDF",
        "title": "Entanglement enhanced thermometry in the detection of the Unruh effect"
    },
    "2017AnPhy.377....1T_page_7_chunk_3": {
        "text": "on, in particular to sh ow a relevant role of the initial entangle-",
        "page": 7,
        "link": "https://ui.adsabs.harvard.edu/link_gateway/2017AnPhy.377....1T/EPRINT_PDF",
        "title": "Entanglement enhanced thermometry in the detection of the Unruh effect"
    },
    "2017AnPhy.377....1T_page_8_chunk_1": {
        "text": "8\nment, which has been overlooked in the previous studies. Within the f ramework of open quantum systems, we\nhave obtained the analytical dynamical evolution of the thermomet er. We have then compared the evolution\nof the accelerated atom with that of the inertial one using the quan tum state discrimination techniques. We\nhave found that regardless of the initial state of the atom, the lar gest trace distance between this two cases\nis 1−n−1, which is achieved in the limit of inﬁnitely long interaction times. This resu lts corresponds to the\nsituation when the probe equilibrates with the surrounding thermal bath of the ﬁeld. However, we have shown\nthat this result can be improved by considering a more general situa tion in which the atom thermometer is\ninitially entangled with another two-level system that does not inter act with the considered ﬁeld. Our results\nshows that the elusive Unruh eﬀect, which has been too diﬃcult to be experimentally veriﬁed so far, perhaps\ncan be better expl",
        "page": 8,
        "link": "https://ui.adsabs.harvard.edu/link_gateway/2017AnPhy.377....1T/EPRINT_PDF",
        "title": "Entanglement enhanced thermometry in the detection of the Unruh effect"
    },
    "2017AnPhy.377....1T_page_8_chunk_2": {
        "text": "evel system that does not inter act with the considered ﬁeld. Our results\nshows that the elusive Unruh eﬀect, which has been too diﬃcult to be experimentally veriﬁed so far, perhaps\ncan be better explored with the aid of entangled systems in accelera ted motion.\nLet us note that our method here, based the equivalence principle, can also be applied to the detection of\nHawking eﬀect [64] and Gibbons-Hawking eﬀect [65], and so on. Beside s, with the development of simulation\nexperiments of relativistic quantum systems [12, 66], our results ca n be relevant to upcoming experimental\ntests of related phenomena in analogue systems.\nAcknowledgments\nZ. Tianand A. Draganthank forthe ﬁnancialsupportto the Nation alScience Center, SonataBIS GrantNo.\nDEC-2012/07/E/ST2/01402. J. Jing and J. Wang are supported b y the National Natural Science Foundation\nof China under Grant Nos. 11475061, and 11305058.\n[1] W. G. Unruh, Phys. Rev. D 14, 870 (1976).\n[2] J. S. Bell and J. M. Leinaas, Nucl. Phys. B 212(1",
        "page": 8,
        "link": "https://ui.adsabs.harvard.edu/link_gateway/2017AnPhy.377....1T/EPRINT_PDF",
        "title": "Entanglement enhanced thermometry in the detection of the Unruh effect"
    },
    "2017AnPhy.377....1T_page_8_chunk_3": {
        "text": "ported b y the National Natural Science Foundation\nof China under Grant Nos. 11475061, and 11305058.\n[1] W. G. Unruh, Phys. Rev. D 14, 870 (1976).\n[2] J. S. Bell and J. M. Leinaas, Nucl. Phys. B 212(1983) 131; J. S. Bell and J. M. Leinaas, Nucl. Phys. B 284(1987)\n488.\n[3] J. Rogers, Phys. Rev. Lett. 61, 2113 (1988).\n[4] W. G. Unruh, Phys. Rep. 307(1998) 163-171.\n[5] P. Chen and T. Tajima, Phys. Rev. Lett. 83, 256(1999).\n[6] G.E.A. Matsas and D.A.T. Vanzella, Phys. Rev. D 59, 094004 (1999).\n[7] D. A. T. Vanzella and G. E. A. Matsas, Phys. Rev. Lett. 87, 151301 (2001).\n[8] M. O. Scully ,V.V. Kocharovsky,A. Belyanin, E. Fry, F. Ca passo, Phys. Rev. Lett. 91, 243004 (2003).\n[9] R. Sch¨ utzhold, G. Schaller, and D. Habs, Phys. Rev. Lett .97, 121302 (2006).\n[10] E. Mart´ ınMart´ ınez, I. Fuentes, and R. B. Mann, Phys. R ev. Lett. 107, 131301 (2011).\n[11] N. Rad and D. Singleton, Eur. Phys. J. D (2012) 66: 258.\n[12] S. Felicetti, C. Sab´ ın, I. Fuentes, L. Lamata, G. Romer o, and E. Solano, P",
        "page": 8,
        "link": "https://ui.adsabs.harvard.edu/link_gateway/2017AnPhy.377....1T/EPRINT_PDF",
        "title": "Entanglement enhanced thermometry in the detection of the Unruh effect"
    },
    "2017AnPhy.377....1T_page_8_chunk_4": {
        "text": ", and R. B. Mann, Phys. R ev. Lett. 107, 131301 (2011).\n[11] N. Rad and D. Singleton, Eur. Phys. J. D (2012) 66: 258.\n[12] S. Felicetti, C. Sab´ ın, I. Fuentes, L. Lamata, G. Romer o, and E. Solano, Phys. Rev. B 92, 064501 (2015).\n[13] A. Retzker, J.I.Cirac, M.B. Plenio, B. Reznik, Phys. Re v. Lett.101, 110402 (2008).\n[14] P. D. Nation, J. R. Johansson, M. P. Blencowe, F. Nori Rev . Mod., Phys. 84, 1 (2012).\n[15] L.C.B. Crispino, A.Higuchi, G. E.A. Matsas, Rev. Mod. P hys.80, 787 (2008).\n[16] J. Earman, Studies in History and Philosophy of Modern P hysics42(2011) 81-97.\n[17] I. Pe˜ na, and D. Sudarsky, Found Phys (2014) 44: 689-708.\n[18] A. Dragan, J. Doukas, E. Martin-Martinez, and DE Brusch i, Class. Quantum Grav. 30, 235006 (2013).\n[19] A. Dragan, J. Doukas, and E. Martin-Martinez, Phys. Rev . A87052326 (2013).\n[20] J. Doukas, E. G. Brown, A. Dragan, and R. B. Mann, Phys. Re v. A87, 012306 (2013).\n[21] M. Ahmadi, K. Lorek, A. Checinska, A. R. H. Smith, R. B. Ma nn, and A. Dragan, ar",
        "page": 8,
        "link": "https://ui.adsabs.harvard.edu/link_gateway/2017AnPhy.377....1T/EPRINT_PDF",
        "title": "Entanglement enhanced thermometry in the detection of the Unruh effect"
    },
    "2017AnPhy.377....1T_page_8_chunk_5": {
        "text": ". Rev . A87052326 (2013).\n[20] J. Doukas, E. G. Brown, A. Dragan, and R. B. Mann, Phys. Re v. A87, 012306 (2013).\n[21] M. Ahmadi, K. Lorek, A. Checinska, A. R. H. Smith, R. B. Ma nn, and A. Dragan, arXiv:1602.02349 [quant-ph]\n(2016).\n[22] N. D. Birrell, P. C. W. Davies, Quantum Fields in Curved Space (Cambridge University Press, Cambridge, 1982).\n[23] F. Benatti and R. Floreanini, Phys. Rev. A 70, 012112 (2004).\n[24] S. Omkar, S. Banerjee, R. Srikanth, and A. K. Alok, Quant um Inf. and Comp. 16(2016) 0757; S. Banerjee, A. K.\nAlok, S. Omkar, and R. Srikanth, arXiv:1603.05450 [quant-p h].\n[25] J. Dalibard, J. Dupont-Roc, and C. Cohen-Tannoudji, J. Phys. (France) 43, 1617 (1982); J. Dalibard, J. Dupont-\nRoc, and C. Cohen-Tannoudji, J. Phys. (France) 45, 637 (1984).\n[26] J. Audretsch, and R. M¨ uller, Phys. Rev. A 52, 629 (1995); Phys. Rev. A 50, 1755 (1994).\n[27] Zh. Zhu, H. Yu, and Sh. Lu, Phys. Rev. D 73, 107501 (2006).\n[28] A. G. S. Landulfo, and G. E. A. Matsas, Phys. Rev. A 80, 03231",
        "page": 8,
        "link": "https://ui.adsabs.harvard.edu/link_gateway/2017AnPhy.377....1T/EPRINT_PDF",
        "title": "Entanglement enhanced thermometry in the detection of the Unruh effect"
    },
    "2017AnPhy.377....1T_page_8_chunk_6": {
        "text": "¨ uller, Phys. Rev. A 52, 629 (1995); Phys. Rev. A 50, 1755 (1994).\n[27] Zh. Zhu, H. Yu, and Sh. Lu, Phys. Rev. D 73, 107501 (2006).\n[28] A. G. S. Landulfo, and G. E. A. Matsas, Phys. Rev. A 80, 032315 (2009).\n[29] P. M. Alsing, I. Fuentes-Schuller, R. B. mann, and T. E. T essier, Phys. Rev. A 74, 032326 (2006).\n[30] J. Doukas, and L. C. L. Hollenberg, Phys. Rev. A 79, 052109 (2009).",
        "page": 8,
        "link": "https://ui.adsabs.harvard.edu/link_gateway/2017AnPhy.377....1T/EPRINT_PDF",
        "title": "Entanglement enhanced thermometry in the detection of the Unruh effect"
    },
    "2017AnPhy.377....1T_page_9_chunk_1": {
        "text": "9\n[31] D. E. Bruschi. J. Louko, E. Mar´ ın-Mart´ ınez, A. Dragan , and I. Fuentes, Phys. Rev. A 82, 042332 (2010).\n[32] G. Adesso, I. Fuentes-Schuller, and M. Ericsson, Phys. Rev. A76, 062112 (2007).\n[33] J. Wang, and J. Jing, Phys. Rev. A 83, 022314 (2011).\n[34] M. R. Hwang, D. Park, and E. Jung, Phys. Rev. A 83, 012111 (2011).\n[35] D. E. Bruschi, I. Fuentes, and J. Louko, Phys. Rev. D 85, 061701(R) (2012).\n[36] N. Friis, A. R. Lee, D. E. Bruschi, and J. Louko, Phys. Rev . D85, 025012 (2012).\n[37] A. Datta, Phys. Rev. A 80, 052304 (2009).\n[38] J. Wang, J. Deng, and J. Jing, Phys. Rev. A 81, 052120 (2010).\n[39] L. C. C´ eleri, A. G. S. Landulfo, R. M. Serra, and G. E. A. M atsas, Phys. Rev. A 81, 062130 (2010).\n[40] Z. Tian, and J. Jing, Physics Letters B 707(2012) 264-271.\n[41] E. G. Brown, K. Cormier, E. Mart´ ı-Mart´ ınez, and R. B. M ann, Phys. Rev. A 86, 032108 (2012).\n[42] G. Adesso, S. Ragy, and D. Girolami, Class. Quantum Grav .29(2012) 224002 (19pp).\n[43] W. Qiang, and L. Zhan",
        "page": 9,
        "link": "https://ui.adsabs.harvard.edu/link_gateway/2017AnPhy.377....1T/EPRINT_PDF",
        "title": "Entanglement enhanced thermometry in the detection of the Unruh effect"
    },
    "2017AnPhy.377....1T_page_9_chunk_2": {
        "text": "n, K. Cormier, E. Mart´ ı-Mart´ ınez, and R. B. M ann, Phys. Rev. A 86, 032108 (2012).\n[42] G. Adesso, S. Ragy, and D. Girolami, Class. Quantum Grav .29(2012) 224002 (19pp).\n[43] W. Qiang, and L. Zhang, Physics Letters B 742(2015) 383-389.\n[44] N. Friis, P. K¨ ohler, E. Mart´ ın-Mart´ ınez, anf R. A. Be rtlmann, Phys. Rev. A 84, 062111 (2011).\n[45] A. Smith, and R. B. Mann, Phys. Rev. A 86, 012306 (2012).\n[46] D.Park, J. Phys. A: Math. Theor. 45(2012) 415308 (10pp).\n[47] Z. Tian, and J. Jing, Annals of Physics 333(2013) 76-89; Z. Tian, J. Wang, and J. Jing, Annals of Physics 332\n(2013) 98-109.\n[48] P. M. Asling, and G. J. Milburn, Phys.Rev.Lett. 91, 180404 (2003) ; P. M. Asling, D. McMahon, and G. J.\nMilburn, J. Opt. B: Quantum Semiclass. Opt. 6(2004) S834-S843.\n[49] J. Feng, Y. Zhang, M. D. Gould, and H. Fan, Physics Letter s B726(2013) 527-532.\n[50] Y. Yao, X. Xiao, L. Ge, X. Wang, and Ch. Sun, Phys. Rev. A 89, 042336 (2014).\n[51] Z. H. Shamsi, D. G. Kim, and Y. H. kwon, arXiv:1409.6",
        "page": 9,
        "link": "https://ui.adsabs.harvard.edu/link_gateway/2017AnPhy.377....1T/EPRINT_PDF",
        "title": "Entanglement enhanced thermometry in the detection of the Unruh effect"
    },
    "2017AnPhy.377....1T_page_9_chunk_3": {
        "text": "D. Gould, and H. Fan, Physics Letter s B726(2013) 527-532.\n[50] Y. Yao, X. Xiao, L. Ge, X. Wang, and Ch. Sun, Phys. Rev. A 89, 042336 (2014).\n[51] Z. H. Shamsi, D. G. Kim, and Y. H. kwon, arXiv:1409.6847 [ quant-ph].\n[52] X. Hao, and Y. Wu, arXiv:1510.06515 [quant-ph].\n[53] N. Friis, M. Huber, I. Fuentes, and D. E. Bruschi, Phys. R ev. D86, 105003 (2012); D. E. Bruschi, A. Dragan, A.\nR. Lee, I. Fuentes, and J. Louko, Phys. Rev. Lett. 111, 090504 (2013); D. E. Bruschi, J. Louko, D. Faccio, and I.\nFuentes, New Journal of Physics 15(2013) 073052 (12pp).\n[54] E. Mart´ ın-Mart´ ınez, D. Aasen, and A. Kempf, Phys. Rev . Lett.110, 160501 (2013); E. Mart´ ın-Mart´ ınez, and C.\nSutherland, Physics Letters B 739(2014) 74-82.\n[55] M. Ahmadi, D. E. Bruachi, C. Sab´ ın, G. Adesso, and I. Fue ntes, Sci. Rep. 4, 4996 (2014).\n[56] M. Aspachs, G. Adesso, and I. Fuentes, Phys. Rev. Lett. 105, 151301 (2010).\n[57] Z. Tian, J. Wang, H. Fan, and J. Jing, Sci. Rep. 57946 (2015).\n[58] J. Doukas, G. Adesso, S.",
        "page": 9,
        "link": "https://ui.adsabs.harvard.edu/link_gateway/2017AnPhy.377....1T/EPRINT_PDF",
        "title": "Entanglement enhanced thermometry in the detection of the Unruh effect"
    },
    "2017AnPhy.377....1T_page_9_chunk_4": {
        "text": " Rep. 4, 4996 (2014).\n[56] M. Aspachs, G. Adesso, and I. Fuentes, Phys. Rev. Lett. 105, 151301 (2010).\n[57] Z. Tian, J. Wang, H. Fan, and J. Jing, Sci. Rep. 57946 (2015).\n[58] J. Doukas, G. Adesso, S. Pirandola, and A. Dragan, Class . Quantum Grav. 32, 035013 (2015).\n[59] C. W. Helstrom, Quantum Detection and Estimation Theory (Academic Press, New York, 1976); A. Cheﬂes,\nContemp. Phys. 41, 401 (2000); V. Kargin, Ann. Stat. 33, 959 (2005); M. Tsang, Phys. Rev. Lett. 108, 170502\n(2012).\n[60] H. Yu and J. Zhang, Phys. Rev. D 77, 024031 (2007); H. Yu, Phys. Rev. Lett. 106, 061101 (2011).\n[61] V. Gorini, A. Kossakowski, and E. C. G. Surdarshan, J. Ma th. Phys. 17, 821 (1976); G. Lindblad, Commun.\nMath. Phys. 48, 119 (1976).\n[62] W. E. Lamb, R. C. Retherford, Phys. Rev 72, 241 (1947).\n[63] T. Baumgratz, M. Cramer, M. B. Plenio, Phys. Rev. Lett. 113, 140401 (2014).\n[64] S. W. Hawking, Nature 248, 30-31 (1974); Commun. Math. Phys. 43, 199-220 (1975).\n[65] G. W. Gibbons, and S. W. Hawking, Phys",
        "page": 9,
        "link": "https://ui.adsabs.harvard.edu/link_gateway/2017AnPhy.377....1T/EPRINT_PDF",
        "title": "Entanglement enhanced thermometry in the detection of the Unruh effect"
    },
    "2017AnPhy.377....1T_page_9_chunk_5": {
        "text": "umgratz, M. Cramer, M. B. Plenio, Phys. Rev. Lett. 113, 140401 (2014).\n[64] S. W. Hawking, Nature 248, 30-31 (1974); Commun. Math. Phys. 43, 199-220 (1975).\n[65] G. W. Gibbons, and S. W. Hawking, Phys. Rev. D 15, 2738 (1977).\n[66] M. del Rey, D. Porras, and E. Mart´ ın-Mart´ ınez, Phys. R ev. A85, 022511 (2012).",
        "page": 9,
        "link": "https://ui.adsabs.harvard.edu/link_gateway/2017AnPhy.377....1T/EPRINT_PDF",
        "title": "Entanglement enhanced thermometry in the detection of the Unruh effect"
    }
}