{
    "2017AnPhy.387..317A_page_1_chunk_1": {
        "text": "On the implications of the Bekenstein bound for black hole evaporation\nGiovanni Acquaviva,\u0003Alfredo Iorio,yand Martin Scholtzz\nFaculty of Mathematics and Physics, Charles University in Prague,\nV Hole\u0014 sovi\u0014 ck\u0013 ach 2, 18000 Prague, Czech Republic\nWe provide general arguments regarding the connection between low-energy theories (gravity\nand quantum \feld theory) and a hypothetical fundamental theory of quantum gravity, under the\nassumptions of (i)validity of the holographic bound and (ii)preservation of unitary evolution at\nthe level of the fundamental theory. In particular, the appeal to the holographic bound imposed on\ngeneric physical systems by the Bekenstein-Hawking entropy implies that both classical geometry\nand quantum \felds propagating on it should be regarded as phenomena emergent from the dynamics\nof the fundamental theory. The reshu\u000fing of the fundamental degrees of freedom during the unitary\nevolution then leads to an entanglement between geometry and quantum \felds. The conse",
        "page": 1,
        "link": "https://ui.adsabs.harvard.edu/link_gateway/2017AnPhy.387..317A/EPRINT_PDF",
        "title": "On the implications of the Bekenstein bound for black hole evaporation"
    },
    "2017AnPhy.387..317A_page_1_chunk_2": {
        "text": "rom the dynamics\nof the fundamental theory. The reshu\u000fing of the fundamental degrees of freedom during the unitary\nevolution then leads to an entanglement between geometry and quantum \felds. The consequences\nof such scenario are considered in the context of black hole evaporation and the related information-\nloss issue: we provide a simplistic toy model in which an average loss of information is obtained as\na consequence of the geometry-\feld entanglement.\nI. INTRODUCTION\nIn this paper we shall combine two general consider-\nations regarding quantum theories of gravity and study\ntheir implications for black hole evaporation.\nThe \frst consideration is that, if the Bekenstein upper\nbound on the entropy of any physical system is correct,\nthere probably exist more fundamental entities than the\nones we deem to be elementary [1{3]. The second consid-\neration is that, at our energy scales, these fundamental\nentities must organize themselves as quantum \felds act-\ning on classical spacetimes (our",
        "page": 1,
        "link": "https://ui.adsabs.harvard.edu/link_gateway/2017AnPhy.387..317A/EPRINT_PDF",
        "title": "On the implications of the Bekenstein bound for black hole evaporation"
    },
    "2017AnPhy.387..317A_page_1_chunk_3": {
        "text": "nes we deem to be elementary [1{3]. The second consid-\neration is that, at our energy scales, these fundamental\nentities must organize themselves as quantum \felds act-\ning on classical spacetimes (our best understanding of\nthe low-energy physics) by \\making\" both the quantum\n\felds and the classical geometry.\nThe consequence of such assumptions is then the fol-\nlowing: since the bound is reached only when the black\nhole is formed, and it is an upper bound, then and\nonly then allthe degrees of freedom of the fundamen-\ntal entities have been excited. Hence one can think of\nthe black hole state as a gas-like high-energy \\phase\",\nwith few (one in the simplest case) macroscopic param-\neters characterizing all the microscopic states. When\nthe energy is lowered (that is after the evaporation of\nthe black hole) these fundamental entities have at their\ndisposal a large amount of di\u000berent, nonequivalent re-\narrangements. These are their physically nonequivalent\nlow-energy \\phases\", that can only ",
        "page": 1,
        "link": "https://ui.adsabs.harvard.edu/link_gateway/2017AnPhy.387..317A/EPRINT_PDF",
        "title": "On the implications of the Bekenstein bound for black hole evaporation"
    },
    "2017AnPhy.387..317A_page_1_chunk_4": {
        "text": "e black hole) these fundamental entities have at their\ndisposal a large amount of di\u000berent, nonequivalent re-\narrangements. These are their physically nonequivalent\nlow-energy \\phases\", that can only be described as spe-\nci\fc quantum \felds acting on speci\fc geometries. Simi-\nlar lessons can be learned from ordinary states of matter,\nmade of ordinary particles. On the other hand there\nis a crucial di\u000berence with the usual phases of matter,\nnamely the fact that we introduce here a democracy be-\ntween spacetime and \felds/particles which, in this view,\nboth emerge from one underlying dynamics. We call this\nview the \\quasiparticle\" picture, as we shall explain be-\nlow.\nWith this in mind, it is clearly virtually impossible that\nafter the black hole evaporation we can retrieve the very\nsame \\phase\" we had before the black hole was formed.\nHence, the information associated to the quantum \feldsin the \\phase\" before the formation of the black hole is,\nin general, only partially recovered in the ",
        "page": 1,
        "link": "https://ui.adsabs.harvard.edu/link_gateway/2017AnPhy.387..317A/EPRINT_PDF",
        "title": "On the implications of the Bekenstein bound for black hole evaporation"
    },
    "2017AnPhy.387..317A_page_1_chunk_5": {
        "text": "e\" we had before the black hole was formed.\nHence, the information associated to the quantum \feldsin the \\phase\" before the formation of the black hole is,\nin general, only partially recovered in the \\phase\" after\nthe black hole has evaporated; the information loss is due\nto the entanglement between the \felds and the geome-\ntry. This is how we intend to address the information\nparadox.\nThe structure of the paper is as follows. In Sec. II we\nexplain more in detail the quasiparticle picture and its\nrole in the emergence of both quantum \felds and classi-\ncal geometry. In Sec. III we brie\ry present the construc-\ntion of the Page curve as well as analogous concepts and\nantagonist views. In order to demonstrate possible im-\nplications of our picture, in Sec. IV we shall construct a\ntoy model of black hole evaporation that exhibits partial\nloss of information and, hence, leads to a modi\fcation of\nthe Page curve.\nII. QUASIPARTICLE PICTURE\nAs widely known, the entropy Sof any physical system\nco",
        "page": 1,
        "link": "https://ui.adsabs.harvard.edu/link_gateway/2017AnPhy.387..317A/EPRINT_PDF",
        "title": "On the implications of the Bekenstein bound for black hole evaporation"
    },
    "2017AnPhy.387..317A_page_1_chunk_6": {
        "text": "black hole evaporation that exhibits partial\nloss of information and, hence, leads to a modi\fcation of\nthe Page curve.\nII. QUASIPARTICLE PICTURE\nAs widely known, the entropy Sof any physical system\ncontained in a volume V, including the volume itself, is\nsupposed to be bounded from above by the value of the\nBekenstein-Hawking entropy associated to a black hole\nwhose event horizon coincides with the boundary of V[4]\nS\u0014SBH=1\n4@V\n`2\nP; (1)\nwhere`P=p\n~G=c3\u00181:6\u000210\u000035m. The generality\nof the original bounds for ordinary matter (i.e., when\ngravity is not included) posited by [5] is the subject of\nintense investigation and debates [6]. Nonetheless, it is\nwidely accepted that for black holes the upper bound is\nsaturated.\nBy the number of degrees of freedom Nof a quantum\nphysical system we mean the number of bits of informa-\ntion necessary to describe the generic state of the system .\nIn other words, Nis the logarithm of N, the dimension\nof the Hilbert space of the quantum system. In the ex-\ntre",
        "page": 1,
        "link": "https://ui.adsabs.harvard.edu/link_gateway/2017AnPhy.387..317A/EPRINT_PDF",
        "title": "On the implications of the Bekenstein bound for black hole evaporation"
    },
    "2017AnPhy.387..317A_page_1_chunk_7": {
        "text": "number of bits of informa-\ntion necessary to describe the generic state of the system .\nIn other words, Nis the logarithm of N, the dimension\nof the Hilbert space of the quantum system. In the ex-\ntreme case of a black hole N=eSBH. Hence, formulaarXiv:1704.00345v1  [gr-qc]  2 Apr 2017",
        "page": 1,
        "link": "https://ui.adsabs.harvard.edu/link_gateway/2017AnPhy.387..317A/EPRINT_PDF",
        "title": "On the implications of the Bekenstein bound for black hole evaporation"
    },
    "2017AnPhy.387..317A_page_2_chunk_1": {
        "text": "2\n(1) means i)that in nature the information contained in\nany volume Vcannot exceed 1 bit every 4 Planck areas\nof the boundary of V, and ii)that if and only if a black\nhole is formed, the degrees of freedom of the hypothetical\nfundamental entities are most excited (see, e.g., [7]).\nThese fundamental entities cannot fully coincide with\nthe particles customarily thought of as elementary (elec-\ntrons, neutrinos, photons, etc.) for two reasons: one is\nthat, if it were so, we would reach the bound with ordi-\nnary matter, and this does not happen; the second one\nis that gravity must be included in the counting of the\nfundamental degrees of freedom because the saturation\nonly happens when gravity becomes as important as the\nother interactions.\nAlthough we do not know the dynamics generating the\nfundamental degrees of freedom, such dynamics needs be\nsuch that the emergent behavior at typical wavelengths\nmuch bigger than the Planck length `Pis that of con-\ntinuum quantum \felds acting on a conti",
        "page": 2,
        "link": "https://ui.adsabs.harvard.edu/link_gateway/2017AnPhy.387..317A/EPRINT_PDF",
        "title": "On the implications of the Bekenstein bound for black hole evaporation"
    },
    "2017AnPhy.387..317A_page_2_chunk_2": {
        "text": "undamental degrees of freedom, such dynamics needs be\nsuch that the emergent behavior at typical wavelengths\nmuch bigger than the Planck length `Pis that of con-\ntinuum quantum \felds acting on a continuum classical\nspacetime. That is, at low resolution we have quantum\n\feld theory (QFT) in curved spacetime, hence both (clas-\nsical) geometry and (quantum) \felds are emergent enti-\nties.\nOn the one hand, the idea that gravity is an emergent\nphenomenon arising from more fundamental degrees of\nfreedom is not new and goes back to Shakarov [8, 9].\nPresently there exist many particular models describing\nhow gravity could emerge. The common feature of these\nmodels is to consider some kind of underlying discrete\nlattice. A striking fact that crystals with de\u000bects can\ngive rise to e\u000bective non-Euclidean geometry has been\nemployed in the cosmological \\world crystal model\" [10].\nIt was proposed in [11] that the classical properties of\nthe space-time might emerge from the quantum entangle-\nment betwe",
        "page": 2,
        "link": "https://ui.adsabs.harvard.edu/link_gateway/2017AnPhy.387..317A/EPRINT_PDF",
        "title": "On the implications of the Bekenstein bound for black hole evaporation"
    },
    "2017AnPhy.387..317A_page_2_chunk_3": {
        "text": "an geometry has been\nemployed in the cosmological \\world crystal model\" [10].\nIt was proposed in [11] that the classical properties of\nthe space-time might emerge from the quantum entangle-\nment between the actual fundamental degrees of freedom.\nA speci\fc model along these lines has been proposed re-\ncently in [12]. An interesting feature of this model is the\npossibility to recover the ER=EPR conjecture [13, 14]. In\nquantum graphity [15, 16], fundamental degrees of free-\ndom and their interactions are represented by a complete\ngraph with dynamical structure. For more approaches,\nsee, e.g., [17{23].\nOn the other hand, emergent, nonequivalent descrip-\ntions of the same underlying dynamics are a built-in char-\nacteristic of QFT [24], both in its relativistic regime [25]\n(hence deemed to be fundamental) and in its nonrela-\ntivistic regime [26] (e.g., in condensed matter). Indeed,\nit is well recognized by now that the quantum vacuum\ncan have a rich structure [27] with nonequivalent quan-\ntu",
        "page": 2,
        "link": "https://ui.adsabs.harvard.edu/link_gateway/2017AnPhy.387..317A/EPRINT_PDF",
        "title": "On the implications of the Bekenstein bound for black hole evaporation"
    },
    "2017AnPhy.387..317A_page_2_chunk_4": {
        "text": "ndamental) and in its nonrela-\ntivistic regime [26] (e.g., in condensed matter). Indeed,\nit is well recognized by now that the quantum vacuum\ncan have a rich structure [27] with nonequivalent quan-\ntum mechanical sectors or \\phases\". This complexity is\nunderstood in QFT as due to the in\fnite number of de-\ngrees of freedom and/or to the nontrivial topology of the\nsystem, such as the presence of topological defects [28].\nOn the mathematical level these features are the man-\nifestation of the failure of the Stone-von Neumann theo-\nrem [29, 30] that holds only for quantum mechanical sys-\ntems of \fnite degrees of freedom and trivial topology [31].\nThis failure leads to the existence of di\u000berent, unitarilyinequivalent representations of the \feld algebra. That\nis, for a given dynamics one should expect several dif-\nferent Hilbert spaces, representing di\u000berent \\phases\" of\nthe system with distinct physical properties, and distinct\nexcitations playing the role of the elementary excitations\n[32] ",
        "page": 2,
        "link": "https://ui.adsabs.harvard.edu/link_gateway/2017AnPhy.387..317A/EPRINT_PDF",
        "title": "On the implications of the Bekenstein bound for black hole evaporation"
    },
    "2017AnPhy.387..317A_page_2_chunk_5": {
        "text": "expect several dif-\nferent Hilbert spaces, representing di\u000berent \\phases\" of\nthe system with distinct physical properties, and distinct\nexcitations playing the role of the elementary excitations\n[32] for the given \\phase\" [33], but whose general char-\nacter is that of the quasiparticles of condensed matter\n[34, 35].\nIn condensed matter examples are many. From the\nCooper pairs of type II superconductors [36, 37] that are\nbosonic quasiparticles emerging from the basic fermionic\ndynamics of the electrons interacting with the lattice, to\nthe more recently discovered quasiparticles of graphene\n[38] that are massless Dirac quasiparticles emerging\nfrom the dynamics of electrons propagating on car-\nbon honeycomb lattices, and giving raise to a contin-\nuum relativistic-like (2+1)-dimensional \feld theory on a\npseudo-Riemannian geometry.\nSimilarly, as well known, one \fnds examples also in\nthe context of black hole physics, the one of interest\nhere. Indeed, the vacuum of a freely falling observer ",
        "page": 2,
        "link": "https://ui.adsabs.harvard.edu/link_gateway/2017AnPhy.387..317A/EPRINT_PDF",
        "title": "On the implications of the Bekenstein bound for black hole evaporation"
    },
    "2017AnPhy.387..317A_page_2_chunk_6": {
        "text": "heory on a\npseudo-Riemannian geometry.\nSimilarly, as well known, one \fnds examples also in\nthe context of black hole physics, the one of interest\nhere. Indeed, the vacuum of a freely falling observer in\nSchwarzschild's spacetime can be seen, by a static ob-\nserver, as a coherent state of Cooper-like pairs, similar\nto that of a superconductor [39], and the Hawking radia-\ntion itself is related to the existence of distinct elementary\nexcitations in the two frames. See the original derivation\nof Hawking [40, 41], and also [42, 43].\nThose degrees of freedom, though, are not the funda-\nmental ones we are referring to here, because they do\nnot explicitly include the degrees of freedom of geometry\n[44]. Such extra request is suggested by the Bekenstein\nbound, but the general mechanism we propose is similar\nto the one at work already in ordinary matter.\nThe bound (1) does not identify the type of funda-\nmental degrees of freedom nor their dynamics. Nonethe-\nless, we can extract from that bound",
        "page": 2,
        "link": "https://ui.adsabs.harvard.edu/link_gateway/2017AnPhy.387..317A/EPRINT_PDF",
        "title": "On the implications of the Bekenstein bound for black hole evaporation"
    },
    "2017AnPhy.387..317A_page_2_chunk_7": {
        "text": "is similar\nto the one at work already in ordinary matter.\nThe bound (1) does not identify the type of funda-\nmental degrees of freedom nor their dynamics. Nonethe-\nless, we can extract from that bound one important con-\nsequence for the process of black hole evaporation. In\nthe standard scenario assuming unitary evolution, the\ninformation contained in the collapsing matter is scram-\nbled inside the black hole, but is eventually fully released\nduring evaporation. This paradigm of information con-\nservation is manifested by the so-called \\Page curve\"\n[45] which describes the complete information retrieval\nin the Hawking radiation at the \fnal stage of the black\nhole evaporation. In our picture, however, the probabil-\nity that after the complete evaporation the fundamental\ndegrees of freedom reorganize just like before the col-\nlapse leading to black hole, is inversely proportional to\nthe number of possible nonequivalent rearrangements of\nthe fundamental degrees of freedom. Therefore, even",
        "page": 2,
        "link": "https://ui.adsabs.harvard.edu/link_gateway/2017AnPhy.387..317A/EPRINT_PDF",
        "title": "On the implications of the Bekenstein bound for black hole evaporation"
    },
    "2017AnPhy.387..317A_page_2_chunk_8": {
        "text": "eorganize just like before the col-\nlapse leading to black hole, is inversely proportional to\nthe number of possible nonequivalent rearrangements of\nthe fundamental degrees of freedom. Therefore, even if\none demands the dynamics of the fundamental degrees of\nfreedom to be unitary, as we shall do, one expects that\nthe entanglement between the geometry and the quan-\ntum \felds due to the reshu\u000fing of fundamental degrees\nof freedom could lead to an e\u000bective loss of information\nin the Hawking radiation.\nThe loss of information, in the sense of evolution of a\npure state into a mixed state, can have two causes. The",
        "page": 2,
        "link": "https://ui.adsabs.harvard.edu/link_gateway/2017AnPhy.387..317A/EPRINT_PDF",
        "title": "On the implications of the Bekenstein bound for black hole evaporation"
    },
    "2017AnPhy.387..317A_page_3_chunk_1": {
        "text": "3\n\frst one is that the laws of quantum theory are indeed\nviolated in some regimes. The second one is that only\nsome subsystem of the universe is accessible, hence there\nwill always be a residual entanglement of the subsystem\nwith the inaccessible parts [46]. In our picture we do\nnot consider the \frst possibility, rather we suggest that\npart of the total system is always hidden: this produces\nentanglement between emergent \felds and geometry and\nleads to an e\u000bective loss of information on the \feld side.\nLet us conclude this introduction with a schematic\nsummary of the logic behind the model we propose.\ni) We interpret the upper bound (1) as indication of\nthe existence of \fnite number of fundamental degrees\nof freedom, fully excited (saturated bound) only for\na black hole. To access these fundamental degrees\nof freedom, one would need resolutions of order `P\n(which might not be possible at all, as suggested,\ne.g., in [47]).\nii) Everything we see at our low-energy scale (low-\nresolution) i",
        "page": 3,
        "link": "https://ui.adsabs.harvard.edu/link_gateway/2017AnPhy.387..317A/EPRINT_PDF",
        "title": "On the implications of the Bekenstein bound for black hole evaporation"
    },
    "2017AnPhy.387..317A_page_3_chunk_2": {
        "text": "damental degrees\nof freedom, one would need resolutions of order `P\n(which might not be possible at all, as suggested,\ne.g., in [47]).\nii) Everything we see at our low-energy scale (low-\nresolution) is classical spacetimes and quantum\n\felds. Both emerge from the properties of and the in-\nteractions between fundamental degrees of freedom.\niii) Since the bound is not reached at our energies, the\nparticles we call elementary are in fact emergent\nquasiparticles.\niv) Being discrete entities, the fundamental degrees of\nfreedom must arrange into discrete structures. Their\nnature (symmetries, type of interaction, etc.) is not\nspeci\fed here, as we shall make model-independent\nconsiderations. In other words, we do not construct\nhere a speci\fc model of quantum gravity, but try to\nconvey general considerations.\nv) There are, in general, di\u000berent con\fgurations of the\nfundamental degrees of freedom which give rise to the\nsame classical geometry. These con\fgurations yield\ndi\u000berent numbers of degrees ",
        "page": 3,
        "link": "https://ui.adsabs.harvard.edu/link_gateway/2017AnPhy.387..317A/EPRINT_PDF",
        "title": "On the implications of the Bekenstein bound for black hole evaporation"
    },
    "2017AnPhy.387..317A_page_3_chunk_3": {
        "text": "derations.\nv) There are, in general, di\u000berent con\fgurations of the\nfundamental degrees of freedom which give rise to the\nsame classical geometry. These con\fgurations yield\ndi\u000berent numbers of degrees of freedom for the \felds.\nThus, even if the geometries before the formation of\nthe black hole and after its evaporation are the same,\nthe emerging quantum \felds will be, in general, dif-\nferent (i.e., live in di\u000berent Hilbert spaces).\nvi) Even though, for simplicity, we assume unitary evo-\nlution on the fundamental level, the rearrangement\nof the fundamental degrees of freedom during the\nevaporation process leads to an entanglement be-\ntween the emerging geometry and the emerging\n\felds, thereby producing a loss of information on the\n\feld side.\nIII. PAGE CURVE\nOur primary motivation is to address the black hole\ninformation paradox, i.e., the problem of the apparent\nloss of information during the process of a black holeevaporation. There are many proposals how to resolve\nthis paradox. There ",
        "page": 3,
        "link": "https://ui.adsabs.harvard.edu/link_gateway/2017AnPhy.387..317A/EPRINT_PDF",
        "title": "On the implications of the Bekenstein bound for black hole evaporation"
    },
    "2017AnPhy.387..317A_page_3_chunk_4": {
        "text": "ss the black hole\ninformation paradox, i.e., the problem of the apparent\nloss of information during the process of a black holeevaporation. There are many proposals how to resolve\nthis paradox. There are arguments that in the presence\nof gravity, and especially in the presence of a black hole,\nwe have to expect some modi\fcations of the quantum\ntheory and, perhaps, deviations from unitary evolution\nat the fundamental level. From this perspective, there\nis no paradox in losing information during the formation\nof a singularity and the subsequent evaporation of the\nback hole [48, 49], because the underlying theory does\nnot require the information conservation.\nOn the other hand, it has been advocated by [50] and\n[51] that the evolution is always unitary and the in-\nformation loss is prohibited. These arguments rely on\nthe holographic principle, string theory models of black\nhole evaporation and the paradigm of the black hole\ncomplementarity. Another con\frmation of information\nconservation ",
        "page": 3,
        "link": "https://ui.adsabs.harvard.edu/link_gateway/2017AnPhy.387..317A/EPRINT_PDF",
        "title": "On the implications of the Bekenstein bound for black hole evaporation"
    },
    "2017AnPhy.387..317A_page_3_chunk_5": {
        "text": ". These arguments rely on\nthe holographic principle, string theory models of black\nhole evaporation and the paradigm of the black hole\ncomplementarity. Another con\frmation of information\nconservation has been provided by [52], who employed\nthe quantum perturbations of the event horizon and the\nAdS/CFT correspondence in order to argue that infor-\nmation can, in fact, escape from the black hole.\nThere have been also arguments that it is impossible\nto reconcile the unitary evolution, the principle of equiv-\nalence and the low energy e\u000bective quantum \feld theory.\nThese arguments have been embodied in the controver-\nsial \\\frewall paradox\" introduced in [53]. Very recently,\nit was proposed in [54] how to avoid the \frewall paradox\nby appropriate identi\fcation of the antipodal points of\nthe event horizon.\nA more conservative approach to the problem has been\nadopted by Page and it is based on purely quantum me-\nchanical considerations. Following [55], one considers the\nsplitting of a Hilbert sp",
        "page": 3,
        "link": "https://ui.adsabs.harvard.edu/link_gateway/2017AnPhy.387..317A/EPRINT_PDF",
        "title": "On the implications of the Bekenstein bound for black hole evaporation"
    },
    "2017AnPhy.387..317A_page_3_chunk_6": {
        "text": "horizon.\nA more conservative approach to the problem has been\nadopted by Page and it is based on purely quantum me-\nchanical considerations. Following [55], one considers the\nsplitting of a Hilbert space Hinto a bipartite system,\nH=Hm\nA\nHn\nB, where superscripts mandnindicate\nthe dimension of corresponding Hilbert space, so that\ndimH=mn. Next, one chooses an arbitrary \fxed state\nj 0i2Hand a random unitary matrix U; thenUj 0i\nis a random state in H. To such state we associate the\ndensity matrix \u001aA(U), by tracing out the subsystem B,\nand the corresponding entanglement entropy Sm;n(U).\nAveraging through Uwe get the average entanglement\nentropy of the subsystem A,\nSm;n=hSm;n(U)iaverage through U; (2)\nand the average information contained in A,\nIm;n= lnm\u0000Sm;n: (3)\nFor mathematical details of this construction see the orig-\ninal paper [55], and also [56]. Page conjectured { and it\nwas later proved in [57] { that the average information is\nIm;n= lnm+m\u00001\n2n\u0000mnX\nk=n+11\nk; form<n: (4)\nThese resul",
        "page": 3,
        "link": "https://ui.adsabs.harvard.edu/link_gateway/2017AnPhy.387..317A/EPRINT_PDF",
        "title": "On the implications of the Bekenstein bound for black hole evaporation"
    },
    "2017AnPhy.387..317A_page_3_chunk_7": {
        "text": "s construction see the orig-\ninal paper [55], and also [56]. Page conjectured { and it\nwas later proved in [57] { that the average information is\nIm;n= lnm+m\u00001\n2n\u0000mnX\nk=n+11\nk; form<n: (4)\nThese results are applied to the black hole evaporation\nproblem in [45]. It is assumed that the evolution of the\ncollapsing matter to produce a black hole and the subse-\nquent evaporation of that black hole is a unitary process,",
        "page": 3,
        "link": "https://ui.adsabs.harvard.edu/link_gateway/2017AnPhy.387..317A/EPRINT_PDF",
        "title": "On the implications of the Bekenstein bound for black hole evaporation"
    },
    "2017AnPhy.387..317A_page_4_chunk_1": {
        "text": "4\n0 lnmmax0SmaxSm,nIm,n\nFIG. 1. Page's curve. The entanglement entropy between the\nsubsystems and the information contained in the Hawking ra-\ndiation are plotted against the dimension of the Hilbert space\nrepresenting the emitted radiation. (Adapted from [45].)\nand hence there exists a S-matrix relating the initial col-\nlapsing matter to the \fnal state when black hole is fully\nevaporated and only the Hawking radiation remains. The\nHilbert space of the Hawking radiation is factorized into\na product as before, where the subsystem Anow corre-\nsponds to the states under the horizon and the subsystem\nBcorresponds to photons already emitted from the black\nhole.\nWhen the black hole is formed, there is no Hawking ra-\ndiation outside and, hence, n= 1 andm= dim H. Thus,\nby assumption, the entanglement entropy is trivially zero.\nAs the black hole evaporates, dimension nincreases and\nmdecreases, while mnis kept constant. Since the emit-\nted photons are entangled with the particles under the\nhoriz",
        "page": 4,
        "link": "https://ui.adsabs.harvard.edu/link_gateway/2017AnPhy.387..317A/EPRINT_PDF",
        "title": "On the implications of the Bekenstein bound for black hole evaporation"
    },
    "2017AnPhy.387..317A_page_4_chunk_2": {
        "text": "ent entropy is trivially zero.\nAs the black hole evaporates, dimension nincreases and\nmdecreases, while mnis kept constant. Since the emit-\nted photons are entangled with the particles under the\nhorizon, entanglement entropy increases. At some stage\nof the evaporation (approximately half time of evapora-\ntion process) the information stored below the horizon\nstarts to leak from the black hole, decreasing the en-\ntanglement entropy. Finally, when the black hole fully\nevaporates, m= 1 andn= dim Hand the entanglement\nentropy returns to zero. The process is shown in Fig. 1.\nA natural generalization of the Page analysis is to con-\nsider tripartite system instead of a bipartite one. In [58]\nthe authors investigate the possibility that the particles\nemitted by a black hole are transformed either into the\nHawking radiation or into another form of matter, which\ncan be, e.g., a remnant. In this case, even when the black\nhole is fully evaporated, there can still exist entanglement\nbetween these t",
        "page": 4,
        "link": "https://ui.adsabs.harvard.edu/link_gateway/2017AnPhy.387..317A/EPRINT_PDF",
        "title": "On the implications of the Bekenstein bound for black hole evaporation"
    },
    "2017AnPhy.387..317A_page_4_chunk_3": {
        "text": "into the\nHawking radiation or into another form of matter, which\ncan be, e.g., a remnant. In this case, even when the black\nhole is fully evaporated, there can still exist entanglement\nbetween these two forms of matter. Hence, the Hawking\nradiation does not contain the full information and it is\nnot in a pure state (at least on average).\nIn the aforementioned works, no analysis of the in-\nteraction between the matter \felds and the space-time\ngeometry has been given, nor even addressed. However,\nin order to consider the full black hole evaporation pro-\ncess, one certainly cannot treat matter as the test \feld\non a given, say Schwarzschild, background. It is the sys-tem gravity+matter which evolves unitarily, not just the\nmatter \feld. Therefore, we propose the possibility that\nat the end of the evaporation the Hawking radiation is\nnot in a pure state because of its entanglement with the\ngeometry itself and it is a purpose of this paper to clarify\nthis statement.\nThus, in a sense, we proce",
        "page": 4,
        "link": "https://ui.adsabs.harvard.edu/link_gateway/2017AnPhy.387..317A/EPRINT_PDF",
        "title": "On the implications of the Bekenstein bound for black hole evaporation"
    },
    "2017AnPhy.387..317A_page_4_chunk_4": {
        "text": "he evaporation the Hawking radiation is\nnot in a pure state because of its entanglement with the\ngeometry itself and it is a purpose of this paper to clarify\nthis statement.\nThus, in a sense, we proceed analogously to Page, and\nit is important to stress the points where we di\u000ber. First,\nwe interpret both gravity and \felds as emergent phenom-\nena. Thus, similarly to Page, we consider what we call\nfundamental Hilbert space H, but we do not split it into\na direct product of the two spaces, because we claim that\non the fundamental level there is no distinction between\nthe \feld and the geometry at all. Instead, we introduce\ne\u000bective Hilbert spaces representing the states of the ge-\nometry and of the \felds, and mappings which extract the\ngeometrical/matter content from the states of H. Second,\nas a consequence, for the e\u000bective loss of the information\nwe do not require the presence of a third, unknown kind\nof matter like in [58], because it is the entanglement of the\n\feld with the geometry w",
        "page": 4,
        "link": "https://ui.adsabs.harvard.edu/link_gateway/2017AnPhy.387..317A/EPRINT_PDF",
        "title": "On the implications of the Bekenstein bound for black hole evaporation"
    },
    "2017AnPhy.387..317A_page_4_chunk_5": {
        "text": "s a consequence, for the e\u000bective loss of the information\nwe do not require the presence of a third, unknown kind\nof matter like in [58], because it is the entanglement of the\n\feld with the geometry which implies this e\u000bective loss.\nNonetheless, our description allows an arbitrary number\nof di\u000berent \felds, hence includes the possibility for such\nunknown kind of matter.\nOn the other hand, our approach is similar to that of\nPage in that we do not specify any particular microscopic\ndynamics. We merely provide a kinematical framework\nwhich allows us to estimate the entanglement entropy.\nIV. MODEL OF BLACK HOLE EVAPORATION\nOur goal in this section is to construct a simple kine-\nmatical model which mimics the evaporation of the black\nhole, keeping in mind the illustrated conceptual frame-\nwork for which both geometry and quantum \felds are\nemergent phenomena. We consider the following ideal-\nized scenario:\n1. Initially, there is a quantum \feld (in an almost \rat\nspace) which collapses and even",
        "page": 4,
        "link": "https://ui.adsabs.harvard.edu/link_gateway/2017AnPhy.387..317A/EPRINT_PDF",
        "title": "On the implications of the Bekenstein bound for black hole evaporation"
    },
    "2017AnPhy.387..317A_page_4_chunk_6": {
        "text": "or which both geometry and quantum \felds are\nemergent phenomena. We consider the following ideal-\nized scenario:\n1. Initially, there is a quantum \feld (in an almost \rat\nspace) which collapses and eventually forms a black\nhole of mass M0.\n2. The black hole starts to evaporate in a discrete way;\nfor simplicity we assume that each emitted quan-\ntum of the \feld has the same energy \", so that\nM0=NG\"for some integer NG.\n3. At the end of the evaporation, the space becomes\nalmost \rat again and the \feld is in excited state\nwithNGquanta.\nWe assume:\n1. There exists a fundamental Hilbert space H. That\nis the Hilbert space of the fundamental degrees of\nfreedom of the total system, i.e., black hole, radi-\nation and space outside the black hole. Since here\nwe focus on a \fnite region accessible to a generic\nobserver and big enough to contain the black hole",
        "page": 4,
        "link": "https://ui.adsabs.harvard.edu/link_gateway/2017AnPhy.387..317A/EPRINT_PDF",
        "title": "On the implications of the Bekenstein bound for black hole evaporation"
    },
    "2017AnPhy.387..317A_page_4_chunk_7": {
        "text": "ic\nobserver and big enough to contain the black hole",
        "page": 4,
        "link": "https://ui.adsabs.harvard.edu/link_gateway/2017AnPhy.387..317A/EPRINT_PDF",
        "title": "On the implications of the Bekenstein bound for black hole evaporation"
    },
    "2017AnPhy.387..317A_page_5_chunk_1": {
        "text": "5\nat initial time and the emitted radiation at a later\ntime, Hhere is \fnite-dimensional;\n2. For a speci\fc observer at low-energy scale, the\nstates of Happear as classical spatial geometry and\nquantum \felds propagating on it.\n3. There are states in Hwhich represent the same clas-\nsical geometry but are microscopically di\u000berent.\n4. In general, there is exchange of the number of de-\ngrees of freedom between the \felds and geometry.\nIn this model, we introduce a space of classical geome-\ntries representing spatial slices of space-time containing\na black hole of a given mass M(a)=a\". That is, we\nintroduce an orthonormal set of the states\njg(a)i; a = 0;1;:::NG\u00001; (5)\nwhereNGis therefore the number of geometries allowed\nin our model. For convenience, we introduce the Hilbert\nspace of classical geometries HGas the linear span of the\nstates (5) and de\fne the \\mass operator\" Mby\nMjg(a)i=M(a)jg(a)i\u0011\"ajg(a)i: (6)\nAn operator of this kind should represent the possibility\nof measuring geometric prope",
        "page": 5,
        "link": "https://ui.adsabs.harvard.edu/link_gateway/2017AnPhy.387..317A/EPRINT_PDF",
        "title": "On the implications of the Bekenstein bound for black hole evaporation"
    },
    "2017AnPhy.387..317A_page_5_chunk_2": {
        "text": "metries HGas the linear span of the\nstates (5) and de\fne the \\mass operator\" Mby\nMjg(a)i=M(a)jg(a)i\u0011\"ajg(a)i: (6)\nAn operator of this kind should represent the possibility\nof measuring geometric properties of the space, such as\nthe three-dimensional metric, as seen by a speci\fc ob-\nserver. The assumption that the geometry of the space\nis a result of some coarse-graining procedure associated\nwith a speci\fc observer means there is some mapping\nPG:H7!HGwhich assigns to a microscopic state in H\ncorresponding classical geometry or an appropriate su-\nperposition of such geometries.\nSimilarly, we shall assume the existence of some map-\npingPF:H7!HFwhich extracts the \\\feld content\" of a\nstate in H. Then, HFcan be, e.g., an appropriate Hilbert\n(Fock) space representing the states of the \felds; con-\ncrete de\fnitions will depend on the particular theory of\nquantum gravity. Schematically, the states of the funda-\nmental Hilbert space Hcan be interpreted as states with\nsome classical geometry via t",
        "page": 5,
        "link": "https://ui.adsabs.harvard.edu/link_gateway/2017AnPhy.387..317A/EPRINT_PDF",
        "title": "On the implications of the Bekenstein bound for black hole evaporation"
    },
    "2017AnPhy.387..317A_page_5_chunk_3": {
        "text": "\ncrete de\fnitions will depend on the particular theory of\nquantum gravity. Schematically, the states of the funda-\nmental Hilbert space Hcan be interpreted as states with\nsome classical geometry via the mapping PG, and with\nsome state of the quantum \feld via the mapping PF:\nj i2H\nPG PF\njg(a)i2HG j\u001ei2HF\nAfter introducing these mappings, one can label the\nstates in Hby the values of the coarse-grained quanti-\nties, i.e.,j i=jg(a);\u001ei.\nFor simplicity we assume that any state of Hcan be in-\nterpreted in such a way, although in reality this is much\nmore complicated: classical geometries are expected to\nbe very special superpositions of basis states with no\nclassical analogues. Since we are not building a spe-\nci\fc model of quantum gravity, we ignore this compli-\ncation. On the other hand, one can argue that amongthe states corresponding to de\fnite classical geometries\none can choose a subset of (su\u000eciently distinct) states\nwhich are approximately orthogonal and consider only\na subspace of Hg",
        "page": 5,
        "link": "https://ui.adsabs.harvard.edu/link_gateway/2017AnPhy.387..317A/EPRINT_PDF",
        "title": "On the implications of the Bekenstein bound for black hole evaporation"
    },
    "2017AnPhy.387..317A_page_5_chunk_4": {
        "text": "n argue that amongthe states corresponding to de\fnite classical geometries\none can choose a subset of (su\u000eciently distinct) states\nwhich are approximately orthogonal and consider only\na subspace of Hgenerated by this (approximately) or-\nthonormal set.\nIn Page's picture described in the Sec. III he considers\nsplitting of the Hilbert space representing the states of\nthe \feld into \\inside\" and \\outside\" part with respect to\nthe horizon of the black hole. In our model we wish to im-\nplement the idea that the geometry and its fundamental\ndegrees of freedom must be brought into the picture, so\nthat one should split the fundamental space Hinto a di-\nrect product of \\geometrical\" and \\\feld\" part. However,\nfor our argument it is essential to entertain the possi-\nbility that the distribution of the microscopic degrees of\nfreedom between the geometry and the \felds is not \fxed\nand can change during the evolution of the system.\nThe following simple model will serve just as a useful\nvisualization an",
        "page": 5,
        "link": "https://ui.adsabs.harvard.edu/link_gateway/2017AnPhy.387..317A/EPRINT_PDF",
        "title": "On the implications of the Bekenstein bound for black hole evaporation"
    },
    "2017AnPhy.387..317A_page_5_chunk_5": {
        "text": "microscopic degrees of\nfreedom between the geometry and the \felds is not \fxed\nand can change during the evolution of the system.\nThe following simple model will serve just as a useful\nvisualization and to provide a terminology convenient for\nthe subsequent construction. However, the construction\nitself does not rely on such visualization. Let there be\na certain number Nof fundamental degrees of freedom\nin the sense explained in the Introduction. The states of\neach fundamental degree of freedom form a d-dimensional\nHilbert space, so that the Hilbert space of all fundamen-\ntal degrees of freedom has dimension dN. Now, the states\nof the fundamental degrees of freedom give rise to the no-\ntions of spatial geometry (distance, topology, dimension)\nand of quantum \felds. We think of the set of all funda-\nmental degrees of freedom as distributed among the ver-\ntices of a graph and their links. More speci\fcally, suppose\nthat the fact that there is some geometrical relation (e.g.,\nthe distance) b",
        "page": 5,
        "link": "https://ui.adsabs.harvard.edu/link_gateway/2017AnPhy.387..317A/EPRINT_PDF",
        "title": "On the implications of the Bekenstein bound for black hole evaporation"
    },
    "2017AnPhy.387..317A_page_5_chunk_6": {
        "text": " funda-\nmental degrees of freedom as distributed among the ver-\ntices of a graph and their links. More speci\fcally, suppose\nthat the fact that there is some geometrical relation (e.g.,\nthe distance) between two vertices can be represented as\na link between corresponding vertices of the graph and a\nquantitative measure of such relation is represented by a\nweight (or a set of weights) of the link. Thus, one could\ninterpret the geometry as encoded in the states of all links\nin the graph. However, in order to keep the total degrees\nof freedom constant, the vertices have to \\o\u000ber\" some of\ntheir degrees of freedom to form the Hilbert space HG\ncorresponding to the states of the links which are inter-\npreted as the state of the geometry. Then, the remaining\nfundamental degrees of freedom can be represented as\nexcitation states of the vertices of the graph and they\nform a Hilbert space HFwhose elements are interpreted\nas the states of the emergent \feld. So, the state of the\nentire graph is an e",
        "page": 5,
        "link": "https://ui.adsabs.harvard.edu/link_gateway/2017AnPhy.387..317A/EPRINT_PDF",
        "title": "On the implications of the Bekenstein bound for black hole evaporation"
    },
    "2017AnPhy.387..317A_page_5_chunk_7": {
        "text": "presented as\nexcitation states of the vertices of the graph and they\nform a Hilbert space HFwhose elements are interpreted\nas the states of the emergent \feld. So, the state of the\nentire graph is an element of the Hilbert space HG\nHF\nof dimension dN. The point is that it is the topology of\nthe graph (by which we mean simply a speci\fc distribu-\ntion of the links, ignoring their weights and the states of\nthe vertices) which dictates how the available fundamen-\ntal degrees of freedom are distributed between the \felds\nand the geometry. During a standard, \\nonviolent\" evo-\nlution, we might expect that the topology of the lattice\ndoes not change, but as the black hole and singularity\nform, signi\fcant changes of the topology happen, imply-\ning both topological and causal changes in the emergent\nspatial geometry and possible deviations from standard",
        "page": 5,
        "link": "https://ui.adsabs.harvard.edu/link_gateway/2017AnPhy.387..317A/EPRINT_PDF",
        "title": "On the implications of the Bekenstein bound for black hole evaporation"
    },
    "2017AnPhy.387..317A_page_5_chunk_8": {
        "text": "patial geometry and possible deviations from standard",
        "page": 5,
        "link": "https://ui.adsabs.harvard.edu/link_gateway/2017AnPhy.387..317A/EPRINT_PDF",
        "title": "On the implications of the Bekenstein bound for black hole evaporation"
    },
    "2017AnPhy.387..317A_page_6_chunk_1": {
        "text": "6\nQFT on curved space-time in the following sense: the\nchange of the topology of the lattice means reshu\u000fing of\nthe fundamental degrees of freedom between the geome-\ntry and the \felds, so that the structure of the new graph\nisHG0\nHF0; the \felds now live in a Hilbert space HF0\nof di\u000berent dimension than HF. In this case we have to\nexpect the deviations from the unitary evolution on the\ne\u000bective \feld side, although the underlying evolution of\nmicroscopic degrees of freedom is purely unitary.\nWe do not stick to this oversimpli\fed picture in which\nthe weights of the links are related directly to the met-\nric and the states of the vertices are related directly to\nthe states of the \felds. We shall, however, stick to the\nidea that there are several ways how the fundamental\ndegrees of freedom are reshu\u000fed between the \felds and\nthe geometry and, in addition, there might exist di\u000berent\nmicroscopic con\fgurations which, on the e\u000bective level,\ngive rise to the same coarse-grained geometry. On the\ne",
        "page": 6,
        "link": "https://ui.adsabs.harvard.edu/link_gateway/2017AnPhy.387..317A/EPRINT_PDF",
        "title": "On the implications of the Bekenstein bound for black hole evaporation"
    },
    "2017AnPhy.387..317A_page_6_chunk_2": {
        "text": "reshu\u000fed between the \felds and\nthe geometry and, in addition, there might exist di\u000berent\nmicroscopic con\fgurations which, on the e\u000bective level,\ngive rise to the same coarse-grained geometry. On the\ne\u000bective level it is impossible to distinguish between two\nsuch microscopic con\fgurations but, microscopically, the\ntwo con\fgurations di\u000ber by the number of degrees of free-\ndom available for the \felds. That is, the \felds in the two\ncases are elements of di\u000berent Hilbert spaces and, hence,\nthe resulting \feld cannot be in a pure state.\nA. Toy model\nHence, starting from the fundamental Hilbert space\nH, we assume it can be split into a direct sum of the\nsubspacesT(i),\nH=NTM\ni=1T(i); dimH=NTN; (7)\nwhere each T(i)has a \fxed dimension Nand consists\nof states with some speci\fc distribution of the degrees\nof freedom between the geometry and the \felds; in the\nlanguage of the simplistic \\graph model\", T(i)is a set of\nstates for one speci\fc choice of the topology of the graph\nand hence we shall refer ",
        "page": 6,
        "link": "https://ui.adsabs.harvard.edu/link_gateway/2017AnPhy.387..317A/EPRINT_PDF",
        "title": "On the implications of the Bekenstein bound for black hole evaporation"
    },
    "2017AnPhy.387..317A_page_6_chunk_3": {
        "text": "ees\nof freedom between the geometry and the \felds; in the\nlanguage of the simplistic \\graph model\", T(i)is a set of\nstates for one speci\fc choice of the topology of the graph\nand hence we shall refer to T(i)as the set of the states\nwith speci\fc topology; NTis then the number of di\u000berent\ntopologies. By assumption, each T(i)has a structure\nT(i)=Hpi\nG\nHqi\nF; piqi=N; (8)\nwhere Hp\nG(Hq\nF) is a Hilbert space of dimension p(q)\nrepresenting possible microscopic states of the geometry\n(\felds).\nA general statej i2Hadmits the expansion adapted\nto the splitting of Hwhich is in the form\nj i=NTM\ni=1piX\nI=1qi\u00001X\nn=0c(i)\nInjIii\njnii; (9)\nwhere vectorsjIiiandjniiform a basis of spaces Hpi\nGand\nHqi\nF, respectively.Let us denote by P(i):H7!T(i)a projector onto\nthe subspace T(i). Then, the squared norm of the state\nP(i)j iis the probability p(i)of \fnding the system in the\nstate with the topology T(i),\np(i)=kP(i)j ik2: (10)\nIn general, state in T(i)is a state with the entanglement\nbetween the geometry and ",
        "page": 6,
        "link": "https://ui.adsabs.harvard.edu/link_gateway/2017AnPhy.387..317A/EPRINT_PDF",
        "title": "On the implications of the Bekenstein bound for black hole evaporation"
    },
    "2017AnPhy.387..317A_page_6_chunk_4": {
        "text": " state\nP(i)j iis the probability p(i)of \fnding the system in the\nstate with the topology T(i),\np(i)=kP(i)j ik2: (10)\nIn general, state in T(i)is a state with the entanglement\nbetween the geometry and the \feld in the sense that its\ndecomposition reads\nP(i)j i=X\nI;nc(i)\nInjIii\njnii: (11)\nAssociated density matrix representing the state of the\n\feld is\n\u001a(i)= TrHpi\nGj iih ji; (12)\nwhere we \frst de\fne the normalized state\nj ii=p\u00001=2\n(i)P(i)j i (13)\nand then trace over the degrees of freedom of the gravi-\ntational \feld. Corresponding entanglement entropy will\nbe denoted by\nS(i)=\u0000TrHqi\nF\u001a(i)ln\u001a(i); (14)\nS(i)is the entanglement entropy between the geometry\nand the \felds for a given topology of the lattice. Since\nfor the observer it is impossible to distinguish between\ndi\u000berent topologies of the lattice, expected value of the\nentanglement between the \felds and the geometrical de-\ngrees of freedom will be\nhSi=X\nip(i)S(i): (15)\nIn our toy model we shall assume that only two topolo-\ngies are possib",
        "page": 6,
        "link": "https://ui.adsabs.harvard.edu/link_gateway/2017AnPhy.387..317A/EPRINT_PDF",
        "title": "On the implications of the Bekenstein bound for black hole evaporation"
    },
    "2017AnPhy.387..317A_page_6_chunk_5": {
        "text": "tice, expected value of the\nentanglement between the \felds and the geometrical de-\ngrees of freedom will be\nhSi=X\nip(i)S(i): (15)\nIn our toy model we shall assume that only two topolo-\ngies are possible, i.e., NT= 2, and that both topologies\nadmit the same family of classical geometries (5), i.e., we\nassume\nPG(T(1)) =PG(T(2)) =HG: (16)\nLet us \fx the number of degrees of freedom for each type\nof the lattice to N= 1500 and let us set\nT(1)=H30\nG\nH50\nF; p 1\u0002q1= 30\u000250;\nT(2)=H60\nG\nH25\nF; p 2\u0002q2= 60\u000225; (17)\nthen we have dim H= 3000. Finally, assume that the\nmaximal mass M0of the black hole is split into NG= 30\nquanta. That is, for a black hole of mass M(a)=a\"\nthere is exactly one state in H30\nGsuch that the mapping\nPGmaps it to a state jg(a)i, while in H60\nGthere are two\nsuch states. Hence, the subspaces T(i)are generated by\nthe following bases:\nT(1)= spanfj(a)i\njnig;\nT(2)= spanfj(a);1i\njni;j(a);2i\njnig; (18)",
        "page": 6,
        "link": "https://ui.adsabs.harvard.edu/link_gateway/2017AnPhy.387..317A/EPRINT_PDF",
        "title": "On the implications of the Bekenstein bound for black hole evaporation"
    },
    "2017AnPhy.387..317A_page_6_chunk_6": {
        "text": "subspaces T(i)are generated by\nthe following bases:\nT(1)= spanfj(a)i\njnig;\nT(2)= spanfj(a);1i\njni;j(a);2i\njnig; (18)",
        "page": 6,
        "link": "https://ui.adsabs.harvard.edu/link_gateway/2017AnPhy.387..317A/EPRINT_PDF",
        "title": "On the implications of the Bekenstein bound for black hole evaporation"
    },
    "2017AnPhy.387..317A_page_7_chunk_1": {
        "text": "7\nwhere\nPG:j(a)i\njni2H(30)\nG\nH(50)\nF7!jg(a)i2HG;\n:j(a);1i\njni2H(60)\nG\nH(25)\nF7!jg(a)i2HG;\n:j(a);2i\njni2H(60)\nG\nH(25)\nF7!jg(a)i2HG:(19)\nWe shall interpret elements jni2Hq\nFas the states of the\nquantum \feld with nparticles.\nA general state in Hcan be now written in the form\nj i=NG\u00001X\na=0q1\u00001X\nn=0\u000banj(a)i\njni+\n+NG\u00001X\na=0q2\u00001X\nn=0(\fanj(a);1i\njni+\ranj(a);2i\njni);\n(20)\nand the expected value of the mass of the black hole is\nhMi=NG\u00001X\na=0q1\u00001X\nn=0M(a)j\u000banj2+\n+NG\u00001X\na=0q2\u00001X\nn=0M(a)(j\fanj2+j\ranj2);(21)\nand similarly for the expected number of particles hni.\nThe probabilities for \fnding the lattice in the state with\nthe topology T(1)andT(2), respectively, are\np(1)=NG\u00001X\na=0q1\u00001X\nn=0j\u000banj2; (22)\np(2)=NG\u00001X\na=0q2\u00001X\nn=0\u0000\nj\fanj2+j\ranj2\u0001\n: (23)\nDuring the evolution (\frst formation of the black hole,\nthen evaporation) the system evolves continuously and\nunitarily in H. We start the analysis at the point when\nthe black hole just formed and the \feld outside the black\nhole is in the ground state, i.e.,",
        "page": 7,
        "link": "https://ui.adsabs.harvard.edu/link_gateway/2017AnPhy.387..317A/EPRINT_PDF",
        "title": "On the implications of the Bekenstein bound for black hole evaporation"
    },
    "2017AnPhy.387..317A_page_7_chunk_2": {
        "text": "en evaporation) the system evolves continuously and\nunitarily in H. We start the analysis at the point when\nthe black hole just formed and the \feld outside the black\nhole is in the ground state, i.e., in the state with zero\nparticles. Then the evaporation starts which we mimic\nby prescribing the expected values of mass hMiand the\nexpected value of number of particles hni. Since we do\nnot know the underlying microscopic dynamics, we shall\nconsider, similarly to Page, all states which are compat-\nible with these expectation values.\nLet us \fnd a convenient parametrization of such states.\nFirst, since the general state (20) must be normalized,\nNG\u00001X\na=0q1\u00001X\nn=0j\u000banj2+NG\u00001X\na=0q2\u00001X\nn=0(j\fanj2+j\ranj2) = 1 (24)\nwe can set\np(1)=q1\u00001X\nn=0j\u000banj2= cos2\u0012;\np(2)=q2\u00001X\nn=0(j\fanj2+j\ranj2) = sin2\u0012; (25)where\u00122(0;\u0019=2) without the loss of generality. Let us\nparametrize the coe\u000ecients by\nj\u000banj=\u0016ancos\u0012;\nj\fanj=\u0017ansin\u0012cos\u001e;\nj\ranj=\u0015ansin\u0012sin\u001e;(26)\nwhere\u001e2(0;\u0019=2). This is analogous to introducing the\nHopf co",
        "page": 7,
        "link": "https://ui.adsabs.harvard.edu/link_gateway/2017AnPhy.387..317A/EPRINT_PDF",
        "title": "On the implications of the Bekenstein bound for black hole evaporation"
    },
    "2017AnPhy.387..317A_page_7_chunk_3": {
        "text": "here\u00122(0;\u0019=2) without the loss of generality. Let us\nparametrize the coe\u000ecients by\nj\u000banj=\u0016ancos\u0012;\nj\fanj=\u0017ansin\u0012cos\u001e;\nj\ranj=\u0015ansin\u0012sin\u001e;(26)\nwhere\u001e2(0;\u0019=2). This is analogous to introducing the\nHopf coordinates on the sphere Sn. This parametrization\nimplies\nNG\u00001X\na=0q1\u00001X\nn=0\u00162\nan=NG\u00001X\na=0q2\u00001X\nn=0\u00172\nn=NG\u00001X\na=0q2\u00001X\nn=0\u00152\nn= 1:(27)\nWe also de\fne\n\u0016M=NG\u00001X\na=0q1\u00001X\nn=0M(a)\u00162\nan; \u0016N=NG\u00001X\na=0q1\u00001X\nn=0n\u00162\nan(28)\nand similarly for \u0017M;\u0017Nand\u0015M;\u0015N. In this notation,\nthe expected value of the mass of the black hole and the\nexpected number of particles are given by\nhMi=\u0016Mcos2\u0012+ sin2\u0012(\u0017Mcos2\u001e+\u0015Msin2\u001e);\nhni=\u0016Ncos2\u0012+ sin2\u0012(\u0017Ncos2\u001e+\u0015Nsin2\u001e):(29)\nA generic state (20) now acquires the form\nj i= cos\u0012NG\u00001X\na=0q1\u00001X\nn=0\u0016anei\u001f\u000b\nanj(a)i\njni+\n+ sin\u0012NG\u00001X\na=0q2\u00001X\nn=0\u0010\n\u0017anei\u001f\f\nancos\u001ej(a);1i\njni+\n+\u0015anei\u001f\r\nansin\u001ej(a);2i\njni\u0011\n:(30)\nThe normalized projections of j iontoT(1)andT(2)cor-\nrespond to the \frst and the second sum in (30), respec-\ntively, with factors sin \u0012and cos\u0012omitted:\nj i1=NG\u00001X\na=0q1\u00001X\nn=0\u0016anei\u001f",
        "page": 7,
        "link": "https://ui.adsabs.harvard.edu/link_gateway/2017AnPhy.387..317A/EPRINT_PDF",
        "title": "On the implications of the Bekenstein bound for black hole evaporation"
    },
    "2017AnPhy.387..317A_page_7_chunk_4": {
        "text": "j(a);2i\njni\u0011\n:(30)\nThe normalized projections of j iontoT(1)andT(2)cor-\nrespond to the \frst and the second sum in (30), respec-\ntively, with factors sin \u0012and cos\u0012omitted:\nj i1=NG\u00001X\na=0q1\u00001X\nn=0\u0016anei\u001f\u000b\nanj(a)i\njni; (31a)\nj i2= cos\u001eNG\u00001X\na=0q2\u00001X\nn=0\u0017anei\u001f\f\nanj(a);1i\njni+\n+ sin\u001eNG\u00001X\na=0q2\u00001X\nn=0\u0015anei\u001f\r\nanj(a);2i\njni:(31b)\nCorresponding density matrices are\n\u001a(i)=qi\u00001X\nm;n=0c(i)\nnmjnihmj; i= 1;2; (32)",
        "page": 7,
        "link": "https://ui.adsabs.harvard.edu/link_gateway/2017AnPhy.387..317A/EPRINT_PDF",
        "title": "On the implications of the Bekenstein bound for black hole evaporation"
    },
    "2017AnPhy.387..317A_page_8_chunk_1": {
        "text": "8\nwhere\nc(1)\nmn=NG\u00001X\na=0\u0016an\u0016amei\u001f\u000b\nan\u0000i\u001f\u000b\nam;\nc(2)\nmn=NG\u00001X\na=0\u0010\n\u0017an\u0017amei\u001f\f\nan\u0000i\u001f\f\nam+\u0015an\u0015amei\u001f\r\nan\u0000i\u001f\r\nam\u0011\n:\n(33)\nWith each density matrix \u001a(i)there is associated entan-\nglement entropy S(i)given by (14), so that the average\nvalue of the entanglement entropy is (15)\nhSi=S(1)cos2\u0012+S(2)sin2\u0012: (34)\nFor the purposes of this paper, the corresponding entan-\nglement entropy will be calculated numerically.\nB. Entanglement entropy calculation\nWe wish to estimate the expected entanglement en-\ntropy for a random state which has speci\fc expected\nvalue of number of particles hni. In order to do that,\nwe would need to solve the constraints (29) for given val-\nueshMiandhniwith respect to the parameters \u0012,\u001e,\n\u0016M,\u0016N,\u0017M,\u0017Nand\u0015M,\u0015N. For the purposes of this\npaper we chose the following way of estimating the en-\ntanglement entropy.\nConditions (29) can be rewritten in the form\nx2=\u0016M\nhMicos2\u0012; x02=\u0016N\nhnicos2\u0012;\ny2=\u0017M\nhMisin2\u0012cos2\u001e; y02=\u0017N\nhnisin2\u0012cos2\u001e; (35)\nz2=\u0015M\nhMisin2\u0012sin2\u001e; z02=\u0015N\nhnisin2\u0012sin2\u001e;\nwhere ",
        "page": 8,
        "link": "https://ui.adsabs.harvard.edu/link_gateway/2017AnPhy.387..317A/EPRINT_PDF",
        "title": "On the implications of the Bekenstein bound for black hole evaporation"
    },
    "2017AnPhy.387..317A_page_8_chunk_2": {
        "text": " en-\ntanglement entropy.\nConditions (29) can be rewritten in the form\nx2=\u0016M\nhMicos2\u0012; x02=\u0016N\nhnicos2\u0012;\ny2=\u0017M\nhMisin2\u0012cos2\u001e; y02=\u0017N\nhnisin2\u0012cos2\u001e; (35)\nz2=\u0015M\nhMisin2\u0012sin2\u001e; z02=\u0015N\nhnisin2\u0012sin2\u001e;\nwhere (x;y;z ) and (x0;y0;z0) are points on the unit 2-\nsphere. Hence, we generate two random unit 3-vectors\nand choose cos2\u0012and cos2\u001erandomly with the uniform\ndistribution on the interval (0 ;1) and check, whether con-\nditions\nhMix2\ncos2\u0012\u0014NG\u00001;hnix02\ncos2\u0012\u0014q1\u00001;(36)\nhMiy2\nsin2\u0012cos2\u001e\u0014NG\u00001;hniy02\nsin2\u0012cos2\u001e\u0014q2\u00001;(37)\nhMiz2\nsin2\u0012sin2\u001e\u0014NG\u00001;hniz02\nsin2\u0012sin2\u001e\u0014q2\u00001;(38)\nare satis\fed, where, we recall, NGis the number of al-\nlowed geometries and q1= dim Hq1\nF= 30;q2= dim Hq2\nF=\n60 are the dimensions of Hilbert spaces for the \felds cor-\nresponding to the two topologies of the lattice. If the con-\nditions do not hold, we iterate the procedure until we \fnd\nsuch combination of \u0012;\u001e, (x;y;z ) and (x0;y0;z0). This en-\nsures that sequences \u0016an,\u0017anand\u0015anwith the desiredaverages\u0016M;\u0016N;\u0017M;\u0017N;\u0015Mand\u0015Nexist. Then we",
        "page": 8,
        "link": "https://ui.adsabs.harvard.edu/link_gateway/2017AnPhy.387..317A/EPRINT_PDF",
        "title": "On the implications of the Bekenstein bound for black hole evaporation"
    },
    "2017AnPhy.387..317A_page_8_chunk_3": {
        "text": "o not hold, we iterate the procedure until we \fnd\nsuch combination of \u0012;\u001e, (x;y;z ) and (x0;y0;z0). This en-\nsures that sequences \u0016an,\u0017anand\u0015anwith the desiredaverages\u0016M;\u0016N;\u0017M;\u0017N;\u0015Mand\u0015Nexist. Then we\ngenerate such sequences. Finally, we choose the phases\n\u001f\u000b\nan,\u001f\f\nanand\u001f\r\nanrandomly with uniform distribution on\nthe interval (0 ;2\u0019). In this way we generate a random\nstate yielding the prescribed expectation values hMiand\nhni; the entropy is then calculated by means of Eqs. (14)\nand (33). Then we calculate the average value of entan-\nglement entropy from 5000 runs of this procedure.\nNow we consider the scenario of evaporation of the\nblack hole. At the beginning, let the black hole have\nits maximal mass M0= (NG\u00001)\", where we choose\nNG= 30 and let there be vacuum outside the black hole.\nThat does not necessarily mean that the Hilbert space\nfor the \feld outside the black hole has dimension 1 (as it\nis in Page's case); indeed, in our model we have chosen\nthe dimension to be either 50 or 25, ",
        "page": 8,
        "link": "https://ui.adsabs.harvard.edu/link_gateway/2017AnPhy.387..317A/EPRINT_PDF",
        "title": "On the implications of the Bekenstein bound for black hole evaporation"
    },
    "2017AnPhy.387..317A_page_8_chunk_4": {
        "text": "oes not necessarily mean that the Hilbert space\nfor the \feld outside the black hole has dimension 1 (as it\nis in Page's case); indeed, in our model we have chosen\nthe dimension to be either 50 or 25, depending on the\ntopology of the lattice. However, since there is only one\nvacuum statej0i2H50\nFand only one vacuum state j0i2\nH25\nF, in both topologies, the \feld is disentangled from the\ngeometry. This can be also seen from Eq. (29) which\nshows that forhni= 0 we have\n\u0016N=\u0017N=\u0015N= 0 (39)\nwhich, by (28), implies\n\u0016an= 0 forn>0; (40)\nand similarly for \u0017anand\u0015an. Requirement \u0016M=M0\nthen implies that the only nonzero \u0016anis\n\u0016(NG\u00001);0= 1: (41)\nThen both states j i1andj i2in (31) are unentangled\nand we havehSi= 0. Hence, our starting point coincides\nwith the starting point of Page: expected entanglement\nvanishes at the beginning of the evaporation.\nNow we assume that black hole starts to evaporate. We\nassume continuous unitary evolution of the state in Hbut\ntake the \\snapshots\" of the system when the ",
        "page": 8,
        "link": "https://ui.adsabs.harvard.edu/link_gateway/2017AnPhy.387..317A/EPRINT_PDF",
        "title": "On the implications of the Bekenstein bound for black hole evaporation"
    },
    "2017AnPhy.387..317A_page_8_chunk_5": {
        "text": "anishes at the beginning of the evaporation.\nNow we assume that black hole starts to evaporate. We\nassume continuous unitary evolution of the state in Hbut\ntake the \\snapshots\" of the system when the expected\nvalues are\nhMi= (NG\u00001\u0000k)\";hni=k; (42)\nwherekacquires discrete values\nk= 0;1;:::NG\u00001; (43)\nk= 0 corresponds to black hole of maximal mass M0=\nM(NG\u00001)= (NG\u00001)\"and vacuum outside the black\nhole; ink-th step, black hole already emitted kquanta\nof the \feld, so its mass decreased by the value k\", while\nthe \feld is in the state with kquanta outside; black hole\nis fully evaporated for k=NG\u00001 and the \feld is in the\nstate withNG\u00001 particles.\nNotice that at the end of the evaporation, the state\nj i1is disentangled again, but the state j i2remains en-\ntangled. Hence, the expected value of the entanglement\nentropy decreases but remains nonzero.\nIn Fig. 2 we show the entanglement entropy as the\nfunction of the discrete parameter k. Although this graph",
        "page": 8,
        "link": "https://ui.adsabs.harvard.edu/link_gateway/2017AnPhy.387..317A/EPRINT_PDF",
        "title": "On the implications of the Bekenstein bound for black hole evaporation"
    },
    "2017AnPhy.387..317A_page_8_chunk_6": {
        "text": "anglement\nentropy decreases but remains nonzero.\nIn Fig. 2 we show the entanglement entropy as the\nfunction of the discrete parameter k. Although this graph",
        "page": 8,
        "link": "https://ui.adsabs.harvard.edu/link_gateway/2017AnPhy.387..317A/EPRINT_PDF",
        "title": "On the implications of the Bekenstein bound for black hole evaporation"
    },
    "2017AnPhy.387..317A_page_9_chunk_1": {
        "text": "9\nM0 0.53M0 00Smax\nSﬁnal\nFIG. 2. Entanglement entropy as a function of the decreas-\ning mass of the black hole during the process of evaporation.\nValues of the parameters are given in the main text.\nstarts at the point ( M0;0) which corresponds to the same\norigin of the Page curve in Fig. 1, at the \fnal stage of\nthe evaporation the entanglement entropy does not go\nto zero; at this point we di\u000ber from the prediction of\nthe Page curve. It is clear that allowing for more mi-\ncroscopic realizations of the same e\u000bective geometry, i.e.,\nmore topologies, would in general increase the \fnal devi-\nation ofhSifrom the pure state value.\nV. CONCLUSIONS\nThe fact that the number of degrees of freedom that\ndetermine the state of a system in a compact volume V\nis bounded from above by the Bekenstein-Hawking en-\ntropy of a black hole with horizon area @V, leads us to\nentertain the possibility that such fundamental degrees\nof freedom should describe the state of both \felds and\ngeometry contained in said ",
        "page": 9,
        "link": "https://ui.adsabs.harvard.edu/link_gateway/2017AnPhy.387..317A/EPRINT_PDF",
        "title": "On the implications of the Bekenstein bound for black hole evaporation"
    },
    "2017AnPhy.387..317A_page_9_chunk_2": {
        "text": "g en-\ntropy of a black hole with horizon area @V, leads us to\nentertain the possibility that such fundamental degrees\nof freedom should describe the state of both \felds and\ngeometry contained in said volume. The immediate con-sequence of such statement is that \felds and geometry\nshould be regarded as emergent phenomena at ordinary\nenergy scales. In this picture the particles of the Stan-\ndard Model are regarded as analogous to quasiparticles,\narising together with the classical background geometry\nfrom the interactions between the fundamental degrees\nof freedom. We have not provided here a framework for\nsuch dynamical emergence (see [12{15, 17{23] for some\nexamples along these lines); however we assume that the\nunitary evolution { which is a central requirement of the\nemergent quantum theory { is preserved down to the fun-\ndamental level. The unitary evolution inevitably leads to\nareshu\u000fing of the fundamental degrees of freedom and\nthis is re\rected on the emergent level as an entangle-",
        "page": 9,
        "link": "https://ui.adsabs.harvard.edu/link_gateway/2017AnPhy.387..317A/EPRINT_PDF",
        "title": "On the implications of the Bekenstein bound for black hole evaporation"
    },
    "2017AnPhy.387..317A_page_9_chunk_3": {
        "text": "ry { is preserved down to the fun-\ndamental level. The unitary evolution inevitably leads to\nareshu\u000fing of the fundamental degrees of freedom and\nthis is re\rected on the emergent level as an entangle-\nment between quantum \felds and geometry. In order\nto investigate the consequences of such scenario, we pro-\nvided here a kinematical framework that allows us to\naddress the longstanding information-loss paradox in the\ncontext of black hole evaporation. Through a simple toy\nmodel of evaporation it is shown how the entanglement\nbetween \felds and geometry can lead, after the evapora-\ntion is completed, to an average loss of the initial info-\nmation. We claim that such modi\fcation of the original\nPage curve should be regarded as a common feature of\nany theory of quantum gravity in which both the space-\ntime geometry and the quantum \felds propagating on it\nare emergent features of an underlying fundamental and\nunitary theory.\nACKNOWLEDGMENTS\nA.I. acknowledges partial \fnancial support from the\n",
        "page": 9,
        "link": "https://ui.adsabs.harvard.edu/link_gateway/2017AnPhy.387..317A/EPRINT_PDF",
        "title": "On the implications of the Bekenstein bound for black hole evaporation"
    },
    "2017AnPhy.387..317A_page_9_chunk_4": {
        "text": "space-\ntime geometry and the quantum \felds propagating on it\nare emergent features of an underlying fundamental and\nunitary theory.\nACKNOWLEDGMENTS\nA.I. acknowledges partial \fnancial support from the\nCzech Science Foundation (GA \u0014CR), under contract no.\n14-07983S. The work of G.A. and M.S. is \fnancially sup-\nported by the Czech Science Foundation, grant GA \u0014CR\nno. 17-16260Y. All authors are indebted to Georgios\nLuke\u0014 s-Gerakopoulos and Pavel Krtou\u0014 s for their critical\nremarks and many fruitful and inspirational discussions.\n\u0003gioacqua@utf.troja.m\u000b.cuni.cz\nyiorio@ipnp.troja.m\u000b.cuni.cz\nzscholtz@utf.m\u000b.cuni.cz\n[1] G. 't Hooft, arXiv (1993), gr-qc/9310026.\n[2] L. Susskind, J. Math. Phys. 36, 6377 (1995).\n[3] R. Bousso, Rev. Mod. Phys. 74, 825 (2002).\n[4] R. Bousso, J. High Energy Phys. 06, 24 (1999).\n[5] J. D. Bekenstein, Phys. Rev. D 23, 287 (1981).\n[6] J. D. Bekenstein, Phys. Rev. E 89, 1 (2014).\n[7] J. D. Bekenstein, Sci. Am. 289, 58 (2003).\n[8] A. D. Sakharov, Dokl. Akad. Nauk, SSSR, r",
        "page": 9,
        "link": "https://ui.adsabs.harvard.edu/link_gateway/2017AnPhy.387..317A/EPRINT_PDF",
        "title": "On the implications of the Bekenstein bound for black hole evaporation"
    },
    "2017AnPhy.387..317A_page_9_chunk_5": {
        "text": "(1999).\n[5] J. D. Bekenstein, Phys. Rev. D 23, 287 (1981).\n[6] J. D. Bekenstein, Phys. Rev. E 89, 1 (2014).\n[7] J. D. Bekenstein, Sci. Am. 289, 58 (2003).\n[8] A. D. Sakharov, Dokl. Akad. Nauk, SSSR, reprinted in\nGen. Rel. Grav. (2000) 32, 70 (1967).\n[9] M. Visser, Mod. Phys. Lett. A 17, 977 (2002).\n[10] H. Kleinert, Ann. Phys. 499, 117 (1987).\n[11] M. van Raamsdonk, Gen. Rel. Grav. 42, 2323 (2010).\n[12] C. Cao, S. M. Carroll, and S. Michalakis, Phys. Rev. D\n95, 024031 (2017).[13] J. Maldacena and L. Susskind, Fortschr. Phys. 61, 781\n(2013).\n[14] K. Jensen and A. Karch, Phys. Rev. Lett. 111, 211602\n(2013).\n[15] T. Konopka, F. Markopoulou, and L. Smolin, arXiv\n(2006), hep-th/0611197.\n[16] T. Konopka, F. Markopoulou, and S. Severini, Phys.\nRev. D 77, 104029 (2008).\n[17] J. C. Baez, Lect. Notes Phys. 543, 55 (1999), gr-\nqc/9905087.\n[18] J. Ambjorn, J. Jurkiewicz, and R. Loll, arXiv (2006),\nhep-th/0604212.\n[19] J. Lombard, Phys. Rev. D 95, 024001 (2017).\n[20] D. Oriti, Stud. Hist. Philos. S",
        "page": 9,
        "link": "https://ui.adsabs.harvard.edu/link_gateway/2017AnPhy.387..317A/EPRINT_PDF",
        "title": "On the implications of the Bekenstein bound for black hole evaporation"
    },
    "2017AnPhy.387..317A_page_9_chunk_6": {
        "text": "s Phys. 543, 55 (1999), gr-\nqc/9905087.\n[18] J. Ambjorn, J. Jurkiewicz, and R. Loll, arXiv (2006),\nhep-th/0604212.\n[19] J. Lombard, Phys. Rev. D 95, 024001 (2017).\n[20] D. Oriti, Stud. Hist. Philos. Sci. B 46, 186 (2014),\nphysics.hist-ph/1302.2849.\n[21] S. Rastgoo and M. Requardt, Phys. Rev. D 94, 124019\n(2016).",
        "page": 9,
        "link": "https://ui.adsabs.harvard.edu/link_gateway/2017AnPhy.387..317A/EPRINT_PDF",
        "title": "On the implications of the Bekenstein bound for black hole evaporation"
    },
    "2017AnPhy.387..317A_page_10_chunk_1": {
        "text": "10\n[22] M. Requardt and S. Rastgoo, arXiv (2015), gr-\nqc/1501.00391.\n[23] C. A. Trugenberger, arXiv (2016), hep-th/1610.05934.\n[24] R. Haag, Local quantum physics: \felds, particles, alge-\nbras, Texts and Monographs in Physics (Springer-Verlag,\n1992).\n[25] P. A. M. Dirac, Lectures on Quantum Field Theory\n(Yeshiva University, New York. Belfer Graduate School\nof Science. Monographs series, 1966).\n[26] H. Umezawa, H. Matsumoto, and M. Tachiki, Thermo\n\feld dynamics and condensed states (North-Holland Pub.\nCo., 1982).\n[27] P. W. Milonni, The Quantum Vacuum: An Introduction\nto Quantum Electrodynamics (Elsevier Science, 2013).\n[28] M. Blasone, P. Jizba, and G. Vitiello, Quantum Field\nTheory and Its Macroscopic Manifestations: Boson Con-\ndensation, Ordered Patterns, and Topological Defects\n(Imperial College Press, 2011).\n[29] J. von Neumann, Math. Ann. 104, 570 (1931).\n[30] B. C. Hall, Quantum Theory for Mathematicians , Grad-\nuate Texts in Mathematics (Springer New York, 2013).\n[31] N. N. Bogo",
        "page": 10,
        "link": "https://ui.adsabs.harvard.edu/link_gateway/2017AnPhy.387..317A/EPRINT_PDF",
        "title": "On the implications of the Bekenstein bound for black hole evaporation"
    },
    "2017AnPhy.387..317A_page_10_chunk_2": {
        "text": "l College Press, 2011).\n[29] J. von Neumann, Math. Ann. 104, 570 (1931).\n[30] B. C. Hall, Quantum Theory for Mathematicians , Grad-\nuate Texts in Mathematics (Springer New York, 2013).\n[31] N. N. Bogolubov, A. A. Logunov, A. I. Oksak, and\nI. Todorov, General Principles of Quantum Field The-\nory, Mathematical Physics and Applied Mathematics\n(Springer Netherlands, 2012).\n[32] In fact, the concepts of elementary and collective excita-\ntions are interchangeable in theories where electromag-\nnetic duality is at play [59, 60].\n[33] H. Umezawa, Advanced \feld theory: micro, macro, and\nthermal physics (American Institute of Physics, 1993).\n[34] L. D. Landau, Lifshitz, E M, and Pitaevski, L P,\nElectrodynamics of continuous media , Pergamon inter-\nnational library of science, technology, engineering, and\nsocial studies (Pergamon, 1984).\n[35] L. D. Landau, Lifshitz, E M, and Pitaevski, L P, Statis-\ntical Physics , Course of theoretical physics No. 2 (Perg-\namon, 1984).\n[36] J. Bardeen, L. N. Coope",
        "page": 10,
        "link": "https://ui.adsabs.harvard.edu/link_gateway/2017AnPhy.387..317A/EPRINT_PDF",
        "title": "On the implications of the Bekenstein bound for black hole evaporation"
    },
    "2017AnPhy.387..317A_page_10_chunk_3": {
        "text": " and\nsocial studies (Pergamon, 1984).\n[35] L. D. Landau, Lifshitz, E M, and Pitaevski, L P, Statis-\ntical Physics , Course of theoretical physics No. 2 (Perg-\namon, 1984).\n[36] J. Bardeen, L. N. Cooper, and J. R. Schrie\u000ber, Phys.\nRev.108, 1175 (1957).\n[37] A. Altland and B. Simons, Condensed Matter Field\nTheory , Cambridge books online (Cambridge University\nPress, 2010).\n[38] A. H. Castro Neto, F. Guinea, N. M. R. Peres, K. S.\nNovoselov, and A. K. Geim, Rev. Mod. Phys. 81, 109\n(2009).\n[39] W. Israel, in NATO Advanced Science Institutes (ASI)\nSeries C , NATO Advanced Science Institutes (ASI) Se-\nries C, Vol. 364, edited by Z. Zhang (1992) p. 147.\n[40] S. W. Hawking, Nature 248, 30 (1974).\n[41] S. W. Hawking, Commun. Math. Phys. 43, 199 (1975).\n[42] W. Israel, Phys. Lett. A 57, 107 (1976).\n[43] A. Iorio, G. Lambiase, and G. Vitiello, Ann. Phys. 309,\n151 (2004).\n[44] In fact, in the case of graphene, geometries can indeed\nbe seen as emergent [61, 62]. Actually, inspired by that\nfact that ",
        "page": 10,
        "link": "https://ui.adsabs.harvard.edu/link_gateway/2017AnPhy.387..317A/EPRINT_PDF",
        "title": "On the implications of the Bekenstein bound for black hole evaporation"
    },
    "2017AnPhy.387..317A_page_10_chunk_4": {
        "text": "43] A. Iorio, G. Lambiase, and G. Vitiello, Ann. Phys. 309,\n151 (2004).\n[44] In fact, in the case of graphene, geometries can indeed\nbe seen as emergent [61, 62]. Actually, inspired by that\nfact that di\u000berent arrangements of the carbon atoms can\ngive rise to the same emergent spacetime geometry, in\nour model we take into account the possibility that the\nsame emergent geometry can be realized through di\u000ber-\nent arrangements of the fundamental degrees of freedom.\nThese microscopic arrangements are indistinguishable at\nour (low) energy level.\n[45] D. N. Page, Phys. Rev. Lett. 71, 3743 (1993).[46] W. G. Unruh and R. M. Wald, arXiv (2017), hep-\nth/1703.02140.\n[47] S. Doplicher, K. Fredenhagen, and J. E. Roberts, Com-\nmun. Math. Phys. 172, 187 (1995).\n[48] R. Penrose, Gen. Rel. Grav. 28, 581 (1996).\n[49] S. K. Modak, L. Ort\u0013 \u0010z, I. Pe~ na, and D. Sudarsky, Gen.\nRel. Grav. 47, 1 (2015).\n[50] G. `t Hooft, Nucl. Phys. B 335, 138 (1990).\n[51] L. Susskind, L. Thorlacius, and J. Uglum, Phys. Rev. ",
        "page": 10,
        "link": "https://ui.adsabs.harvard.edu/link_gateway/2017AnPhy.387..317A/EPRINT_PDF",
        "title": "On the implications of the Bekenstein bound for black hole evaporation"
    },
    "2017AnPhy.387..317A_page_10_chunk_5": {
        "text": "96).\n[49] S. K. Modak, L. Ort\u0013 \u0010z, I. Pe~ na, and D. Sudarsky, Gen.\nRel. Grav. 47, 1 (2015).\n[50] G. `t Hooft, Nucl. Phys. B 335, 138 (1990).\n[51] L. Susskind, L. Thorlacius, and J. Uglum, Phys. Rev. D\n48, 3743 (1993).\n[52] S. Hawking, in General relativity and gravitation. Pro-\nceedings, 17th International Conference, GR17, Dublin,\nIreland, July 18-23, 2004 (2004) pp. 56{62.\n[53] A. Almheiri, D. Marolf, J. Polchinski, and J. Sully, J.\nHigh Energy Phys. 2013 , 62 (2013).\n[54] G. `t Hooft, arXiv (2016), gr-qc/1612.08640.\n[55] D. N. Page, Phys. Rev. Lett. 71, 1291 (1993).\n[56] D. Harlow, Rev. Mod. Phys. 88(2016).\n[57] S. K. Foong and S. Kanno, Phys. Rev. Lett. 72, 1148\n(1994).\n[58] J. Hwang, D. S. Lee, D. Nho, J. Oh, H. Park, D. Yeom,\nand H. Zoe, (2016), arXiv:1608.03391.\n[59] C. Montonen and D. Olive, Phys. Lett. B 72, 117 (1977).\n[60] E. Castellani, Stud. Hist. Philos. Sci. B Special issue\non dualities (2016), 10.1016/j.shpsb.2016.03.002.\n[61] A. Iorio, Ann. Phys. 326, 1334 (2011).\n[62",
        "page": 10,
        "link": "https://ui.adsabs.harvard.edu/link_gateway/2017AnPhy.387..317A/EPRINT_PDF",
        "title": "On the implications of the Bekenstein bound for black hole evaporation"
    },
    "2017AnPhy.387..317A_page_10_chunk_6": {
        "text": "d D. Olive, Phys. Lett. B 72, 117 (1977).\n[60] E. Castellani, Stud. Hist. Philos. Sci. B Special issue\non dualities (2016), 10.1016/j.shpsb.2016.03.002.\n[61] A. Iorio, Ann. Phys. 326, 1334 (2011).\n[62] A. Iorio, Int. J. Mod. Phys. D 24, 1530013 (2015).",
        "page": 10,
        "link": "https://ui.adsabs.harvard.edu/link_gateway/2017AnPhy.387..317A/EPRINT_PDF",
        "title": "On the implications of the Bekenstein bound for black hole evaporation"
    }
}