{
    "2017CQGra..34p5001S_page_1_chunk_1": {
        "text": "Dynamical formation of a hairy black hole in a cavity\nfrom the decay of unstable solitons\nNicolas Sanchis-Gual,1Juan Carlos Degollado,2Jos\u0013 e A. Font,1, 3Carlos Herdeiro,4and Eugen Radu4\n1Departamento de Astronom\u0013 \u0010a y Astrof\u0013 \u0010sica, Universitat de Val\u0012 encia,\nDr. Moliner 50, 46100, Burjassot (Val\u0012 encia), Spain\n2Instituto de Ciencias F\u0013 \u0010sicas, Universidad Nacional Aut\u0013 onoma de M\u0013 exico,\nApdo. Postal 48-3, 62251, Cuernavaca, Morelos, M\u0013 exico.\n3Observatori Astron\u0012 omic, Universitat de Val\u0012 encia,\nC/ Catedr\u0013 atico Jos\u0013 e Beltr\u0013 an 2, 46980, Paterna (Val\u0012 encia), Spain\n4Departamento de F\u0013 \u0010sica da Universidade de Aveiro and Centre for Research and Development\nin Mathematics and Applications (CIDMA), Campus de Santiago, 3810-183 Aveiro, Portugal\n(Dated: November 2016)\nRecent numerical relativity simulations within the Einstein{Maxwell{(charged-)Klein-Gordon\n(EMcKG) system have shown that the non-linear evolution of a superradiantly unstable Reissner-\nNordstr om black hole (BH) enclosed",
        "page": 1,
        "link": "https://ui.adsabs.harvard.edu/link_gateway/2017CQGra..34p5001S/EPRINT_PDF",
        "title": "Dynamical formation of a hairy black hole in a cavity from the decay of unstable solitons"
    },
    "2017CQGra..34p5001S_page_1_chunk_2": {
        "text": "ivity simulations within the Einstein{Maxwell{(charged-)Klein-Gordon\n(EMcKG) system have shown that the non-linear evolution of a superradiantly unstable Reissner-\nNordstr om black hole (BH) enclosed in a cavity, leads to the formation of a BH with scalar hair.\nPerturbative evidence for the stability of such hairy BHs has been independently established, con-\n\frming they are the true endpoints of the superradiant instability. The same EMcKG system admits\nalso charged scalar soliton-type solutions, which can be either stable or unstable. Using numerical\nrelativity techniques, we provide evidence that the time evolution of some of these unstable solitons\nleads, again, to the formation of a hairy BH. In some other cases, unstable solitons evolve into a\n(bald) Reissner-Nordstr om BH. These results establish that the system admits two distinct chan-\nnels to form hairy BHs at the threshold of superradiance: growing hair from an unstable (bald)\nBH, or growing a horizon from an unstable (hori",
        "page": 1,
        "link": "https://ui.adsabs.harvard.edu/link_gateway/2017CQGra..34p5001S/EPRINT_PDF",
        "title": "Dynamical formation of a hairy black hole in a cavity from the decay of unstable solitons"
    },
    "2017CQGra..34p5001S_page_1_chunk_3": {
        "text": "sults establish that the system admits two distinct chan-\nnels to form hairy BHs at the threshold of superradiance: growing hair from an unstable (bald)\nBH, or growing a horizon from an unstable (horizonless) soliton. Some parallelism with the case of\nasymptotically \rat boson stars and Kerr BHs with scalar hair is drawn.\nPACS numbers: 95.30.Sf, 04.70.Bw, 04.40.Nr, 04.25.dg\nI. INTRODUCTION\nIn two recent papers [1, 2], we have investigated the\nnon-linear evolution of the superradiant instability of a\nReissner-Nordstr om (RN) black hole (BH), triggered by\na charged scalar \feld con\fned to a cavity, which sur-\nrounds the BH. This system is not only a\u000ficted by su-\nperradiant instabilities { unlike asymptotically \rat RN\nBHs [3, 4] { but also allows a su\u000eciently fast develop-\nment of the instability [5{8], and hence a fully non-linear\nnumerical treatment of the evolution. Moreover, within\nthis system, superradiant instabilities occur even within\nspherical symmetry, making their treatment simp",
        "page": 1,
        "link": "https://ui.adsabs.harvard.edu/link_gateway/2017CQGra..34p5001S/EPRINT_PDF",
        "title": "Dynamical formation of a hairy black hole in a cavity from the decay of unstable solitons"
    },
    "2017CQGra..34p5001S_page_1_chunk_4": {
        "text": "ity [5{8], and hence a fully non-linear\nnumerical treatment of the evolution. Moreover, within\nthis system, superradiant instabilities occur even within\nspherical symmetry, making their treatment simpler.\nUsing numerical relativity techniques, we evolved in [1,\n2] the Einstein{Maxwell{(charged-)Klein-Gordon (EM-\ncKG) system, and showed that the endpoint of the in-\nstability is a hairy BH of the sort \frst discussed in [9]\n(see also [10]). In the appropriate gauge, the scalar hair\nis a stationary state characterized by a real frequency\nthat equals the threshold frequency for the superradiant\ninstability. Thus, these BHs exist at the threshold of su-\nperradiance , making them charged analogues of the (ro-\ntating) Kerr BHs with scalar [11, 12] and Proca hair [13]\ndiscovered in asymptotically \rat spacetime (see also [14{\n16] for generalizations with charge and self-interactions\nand [17{19] for analogue solutions in higher dimensions).\nBesides the hairy BHs, the same EMcKG system al-\nlows fo",
        "page": 1,
        "link": "https://ui.adsabs.harvard.edu/link_gateway/2017CQGra..34p5001S/EPRINT_PDF",
        "title": "Dynamical formation of a hairy black hole in a cavity from the decay of unstable solitons"
    },
    "2017CQGra..34p5001S_page_1_chunk_5": {
        "text": "at spacetime (see also [14{\n16] for generalizations with charge and self-interactions\nand [17{19] for analogue solutions in higher dimensions).\nBesides the hairy BHs, the same EMcKG system al-\nlows for soliton-like solutions, which are everywhere reg-\nular and horizonless [20, 21]. Indeed, the hairy BHs maybe regarded as a bound state of these solitons with a\nhorizon, in the same way that Kerr BHs with scalar (or\nProca) hair can be regarded as a bound state of rotat-\ning boson stars [22] (or rotating Proca stars [23]1) with\na horizon (see, e:g:[26, 27], for discussions of horizons\ninside solitons). In [20, 21] the linear stability of the\nEMcKG solitons in a cavity was recently addressed and\nit was shown that some of these solutions are unstable\nagainst linear spherical perturbations. A natural ques-\ntion to ask is what is the end-point of the instability\nand, in particular, if the decay of these unstable solitons\ncould yield a di\u000berent channel for the formation of the\naforementioned ha",
        "page": 1,
        "link": "https://ui.adsabs.harvard.edu/link_gateway/2017CQGra..34p5001S/EPRINT_PDF",
        "title": "Dynamical formation of a hairy black hole in a cavity from the decay of unstable solitons"
    },
    "2017CQGra..34p5001S_page_1_chunk_6": {
        "text": "ural ques-\ntion to ask is what is the end-point of the instability\nand, in particular, if the decay of these unstable solitons\ncould yield a di\u000berent channel for the formation of the\naforementioned hairy BHs.\nIn this paper we shall address these questions, by us-\ning similar numerical methods to the ones used in [1, 2].\nAs we shall discuss below, there are di\u000berent possible\nschemes to consider when evolving these EMcKG soli-\ntons. The reason is that the \\cavity\", which is something\nvirtual for the stationary soliton solutions, needs to be\nmade concrete, and imposes a concrete rule in the dy-\nnamical evolution of the system. Di\u000berent schemes result\nfrom a di\u000berent choice of rule, and ultimately, they re\rect\ndi\u000berent dynamical problems. We shall illustrate this ex-\nplicitly, by considering two di\u000berent schemes. For these\ntwo possibilities, albeit we observe some quantitative and\n1Static Proca stars have been recently generalized to include\ncharge [24] or a cosmological constant [25].arXi",
        "page": 1,
        "link": "https://ui.adsabs.harvard.edu/link_gateway/2017CQGra..34p5001S/EPRINT_PDF",
        "title": "Dynamical formation of a hairy black hole in a cavity from the decay of unstable solitons"
    },
    "2017CQGra..34p5001S_page_1_chunk_7": {
        "text": "wo di\u000berent schemes. For these\ntwo possibilities, albeit we observe some quantitative and\n1Static Proca stars have been recently generalized to include\ncharge [24] or a cosmological constant [25].arXiv:1611.02441v1  [gr-qc]  8 Nov 2016",
        "page": 1,
        "link": "https://ui.adsabs.harvard.edu/link_gateway/2017CQGra..34p5001S/EPRINT_PDF",
        "title": "Dynamical formation of a hairy black hole in a cavity from the decay of unstable solitons"
    },
    "2017CQGra..34p5001S_page_2_chunk_1": {
        "text": "2\nqualitative di\u000berences, there is a universal feature: we\nshall provide numerical evidence that indeed a hairy BH\nat the threshold of superradiance may form from the de-\ncay of an unstable soliton. But we also observe, for both\nschemes, that some unstable solitons decay into a (bald)\nRN BH, rather than a hairy one.\nThis paper is organized as follows. We start in sec-\ntion II by brie\ry describing the stationary solitonic solu-\ntions of the EMcKG system in a cavity [20, 21], which we\nhave reproduced, and that will provide us with the ini-\ntial data for our numerical evolutions. The framework for\nthese evolutions is brie\ry reviewed in section III, wherein\nboth schemes are discussed and the corresponding nu-\nmerical results are presented. Finally, in section IV, we\nprovide some further discussion of our results and al-\nlude to potential issues of our methods. Furthermore, we\nspeculate about the implications of our \fndings to the\nrotating, asymptotically \rat case.\nII. STATIONARY SOLITONS O",
        "page": 2,
        "link": "https://ui.adsabs.harvard.edu/link_gateway/2017CQGra..34p5001S/EPRINT_PDF",
        "title": "Dynamical formation of a hairy black hole in a cavity from the decay of unstable solitons"
    },
    "2017CQGra..34p5001S_page_2_chunk_2": {
        "text": "sion of our results and al-\nlude to potential issues of our methods. Furthermore, we\nspeculate about the implications of our \fndings to the\nrotating, asymptotically \rat case.\nII. STATIONARY SOLITONS OF THE EMCKG\nSYSTEM IN A CAVITY\nA. The framework\nWe consider the following action, describing the EM-\ncKG system (here we follow precisely the same conven-\ntions as in [20, 21], which allows a direct comparison with\nthe results therein): S=Rp\u0000gLd4xwith\nL=R\n2\u00001\n4F\u0016\u0017F\u0016\u0017\u00001\n2g\u0016\u0017D\u0003\n(\u0016\b\u0003D\u0017)\b\u0000\u00162\n2j\bj2;(1)\nwhere we have used standard notation: gis the met-\nric determinant, Ris the Ricci scalar, \u0016is the scalar\n\feld mass and round brackets denote symmetrization,\nY(\u0016\u0017)=1\n2(Y\u0016\u0017+Y\u0017\u0016) for a tensor \feld Y\u0016\u0017. We use a\nmostly positive space-time signature, and units in which\n8\u0019G=c= 1. The scalar \feld \b is complex, and \b\u0003is\nthe complex conjugate of \b. The electromagnetic \feld\nstrength is denoted F\u0016\u0017=r\u0016A\u0017\u0000r\u0017A\u0016, whereA\u0016is\nthe electromagnetic potential. In (1), we have introduced\nthe gauge covariant derivative,",
        "page": 2,
        "link": "https://ui.adsabs.harvard.edu/link_gateway/2017CQGra..34p5001S/EPRINT_PDF",
        "title": "Dynamical formation of a hairy black hole in a cavity from the decay of unstable solitons"
    },
    "2017CQGra..34p5001S_page_2_chunk_3": {
        "text": "ex, and \b\u0003is\nthe complex conjugate of \b. The electromagnetic \feld\nstrength is denoted F\u0016\u0017=r\u0016A\u0017\u0000r\u0017A\u0016, whereA\u0016is\nthe electromagnetic potential. In (1), we have introduced\nthe gauge covariant derivative, D\u0016=r\u0016\u0000iqA\u0016, where\nr\u0016is the covariant derivative and qis the scalar \feld\ncharge. These conventions are slightly di\u000berent from the\nones in our previous works [1, 2]. We shall further remark\non this in section III. Observe that the EMcKG system\nis invariant under the gauge transformation:\nA\u0016!~A\u0016=A\u0016+@\u0016\u001f(x); \b!~\b =eiq\u001f(x)\b;(2)\nfor a real function \u001f(x).\nB. The solitons\nTo obtain the stationary solitonic solutions [20, 21],\nwe shall consider an ansatz describing spherical, time-\nindependent con\fgurations. For an isotropic coordinatesystem, the metric ansatz reads\nds2=\u0000f0(r)dt2+f1(r)[dr2+r2(d\u00122+ sin2\u0012d'2)];(3)\nwhile the matter \felds are\nA=A0(r)dt ; \b =\u001e(r): (4)\nIn the following we shall be working with ansatz (3)-(4).\nBut we observe that the gauge transformation (2), with\n\u001f=\u0000!t=q yields the \felds",
        "page": 2,
        "link": "https://ui.adsabs.harvard.edu/link_gateway/2017CQGra..34p5001S/EPRINT_PDF",
        "title": "Dynamical formation of a hairy black hole in a cavity from the decay of unstable solitons"
    },
    "2017CQGra..34p5001S_page_2_chunk_4": {
        "text": "\u0012d'2)];(3)\nwhile the matter \felds are\nA=A0(r)dt ; \b =\u001e(r): (4)\nIn the following we shall be working with ansatz (3)-(4).\nBut we observe that the gauge transformation (2), with\n\u001f=\u0000!t=q yields the \felds:\n~A=\u0012\nA0(r)\u0000!\nq\u0013\ndt ; ~\b =e\u0000i!t\u001e(r): (5)\nIn this gauge the scalar \feld oscillates with frequency !.\nWe recall that the critical frequency for superradiance,\n!c, around a RN BH, is set by the horizon electric po-\ntential as!c=q\u001e(rH)\u0011\u0000q~A0(rH), whererHis the\nradial coordinate of the horizon. This is the condition\nobeyed by a BH at the threshold of superradiance, which\nin terms of the `old' gauge (4) reads A0(rH) = 0.\nWith our metric ansatz the EMcKG equations reduce\nto a set of four second order equations plus a constraint\n(which is one of the Einstein eqs.). For solitons, these\nequations are solved starting with the following small- r\nexpansion\nf0(r) =f00+1\n6(2a2\n0q2\u0000f00\u00162)f10\u001e2\n0r2+O(r4);\nf1(r) =f10\u0000f2\n10\n12f00(a2\n0q2+f00\u00162)\u001e2\n0r2+O(r4);\nA0(r) =a0+1\n6a0f10q2\u001e2\n0r2+O(r4); (6)\n\u001e(r) =\u001e0\u0000f10\n",
        "page": 2,
        "link": "https://ui.adsabs.harvard.edu/link_gateway/2017CQGra..34p5001S/EPRINT_PDF",
        "title": "Dynamical formation of a hairy black hole in a cavity from the decay of unstable solitons"
    },
    "2017CQGra..34p5001S_page_2_chunk_5": {
        "text": "olved starting with the following small- r\nexpansion\nf0(r) =f00+1\n6(2a2\n0q2\u0000f00\u00162)f10\u001e2\n0r2+O(r4);\nf1(r) =f10\u0000f2\n10\n12f00(a2\n0q2+f00\u00162)\u001e2\n0r2+O(r4);\nA0(r) =a0+1\n6a0f10q2\u001e2\n0r2+O(r4); (6)\n\u001e(r) =\u001e0\u0000f10\n6f00(a2\n0q2\u0000f00\u00162)\u001e0r2+O(r4);\nwithf00;f10;a0;\u001e0four arbitrary constants and f00;f10\nstrictly positive such that the metric has the correct sig-\nnature. In the numerical integration one takes f00=\nf10= 1. Then a continuum of solutions is found by vary-\ning the remaining parameters a0;\u001e0together with q;\u0016.\nFollowing [20] we choose q= 0:1. We shall also focus\non the massless scalar \feld case \u0016= 0, but some remarks\nabout the massive case will be made in section IV. The\n\feld equations are integrated numerically to \fnd solitonic\nsolutions by using a standard Runge-Kutta method. We\nstart the numerical integration at r=\u000f, where\u000fis typi-\ncally 10\u00008, using the expansions (6) as initial conditions.\nOne \fnds that the scalar \feld \u001eoscillates about zero (see\nFig. 1); the mirror de\fning the cavity can be ",
        "page": 2,
        "link": "https://ui.adsabs.harvard.edu/link_gateway/2017CQGra..34p5001S/EPRINT_PDF",
        "title": "Dynamical formation of a hairy black hole in a cavity from the decay of unstable solitons"
    },
    "2017CQGra..34p5001S_page_2_chunk_6": {
        "text": " integration at r=\u000f, where\u000fis typi-\ncally 10\u00008, using the expansions (6) as initial conditions.\nOne \fnds that the scalar \feld \u001eoscillates about zero (see\nFig. 1); the mirror de\fning the cavity can be placed at\nany zero of the scalar \feld, but here we shall always con-\nsider the mirror to be located at the \frst zero of the scalar\n\feld, whose radial position is labelled r=rm. Thus,\nin this model, for the stationary solutions, the mirror is\n\\virtual\" rather than corresponding to a concrete physi-\ncal object that impacts on the EMcKG equations.\nIn section III we shall evolve eleven initial data sets,\nnamely one which, according to [20], is associated with",
        "page": 2,
        "link": "https://ui.adsabs.harvard.edu/link_gateway/2017CQGra..34p5001S/EPRINT_PDF",
        "title": "Dynamical formation of a hairy black hole in a cavity from the decay of unstable solitons"
    },
    "2017CQGra..34p5001S_page_3_chunk_1": {
        "text": "3\n 0 1 2\n 0  200  400\nrq(r) A0(r)/10\nf1(r)×2f0(r)/50\n 0 1 2\n 0  200  400\nrq(r) A0(r)/10\nf1(r)×2f0(r)/50\nFIG. 1: Metric, scalar \feld and gauge \feld functions for model\n1 (top panel) and model 5 (bottom panel). Some functions\nare rescaled for better visualization. Observe the oscillations\nof the scalar \feld. The mirror position is at the \frst zero of\nthe scalar \feld (see Table I).\na stable solution (Model 0) and ten which are associated\nwith unstable solitons (Models 1-10), all with q= 0:1 and\n\u0016= 0.2These models are summarized in Table I, where\nwe also anticipate the outcome of their numerical evolu-\ntion using our two schemes. To exemplify the behaviour\nof the various functions ff0(r);f1(r);\u001e(r);A0(r)gfor\ntypical solitons, we display in Fig. 1 their radial depen-\ndence for models 1 and 5 in Table I. According to the re-\nsults of [20] these are both unstable solitons. Indeed, as\nwe discuss below, we see them evolving in both schemes.\nIn particular, for scheme I, one of these will be show",
        "page": 3,
        "link": "https://ui.adsabs.harvard.edu/link_gateway/2017CQGra..34p5001S/EPRINT_PDF",
        "title": "Dynamical formation of a hairy black hole in a cavity from the decay of unstable solitons"
    },
    "2017CQGra..34p5001S_page_3_chunk_2": {
        "text": " Table I. According to the re-\nsults of [20] these are both unstable solitons. Indeed, as\nwe discuss below, we see them evolving in both schemes.\nIn particular, for scheme I, one of these will be shown to\ndecay into a hairy BH (model 1) and the other to decay\ninto a bald BH (model 5).\n2That these are stable or unstable can be observed by examining\nFig. 11 in [20].III. NUMERICAL EVOLUTIONS\nA. The framework\nThe numerical evolutions of our initial data are per-\nformed in the EMcKG system (1) but, following our\nprevious work [1, 2], we use slightly di\u000berent conven-\ntions, corresponding to the following rescaling of the\n\felds shown in (1):\nA\u0016\u0000!p\n2A\u0016; \b\u0000!p\n8\u0019\b; q\u0000!qp\n2:(7)\nThe metric and mass parameter are unchanged. Rescal-\nings (7) are imposed to all the data in Table I, which the\ntable reports before the rescaling. This change also en-\nsures that we use the same values for a0,\u001e0andqthan\nin [20].\nThe time update of the di\u000berent systems of evolution\nequations we have to solve in our code (E",
        "page": 3,
        "link": "https://ui.adsabs.harvard.edu/link_gateway/2017CQGra..34p5001S/EPRINT_PDF",
        "title": "Dynamical formation of a hairy black hole in a cavity from the decay of unstable solitons"
    },
    "2017CQGra..34p5001S_page_3_chunk_3": {
        "text": "s before the rescaling. This change also en-\nsures that we use the same values for a0,\u001e0andqthan\nin [20].\nThe time update of the di\u000berent systems of evolution\nequations we have to solve in our code (Einstein, Klein-\nGordon, and Maxwell) is done using the same type of\nnumerical techniques we have extensively used in pre-\nvious work (see, in particular, [2, 28{30]). We refer the\ninterested reader to those references for full details. Here,\nwe simply mention that the evolution equations are inte-\ngrated using the second-order PIRK method developed\nby [31, 32]. This method allows to handle the singular\nterms that appear in the evolution equations due to our\nchoice of curvilinear coordinates. The derivatives in the\nspacetime evolution are computed using a fourth-order\ncentered \fnite-di\u000berence approximation on a logarithmic\nradial grid. We also use fourth-order Kreiss-Oliger dissi-\npation to avoid high-frequency noise appearing near the\nouter numerical boundary. For the simulations presented",
        "page": 3,
        "link": "https://ui.adsabs.harvard.edu/link_gateway/2017CQGra..34p5001S/EPRINT_PDF",
        "title": "Dynamical formation of a hairy black hole in a cavity from the decay of unstable solitons"
    },
    "2017CQGra..34p5001S_page_3_chunk_4": {
        "text": "pproximation on a logarithmic\nradial grid. We also use fourth-order Kreiss-Oliger dissi-\npation to avoid high-frequency noise appearing near the\nouter numerical boundary. For the simulations presented\nin this work we evolve the electric \feld explicitly and the\nelectric potentials implicitly.\nWe perform the evolution of the unstable and the sta-\nble solitons by rescaling the lapse function of the 3+1\nformalism [33] in the following way:\n~\u000b=\u000b=\u000b(rmax): (8)\nwhere\u000b=pf0. The lapse is rescaled to facilitate our nu-\nmerical simulations, as it ensures that ~ \u000b!1 at the outer\nboundary of our grid, which corresponds to Minkowski\nspacetime.\nB. The two schemes\nWe are interested in the dynamics of the solitons inside\nthe cavity bounded by the mirror at r=rm. Whereas the\npresence of the mirror in the stationary soliton solution\nis a matter of perspective, its presence in a dynamical\nevolution must be enforced by some dynamical rule. In\nother words, since a generic evolution of the initial data\nprovid",
        "page": 3,
        "link": "https://ui.adsabs.harvard.edu/link_gateway/2017CQGra..34p5001S/EPRINT_PDF",
        "title": "Dynamical formation of a hairy black hole in a cavity from the decay of unstable solitons"
    },
    "2017CQGra..34p5001S_page_3_chunk_5": {
        "text": "tionary soliton solution\nis a matter of perspective, its presence in a dynamical\nevolution must be enforced by some dynamical rule. In\nother words, since a generic evolution of the initial data\nprovided by the solitons described in the previous section,\nwill not preserve the node at r=rm, one has to place",
        "page": 3,
        "link": "https://ui.adsabs.harvard.edu/link_gateway/2017CQGra..34p5001S/EPRINT_PDF",
        "title": "Dynamical formation of a hairy black hole in a cavity from the decay of unstable solitons"
    },
    "2017CQGra..34p5001S_page_4_chunk_1": {
        "text": "4\nModela0\u001e0rmScheme I !c!\bScheme II a !c!\bScheme II b !c!\b\n01.51.545.2 HBH 0.044 0.050 Stable Stable\n12.51.538.2 HBH 0.057 0.056 (bald) RN | | (bald) RN | |\n22.61.537.6 HBH 0.057 0.055 (bald) RN | | (bald) RN | |\n32.71.537.0 HBH 0.058 0.055 (bald) RN | | (bald) RN | |\n42.81.536.4 HBH 0.056 0.054 (bald) RN | | (bald) RN | |\n53.01.535.2 (bald) RN | | (bald) RN | | (bald) RN | |\n63.01.856.8 HBH 0.040 0.039 HBH 0.004 0.004 HBH 0.004 0.004\n73.21.855.8 HBH 0.042 0.042 HBH 0.005 0.004 HBH 0.004 0.004\n83.41.854.8 HBH 0.043 0.042 HBH 0.006 0.005 HBH 0.004 0.004\n94.01.852.0 HBH 0.048 0.046 (bald) RN | | (bald) RN | |\n10 4.51.849.8 (bald) RN | | (bald) RN | | (bald) RN | |\nTABLE I: The eleven soliton models we use as initial data, all with q= 0:1 and\u0016= 0. From left to right the columns report:\nthe model number, the parameters a0,\u001e0andrmcharacterizing the corresponding solitons (columns 2 to 4), and the outcome\nof the evolutions for the two schemes (following columns), in particular if a hairy BH ",
        "page": 4,
        "link": "https://ui.adsabs.harvard.edu/link_gateway/2017CQGra..34p5001S/EPRINT_PDF",
        "title": "Dynamical formation of a hairy black hole in a cavity from the decay of unstable solitons"
    },
    "2017CQGra..34p5001S_page_4_chunk_2": {
        "text": "del number, the parameters a0,\u001e0andrmcharacterizing the corresponding solitons (columns 2 to 4), and the outcome\nof the evolutions for the two schemes (following columns), in particular if a hairy BH (HBH) forms or if a bald RN BH results\nfrom the evolution. In the former case, the critical frequency of the BH, !c, and the corresponding frecuency of oscillation of\nthe scalar \feld, !\b, are also indicated.\na mirror at the location of the node, enclosing a cavity.\nHere we shall consider two di\u000berent dynamical rules.\nInScheme I we shall use the initial data provided by\nthe stationary soliton solutions only inside the cavity.\nThat is, scheme I is based on a truncated soliton . Out-\nside the cavity we change the initial data by setting the\nscalar \feld to zero all along the computational domain,\nbut leaving the metric \felds unchanged. Whereas this is\nthe simplest thing to do, within the \\scalar \feld enclosed\nin a cavity\" perspective, it has the obvious shortcoming\nthat the initial data outsid",
        "page": 4,
        "link": "https://ui.adsabs.harvard.edu/link_gateway/2017CQGra..34p5001S/EPRINT_PDF",
        "title": "Dynamical formation of a hairy black hole in a cavity from the decay of unstable solitons"
    },
    "2017CQGra..34p5001S_page_4_chunk_3": {
        "text": "but leaving the metric \felds unchanged. Whereas this is\nthe simplest thing to do, within the \\scalar \feld enclosed\nin a cavity\" perspective, it has the obvious shortcoming\nthat the initial data outside the cavity does not satisfy\nthe \feld equations. In other words, the initial data is\nconstraint-violating outside the cavity. As we show be-\nlow, however, the simulation converges to a solution of\nthe \feld equations within acceptable errors for this sys-\ntem, the endpoint being either a hairy BH or a bald BH,\ndepending on the starting soliton. We remark that this\ndynamical perspective departs from that encoded in the\nperturbation theory considered in [20], where the soliton\nextends to spatial in\fnity and the perturbations are re-\nquired to preserve the node at the mirror location. As a\nconsequence of this di\u000berence, model 0 in Table I, which\naccording to [20] is a stable soliton, turns out to evolve\nin scheme I.\nInScheme II , on the other hand, we shall use the ini-\ntial data provided by ",
        "page": 4,
        "link": "https://ui.adsabs.harvard.edu/link_gateway/2017CQGra..34p5001S/EPRINT_PDF",
        "title": "Dynamical formation of a hairy black hole in a cavity from the decay of unstable solitons"
    },
    "2017CQGra..34p5001S_page_4_chunk_4": {
        "text": "uence of this di\u000berence, model 0 in Table I, which\naccording to [20] is a stable soliton, turns out to evolve\nin scheme I.\nInScheme II , on the other hand, we shall use the ini-\ntial data provided by the stationary soliton solutions both\ninside and outside the cavity. We therefore use the full\nsoliton . The presence of the mirror is enforced by not\nevolving the scalar \feld value at the mirror, which is ini-\ntially put to zero. This ensures the presence of the node\nduring the whole evolution and (within numerical error)\nthe absence of scalar energy or charge \rux between the in-\nside and outside of the cavity. This enforcement leads to\nmore localized constraint violations, which occur only at\nthe mirror location, and to a closer correspondence with\nthe perturbation problem discussed in [20]. The results\nof the evolutions, however, are qualitatively similar tothose of scheme I, i:e:we see two possible outcomes, but\nthe \\same\" soliton in both schemes may have a di\u000berent\nfate. In scheme II ",
        "page": 4,
        "link": "https://ui.adsabs.harvard.edu/link_gateway/2017CQGra..34p5001S/EPRINT_PDF",
        "title": "Dynamical formation of a hairy black hole in a cavity from the decay of unstable solitons"
    },
    "2017CQGra..34p5001S_page_4_chunk_5": {
        "text": " The results\nof the evolutions, however, are qualitatively similar tothose of scheme I, i:e:we see two possible outcomes, but\nthe \\same\" soliton in both schemes may have a di\u000berent\nfate. In scheme II we perturb the soliton inside the cavity\nby multiplying \b by a factor slightly larger than one in\norder to trigger the evolution; then we consider two dif-\nferent perturbation factors leading to two sub-schemes:\nscheme IIa, with a factor of 1.05, and scheme IIb, with a\nfactor of 1.01.\nOur simulations employ a logarithmic radial grid with\na maximum resolution of \u0001 r= 0:025M. The outer\nboundary of the computational domain is placed at\nrmax= 4:5\u0002103, far enough as to not a\u000bect the dy-\nnamics in the inner region during the entire extent of\nthe simulations. The (Courant) time step is given by\n\u0001t= 0:1\u0001rwhich ensures long-term stable simulations.\nC. Numerical results - scheme I\nLet us start by describing the numerical results under\nscheme I. In Fig. 2 (top panel) we show the result for\nthe evolut",
        "page": 4,
        "link": "https://ui.adsabs.harvard.edu/link_gateway/2017CQGra..34p5001S/EPRINT_PDF",
        "title": "Dynamical formation of a hairy black hole in a cavity from the decay of unstable solitons"
    },
    "2017CQGra..34p5001S_page_4_chunk_6": {
        "text": ":1\u0001rwhich ensures long-term stable simulations.\nC. Numerical results - scheme I\nLet us start by describing the numerical results under\nscheme I. In Fig. 2 (top panel) we show the result for\nthe evolution of the energy in the scalar \feld computed\nas in [1, 2], for models 1-5. We observe that after an\ninitial period of no remarkable change, all models exhibit\na sharp decrease of the energy in the scalar \feld at t&\n150. For models 1-4 what follows is a new, non-zero,\nequilibrium value of the scalar \feld energy. However, for\nmodel 5 the energy in the scalar \feld keeps decreasing\nand tends to vanish asymptotically.\nIn all models 1-5 we observe the formation of an appar-\nent horizon (AH) at a time which roughly coincides with\nthe sharp decay of the scalar \feld energy visible in Fig. 2.\nThis is illustrated in the bottom panel of the \fgure for\nmodel 3. One can then compute the charge inside the AH\nand the charge in the scalar \feld using the expressions\ndescribed in [1, 2]. The result is exhibi",
        "page": 4,
        "link": "https://ui.adsabs.harvard.edu/link_gateway/2017CQGra..34p5001S/EPRINT_PDF",
        "title": "Dynamical formation of a hairy black hole in a cavity from the decay of unstable solitons"
    },
    "2017CQGra..34p5001S_page_4_chunk_7": {
        "text": "llustrated in the bottom panel of the \fgure for\nmodel 3. One can then compute the charge inside the AH\nand the charge in the scalar \feld using the expressions\ndescribed in [1, 2]. The result is exhibited in Fig. 3 for\nmodels 3 and 5. A clear charge transfer from the scalar",
        "page": 4,
        "link": "https://ui.adsabs.harvard.edu/link_gateway/2017CQGra..34p5001S/EPRINT_PDF",
        "title": "Dynamical formation of a hairy black hole in a cavity from the decay of unstable solitons"
    },
    "2017CQGra..34p5001S_page_5_chunk_1": {
        "text": "5\n0 500 1000 1500t10−510−310−1101ESFa0 = 2.5, model 1a0 = 2.6, model 2a0 = 2.7, model 3a0 = 2.8, model 4a0 = 3.0, model 5\n0 500 1000 1500 2000 2500t0246MMAHESF\nFIG. 2: Time evolutions in scheme I: the top panel shows\nthe scalar \feld energy for models 1-5, while the bottom panel\nshows the AH mass and scalar \feld energy for model 3.\n\feld (soliton) to the BH is observed, with the total charge\n(black solid line) remaining constant within an excellent\napproximation. Whereas in model 3 the charge in the\nscalar \feld remains non-zero signaling the formation of\na hairy BH, in model 5 the scalar \feld charge vanishes,\nsignaling the formation of a (bald) RN BH.\nTo examine in more detail the type of hairy BH that\nforms in the decay of the soliton we show in the top panel\nof Fig. 4 the real part of the scalar \feld for models 1-5, as\na function of time, extracted at a speci\fc radial position\nr= 5. Correspondingly, the bottom panel of Fig. 4 dis-\nplays the real and imaginary parts of the scalar \feld f",
        "page": 5,
        "link": "https://ui.adsabs.harvard.edu/link_gateway/2017CQGra..34p5001S/EPRINT_PDF",
        "title": "Dynamical formation of a hairy black hole in a cavity from the decay of unstable solitons"
    },
    "2017CQGra..34p5001S_page_5_chunk_2": {
        "text": "scalar \feld for models 1-5, as\na function of time, extracted at a speci\fc radial position\nr= 5. Correspondingly, the bottom panel of Fig. 4 dis-\nplays the real and imaginary parts of the scalar \feld for\nmodel 3 as an illustrative example. It can be seen that\nfor all these models the real part is a sinusoidal function\nand that the real and imaginary parts have a phase dif-\nference of\u0019=2; therefore, they oscillate with an opposite\nphase. The critical frequency for the BH that forms and\nthe frequency of oscillation of the scalar \feld, computed\n0 500 1000 1500 2000 2500t0246QQBHQSFQT\n0 200 400 600 800 1000t02.55QQBHQSFQTFIG. 3: Time evolution of the charge in the scalar \feld, QSF,\nin the BH (computed at the AH), QBH, and of the total\ncharge,QT, for models 3 (top panel) and 5 (bottom panel),\nin scheme I.\nas in [1, 2] are shown in Table I. They match within the\nnumerical error, showing that these BHs are hairy BHs\nat the threshold of superradiance.\nFinally, we display in Fig. 5 the radial pr",
        "page": 5,
        "link": "https://ui.adsabs.harvard.edu/link_gateway/2017CQGra..34p5001S/EPRINT_PDF",
        "title": "Dynamical formation of a hairy black hole in a cavity from the decay of unstable solitons"
    },
    "2017CQGra..34p5001S_page_5_chunk_3": {
        "text": " scheme I.\nas in [1, 2] are shown in Table I. They match within the\nnumerical error, showing that these BHs are hairy BHs\nat the threshold of superradiance.\nFinally, we display in Fig. 5 the radial pro\fle of the\nscalar \feld magnitude for model 3 and at di\u000berent times\nof the evolution. It is worth noticing that the maximum\nvalue attained by the scalar \feld (best visible in the inset)\nis inside the BH horizon (signaled by the dashed vertical\nline). Therefore, the scalar \feld decays monotonically\nfrom the horizon to the mirror, as one expects for stable\nhairy BHs [1, 9].\nThe results we have just discussed establish that a\nhairy BH can form as the outcome of numerical evolu-\ntions of unstable solitons. There are, however, two issues\nthat must be discussed in the current scheme. The \frst\nissue is related to the constraint violations of the simu-\nlations. These arise due to the choice of initial data in",
        "page": 5,
        "link": "https://ui.adsabs.harvard.edu/link_gateway/2017CQGra..34p5001S/EPRINT_PDF",
        "title": "Dynamical formation of a hairy black hole in a cavity from the decay of unstable solitons"
    },
    "2017CQGra..34p5001S_page_5_chunk_4": {
        "text": "is related to the constraint violations of the simu-\nlations. These arise due to the choice of initial data in",
        "page": 5,
        "link": "https://ui.adsabs.harvard.edu/link_gateway/2017CQGra..34p5001S/EPRINT_PDF",
        "title": "Dynamical formation of a hairy black hole in a cavity from the decay of unstable solitons"
    },
    "2017CQGra..34p5001S_page_6_chunk_1": {
        "text": "6\n0 500 1000 1500 2000t−0.2−0.100.10.20.30.4Φa0 = 2.5, model 1a0 = 2.6, model 2a0 = 2.7, model 3a0 = 2.8, model 4a0 = 3.0, model 5\n0 500 1000 1500 2000t−0.2−0.100.10.20.3ΦRe(Φ)Im(Φ)\nFIG. 4: Time evolution of the real part of the scalar \feld am-\nplitude for models 1-5 (top panel) and of the real (blue solid\nline) and imaginary (red dashed line) parts of the scalar \feld\namplitude for model 3 (bottom panel). Data are extracted at\nr= 5. Notice the decay of the \feld amplitude in model 5.\nscheme I, in which we set the scalar \feld to zero outside\nthe mirror, but also due to the coordinate singularity at\nr= 0. Figure 6 plots the time evolution of the L2 norm\nof the Hamiltonian constraint for model 3 for three dif-\nferent radial grid resolutions. Whereas relatively large\nconstraint violations are observed at some early phase of\nthe evolution, namely during the formation of the AH\nand shortly after, the values of the violations decrease\nsigni\fcantly for the remaining part of the evolution. We\nno",
        "page": 6,
        "link": "https://ui.adsabs.harvard.edu/link_gateway/2017CQGra..34p5001S/EPRINT_PDF",
        "title": "Dynamical formation of a hairy black hole in a cavity from the decay of unstable solitons"
    },
    "2017CQGra..34p5001S_page_6_chunk_2": {
        "text": "bserved at some early phase of\nthe evolution, namely during the formation of the AH\nand shortly after, the values of the violations decrease\nsigni\fcantly for the remaining part of the evolution. We\nnote that the values attained in the \fnal state are com-\nparable to those observed in our previous works [1, 2].\nThe second issue is related to the stable solution -\nmodel 0 in Table I. We have checked that the time evo-\nlution of this model indicates it is not stable; rather it\nevolves. What concerns us here is not so much what is\nthe endpoint of this evolution, but the fact that the soli-\n0.2 1.8 3.4 50.10.11t = 2000t = 2125t = 2250t = 2325t = 25000 10 20 30 40r00.040.080.12|Φ|t = 2000t = 2125t = 2250t = 2325t = 2500FIG. 5: Radial pro\fle of the scalar \feld magnitude for model 3\nat di\u000berent times of the evolution with scheme I. The vertical\ndashed line marks the location of the AH.\n0 500 1000 1500t10−510−310−1101|H|2all rr>1.5\n0 600 1200 1800t10−510−310−1101|H|2∆r = 0.1∆r = 0.05 (times 4)∆r",
        "page": 6,
        "link": "https://ui.adsabs.harvard.edu/link_gateway/2017CQGra..34p5001S/EPRINT_PDF",
        "title": "Dynamical formation of a hairy black hole in a cavity from the decay of unstable solitons"
    },
    "2017CQGra..34p5001S_page_6_chunk_3": {
        "text": "es of the evolution with scheme I. The vertical\ndashed line marks the location of the AH.\n0 500 1000 1500t10−510−310−1101|H|2all rr>1.5\n0 600 1200 1800t10−510−310−1101|H|2∆r = 0.1∆r = 0.05 (times 4)∆r = 0.025 (times 16)\nFIG. 6: Time evolution of the L2 norm of the Hamiltonian\nconstraint for model 3 using scheme I. The inset shows the\nevolution when considering the entire radial domain (solid\nline) and when removing the radial zones that eventually lie\nwithin the AH (dashed line). Second-order convergence is\napproximately achieved in the evolution for t&400.\nton in our dynamical scheme I is not stable, whereas it is\nstable in the perturbation scheme considered in [20, 21].\nThis discrepancy underlines the fact that the dynamical\nperturbations considered therein are not faithfully repre-\nsented by our scheme I, and leads us to consider scheme\nII below.\nTo argue the generality of the behaviour observed for\nmodels 1-5 under scheme I, we display in \fgure 7 the time\nevolution of the scalar \fe",
        "page": 6,
        "link": "https://ui.adsabs.harvard.edu/link_gateway/2017CQGra..34p5001S/EPRINT_PDF",
        "title": "Dynamical formation of a hairy black hole in a cavity from the decay of unstable solitons"
    },
    "2017CQGra..34p5001S_page_6_chunk_4": {
        "text": "ed by our scheme I, and leads us to consider scheme\nII below.\nTo argue the generality of the behaviour observed for\nmodels 1-5 under scheme I, we display in \fgure 7 the time\nevolution of the scalar \feld energy (top panel) and the\noscillations of the real part of the scalar \feld (bottom",
        "page": 6,
        "link": "https://ui.adsabs.harvard.edu/link_gateway/2017CQGra..34p5001S/EPRINT_PDF",
        "title": "Dynamical formation of a hairy black hole in a cavity from the decay of unstable solitons"
    },
    "2017CQGra..34p5001S_page_7_chunk_1": {
        "text": "7\n0 500 1000 1500t10−310−1101ESFa0 = 3.0, model 6a0 = 3.2, model 7a0 = 3.4, model 8a0 = 4.0, model 9a0 = 4.5, model 10\n0 500 1000 1500t−0.2−0.100.10.20.30.40.5Φa0 = 3.0, model 6a0 = 3.2, model 7a0 = 3.4, model 8a0 = 4.0, model 9a0 = 4.5, model 10\nFIG. 7: Time evolution of the scalar \feld energy (top panel)\nand of the real part of the scalar \feld amplitude (bottom\npanel) for models 6-10 in scheme I. The extraction radius is\natr= 5.\npanel) for models 6-10. We observe the same trend to\nthat found in models 1-5, namely, for the same value of\n\u001e0su\u000eciently small values of a0lead to a hairy BH, but\nfor larger values the \fnal state changes and a bald RN\nBH is obtained instead. Model 10 is the only one whose\nenergy decreases during the rest of the evolution after the\nBH is formed. The total amount of scalar \feld energy\nremaining in the cavity is larger than for the previous\n\fve models.\nD. Numerical results - scheme II\nWe now turn our attention to scheme II. In Fig. 8 we\nplot the evolution of th",
        "page": 7,
        "link": "https://ui.adsabs.harvard.edu/link_gateway/2017CQGra..34p5001S/EPRINT_PDF",
        "title": "Dynamical formation of a hairy black hole in a cavity from the decay of unstable solitons"
    },
    "2017CQGra..34p5001S_page_7_chunk_2": {
        "text": "of scalar \feld energy\nremaining in the cavity is larger than for the previous\n\fve models.\nD. Numerical results - scheme II\nWe now turn our attention to scheme II. In Fig. 8 we\nplot the evolution of the scalar \feld energy, for models 0-\n10 within scheme IIa (the \frst six models in the top panel\nand the last \fve in the bottom one). The \frst observation\n0 350 700 1050 1400t10−810−4100ESFa0 = 2.3, model 0a0 = 2.5, model 1a0 = 2.6, model 2a0 = 2.7, model 3a0 = 2.8, model 4a0 = 3.0, model 5\n0 350 700 1050 1400t10−810−4100ESFa0 = 3.0, model 6a0 = 3.2, model 7a0 = 3.4, model 8a0 = 4.0, model 9a0 = 4.5, model 10FIG. 8: Time evolutions of the scalar \feld energy for models\n0-5 (top panel) and models 6-10 (bottom panel), using scheme\nIIa.\nis that model 0 is now stable, in accordance to [20], and\nthe energy remains almost constant, taking into account\nthat the soliton is slightly perturbed. For the unstable\nmodels 1-5, a BH forms at t&200 absorbing part of\nthe scalar \feld energy. For all these mode",
        "page": 7,
        "link": "https://ui.adsabs.harvard.edu/link_gateway/2017CQGra..34p5001S/EPRINT_PDF",
        "title": "Dynamical formation of a hairy black hole in a cavity from the decay of unstable solitons"
    },
    "2017CQGra..34p5001S_page_7_chunk_3": {
        "text": "nergy remains almost constant, taking into account\nthat the soliton is slightly perturbed. For the unstable\nmodels 1-5, a BH forms at t&200 absorbing part of\nthe scalar \feld energy. For all these models, the energy\nin the scalar \feld keeps decreasing with time, tending\nto vanish rather than approaching an equilibrium state.\nA di\u000berent result is found for models 6-8, displayed in\nthe bottom panel of Fig. 8. For these models the scalar\n\feld energy is almost constant after the formation of the\nBH. As observed in scheme I, however, increasing a0for\n\fxed\u001e0beyond a certain value, the scalar \feld energy\nkeeps decreasing with time, indicating that a bald RN\nBH, rather than a hairy BH, forms (cf. models 9 and 10\nin the bottom panel of Fig. 8).\nThe charge transfer from the scalar \feld (soliton) to\nthe BH in scheme II is monitored in Fig. 9, where we\nplot the evolution of the charge of the BH, of the scalar",
        "page": 7,
        "link": "https://ui.adsabs.harvard.edu/link_gateway/2017CQGra..34p5001S/EPRINT_PDF",
        "title": "Dynamical formation of a hairy black hole in a cavity from the decay of unstable solitons"
    },
    "2017CQGra..34p5001S_page_7_chunk_4": {
        "text": "he BH in scheme II is monitored in Fig. 9, where we\nplot the evolution of the charge of the BH, of the scalar",
        "page": 7,
        "link": "https://ui.adsabs.harvard.edu/link_gateway/2017CQGra..34p5001S/EPRINT_PDF",
        "title": "Dynamical formation of a hairy black hole in a cavity from the decay of unstable solitons"
    },
    "2017CQGra..34p5001S_page_8_chunk_1": {
        "text": "8\n0 500 1000 1500t0369Q\nFIG. 9: Time evolution of the charge in the scalar \feld, QSF\n(red curves), in the BH (computed at the AH), QBH(blue\ncurves), and of the total charge ( QT) (black curves), for model\n8. Dashed curves correspond to scheme IIa (5% perturbation)\nand solid lines to scheme IIb (1% perturbation).\n\feld, and of the total charge, for model 8 and for the\ntwo perturbations considered (schemes IIa and IIb). A\nclear charge transfer can be seen from the scalar \feld\nto the BH at the time of formation of the AH. The to-\ntal charge, however, decreases when the BH forms (black\ncurves), signaling an issue. This is in fact due to the\namount of perturbation we set up initially. Comparison\nof both schemes shows that when the initial perturbation\nto the solution is reduced from 5% (scheme IIa, dashed\nblack lines) to 1% (scheme IIb, solid black lines), then\ntotal charge conservation holds at a higher accuracy. Us-\ning a large perturbation has the desirable feature that\nit triggers faster",
        "page": 8,
        "link": "https://ui.adsabs.harvard.edu/link_gateway/2017CQGra..34p5001S/EPRINT_PDF",
        "title": "Dynamical formation of a hairy black hole in a cavity from the decay of unstable solitons"
    },
    "2017CQGra..34p5001S_page_8_chunk_2": {
        "text": "Ia, dashed\nblack lines) to 1% (scheme IIb, solid black lines), then\ntotal charge conservation holds at a higher accuracy. Us-\ning a large perturbation has the desirable feature that\nit triggers faster dynamics and hence leads to shorter\nsimulations; however, as this example shows, too large\nperturbations introduce also undesirable features in the\ndynamics of the system, as total charge variation.\nIn Fig. 10, we show the scalar \feld amplitude extracted\natr= 5 for model 8 for scheme IIb. As before we \fnd\nthat the real and imaginary parts of the scalar \feld oscil-\nlate with opposite phases. Moreover, as shown in Table I,\nthe oscillation frequency of the scalar \feld matches, to a\ngood accuracy, the critical frequency, establishing the for-\nmation of a hairy BH at the threshold of superradiance.\nWe observe that, for scheme IIb, the oscillation frequency\nis an order of magnitude smaller than in scheme I, so we\ncan only capture roughly one period. We note that this\nalready required using a la",
        "page": 8,
        "link": "https://ui.adsabs.harvard.edu/link_gateway/2017CQGra..34p5001S/EPRINT_PDF",
        "title": "Dynamical formation of a hairy black hole in a cavity from the decay of unstable solitons"
    },
    "2017CQGra..34p5001S_page_8_chunk_3": {
        "text": ".\nWe observe that, for scheme IIb, the oscillation frequency\nis an order of magnitude smaller than in scheme I, so we\ncan only capture roughly one period. We note that this\nalready required using a larger computational grid than\nfor the simulations based on scheme I.\nLet us focus now in the stable solution, model 0. We\nhave already shown in Fig. 8 that the evolution of the\nscalar \feld energy in this model is stable in scheme II,\ncontrary to what we found when using scheme I. To add\nfurther proof of its stable character we plot in Fig. 11\n0 1000 2000 3000t−0.2−0.100.10.20.3ΦRe(Φ)Im(Φ)FIG. 10: Time evolution of the real (blue solid line) and imag-\ninary (red dashed line) parts of the scalar \feld amplitude for\nmodel 8 and scheme IIb. Data are extracted at r= 5.\nthe radial pro\fle of the scalar \feld magnitude for di\u000ber-\nent times for model 0 without initial perturbation (top\npanel) and the evolution of the scalar \feld charge (bot-\ntom panel). These results show that this model is indeed\nsta",
        "page": 8,
        "link": "https://ui.adsabs.harvard.edu/link_gateway/2017CQGra..34p5001S/EPRINT_PDF",
        "title": "Dynamical formation of a hairy black hole in a cavity from the decay of unstable solitons"
    },
    "2017CQGra..34p5001S_page_8_chunk_4": {
        "text": " \feld magnitude for di\u000ber-\nent times for model 0 without initial perturbation (top\npanel) and the evolution of the scalar \feld charge (bot-\ntom panel). These results show that this model is indeed\nstable during our numerical evolutions with scheme II.\nThe solution remains essentially invariant, up to numer-\nical error and the constraint violations induced by the\npresence of the mirror.\nFinally, in Fig. 12 we show the evolution of the L2 norm\nof the Hamiltonian constraint for scheme IIa for model 8,\nfor three radial grid spacings. We observe that although\nthere is an initial growth of the Hamiltonian constraint\nviolation, similarly to what happens with scheme I and\nalso around the time the black hole forms, this viola-\ntion now reaches a lower maximum than that observed in\nscheme I. Moreover, as in scheme I, the violations are sig-\nni\fcantly dissipated for t&400 and the evolution drives\nthe values of the constraints to acceptable levels. Fi-\nnally, the analysis with various grid spacing",
        "page": 8,
        "link": "https://ui.adsabs.harvard.edu/link_gateway/2017CQGra..34p5001S/EPRINT_PDF",
        "title": "Dynamical formation of a hairy black hole in a cavity from the decay of unstable solitons"
    },
    "2017CQGra..34p5001S_page_8_chunk_5": {
        "text": "r, as in scheme I, the violations are sig-\nni\fcantly dissipated for t&400 and the evolution drives\nthe values of the constraints to acceptable levels. Fi-\nnally, the analysis with various grid spacings shows that\nthe convergence order of the code is second order to rea-\nsonable accuracy, as expected.\nIV. DISCUSSION\nThe endpoint of the superradiant instability of the\nKerr BH, triggered by a con\fned bosonic scalar \feld,\nremains as an important open question in the theoretical\nunderstanding of BHs { see [34] for a review of super-\nradiance. In particular, the discovery of new stationary\nBH solutions { Kerr BHs with scalar [11, 12] or Proca\nhair [13] { that exist at the threshold of superradiance,\nraises the question if these could be endpoints of the in-\nstability.\nAs a simpler model for this problem, with important",
        "page": 8,
        "link": "https://ui.adsabs.harvard.edu/link_gateway/2017CQGra..34p5001S/EPRINT_PDF",
        "title": "Dynamical formation of a hairy black hole in a cavity from the decay of unstable solitons"
    },
    "2017CQGra..34p5001S_page_8_chunk_6": {
        "text": " problem, with important",
        "page": 8,
        "link": "https://ui.adsabs.harvard.edu/link_gateway/2017CQGra..34p5001S/EPRINT_PDF",
        "title": "Dynamical formation of a hairy black hole in a cavity from the decay of unstable solitons"
    },
    "2017CQGra..34p5001S_page_9_chunk_1": {
        "text": "9\n0 10 20 30 40 50r00.10.20.3|Φ|t = 0t = 100t = 200t = 300t = 400t = 500\n0 500 1000t1313.51414.5QQSF, model 0aQSF, model 0b\nFIG. 11: (Top panel): Radial pro\fle of the scalar \feld mag-\nnitude for model 0 without adding a perturbation and for dif-\nferent times. (Bottom panel) : Time evolution of the scalar\n\feld charge for models 0a (blue dashed line) and 0b (red solid\nline). The total charge variation observed for model 0a to-\nwards the end of the simulation is related to the use of much\ntoo large a perturbations, as discussed in the main text.\ntechnical advantages, recent studies of the fully non-\nlinear evolution of the superradiant instability have con-\nsidered the EMcKG system and focused on the case of\na RN BH enclosed in a cavity [1, 2], which is also su-\nperradiantly unstable in the presence of a charged scalar\n\feld [4{8].3The dynamical evolution of this unstable sys-\ntem has been shown to lead to the formation of hairy BHs\nat the threshold of superradiance. These BHs were found\ni",
        "page": 9,
        "link": "https://ui.adsabs.harvard.edu/link_gateway/2017CQGra..34p5001S/EPRINT_PDF",
        "title": "Dynamical formation of a hairy black hole in a cavity from the decay of unstable solitons"
    },
    "2017CQGra..34p5001S_page_9_chunk_2": {
        "text": "resence of a charged scalar\n\feld [4{8].3The dynamical evolution of this unstable sys-\ntem has been shown to lead to the formation of hairy BHs\nat the threshold of superradiance. These BHs were found\nin [9] (see also [10]), and can be faced as the analogues,\nin this system, of Kerr BHs with scalar hair [11, 12].\n3See [35] for the non-linear evolution of a superradiantly unstable\nRN BH in asymptotically Anti-de-Sitter spacetime.\n0 500 1000 1500t10−510−310−1101|H|2all rr>1.5\n0 600 1200 1800t10−510−310−1101|H|2∆r = 0.1∆r = 0.05 (times 4)∆r = 0.025 (times 16)FIG. 12: Time evolution of the L2 norm of the Hamiltonian\nconstraint for model 8 using scheme IIa. The inset shows\nthe evolution for the entire radial domain (solid line) and for\nr > 1:5 (dahsed line), thus removing the radial zones that\neventually lie within the AH.\nThe existence of charged scalar solitons in this same\nsystem, recently reported in [20, 21], some of which are\nunstable, raises the question about the endpoint of these\nuns",
        "page": 9,
        "link": "https://ui.adsabs.harvard.edu/link_gateway/2017CQGra..34p5001S/EPRINT_PDF",
        "title": "Dynamical formation of a hairy black hole in a cavity from the decay of unstable solitons"
    },
    "2017CQGra..34p5001S_page_9_chunk_3": {
        "text": "entually lie within the AH.\nThe existence of charged scalar solitons in this same\nsystem, recently reported in [20, 21], some of which are\nunstable, raises the question about the endpoint of these\nunstable solitons. Understanding this question has been\nthe main motivation of this paper. We have tackled the\nquestion by considering two di\u000berent dynamical schemes,\nthat impose the con\fnement rule for the scalar \feld in\nthe cavity di\u000berently. Our main conclusion is that, al-\nbeit there are quantitative di\u000berences between these two\nschemes { most notably, the end state of some of our\nmodels is a hairy BH when using scheme I, and a bald\nRN BH when using scheme II {, the main message is\nsimilar. Indeed, we observe the same pattern for both\nschemes: there seems to be a critical value of a0for a\ngiven\u001e0below which the collapse of unstable solitons\nleads to a hairy BH rather than to a bald RN BH. Mod-\nels 6-10 in particular provide a good example. The value\nof the critical a0di\u000bers, but we see th",
        "page": 9,
        "link": "https://ui.adsabs.harvard.edu/link_gateway/2017CQGra..34p5001S/EPRINT_PDF",
        "title": "Dynamical formation of a hairy black hole in a cavity from the decay of unstable solitons"
    },
    "2017CQGra..34p5001S_page_9_chunk_4": {
        "text": "en\u001e0below which the collapse of unstable solitons\nleads to a hairy BH rather than to a bald RN BH. Mod-\nels 6-10 in particular provide a good example. The value\nof the critical a0di\u000bers, but we see the two possibles\noutcomes for both schemes; for scheme I the transition\noccurs from model 9 to 10, whereas for scheme II it oc-\ncurs from model 8 to 9. In a nutshell, we believe our\nnumerical results provide evidence that there is a second\nchannel for the dynamical formation of a hairy BH at\nthe threshold of superradiance: from the decay of cer-\ntain unstable solitons. The \frst channel is, of course, the\naforementioned growth of the superradiant instability.\nThere are a number of interesting physical questions\nin this system, which our study raises, for instance:\n1)is there a simple criterion/physical understanding sep-\narating the decay into a hairy BH vsa bald BH?\nWe have observed that for a \fxed value of \u001e0suf-\n\fciently small (large) values of a0produce a hairy",
        "page": 9,
        "link": "https://ui.adsabs.harvard.edu/link_gateway/2017CQGra..34p5001S/EPRINT_PDF",
        "title": "Dynamical formation of a hairy black hole in a cavity from the decay of unstable solitons"
    },
    "2017CQGra..34p5001S_page_9_chunk_5": {
        "text": "hysical understanding sep-\narating the decay into a hairy BH vsa bald BH?\nWe have observed that for a \fxed value of \u001e0suf-\n\fciently small (large) values of a0produce a hairy",
        "page": 9,
        "link": "https://ui.adsabs.harvard.edu/link_gateway/2017CQGra..34p5001S/EPRINT_PDF",
        "title": "Dynamical formation of a hairy black hole in a cavity from the decay of unstable solitons"
    },
    "2017CQGra..34p5001S_page_10_chunk_1": {
        "text": "10\n(bald) BH. Can one get a deeper understanding?\n2)There are some stable hairy BHs that cannot form\nthrough the \frst channel, as they do not obey the\n\u0016 < q superradiance requirement [5] or even a\nstronger lower bound [8] { see the discussion in [21].\nCan these form from the evolution of an unstable\nsoliton? More generically, what is the impact of the\nscalar \feld mass \u0016on our results?\n3)The hairy BHs that form through the \\old\" channel\n(superradiant growth around a bald BH) are not\nvery hairy, in the sense that the mass of the scalar\ncon\fguration is not comparable to the mass of the\nBH. Could very hairy BHs, with almost all of the\nenergy in the hair, form from the decay of unstable\nsolitons?\nWhereas all these questions are certainly worthwhile\nto address, our study has also exposed some frailties\nof this system that raise doubts on how much more\none can pursue it, without introducing further com-\nplexity. The scalar-\feld-con\fning mirror did not im-\npose important challenges when addres",
        "page": 10,
        "link": "https://ui.adsabs.harvard.edu/link_gateway/2017CQGra..34p5001S/EPRINT_PDF",
        "title": "Dynamical formation of a hairy black hole in a cavity from the decay of unstable solitons"
    },
    "2017CQGra..34p5001S_page_10_chunk_2": {
        "text": "ailties\nof this system that raise doubts on how much more\none can pursue it, without introducing further com-\nplexity. The scalar-\feld-con\fning mirror did not im-\npose important challenges when addressing test scalar\n\feld evolutions [4{8]4, or fully non-linear stationary so-\nlutions [9, 10, 20, 21]. When making fully non-linear\ndynamical evolutions, however, the \\virtual\" mirror be-\ncames a source of constraint violations. In our previous\nsimulations [1, 2], the scalar \feld was initialized with very\nsmall values and never became too large. In the case un-\nder study here, however, the scalar \feld is large from\nthe outset, as it describes a self-gravitating scalar soli-\nton, which makes the mirror a more important source of\nnumerical error and, consequently, makes the evolutions\nmore challenging. Moreover, in the horizonless case, the\ncoordinate singularity (of spherical coordinates) at the\norigin also sources constraint violations. Fortunately, we\nhave observed that the system evolves t",
        "page": 10,
        "link": "https://ui.adsabs.harvard.edu/link_gateway/2017CQGra..34p5001S/EPRINT_PDF",
        "title": "Dynamical formation of a hairy black hole in a cavity from the decay of unstable solitons"
    },
    "2017CQGra..34p5001S_page_10_chunk_3": {
        "text": "ging. Moreover, in the horizonless case, the\ncoordinate singularity (of spherical coordinates) at the\norigin also sources constraint violations. Fortunately, we\nhave observed that the system evolves towards acceptable\nvalues of the constraint violations.\nWe close by returning to the parallelism with the\nasymptotically \rat case. The \\cousin\" solutions to\nthe solitons studied herein are the well known bo-\nson stars [22], self-gravitating systems formed by mas-\nsive scalar \felds (eventually, but not necessarily, self-\ninteracting). There are stable and unstable boson stars.\nStable ones undergo oscillations when perturbed and\nshow similar properties to other compact objects, such as\nneutron stars. Unstable boson stars, however, may col-\nlapse into BHs, radiate the energy excess or completely\ndisperse away. These behaviours have been explicitly\nshown by numerical evolutions for spherically symmet-\nric boson stars [44{48]. In that case, however, there are\n4For test \felds, in fact, the con\fni",
        "page": 10,
        "link": "https://ui.adsabs.harvard.edu/link_gateway/2017CQGra..34p5001S/EPRINT_PDF",
        "title": "Dynamical formation of a hairy black hole in a cavity from the decay of unstable solitons"
    },
    "2017CQGra..34p5001S_page_10_chunk_4": {
        "text": "isperse away. These behaviours have been explicitly\nshown by numerical evolutions for spherically symmet-\nric boson stars [44{48]. In that case, however, there are\n4For test \felds, in fact, the con\fning mirror has been widely\nused in other studies of \felds interacting with charged BHs, see\ne:g:[36{43].no hairy BHs [49], which require rotation and thus exist\nonly in axisymmetry [27]. Thus, in a similar spirit to the\nresults in this work, could unstable rotating boson (or\nProca) stars form Kerr BHs with scalar (or Proca) hair?\nThis is an interesting open question.\nAcknowledgements\nThis work has been supported by the Span-\nish MINECO (AYA2013-40979-P), by the Gener-\nalitat Valenciana (PROMETEOII-2014-069), by the\nCONACyT-SNI-M\u0013 exico, by the FCT (Portugal) IF\nprogramme, by the CIDMA (FCT) strategic project\nUID/MAT/04106/2013 and by the EU grants NRHEP{\n295189-FP7-PEOPLE-2011-IRSES and H2020-MSCA-\nRISE-2015 Grant No. StronGrHEP-690904. Computa-\ntions have been performed at the Servei d'Inf",
        "page": 10,
        "link": "https://ui.adsabs.harvard.edu/link_gateway/2017CQGra..34p5001S/EPRINT_PDF",
        "title": "Dynamical formation of a hairy black hole in a cavity from the decay of unstable solitons"
    },
    "2017CQGra..34p5001S_page_10_chunk_5": {
        "text": "ategic project\nUID/MAT/04106/2013 and by the EU grants NRHEP{\n295189-FP7-PEOPLE-2011-IRSES and H2020-MSCA-\nRISE-2015 Grant No. StronGrHEP-690904. Computa-\ntions have been performed at the Servei d'Inform\u0012 atica de\nla Universitat de Val\u0012 encia and at the Bla\fs cluster at the\nUniversity of Aveiro.",
        "page": 10,
        "link": "https://ui.adsabs.harvard.edu/link_gateway/2017CQGra..34p5001S/EPRINT_PDF",
        "title": "Dynamical formation of a hairy black hole in a cavity from the decay of unstable solitons"
    },
    "2017CQGra..34p5001S_page_11_chunk_1": {
        "text": "11\n[1] N. Sanchis-Gual, J. C. Degollado, P. J. Montero, J. A.\nFont, and C. Herdeiro, Phys. Rev. Lett. 116, 141101\n(2016), 1512.05358.\n[2] N. Sanchis-Gual, J. C. Degollado, C. Herdeiro, J. A.\nFont, and P. J. Montero, Phys. Rev. D94, 044061 (2016),\n1607.06304.\n[3] S. Hod, Phys. Lett. B713 , 505 (2012), 1304.6474.\n[4] S. Hod, Physical Review D 88, 064055 (2013),\n1310.6101.\n[5] C. A. R. Herdeiro, J. C. Degollado, and H. F. Rnarsson,\nPhys.Rev. D88, 063003 (2013), 1305.5513.\n[6] J. C. Degollado and C. A. R. Herdeiro, Phys.Rev. D89,\n063005 (2014), 1312.4579.\n[7] S. Hod, Phys. Lett. B747 , 339 (2015), 1507.01943.\n[8] S. Hod, Phys. Lett. B755 , 177 (2016), 1606.00444.\n[9] S. R. Dolan, S. Ponglertsakul, and E. Winstanley, Phys.\nRev.D92, 124047 (2015), 1507.02156.\n[10] P. Basu, C. Krishnan, and P. N. B. Subramanian (2016),\n1609.01208.\n[11] C. A. R. Herdeiro and E. Radu, Phys.Rev.Lett. 112,\n221101 (2014), 1403.2757.\n[12] C. Herdeiro and E. Radu, Class. Quant. Grav. 32, 144001\n(2015), 1501.04319.\n[",
        "page": 11,
        "link": "https://ui.adsabs.harvard.edu/link_gateway/2017CQGra..34p5001S/EPRINT_PDF",
        "title": "Dynamical formation of a hairy black hole in a cavity from the decay of unstable solitons"
    },
    "2017CQGra..34p5001S_page_11_chunk_2": {
        "text": " B. Subramanian (2016),\n1609.01208.\n[11] C. A. R. Herdeiro and E. Radu, Phys.Rev.Lett. 112,\n221101 (2014), 1403.2757.\n[12] C. Herdeiro and E. Radu, Class. Quant. Grav. 32, 144001\n(2015), 1501.04319.\n[13] C. Herdeiro, E. Radu, and H. Runarsson, Class. Quant.\nGrav. 33, 154001 (2016), 1603.02687.\n[14] B. Kleihaus, J. Kunz, and S. Yazadjiev, Phys. Lett.\nB744 , 406 (2015), 1503.01672.\n[15] C. A. R. Herdeiro, E. Radu, and H. Rnarsson, Phys. Rev.\nD92, 084059 (2015), 1509.02923.\n[16] J. F. M. Delgado, C. A. R. Herdeiro, E. Radu, and\nH. Runarsson, Phys. Lett. B761 , 234 (2016), 1608.00631.\n[17] O. J. C. Dias, G. T. Horowitz, and J. E. Santos, JHEP\n07, 115 (2011), 1105.4167.\n[18] Y. Brihaye, C. Herdeiro, and E. Radu, Phys. Lett. B739 ,\n1 (2014), 1408.5581.\n[19] C. Herdeiro, J. Kunz, E. Radu, and B. Subagyo, Phys.\nLett. B748 , 30 (2015), 1505.02407.\n[20] S. Ponglertsakul, E. Winstanley, and S. R. Dolan, Phys.\nRev.D94, 024031 (2016), 1604.01132.\n[21] S. Ponglertsakul and E. Winstanley (2016), 1610",
        "page": 11,
        "link": "https://ui.adsabs.harvard.edu/link_gateway/2017CQGra..34p5001S/EPRINT_PDF",
        "title": "Dynamical formation of a hairy black hole in a cavity from the decay of unstable solitons"
    },
    "2017CQGra..34p5001S_page_11_chunk_3": {
        "text": "Subagyo, Phys.\nLett. B748 , 30 (2015), 1505.02407.\n[20] S. Ponglertsakul, E. Winstanley, and S. R. Dolan, Phys.\nRev.D94, 024031 (2016), 1604.01132.\n[21] S. Ponglertsakul and E. Winstanley (2016), 1610.00135.\n[22] F. E. Schunck and E. W. Mielke, Class. Quant. Grav. 20,\nR301 (2003), 0801.0307.\n[23] R. Brito, V. Cardoso, C. A. R. Herdeiro, and E. Radu,\nPhys. Lett. B752 , 291 (2016), 1508.05395.\n[24] F. Garca and I. S. Landea (2016), 1608.00011.\n[25] M. Duarte and R. Brito, Phys. Rev. D94, 064055 (2016),\n1609.01735.\n[26] D. Kastor and J. H. Traschen, Phys. Rev. D46, 5399\n(1992), hep-th/9207070.[27] C. A. R. Herdeiro and E. Radu, Int. J. Mod. Phys. D23,\n1442014 (2014), 1405.3696.\n[28] P. J. Montero and I. Cordero-Carrion, Phys.Rev. D85,\n124037 (2012), 1204.5377.\n[29] N. Sanchis-Gual, J. C. Degollado, P. J. Montero, and\nJ. A. Font, Phys. Rev. D 91, 043005 (2015), 1412.8304.\n[30] N. Sanchis-Gual, J. C. Degollado, P. J. Montero, J. A.\nFont, and V. Mewes, Phys. Rev. D 92, 083001 (2015),\n1507.08",
        "page": 11,
        "link": "https://ui.adsabs.harvard.edu/link_gateway/2017CQGra..34p5001S/EPRINT_PDF",
        "title": "Dynamical formation of a hairy black hole in a cavity from the decay of unstable solitons"
    },
    "2017CQGra..34p5001S_page_11_chunk_4": {
        "text": "llado, P. J. Montero, and\nJ. A. Font, Phys. Rev. D 91, 043005 (2015), 1412.8304.\n[30] N. Sanchis-Gual, J. C. Degollado, P. J. Montero, J. A.\nFont, and V. Mewes, Phys. Rev. D 92, 083001 (2015),\n1507.08437.\n[31] I. Cordero-Carri\u0013 on and P. Cerd\u0013 a-Dur\u0013 an, ArXiv e-prints\n(2012), 1211.5930.\n[32] I. Cordero-Carri\u0013 on and P. Cerd\u0013 a-Dur\u0013 an, Advances in\nDi\u000berential Equations and Applications , SEMA SIMAI\nSpringer Series Vol. 4 (Springer International Publishing\nSwitzerland, Switzerland, 2014).\n[33] M. Alcubierre, Introduction to 3+1 Numerical Relativity\n(Oxford Univ. Press, New York, 2008), ISBN 978-0-19-\n920567-7.\n[34] R. Brito, V. Cardoso, and P. Pani, Lect. Notes Phys.\n906, pp.1 (2015), 1501.06570.\n[35] P. Bosch, S. R. Green, and L. Lehner, Phys. Rev. Lett.\n116, 141102 (2016), 1601.01384.\n[36] R. Li and J. Zhao, Eur. Phys. J. C74, 3051 (2014),\n1403.7279.\n[37] R. Li, J.-K. Zhao, and Y.-M. Zhang, Commun. Theor.\nPhys. 63, 569 (2015), 1404.6309.\n[38] R. Li and J. Zhao, Phys. Lett. B740 , 317",
        "page": 11,
        "link": "https://ui.adsabs.harvard.edu/link_gateway/2017CQGra..34p5001S/EPRINT_PDF",
        "title": "Dynamical formation of a hairy black hole in a cavity from the decay of unstable solitons"
    },
    "2017CQGra..34p5001S_page_11_chunk_5": {
        "text": "6] R. Li and J. Zhao, Eur. Phys. J. C74, 3051 (2014),\n1403.7279.\n[37] R. Li, J.-K. Zhao, and Y.-M. Zhang, Commun. Theor.\nPhys. 63, 569 (2015), 1404.6309.\n[38] R. Li and J. Zhao, Phys. Lett. B740 , 317 (2015),\n1412.1527.\n[39] R. Li, J. Zhao, X. Wu, and Y. Zhang, Eur. Phys. J. C75,\n142 (2015), 1501.07358.\n[40] I. Sakalli and G. Tokgoz, Adv. High Energy Phys. 2015 ,\n739153 (2015), 1502.02274.\n[41] R. Li, Y. Tian, H.-b. Zhang, and J. Zhao, Phys. Lett.\nB750 , 520 (2015), 1506.04267.\n[42] Y. Huang, D.-J. Liu, and X.-Z. Li (2016), 1606.00100.\n[43] S. Hod, Phys. Lett. B761 , 326 (2016).\n[44] E. Seidel and W.-M. Suen, Phys. Rev. D42, 384 (1990).\n[45] M. Alcubierre, F. S. Guzman, T. Matos, D. Nunez, L. A.\nUrena-Lopez, and P. Wiederhold, Class. Quant. Grav.\n19, 5017 (2002), gr-qc/0110102.\n[46] F. S. Guzman, Phys. Rev. D70, 044033 (2004), gr-\nqc/0407054.\n[47] A. Bernal and F. S. Guzman, Phys. Rev. D74, 063504\n(2006), astro-ph/0608523.\n[48] A. Bernal, J. Barranco, D. Alic, and C. Palenzuela, Phys.\n",
        "page": 11,
        "link": "https://ui.adsabs.harvard.edu/link_gateway/2017CQGra..34p5001S/EPRINT_PDF",
        "title": "Dynamical formation of a hairy black hole in a cavity from the decay of unstable solitons"
    },
    "2017CQGra..34p5001S_page_11_chunk_6": {
        "text": "Guzman, Phys. Rev. D70, 044033 (2004), gr-\nqc/0407054.\n[47] A. Bernal and F. S. Guzman, Phys. Rev. D74, 063504\n(2006), astro-ph/0608523.\n[48] A. Bernal, J. Barranco, D. Alic, and C. Palenzuela, Phys.\nRev.D81, 044031 (2010), 0908.2435.\n[49] I. Pena and D. Sudarsky, Class. Quant. Grav. 14, 3131\n(1997).",
        "page": 11,
        "link": "https://ui.adsabs.harvard.edu/link_gateway/2017CQGra..34p5001S/EPRINT_PDF",
        "title": "Dynamical formation of a hairy black hole in a cavity from the decay of unstable solitons"
    }
}