{
    "2017APh....90....1A_page_1_chunk_1": {
        "text": "The Muon-Induced Neutron Indirect Detection\nEXperiment, MINIDEX\nI. Abta, A. Caldwella, C. Carissimoa, C. Goocha, R. Knei\u0019la, J. Langforda,\nX. Liua, B. Majorovitsa, M. Palermoa,\u0003, O. Schulza, L. Vanhoefera\naMax-Planck-Institut f ur Physik, Munich, Germany\nAbstract\nA new experiment to quantitatively measure neutrons induced by cosmic-\nray muons in selected high-Z materials is introduced. The design of the\nMuon-Induced Neutron Indirect Detection EXperiment, MINIDEX, and the\nresults from its \frst data taking period are presented as well as future plans.\nNeutron production in high-Z materials is of particular interest as such ma-\nterials are used for shielding in low-background experiments. The design\nof next-generation large-scale experiments searching for neutrinoless dou-\nble beta decay or direct interactions of dark matter requires reliable Monte\nCarlo simulations of background induced by muon interactions. The \frst \fve\nmonths of operation already provided a valuable data set on neutro",
        "page": 1,
        "link": "https://ui.adsabs.harvard.edu/link_gateway/2017APh....90....1A/EPRINT_PDF",
        "title": "The muoninduced neutron indirect detection EXperiment MINIDEX"
    },
    "2017APh....90....1A_page_1_chunk_2": {
        "text": "direct interactions of dark matter requires reliable Monte\nCarlo simulations of background induced by muon interactions. The \frst \fve\nmonths of operation already provided a valuable data set on neutron produc-\ntion and neutron transport in lead. A \frst round of comparisons between\nMINIDEX data and Monte Carlo predictions obtained with two GEANT4-\nbased packages is presented. The rate of muon-induced events is overall a\nfactor three to four higher in data than predicted by the Monte Carlo pack-\nages. In addition, the time evolution of the muon-induced signal is not well\ndescribed by the simulations.\nKeywords: muon-induced neutrons, low-background experiments, Monte\nCarlo simulation\n1. Introduction\nMuon-induced neutrons are not only an interesting physics topic by them-\nselves, but they are also a potentially very important source of background\nin searches for new rare phenomena like neutrinoless double beta decay or\ndirectly observable interactions of dark matter.\n\u0003Corresponding Author.",
        "page": 1,
        "link": "https://ui.adsabs.harvard.edu/link_gateway/2017APh....90....1A/EPRINT_PDF",
        "title": "The muoninduced neutron indirect detection EXperiment MINIDEX"
    },
    "2017APh....90....1A_page_1_chunk_3": {
        "text": "also a potentially very important source of background\nin searches for new rare phenomena like neutrinoless double beta decay or\ndirectly observable interactions of dark matter.\n\u0003Corresponding Author. Tel: +49-89-32354295\nEmail address: palermo@mpp.mpg.de (M. Palermo)\nPreprint submitted to Journal of L ATEX Templates October 6, 2016arXiv:1610.01459v1  [physics.ins-det]  5 Oct 2016",
        "page": 1,
        "link": "https://ui.adsabs.harvard.edu/link_gateway/2017APh....90....1A/EPRINT_PDF",
        "title": "The muoninduced neutron indirect detection EXperiment MINIDEX"
    },
    "2017APh....90....1A_page_2_chunk_1": {
        "text": "The Muon-Induced Neutron Indirect Detection EXperiment (MINIDEX)\nwas designed to provide data on the interactions of cosmic high-energy muons\nin high-Z materials. Previous measurements are not really consistent [1, 2,\n3, 4, 5, 6, 7]. Neither are the corresponding calculations [8, 9, 10, 1, 11]. One\nof the problems is, that for all measurements, it is hard to disentangle the\nprimary neutron production rate from the in\ruence of neutron transport. In\naddition, experiments have di\u000berent energy thresholds for the detection of\nneutrons. MINIDEX detects thermalised neutrons and thus, has no neutron-\nenergy threshold. Another problem is the determination of the background.\nMINIDEX measures its own background to high precision simultaneously\nwith the signal.\nNeutrons produced by the interactions of high-energy muons with nuclei\nare emitted in all directions and have energies of up to several GeV. As\ntheir energy exceeds the maximum energy of neutrons produced by natural\nradioactivity by several",
        "page": 2,
        "link": "https://ui.adsabs.harvard.edu/link_gateway/2017APh....90....1A/EPRINT_PDF",
        "title": "The muoninduced neutron indirect detection EXperiment MINIDEX"
    },
    "2017APh....90....1A_page_2_chunk_2": {
        "text": " high-energy muons with nuclei\nare emitted in all directions and have energies of up to several GeV. As\ntheir energy exceeds the maximum energy of neutrons produced by natural\nradioactivity by several orders of magnitude, they can be important for low-\nbackground experiments, even though they are much more rare [12, 13, 14, 15,\n16]. The importance of muon-induced background will increase for the next\ngeneration of low-background experiments, because the background level will\nhave to be reduced by at least another order of magnitude compared to\ncurrently running experiments [17, 18, 19, 20].\nTraditionally, high-Z materials are used to shield low-background experi-\nments. Examples are the MAJORANA [21] and CDEX I [22] projects. How-\never, in such a con\fguration, muons produce high-energy neutrons in the\nshield, close to the active volume. Therefore, besides going deeper under-\nground, techniques to veto muons are commonly used. However, moderated\nneutrons can create unstable states close",
        "page": 2,
        "link": "https://ui.adsabs.harvard.edu/link_gateway/2017APh....90....1A/EPRINT_PDF",
        "title": "The muoninduced neutron indirect detection EXperiment MINIDEX"
    },
    "2017APh....90....1A_page_2_chunk_3": {
        "text": "trons in the\nshield, close to the active volume. Therefore, besides going deeper under-\nground, techniques to veto muons are commonly used. However, moderated\nneutrons can create unstable states close to or in the active volume of an\nexperiment which decay too slowly to be vetoed against. A lot of e\u000bort went\ninto Monte Carlo packages [12, 23, 24, 25, 26] to facilitate the evaluation of\nsuch backgrounds. Nevertheless, all Monte Carlo predictions depend on the\ninput assumptions about the primary neutron-production processes, neutron\ntransport and neutron thermalisation. As a result, the predictions vary sub-\nstantially for the di\u000berent packages [27, 12, 13, 16, 28, 29, 30, 31, 32, 15];\nsummaries and discussions in [33, 34, 35].\nThe data accumulated with MINIDEX provide information on muon-\ninduced neutron production and transport by detecting thermalised neutrons.\nFor its \frst runs, MINIDEX was operated using lead as the target material.\nHowever, it was designed to provide data sets for ",
        "page": 2,
        "link": "https://ui.adsabs.harvard.edu/link_gateway/2017APh....90....1A/EPRINT_PDF",
        "title": "The muoninduced neutron indirect detection EXperiment MINIDEX"
    },
    "2017APh....90....1A_page_2_chunk_4": {
        "text": "nduced neutron production and transport by detecting thermalised neutrons.\nFor its \frst runs, MINIDEX was operated using lead as the target material.\nHowever, it was designed to provide data sets for a number of selected high-\nZ materials. The \frst data, taken from July 15 to November 25, 2015, are\npresented as well a comparison with GEANT-based Monte Carlo predictions.\n2",
        "page": 2,
        "link": "https://ui.adsabs.harvard.edu/link_gateway/2017APh....90....1A/EPRINT_PDF",
        "title": "The muoninduced neutron indirect detection EXperiment MINIDEX"
    },
    "2017APh....90....1A_page_3_chunk_1": {
        "text": "2. The experimental setup\nMINIDEX was designed such that it can be operated remotely. It is\ncompact to \ft into relatively small facilities, can be moved easily and the\ntarget material can be exchanged. It has to be operated underground to\nsuppress background from cosmogenic neutrons. As the experiment is rela-\ntively small, shallow sites are required to have a large enough muon \rux to\nobtain reasonable data rates. MINIDEX was installed for its \frst data taking\nperiod, run I, in the T ubingen Shallow Underground Laboratory (TSUL) in\nJuly, 2015. The nominal overburden of the TSUL corresponds to \u001916 meter\nwater equivalent [36].\nThe detection strategy, see also Fig. 1, is:\n\u000fmuons passing through the high-Z material are tagged with plastic\nscintillator panels;\n\u000fthey interact with the high-Z target material;\n\u000fthe muon-induced neutrons emerging from the high-Z volume are ther-\nmalised in water and eventually captured by hydrogen nuclei;\n\u000fthe 2.2 MeV gammas emitted after the neutron capture a",
        "page": 3,
        "link": "https://ui.adsabs.harvard.edu/link_gateway/2017APh....90....1A/EPRINT_PDF",
        "title": "The muoninduced neutron indirect detection EXperiment MINIDEX"
    },
    "2017APh....90....1A_page_3_chunk_2": {
        "text": "rget material;\n\u000fthe muon-induced neutrons emerging from the high-Z volume are ther-\nmalised in water and eventually captured by hydrogen nuclei;\n\u000fthe 2.2 MeV gammas emitted after the neutron capture are identi\fed\nby germanium detectors;\n\u000fthe signal is 2.2 MeV gammas recorded within a prede\fned time window\nafter the passage of a muon;\n\u000fthe background is measured between the end of the signal window and\nthe passage of the next muon.\nAn important feature is that the background is measured by MINIDEX itself\nwithout the need of any Monte Carlo calculation.\nIndirect neutron detection through thermal capture in a selected isotope\nwith subsequent gamma ray emission is a standard technique to detect neu-\ntrons [30, 34]. The plastic scintillator panels tagging the muons work inde-\npendently from the germanium detectors identifying neutron captures. Thus,\nthere are no ine\u000eciencies due to time resolution, which can be a problem for\nexperiments using the same detectors to identify muons and neutron",
        "page": 3,
        "link": "https://ui.adsabs.harvard.edu/link_gateway/2017APh....90....1A/EPRINT_PDF",
        "title": "The muoninduced neutron indirect detection EXperiment MINIDEX"
    },
    "2017APh....90....1A_page_3_chunk_3": {
        "text": " germanium detectors identifying neutron captures. Thus,\nthere are no ine\u000eciencies due to time resolution, which can be a problem for\nexperiments using the same detectors to identify muons and neutrons.\nLead was chosen as the target material for run I as it is one of the most\ncommonly used materials for high-Z shielding in deep underground experi-\nments [30, 21, 18, 22].\n3",
        "page": 3,
        "link": "https://ui.adsabs.harvard.edu/link_gateway/2017APh....90....1A/EPRINT_PDF",
        "title": "The muoninduced neutron indirect detection EXperiment MINIDEX"
    },
    "2017APh....90....1A_page_4_chunk_1": {
        "text": "Figure 1: Muon-induced neutrons are observed indirectly through capture in\nwater with subsequent gamma ray emission. Scintillators are used for muon\ntagging. From [35].\n2.1. Run I geometry\nMINIDEX is a compact apparatus with a foot-print of 65 \u000275 cm2and\na height of 60.5 cm. It consists of a lead castle with outer dimensions of\n65\u000275\u000250.5 cm3. Plastic scintillator panels, 5 cm thick, exactly cover the\nlead surfaces at the top and the bottom of the setup. The outer view of the\nMINIDEX apparatus is depicted in Fig. 2(a).\nA rectangular container with outer dimensions 35 \u000255\u000230 cm3, \flled\nwith ultra-pure water, is located inside the lead castle as shown in Figs. 2(b)\nand 3. This container is made of plastic (C 10H8O4) and has a wall-thickness\nof 1 cm. The minimum thickness of the water layer of about 9 cm was op-\ntimized such that the probability to capture a neutron entering the water\nvolume is about 95 % [35].\nThe water container has a central hole which runs through the whole\nlength of ",
        "page": 4,
        "link": "https://ui.adsabs.harvard.edu/link_gateway/2017APh....90....1A/EPRINT_PDF",
        "title": "The muoninduced neutron indirect detection EXperiment MINIDEX"
    },
    "2017APh....90....1A_page_4_chunk_2": {
        "text": "f about 9 cm was op-\ntimized such that the probability to capture a neutron entering the water\nvolume is about 95 % [35].\nThe water container has a central hole which runs through the whole\nlength of the container. It is 13 cm wide and 8 cm high. Two high-purity\ngermanium (HPGe) detectors are placed in this hole, facing the center of the\nwater container.\nAs a support for the top layer of lead, there is a 0.5 cm thick copper\nplate, see Fig. 4(d). This copper plate avoids any weight load on the water\ncontainer. Copper was chosen due to its relative low weight compared to its\nstrength.\nPhotos of the MINIDEX setup during construction are shown in Fig. 4.\n4",
        "page": 4,
        "link": "https://ui.adsabs.harvard.edu/link_gateway/2017APh....90....1A/EPRINT_PDF",
        "title": "The muoninduced neutron indirect detection EXperiment MINIDEX"
    },
    "2017APh....90....1A_page_5_chunk_1": {
        "text": "(a)\n(b)\nFigure 2: Schematic (a) of the outside of MINIDEX, (b) central cut from the\ntop of MINIDEX. Both adapted from [35].\n(a)\n (b)\nFigure 3: Schematic of central cuts through MINIDEX: (a) from the front,\n(b) from the side. Both adapted from [35].\nThe lead castle is placed on top of a heavy-load table (surface area of\n100\u0002150 cm2) with aluminum framing as shown in Fig. 5. The bottom\nscintillator, supported by an aluminum structure, is placed underneath the\ntable top; this is not indicated in Figs. 2 and 3. The lower shelf of the ta-\nble is used for the data acquisition (DAQ) system and all electronic devices\nneeded to operate MINIDEX. The complete MINIDEX run I setup is shown\nin Fig. 5. It was installed in the T ubingen Shallow Underground Laboratory\nin less than three days.\n5",
        "page": 5,
        "link": "https://ui.adsabs.harvard.edu/link_gateway/2017APh....90....1A/EPRINT_PDF",
        "title": "The muoninduced neutron indirect detection EXperiment MINIDEX"
    },
    "2017APh....90....1A_page_6_chunk_1": {
        "text": "(a)\n (b)\n(c)\n (d)\nFigure 4: (a) Partially built up lead castle with water tank being \flled; (b)\nfrontal view into MINIDEX with one germanium detector inserted from the\nother side; (c) view from the open top onto the two germanium detectors;\n(d) the setup covered by the structural copper plate before stacking the lead\non top.\n2.2. Physics composition of signal and background\nThe signal for run I was de\fned as 2.2 MeV gamma events recorded in\na prede\fned time window after the passage of a muon through the top and\nbottom scintillators. Muons going vertically through a side-wall had energies\nof at least 1.2 GeV; muons passing diagonally could have substantially lower\nenergies. Events were counted as signal independently of the location of\nthe muon interaction, which could not be determined in the run I geometry.\nSome small number of events were counted as signal even though a muon\nonly passed one scintillator panel, because a secondary particle deposited\nenergy in the bottom scintillator.\n",
        "page": 6,
        "link": "https://ui.adsabs.harvard.edu/link_gateway/2017APh....90....1A/EPRINT_PDF",
        "title": "The muoninduced neutron indirect detection EXperiment MINIDEX"
    },
    "2017APh....90....1A_page_6_chunk_2": {
        "text": "the run I geometry.\nSome small number of events were counted as signal even though a muon\nonly passed one scintillator panel, because a secondary particle deposited\nenergy in the bottom scintillator.\n6",
        "page": 6,
        "link": "https://ui.adsabs.harvard.edu/link_gateway/2017APh....90....1A/EPRINT_PDF",
        "title": "The muoninduced neutron indirect detection EXperiment MINIDEX"
    },
    "2017APh....90....1A_page_7_chunk_1": {
        "text": "Figure 5: The MINIDEX run I setup completely installed in the T ubingen\nShallow Underground Laboratory. Visible are the lead castle, the top scin-\ntillator panel, the electrical cooling unit of one of the germanium detectors\nand some electronic equipment on the lower shelf of the table.\nBackground are events with a 2.2 MeV gamma recorded due to\n\u000fneutrons induced by non-triggering muons;\n{passing close by, but not entering the setup;\n{passing only one of the scintillator panels due to geometrical rea-\nsons;\n{being stopped in the apparatus;\n\u000fcosmogenic neutrons;\n{due to the remnant cosmic neutron \rux within TSUL;\n\u000fneutrons from natural radioactivity;\n{from \fssion;\n{from (\u000b,n)-reactions.\n2.3. Detectors\nThe MINIDEX run I setup requires only four detectors to be read out:\ntwo plastic scintillator panels and two HPGe detectors.\nThe two scintillator panels for run I, produced by Saint-Gobain Crys-\ntals [37], were made of BC-408 (Polyvinyltoluene, C 10H11) with a density of\n7",
        "page": 7,
        "link": "https://ui.adsabs.harvard.edu/link_gateway/2017APh....90....1A/EPRINT_PDF",
        "title": "The muoninduced neutron indirect detection EXperiment MINIDEX"
    },
    "2017APh....90....1A_page_7_chunk_2": {
        "text": "tor panels and two HPGe detectors.\nThe two scintillator panels for run I, produced by Saint-Gobain Crys-\ntals [37], were made of BC-408 (Polyvinyltoluene, C 10H11) with a density of\n7",
        "page": 7,
        "link": "https://ui.adsabs.harvard.edu/link_gateway/2017APh....90....1A/EPRINT_PDF",
        "title": "The muoninduced neutron indirect detection EXperiment MINIDEX"
    },
    "2017APh....90....1A_page_8_chunk_1": {
        "text": "1.032 g/cm3. The wavelength of maximum emission was \u0019425 nm. Both the\nphotomultiplier tubes (PMT) and the PMT HV bases (model HV2520AN)\nwere embedded inside the panel volumes and no wavelength shifters were\nused to collect the light of the scintillators onto the PMT photocathodes.\nThe PMTs had a diameter of 30 mm and were produced by ET Enter-\nprises [38](model 9900B). The active diameter was 25 mm and the spectral\nrange was 280 nm to 680 nm, with a peak quantum e\u000eciency of 26 % at\naround 400 nm. Sensitive PMT sidewalls allowed for wide-angle light detec-\ntion. The tube housing the multiplication dynodes was \u00199 cm long.\nThe novel approach of having the PMTs incorporated in the scintillator\npanels was chosen as it is particularly space saving. However, the panels\nproved to be not fully e\u000ecient over the whole surface area. The top and\nbottom panels were e\u000ecient to 86.53 \u00060.10 and 92.69 \u00060.15 %, respectively1.\nThe data were corrected for these ine\u000eciencies in the analysis.\nThe two HPGe de",
        "page": 8,
        "link": "https://ui.adsabs.harvard.edu/link_gateway/2017APh....90....1A/EPRINT_PDF",
        "title": "The muoninduced neutron indirect detection EXperiment MINIDEX"
    },
    "2017APh....90....1A_page_8_chunk_2": {
        "text": "ent over the whole surface area. The top and\nbottom panels were e\u000ecient to 86.53 \u00060.10 and 92.69 \u00060.15 %, respectively1.\nThe data were corrected for these ine\u000eciencies in the analysis.\nThe two HPGe detectors used are commercial Extended Range (XtRa)\ncoaxial germanium detectors, produced by CANBERRA [39]. Their nominal\nenergy resolution is \u00192 keV at 1.3 MeV. These detectors are manufactured\nfrom cylindrical germanium crystals with radii of 3.5 cm, lengths of \u00197 cm\nand central bore holes with a length of 4.5 cm. The crystals are housed\nin cylindrical vacuum chambers made of aluminum. The detectors are in\nthermal contact with copper cooling \fngers which extend beyond the lead\ncastle to the electrical cooling units, see Figs. 3(b) and 5. Having electro-\ncooled germanium detectors makes MINIDEX an almost maintenance-free\nsetup.\n1These e\u000eciencies were unexpectedly low. They cannot be explained by the geometrical\ne\u000bects due to the embedding of the PMTS. The PMT sidewalls were probably less se",
        "page": 8,
        "link": "https://ui.adsabs.harvard.edu/link_gateway/2017APh....90....1A/EPRINT_PDF",
        "title": "The muoninduced neutron indirect detection EXperiment MINIDEX"
    },
    "2017APh....90....1A_page_8_chunk_3": {
        "text": " an almost maintenance-free\nsetup.\n1These e\u000eciencies were unexpectedly low. They cannot be explained by the geometrical\ne\u000bects due to the embedding of the PMTS. The PMT sidewalls were probably less sensitive\nthan expected. A detailed investigation revealed that the PMTs were not properly opti-\ncally coupled. The panels were replaced by Saint-Gobain and exchanged for conventional\npanels with external PMTs after run I.\n8",
        "page": 8,
        "link": "https://ui.adsabs.harvard.edu/link_gateway/2017APh....90....1A/EPRINT_PDF",
        "title": "The muoninduced neutron indirect detection EXperiment MINIDEX"
    },
    "2017APh....90....1A_page_9_chunk_1": {
        "text": "2.4. DAQ and Electronics\nThe DAQ system employed for MINIDEX is a 16-channel VME digitizer\ncard, SIS3316-DT, produced by Struck Innovative Systems [40]. Each chan-\nnel can be used independently from the others with a 250 MHz sampling\nrate. All channels are equipped with a 14-bit resolution ADC and run in\ndouble bank mode to avoid dead time. The time information is distributed\nto the channels via an internal clock.\nAll detector signals from MINIDEX are recorded independently with-\nout a shared trigger. Data are written to and stored in a server (sys-\nGen/Supermicro SYS-5018D-MTF [41]) which is placed directly next to the\nDAQ on the lower shelf of the supporting table.\nA two-channel HV power supply (iseg NHQ 206L) provides the high volt-\nage for the HPGe detectors. Low voltage supplies support the preampli-\n\fers of the germanium detectors and the scintillator panels. The whole sys-\ntem is being controlled remotely through a router, which provides access to\nevery single device. To prevent",
        "page": 9,
        "link": "https://ui.adsabs.harvard.edu/link_gateway/2017APh....90....1A/EPRINT_PDF",
        "title": "The muoninduced neutron indirect detection EXperiment MINIDEX"
    },
    "2017APh....90....1A_page_9_chunk_2": {
        "text": "rt the preampli-\n\fers of the germanium detectors and the scintillator panels. The whole sys-\ntem is being controlled remotely through a router, which provides access to\nevery single device. To prevent damage to the germanium detectors from\npower cuts and to generally protect the system from noise due to the power\nline, MINIDEX is operated behind an uninterruptible power supply (Online\nXSR3000 PSU).\n2.5. Online Monitoring and Detector Performance\nThe MINIDEX apparatus is continuously monitored during operation.\nThe energy spectra of the scintillators and the HPGe detectors are recorded\nand the data quality is constantly evaluated through the energy resolution\nof both HPGe detectors at 1460 keV (40K line). Also recorded are the tem-\nperature of the water and its level inside the tank.\nFigure 6 demonstrates the stability of the energy resolution of 2.2 keV at\n1460 keV for the sum of the energy spectra of the two germanium detectors.\nEach point represents approximately two hours of data ta",
        "page": 9,
        "link": "https://ui.adsabs.harvard.edu/link_gateway/2017APh....90....1A/EPRINT_PDF",
        "title": "The muoninduced neutron indirect detection EXperiment MINIDEX"
    },
    "2017APh....90....1A_page_9_chunk_3": {
        "text": " 6 demonstrates the stability of the energy resolution of 2.2 keV at\n1460 keV for the sum of the energy spectra of the two germanium detectors.\nEach point represents approximately two hours of data taking.\nThe temperature of the water was measured with a PT100 [42] tempera-\nture sensor placed inside the water tank. To measure the water level inside\nthe tank, MINIDEX was equipped with a liquid-level sensor probe produced\nby Vegetronix [43]. The stability of both temperature and water level is\ndemonstrated in Fig. 7. They vary only very little and the change in level is\ncompatible with the expansion of the water due to temperature shifts. Thus,\nthe mass of the water was constant; there were no leaks over the whole data\ntaking period.\n9",
        "page": 9,
        "link": "https://ui.adsabs.harvard.edu/link_gateway/2017APh....90....1A/EPRINT_PDF",
        "title": "The muoninduced neutron indirect detection EXperiment MINIDEX"
    },
    "2017APh....90....1A_page_10_chunk_1": {
        "text": "Figure 6: The energy resolution at 1460 keV of the sum of the spectra of\nthe two germanium detectors vs. time. Each point corresponds to approxi-\nmately two hours of data taking. All data collected between the beginning\nof MINIDEX run I and November, 25, 2015 are included. From [35].\n(a)\n(b)\nFigure 7: (a) Water temperature vs. time. (b) Water level vs. time; the\nsignal is a voltage { a di\u000berence of 0.1 V corresponds to a change in water-\nlevel of 100 \u0016m. Both adapted from [35].\n10",
        "page": 10,
        "link": "https://ui.adsabs.harvard.edu/link_gateway/2017APh....90....1A/EPRINT_PDF",
        "title": "The muoninduced neutron indirect detection EXperiment MINIDEX"
    },
    "2017APh....90....1A_page_11_chunk_1": {
        "text": "3. Run I\nRun I started on July 15, 2015, and the setup was operated in a stable\ncon\fguration until January 19, 2016. The data taken until November 25,\n2015 were included in the \frst analysis. They represent a run-time of 9 :8\u0002\n106s (114.4 days). This relates to an up-time of 86 %2.\n3.1. O\u000fine trigger de\fnition\nThe trigger for run I requires a muon passing through both the top and\nthe bottom scintillator panels. Such muons are identi\fed through signals in\nboth panels within a time window to be determined. The signals from the\ntop and bottom scintillators are recorded independently at times denoted\nTtopandTbot, respectively. The distribution of the time di\u000berence Ttop\u0000Tbot\nis shown in Fig. 8. A very signi\fcant peak characterises the coincidences\nassociated with the passage of muons. The width of the peak is related to\ntime jitter. The trigger window chosen was [ \u000040; +20] ns. For each triggered\nevent,Ttopwas taken as the time of the passage of the muon, Ttrig. No cut\non the light observe",
        "page": 11,
        "link": "https://ui.adsabs.harvard.edu/link_gateway/2017APh....90....1A/EPRINT_PDF",
        "title": "The muoninduced neutron indirect detection EXperiment MINIDEX"
    },
    "2017APh....90....1A_page_11_chunk_2": {
        "text": "h of the peak is related to\ntime jitter. The trigger window chosen was [ \u000040; +20] ns. For each triggered\nevent,Ttopwas taken as the time of the passage of the muon, Ttrig. No cut\non the light observed in each panel was applied3.\nApproximately 108triggers were identi\fed, corresponding to a trigger rate\nof\u001910 Hz. The individual total count rates of the scintillator panels were\nRtop= 49:3 Hz andRbot= 46:8 Hz, respectively. Given the width of the\ncoincidence window of \u0001 Tcoinc= 60 ns, the corresponding accidental trigger\nrate of \u00193\u000210\u00004Hz only produces a negligible contamination of the trig-\ngered events. Outside the trigger window, an excess of events with negative\nTtop\u0000Tbotwas observed. This is due to muons only passing through the top\nscintillator and secondary particles depositing energy in the bottom scintilla-\ntor. For muons only passing through the bottom scintillator, it is less likely\nthat secondary particles reach the top scintillator.\n3.2. De\fnition of signal window\nThe data re",
        "page": 11,
        "link": "https://ui.adsabs.harvard.edu/link_gateway/2017APh....90....1A/EPRINT_PDF",
        "title": "The muoninduced neutron indirect detection EXperiment MINIDEX"
    },
    "2017APh....90....1A_page_11_chunk_3": {
        "text": "in the bottom scintilla-\ntor. For muons only passing through the bottom scintillator, it is less likely\nthat secondary particles reach the top scintillator.\n3.2. De\fnition of signal window\nThe data recorded for the two HPGe detectors are divided into two time\nwindows after each trigger:\n\u000fINSIDE : events recorded within a time window \u0001 Twin;\n\u000fOUTSIDE : events recorded between the end of \u0001 Twinand the arrival\nof the next trigger.\n2The down-time was caused by the infant mortality of HV supplies for the scintillators.\n3As the spectra of the panels did not show a good separation between single hits and\ncoincidences, this was unavoidable.\n11",
        "page": 11,
        "link": "https://ui.adsabs.harvard.edu/link_gateway/2017APh....90....1A/EPRINT_PDF",
        "title": "The muoninduced neutron indirect detection EXperiment MINIDEX"
    },
    "2017APh....90....1A_page_12_chunk_1": {
        "text": "Figure 8: Distribution of the time di\u000berence Ttop\u0000Tbot. The value of a given\nTtopis compared to the previous and all following Tbotuntil a new Ttopis\nrecorded. The lightly shaded area around the pronounced peak corresponds\nto the trigger window. From [35].\nThe value of \u0001 Twinis not \fxed, i.e. the analysis is performed for multiple\n\u0001Twinto study the time evolution of the signal. Simulations performed for\nthe design studies predicted that the time distribution of the muon-induced\n2.2 MeV gammas seen by the germanium detectors would not extend signi\f-\ncantly beyond 1 ms after the occurrence of a trigger. Thus, the average time\nbetween triggers of \u0019100 ms is large enough to not a\u000bect the full collection\nof the signal.\nWith large enough \u0001 Twin, the inside window fully contains the signal plus\nbackground while the corresponding outside window only contains events\nrelated to background. Thus, the background is measured in parallel to the\nsignal. This procedure is illustrated in Fig. 9.\n3.3. T",
        "page": 12,
        "link": "https://ui.adsabs.harvard.edu/link_gateway/2017APh....90....1A/EPRINT_PDF",
        "title": "The muoninduced neutron indirect detection EXperiment MINIDEX"
    },
    "2017APh....90....1A_page_12_chunk_2": {
        "text": "ackground while the corresponding outside window only contains events\nrelated to background. Thus, the background is measured in parallel to the\nsignal. This procedure is illustrated in Fig. 9.\n3.3. The germanium detector signal\nThe calibrated spectra of the germanium detectors were summed up for\nthe inside and outside windows. Figure 10 shows the result for \u0001 Twin= 4 ms.\nAlso shown in Fig. 10 are \fts with a Gaussian plus a \frst order polynomial.\nThe resolution of the 2.2 MeV peak is 2.8 keV FWHM. The contribution of\nneutron induced 2.2 MeV gammas is measured over a much larger time for\nthe background than for the signal and thus, to a much higher precision.\nThis is important for background subtraction.\nThe numbers of neutron-induced events, NpeakinsideandNpeakoutside, were\n12",
        "page": 12,
        "link": "https://ui.adsabs.harvard.edu/link_gateway/2017APh....90....1A/EPRINT_PDF",
        "title": "The muoninduced neutron indirect detection EXperiment MINIDEX"
    },
    "2017APh....90....1A_page_13_chunk_1": {
        "text": "Figure 9: Sketch illustrating the analysis strategy adopted for MINIDEX\nrun I. When \u0001 Twinis big enough, the outside window contains only back-\nground (Bkg.) events. The inside window contains also the full signal(S).\nFrom [35].\nevaluated from \fts as shown in Fig 10. To evaluate the systematic uncertainty\non the result of the extraction, a method based on side-bands around a region\nof interest of 2.223 MeV \u00065 keV was used [35]. Any di\u000berence between the\nmethods was taken as a symmetric systematic uncertainty and added in\nquadrature to the statistical uncertainty. The systematic uncertainties are\nin general much smaller than the statistical uncertainties. They are only\nsigni\fcant for very small \u0001 Twin. Unless otherwise stated, total uncertainties\nare quoted.\n3.4. Evaluation of signal and background rates\nThe signal is determined through the rate of 2.2 MeV gammas recorded\nin the prede\fned time window after a muon trigger. The e\u000bective run-times\naccumulated in the signal window, ETinside",
        "page": 13,
        "link": "https://ui.adsabs.harvard.edu/link_gateway/2017APh....90....1A/EPRINT_PDF",
        "title": "The muoninduced neutron indirect detection EXperiment MINIDEX"
    },
    "2017APh....90....1A_page_13_chunk_2": {
        "text": "ckground rates\nThe signal is determined through the rate of 2.2 MeV gammas recorded\nin the prede\fned time window after a muon trigger. The e\u000bective run-times\naccumulated in the signal window, ETinside, and the background window ,\nEToutside , are de\fned as\nETinside =Ntrig\u0001\u0001Twin, (1)\nEToutside =RT\u0000ETinside , (2)\n13",
        "page": 13,
        "link": "https://ui.adsabs.harvard.edu/link_gateway/2017APh....90....1A/EPRINT_PDF",
        "title": "The muoninduced neutron indirect detection EXperiment MINIDEX"
    },
    "2017APh....90....1A_page_14_chunk_1": {
        "text": "Figure 10: Summed time-normalised spectra of the two germanium detectors\nfor inside (circles) and outside (squares) the \u0001 Twin= 4 ms window for the\ncomplete run-time. Both spectra were \ft with a Gaussian plus a \frst order\npolynomial. The \ft results are shown as a dotted (solid) line for the data\ninside (outside) the time window. The error bars represent the statistical\nuncertaintenties. For the outside spectrum, the statistical uncertainties are\nsmaller than the size of the symbols.\nwhereNtrigis the number of triggers4and RT the total run-time of the\nmeasurement.\nThe e\u000bective rates for signal plus background, \u0000 S+B, and background,\n\u0000B, are de\fned as\n\u0000S+B=Npeakinside=ETinside , (3)\n\u0000B=Npeakoutside=EToutside . (4)\nThe background rate, \u0000 B, was evaluated for 39 values of \u0001 Twin, see\nFig. 11. The increase per step in \u0001 Twinis 10\u0016s up to 200\u0016s and then the step\nsize gradually gets larger. The background rate is expected to be time inde-\npendent. For values of \u0001 Twin<1 ms, a signi\fcant numbe",
        "page": 14,
        "link": "https://ui.adsabs.harvard.edu/link_gateway/2017APh....90....1A/EPRINT_PDF",
        "title": "The muoninduced neutron indirect detection EXperiment MINIDEX"
    },
    "2017APh....90....1A_page_14_chunk_2": {
        "text": "The increase per step in \u0001 Twinis 10\u0016s up to 200\u0016s and then the step\nsize gradually gets larger. The background rate is expected to be time inde-\npendent. For values of \u0001 Twin<1 ms, a signi\fcant number of signal events\n4Due to the ine\u000eciency of the scintillators, some muons were not triggered and thus\nthe resulting neutrons were not recorded as signal. This was corrected for by adjusting\nthe number of triggers appropriately [35].\n14",
        "page": 14,
        "link": "https://ui.adsabs.harvard.edu/link_gateway/2017APh....90....1A/EPRINT_PDF",
        "title": "The muoninduced neutron indirect detection EXperiment MINIDEX"
    },
    "2017APh....90....1A_page_15_chunk_1": {
        "text": "Figure 11: The e\u000bective rate, \u0000 B, of events observed in the outside window.\nThe inner error bars represent the statistical uncertainties, the outer bars\nrepresent the statistical and the systematic uncertainties added in quadra-\nture. The statistical uncertainties dominate such that the outer error bars\nare almost invisible. The entries are highly correlated as the events for each\nwindow also contain the events in the smaller time windows.\nare \\leaking\" into the background window. As expected, the rate \rattens\nout at \u0001Twinvalues of around 1 ms. To determine the overall background\nrate,RB, safely, \u0001Twinshould be larger than 1 ms. A value of \u0001 Twin= 4 ms\nwas chosen and RBdetermined to be RB= (1:84\u00060:02)\u000210\u00003Hz. The\ne\u000bective signal rate, RS, for all prede\fned signal windows was calculated as\nRS= \u0000S+B\u0000RB: (5)\n3.5. Time evolution of the signal\nFigure 12 shows the time evolution of the signal, Npeakinside, accumulated\nin the 2.2 MeV peak in the gamma spectrum with growing \u0001 Twinon a linear\n",
        "page": 15,
        "link": "https://ui.adsabs.harvard.edu/link_gateway/2017APh....90....1A/EPRINT_PDF",
        "title": "The muoninduced neutron indirect detection EXperiment MINIDEX"
    },
    "2017APh....90....1A_page_15_chunk_2": {
        "text": "\nRS= \u0000S+B\u0000RB: (5)\n3.5. Time evolution of the signal\nFigure 12 shows the time evolution of the signal, Npeakinside, accumulated\nin the 2.2 MeV peak in the gamma spectrum with growing \u0001 Twinon a linear\ntime scale. The values of Npeakinsideare correlated, since any \u0001 Twinwindow\ncontains all the events already recorded in the smaller time windows. The\nlinear \ft to the histogram for \u0001 Twin\u00152 ms con\frms a \rat background rate.\nThe intercept with the y-axis provides the total number of 2.2 MeV gammas\nthat can be attributed to the signal.\nThe time evolution of the background-subtracted signal rate, RS, is shown\nin Fig. 13 on the exponential time scale also used for the visualisation of the\n15",
        "page": 15,
        "link": "https://ui.adsabs.harvard.edu/link_gateway/2017APh....90....1A/EPRINT_PDF",
        "title": "The muoninduced neutron indirect detection EXperiment MINIDEX"
    },
    "2017APh....90....1A_page_16_chunk_1": {
        "text": "Figure 12: Number of events, Npeakinside, accumulated vs. \u0001 Twin. A linear\n\ft, represented by a solid line, was performed for \u0001 Twin\u00152 ms. The ex-\ntrapolation to \u0001 Twin= 0 is shown as a dotted line. Error bars represent the\nuncertainties of the \ft to the 2.2 MeV peak in the gamma spectra.\nbackground rate in Fig. 11. The e\u000bective rates are the highest for \u0001 Twin\nbetween 20 \u0016s and 100\u0016s. The rates then drop, which is equivalent to a\ndecreasing number of signal events added per unit time. Beyond 1 ms, no\nnew signal events are recorded and thus the e\u000bective rate drops due to the\nlarger windows considered. Clearly, \u0001 Twinup to 1 ms can be chosen for all\nstudies of the signal. The signal-to-background ratios, \u001aS=B=RS=RB, for\nsuch windows are shown to be above 15 in Fig. 14. For \u0001 Twinbetween 20 \u0016s\nand 100\u0016s,\u001aS=Breaches values of up to 60.\n16",
        "page": 16,
        "link": "https://ui.adsabs.harvard.edu/link_gateway/2017APh....90....1A/EPRINT_PDF",
        "title": "The muoninduced neutron indirect detection EXperiment MINIDEX"
    },
    "2017APh....90....1A_page_16_chunk_2": {
        "text": "\u0016s\nand 100\u0016s,\u001aS=Breaches values of up to 60.\n16",
        "page": 16,
        "link": "https://ui.adsabs.harvard.edu/link_gateway/2017APh....90....1A/EPRINT_PDF",
        "title": "The muoninduced neutron indirect detection EXperiment MINIDEX"
    },
    "2017APh....90....1A_page_17_chunk_1": {
        "text": "Figure 13: E\u000bective signal rate, RS, vs. \u0001Twin. The inner error bars represent\nthe statistical uncertainties, the outer bars represent the statistical and the\nsystematic uncertainties added in quadrature. Adapted from [35].\nFigure 14: Signal-to-background ratio, \u001aS=B, vs. \u0001Twin. The inner error bars\nrepresent the statistical uncertainties, the outer bars represent the statistical\nand the systematic uncertainties added in quadrature. Adapted from [35].\n4. Comparison of Monte Carlo to data\nThe run I trigger con\fguration does not facilitate to distinguish between\nevents in the side-wall and elsewhere in the apparatus. The resulting de\fni-\ntion of signal and background for run I makes a direct physics interpretation\n17",
        "page": 17,
        "link": "https://ui.adsabs.harvard.edu/link_gateway/2017APh....90....1A/EPRINT_PDF",
        "title": "The muoninduced neutron indirect detection EXperiment MINIDEX"
    },
    "2017APh....90....1A_page_18_chunk_1": {
        "text": "of the data in terms of the neutron production rate in lead di\u000ecult. However,\nthe data can be compared to Monte Carlo predictions.\nFigure 15: E\u000bective MC rate, \u0000MC\nB, see Eq. 4, vs. \u0001 Twinfor the physics lists\ndefault and shielding.\nThe simulations were performed within the Monte Carlo (MC) framework\nMaGe [44], jointly developed by the GERDA [45] and MAJORANA [21]\ncollaborations. Two di\u000berent \\physics lists\" were used:\n\u000fdefault as recommended by the MaGe developers;\n\u000fshielding as recommended by the GEANT4 collaboration [46].\nThese two physics lists di\u000ber mainly on the production of neutrons in the pri-\nmary interaction of the muon and in secondary hadronic interactions. They\nare basically identical on neutron transport.\nA simpli\fed version [35] of the overburden of the TSUL, together with\na detailed description of the MINIDEX run I apparatus were implemented\nin GEANT4 (version 9.6.4 [47]). The cosmic muon [48] and neutron [49]\nspectra were used as input; both, muons and neutrons were t",
        "page": 18,
        "link": "https://ui.adsabs.harvard.edu/link_gateway/2017APh....90....1A/EPRINT_PDF",
        "title": "The muoninduced neutron indirect detection EXperiment MINIDEX"
    },
    "2017APh....90....1A_page_18_chunk_2": {
        "text": "a detailed description of the MINIDEX run I apparatus were implemented\nin GEANT4 (version 9.6.4 [47]). The cosmic muon [48] and neutron [49]\nspectra were used as input; both, muons and neutrons were tracked into the\nexperimental volume, where their interactions were simulated.\nThe energy resolution of the HPGe detectors was taken into account by\nsmearing all energies according to a Gaussian distribution with a constant\nstandard deviation of 1.6 keV. This value corresponds to a FWHM of \u0019\n2:8 keV as measured for the peak at 2.2 MeV. Since all the comparisons of\nMC to data only refer to the region around 2.2 MeV, the simpli\fcation of a\nconstant resolution is justi\fed.\n18",
        "page": 18,
        "link": "https://ui.adsabs.harvard.edu/link_gateway/2017APh....90....1A/EPRINT_PDF",
        "title": "The muoninduced neutron indirect detection EXperiment MINIDEX"
    },
    "2017APh....90....1A_page_19_chunk_1": {
        "text": "The background components due to cosmic muons and neutrons were\nsimulated together with the signal. The background contribution from cosmic\nneutrons was found to be around one order of magnitude smaller than from\nnon-triggering cosmic muons [35].\nFigure 16: Comparison of the MC predictions from the two physics lists for\nRSto data. The points are horizontally displaced for better visibility. The\nerror bars represent the total uncertainties, which are highly correlated.\nThe analysis of the MC data was performed exactly as for data with\nequivalent de\fnitions for \u0000MC\nB;RMC\nS. Figure 15 shows the time evolution of\nthe rate \u0000MC\nBvs. \u0001Twin. The background contribution has already \rattened\nout at 1 ms where the in\ruence of the signal ends. This is slightly earlier\nthan observed for the data, see Fig. 11. The prediction for \u0000MC\nBfrom the\ndefault list is about 5 % higher than from the shielding list for \u0001 Twin>1 ms.\nThe component due to natural radioactivity was not included in the sim-\nulation.",
        "page": 19,
        "link": "https://ui.adsabs.harvard.edu/link_gateway/2017APh....90....1A/EPRINT_PDF",
        "title": "The muoninduced neutron indirect detection EXperiment MINIDEX"
    },
    "2017APh....90....1A_page_19_chunk_2": {
        "text": "ig. 11. The prediction for \u0000MC\nBfrom the\ndefault list is about 5 % higher than from the shielding list for \u0001 Twin>1 ms.\nThe component due to natural radioactivity was not included in the sim-\nulation. This creates a large discrepancy in the absolute background rate\nbetween the MC and data. The background measured with \u0001 Twin= 4 ms\nis more than a factor of seven higher in the data than predicted for the cos-\nmogenic contribution alone. This shows, that the background due to natural\nradioactivity is dominating in the data.\nThe background-subtracted signal rate RS, see Eq. 5, allows a direct com-\nparison of Monte Carlo predictions to data. This is shown in Fig. 16. Both\nphysics lists predict signi\fcantly smaller signals than observed. Table 1 lists\n19",
        "page": 19,
        "link": "https://ui.adsabs.harvard.edu/link_gateway/2017APh....90....1A/EPRINT_PDF",
        "title": "The muoninduced neutron indirect detection EXperiment MINIDEX"
    },
    "2017APh....90....1A_page_20_chunk_1": {
        "text": "RSfor \u0001Twin= 4 ms as measured and predicted by the two MC versions.\nThe data exceed the predictions from the MaGe default (GEANT shield-\ning) Monte Carlo by a factor of 3.3 (4.1). The MaGe default list predicts a\nstrong prompt signal, not observed in the data while the GEANT shielding\nlist qualitatively describes the time evolution reasonably well.\nE\u000bective Signal Rate RSfor\nData (7.0\u00060.2) 10\u00003Hz\nGEANT with \\MaGe default\" list (2.1\u00060.1) 10\u00003Hz\nGEANT with \\GEANT shielding\" list (1.7\u00060.1) 10\u00003Hz\nTable 1: E\u000bective signal rate, RS, for \u0001Twin= 4 ms for data and the two\nMCs.\nAnother approach is to compare the MC to data before background sub-\ntraction. The muon-induced components of the MC predictions are separated\nout by \ftting the MC predictions to the data for each \u0001 Twin:\n(\u0000S+B)i=Ai\u0001[ (\u0000inside\ntr\u0000\u0016)MC\ni+ \u0000MC\nntr\u0000\u0016] +Bi\u0001\u0000MC\nneutrons (6)\nRB=Ai\u0001\u0000MC\nntr\u0000\u0016+Bi\u0001\u0000MC\nneutrons (7)\nwhere:\n\u000fthe indexiis the ascending index for the di\u000berent \u0001 Twin;\n\u000fAiandBiare the \ft parameters for window i.Aireprese",
        "page": 20,
        "link": "https://ui.adsabs.harvard.edu/link_gateway/2017APh....90....1A/EPRINT_PDF",
        "title": "The muoninduced neutron indirect detection EXperiment MINIDEX"
    },
    "2017APh....90....1A_page_20_chunk_2": {
        "text": "de\ntr\u0000\u0016)MC\ni+ \u0000MC\nntr\u0000\u0016] +Bi\u0001\u0000MC\nneutrons (6)\nRB=Ai\u0001\u0000MC\nntr\u0000\u0016+Bi\u0001\u0000MC\nneutrons (7)\nwhere:\n\u000fthe indexiis the ascending index for the di\u000berent \u0001 Twin;\n\u000fAiandBiare the \ft parameters for window i.Airepresent the factors\nby which the muon-induced components are scaled to \ft the data. Bi\nrepresent the factors by which the background due to cosmic neutrons\nis scaled to account for the non-simulated background due to natural\nradioactivity;\n\u000f(\u0000S+B)iis the measured \u0000 S+Bfor window i;\n\u000fRBis the measured background rate;\n\u000f(\u0000inside\ntr\u0000\u0016)MC\niis the simulated e\u000bective signal rate due to triggered muons\nfor window i;\n\u000f\u0000MC\nntr\u0000\u0016is the simulated background rate due to non-triggered muons;\n\u000f\u0000MC\nneutrons is the simulated background rate due to cosmic neutrons.\n20",
        "page": 20,
        "link": "https://ui.adsabs.harvard.edu/link_gateway/2017APh....90....1A/EPRINT_PDF",
        "title": "The muoninduced neutron indirect detection EXperiment MINIDEX"
    },
    "2017APh....90....1A_page_21_chunk_1": {
        "text": "It is possible to scale up the background due to cosmic neutrons to in-\nclude the background due to natural radioactivity, because both background\ncontributions are constant in time and only the 2.2 MeV gamma peak is con-\nsidered. The results of the \fts are depicted in Fig. 17 and listed in Table 2.\nFigure 17: Scale parameters AiandBivs. \u0001Twinas obtained for the two\ndi\u000berent physics lists. The error bars represent statistical uncertainties only.\nThey are highly correlated as each time window contains all events recorded\nalready in smaller time windows.\nIf the time evolution of the signal was perfectly described by the simu-\nlation, the parameters AiandBiwould be constant for all i. However, as\nalready seen in Fig. 16, this is not the case. The values of Biare actually\nquite stable over most of the range. At very small \u0001 Twin, where the statisti-\ncal uncertainty is large, the Biincrease as the procedure tries to compensate\nfor the lacking signal strengths in the MCs. As the shielding li",
        "page": 21,
        "link": "https://ui.adsabs.harvard.edu/link_gateway/2017APh....90....1A/EPRINT_PDF",
        "title": "The muoninduced neutron indirect detection EXperiment MINIDEX"
    },
    "2017APh....90....1A_page_21_chunk_2": {
        "text": "t of the range. At very small \u0001 Twin, where the statisti-\ncal uncertainty is large, the Biincrease as the procedure tries to compensate\nfor the lacking signal strengths in the MCs. As the shielding list describes\nthe time evolution of the signal reasonably well, the parameters Aivary not\nso much. For the MaGe default physics list, the value of A1actually drops\nbelow one. This con\frms that this MC predicts a fast component of the\nsignal not present in the data.\n21",
        "page": 21,
        "link": "https://ui.adsabs.harvard.edu/link_gateway/2017APh....90....1A/EPRINT_PDF",
        "title": "The muoninduced neutron indirect detection EXperiment MINIDEX"
    },
    "2017APh....90....1A_page_22_chunk_1": {
        "text": "Ai Bi\n\u0001Twin MaGe GEANT MaGe GEANT\n[ms] default shielding default shielding\n0.01 0.64\u00060.77 1.84\u00062.33 123\u000613 104\u000637\n0.02 1.50\u00060.55 2.74\u00061.21 109\u00069 89\u000619\n0.03 1.85\u00060.46 3.19\u00060.92 103\u00068 82\u000615\n0.04 2.08\u00060.39 3.30\u00060.81 99\u00067 80\u000613\n0.05 2.20\u00060.33 3.34\u00060.67 97\u00066 80\u000611\n0.06 2.27\u00060.30 3.30\u00060.56 96\u00065 80\u00069\n0.07 2.35\u00060.28 3.36\u00060.51 94\u00065 79\u00068\n0.08 2.40\u00060.29 3.43\u00060.47 93\u00065 78\u00068\n0.09 2.55\u00060.26 3.51\u00060.43 91\u00065 77\u00067\n0.10 2.66\u00060.27 3.61\u00060.42 89\u00065 75\u00067\n0.11 2.66\u00060.26 3.55\u00060.38 89\u00065 76\u00066\n0.12 2.71\u00060.25 3.52\u00060.36 88\u00065 77\u00066\n0.13 2.77\u00060.24 3.55\u00060.34 87\u00064 76\u00066\n0.14 2.82\u00060.24 3.58\u00060.33 86\u00064 76\u00065\n0.15 2.87\u00060.23 3.61\u00060.32 86\u00064 75\u00065\n0.16 2.87\u00060.23 3.62\u00060.31 85\u00064 75\u00065\n0.17 2.88\u00060.22 3.61\u00060.30 85\u00064 75\u00065\n0.18 2.94\u00060.22 3.66\u00060.30 84\u00064 75\u00065\n0.19 2.97\u00060.21 3.68\u00060.29 84\u00064 74\u00065\n0.20 2.96\u00060.21 3.65\u00060.28 84\u00064 75\u00065\n0.25 3.07\u00060.20 3.72\u00060.26 82\u00064 74\u00064\n0.30 3.20\u00060.19 3.83\u00060.25 80\u00064 72\u00064\n0.35 3.26\u00060.19 3.90\u00060.24 79\u00064 71\u00064\n0.40 3.26\u00060.18 3.91\u00060.23 79\u00063 71\u00064\n0.60 3.33\u00060.17 3.97\u00060.22 78\u00063 70\u00064\n0.80 3.34\u00060.17 3.96\u00060.21 77\u00063 70\u00064\n1.00 ",
        "page": 22,
        "link": "https://ui.adsabs.harvard.edu/link_gateway/2017APh....90....1A/EPRINT_PDF",
        "title": "The muoninduced neutron indirect detection EXperiment MINIDEX"
    },
    "2017APh....90....1A_page_22_chunk_2": {
        "text": "3.72\u00060.26 82\u00064 74\u00064\n0.30 3.20\u00060.19 3.83\u00060.25 80\u00064 72\u00064\n0.35 3.26\u00060.19 3.90\u00060.24 79\u00064 71\u00064\n0.40 3.26\u00060.18 3.91\u00060.23 79\u00063 71\u00064\n0.60 3.33\u00060.17 3.97\u00060.22 78\u00063 70\u00064\n0.80 3.34\u00060.17 3.96\u00060.21 77\u00063 70\u00064\n1.00 3.33\u00060.16 3.94\u00060.21 78\u00063 70\u00064\n1.20 3.34\u00060.16 3.94\u00060.21 78\u00063 70\u00064\n1.40 3.34\u00060.16 3.93\u00060.21 77\u00063 70\u00064\n1.60 3.34\u00060.16 3.91\u00060.20 77\u00063 71\u00064\n1.80 3.34\u00060.16 3.91\u00060.20 78\u00063 71\u00064\n2.00 3.35\u00060.16 3.93\u00060.21 77\u00063 70\u00064\n2.50 3.37\u00060.17 3.95\u00060.21 77\u00063 70\u00064\n3.00 3.38\u00060.17 3.96\u00060.21 77\u00063 70\u00064\n4.00 3.38\u00060.17 3.96\u00060.21 77\u00063 70\u00064\n5.00 3.45\u00060.17 4.04\u00060.21 76\u00063 69\u00064\n7.50 3.54\u00060.18 4.14\u00060.23 74\u00063 67\u00064\n10.00 3.58\u00060.19 4.19\u00060.23 73\u00064 66\u00064\n20.00 3.56\u00060.21 4.17\u00060.25 74\u00064 67\u00064\nTable 2: Values of the scale factors AiandBifor each \u0001Twinfor both MC\npredictions. Uncertainties are statistical only.\n22",
        "page": 22,
        "link": "https://ui.adsabs.harvard.edu/link_gateway/2017APh....90....1A/EPRINT_PDF",
        "title": "The muoninduced neutron indirect detection EXperiment MINIDEX"
    },
    "2017APh....90....1A_page_23_chunk_1": {
        "text": "5. Summary and Outlook\nA new experiment to measure the production of neutrons by cosmic\nmuons, MINIDEX, was introduced. It is a compact apparatus, easy to move\nto di\u000berent locations, almost maintenance free and operated remotely. Neu-\ntrons are detected after thermalisation through 2.2 MeV gammas emitted\nafter their capture by the hydrogen in water. Thus, MINIDEX measures\nneutrons without an energy threshold. The signal and the background are\nmeasured simultaneously, allowing the extraction of the signal and its time\nevolution without major assumptions or Monte Carlo simulations.\nThe results of the \frst run of MINIDEX with lead as the target mate-\nrial and at a depth of about 16 meter water equivalent were presented. A\nclear signal was observed with signal-to-background ratios above 15 for the\ncomplete development of the signal over one millisecond. The results were\ncompared to GEANT 4 based Monte Carlo simulations using the so called\n\\MaGe default\" and \\GEANT shielding\" physics lists.",
        "page": 23,
        "link": "https://ui.adsabs.harvard.edu/link_gateway/2017APh....90....1A/EPRINT_PDF",
        "title": "The muoninduced neutron indirect detection EXperiment MINIDEX"
    },
    "2017APh....90....1A_page_23_chunk_2": {
        "text": " the\ncomplete development of the signal over one millisecond. The results were\ncompared to GEANT 4 based Monte Carlo simulations using the so called\n\\MaGe default\" and \\GEANT shielding\" physics lists. Both lists led to\npredictions that underestimate the integrated signal strength signi\fcantly.\nThe data show an overall production of muon-induced 2.2 MeV gammas a\nfactor of 3.3 (4.1) higher than predicted using the MaGe default (GEANT 4\nshielding) list. While the shielding list does not describe the overall signal\nstrength as well as the MaGe default list it qualitatively describes the time\nevolution better. In particular, the MaGe default list predicts a prompt\nsignal component not observed in the data.\nDuring its \frst data taking period, MINIDEX ran with a very simple\nmuon trigger. In January 2016, the setup was upgraded to allow for the iden-\nti\fcation of di\u000berent event topologies. Especially, muons can be identi\fed\nthat pass vertically and only through the selected high-Z material. Di",
        "page": 23,
        "link": "https://ui.adsabs.harvard.edu/link_gateway/2017APh....90....1A/EPRINT_PDF",
        "title": "The muoninduced neutron indirect detection EXperiment MINIDEX"
    },
    "2017APh....90....1A_page_23_chunk_3": {
        "text": "ry 2016, the setup was upgraded to allow for the iden-\nti\fcation of di\u000berent event topologies. Especially, muons can be identi\fed\nthat pass vertically and only through the selected high-Z material. Di\u000berent\nevent topologies should also provide some handle to disentangle the primary\nneutron production rate from the in\ruence of neutron transport.\nAt the end of 2016, a switch to copper as the target material is fore-\nseen. The data is expected to be available as input to the design phase of\nthe next-generation large-scale low-background experiments currently envi-\nsioned, where lead and copper are discussed as shielding materials. During\nthe following years, MINIDEX will explore the neutron production due to\ncosmic muons in a variety of high-Z materials. In addition, the dependence\non the muon energy can be probed by moving MINIDEX to di\u000berent depths.\n6. Acknowledgments\nWe would like to thank the technical department of the Max-Planck-\nInstitut f ur Physik for their strong support. We wo",
        "page": 23,
        "link": "https://ui.adsabs.harvard.edu/link_gateway/2017APh....90....1A/EPRINT_PDF",
        "title": "The muoninduced neutron indirect detection EXperiment MINIDEX"
    },
    "2017APh....90....1A_page_23_chunk_4": {
        "text": "n energy can be probed by moving MINIDEX to di\u000berent depths.\n6. Acknowledgments\nWe would like to thank the technical department of the Max-Planck-\nInstitut f ur Physik for their strong support. We would also like to thank the\n23",
        "page": 23,
        "link": "https://ui.adsabs.harvard.edu/link_gateway/2017APh....90....1A/EPRINT_PDF",
        "title": "The muoninduced neutron indirect detection EXperiment MINIDEX"
    },
    "2017APh....90....1A_page_24_chunk_1": {
        "text": "Universit at T ubingen for the space in TSUL, especially Peter Grabmaier and\nIgor Usherov for their hospitality and help.\nBibliography:\nReferences\n[1] O.C. Allkofer and R.D. Andresen, Nucl. Phys. B 8, 402 (1968)\n[2] M. Aglietta et al., Nuovo Cimento Soc. Ital. Fis., C 12, 467 (1989)\n[3] M. Aglietta et al., in Proceedings of the 26th International Cosmic Ray\nConference, Salt Lake City, 1999, edited by D. Kieda, M. Salamon, and\nB. Dingus, Vol. 2, p. 44, hep-ex/9905047\n[4] R. Hertenberger, M. Chen, and B.L. Dougherty, Phys. Rev. C 52, 3449\n(1995)\n[5] F. Boehm et al., Neutron production by cosmic-ray muons at shallow\ndepth , Phys. Rev. D 62, 092005 (2000)\n[6] J. Rapp, Ph.D. thesis, University of Karlsruhe, 1996\n[7] T. Langford et al., Fast neutron detection with a segmented spectrometer ,\nNucl. Instrum. Meth. A 771 (2015), 78-87\n[8] J. Delorme et al., Phys. Rev. C 52, 2222 (1995)\n[9] O.G. Ryazhskaya and G.T. Zatsepin, Izv. Akad. Nauk SSSR, Ser. Fiz.\n29, 1946 (1965); in Proceedings of the",
        "page": 24,
        "link": "https://ui.adsabs.harvard.edu/link_gateway/2017APh....90....1A/EPRINT_PDF",
        "title": "The muoninduced neutron indirect detection EXperiment MINIDEX"
    },
    "2017APh....90....1A_page_24_chunk_2": {
        "text": "cl. Instrum. Meth. A 771 (2015), 78-87\n[8] J. Delorme et al., Phys. Rev. C 52, 2222 (1995)\n[9] O.G. Ryazhskaya and G.T. Zatsepin, Izv. Akad. Nauk SSSR, Ser. Fiz.\n29, 1946 (1965); in Proceedings of the IX International Conference on\nCosmic Rays, London, 1965, Vol. 21, p.987\n[10] J.C. Barton, in Proceedings of the 19th International Conference on\nCosmic Rays, La Jolla, 1985, edited by F. C. Jones Physical Society,\nLondon, 1985), p. 98.\n[11] D.H. Perkins, Calculation of neutron background in Soudan 1990.\n[12] D.-M. Mei and A. Hime, Muon-Induced Background Study for Under-\nground Laboratories , Phys. Rev. D 73, (2006) 053004\n[13] H. M. Ara\u0013 ujo et al., Nucl. Instrum. Meth. A 545 (2005), 398.\n[14] J. A. Formaggio and C. J. Marto\u000b, Backgrounds to Sensitive Experi-\nments Underground , Annu. Rev. Nucl. Part. Sci. 54, 361 (2004)\n24",
        "page": 24,
        "link": "https://ui.adsabs.harvard.edu/link_gateway/2017APh....90....1A/EPRINT_PDF",
        "title": "The muoninduced neutron indirect detection EXperiment MINIDEX"
    },
    "2017APh....90....1A_page_24_chunk_3": {
        "text": "Nucl. Part. Sci. 54, 361 (2004)\n24",
        "page": 24,
        "link": "https://ui.adsabs.harvard.edu/link_gateway/2017APh....90....1A/EPRINT_PDF",
        "title": "The muoninduced neutron indirect detection EXperiment MINIDEX"
    },
    "2017APh....90....1A_page_25_chunk_1": {
        "text": "[15] H. Wulandari et al., Neutron Background Studies for the CRESST Dark\nMatter Experiment , hep-ex/0401032\n[16] A. Empl et al, A Fluka study of underground cosmogenic neutron pro-\nduction , JCAP08 (2014) 064\n[17] A. Gando et al, KamLAND-Zen Collaboration, Phys. Rev. Lett. 110,\n062502 (2013)\n[18] J. B. Albert et al., EXO Collaboration, Nature 510, (2014) 229\n[19] M. Agostini et al., GERDA Collaboration, Results on Neutrinoless\nDouble-\fDecay of76Ge from Phase I of the GERDA Experiment , Phys.\nRev. Lett 111 (2013) 122503\n[20] M. Agostini, First results from GERDA Phase II , (2016), Presentation\nat NEUTRINO2016, London, United Kingdom\n[21] The Majorana Collaboration, Phys. of Atom. Nucl. Vol. 67, Issue 11 ,\npp 2002-2010, DOI: 10.1134/1.1825519\n[22] The CDEX Collaboration, Front. Phys., 2013, 8(4):412-437\n[23] D.S. Akerib et al, CDMS Collab., First Results from the Cryogenic Dark\nMatter Search in the Soudan Underground Laboratory , Phys. Rev. Lett\n93, 211301 (2004)\n[24] R. Brun et. al, GEA",
        "page": 25,
        "link": "https://ui.adsabs.harvard.edu/link_gateway/2017APh....90....1A/EPRINT_PDF",
        "title": "The muoninduced neutron indirect detection EXperiment MINIDEX"
    },
    "2017APh....90....1A_page_25_chunk_2": {
        "text": "8(4):412-437\n[23] D.S. Akerib et al, CDMS Collab., First Results from the Cryogenic Dark\nMatter Search in the Soudan Underground Laboratory , Phys. Rev. Lett\n93, 211301 (2004)\n[24] R. Brun et. al, GEANT 3 , CERN DD/EE/84-1, 1987\n[25] Geant4 Collaboration, Nucl. Instrum. Meth. A 506 (2003), 250.\n[26] A. Fass\u0012 o, A. Ferrari and P.R. Sala in: Proceedings of MonteCarlo 2000\nConference , (Lisbon, October 23-26, 2000), Ed. A. Kling, F. Barao, M.\nNakagawa, L. T\u0013 avora, P. Vaz (Springer-Verlag, Berlin, 2001).\n[27] V.A. Kudryavtsev, N.J. Spooner and J.E. McMillan, Nucl. Instrum.\nMeth. A 505 (2003)\n[28] Y.F. Wang et al., Predicting neutron production from cosmic-ray muons ,\nPhys. Rev. D 62, 013012 (2000)\n[29] C. Zhang and D.-M. Mei, Measuring Muon-Induced Neutrons with Liq-\nuid Scintillation Detector at Soudane Mine , Phys. Rev. D 90, 122003\n[30] L. Reichhart et al., Measuremnt and simulation of the muon-induced\nneutron yield in lead , Astropart. Phys. 47 (2013) 67-76\n25",
        "page": 25,
        "link": "https://ui.adsabs.harvard.edu/link_gateway/2017APh....90....1A/EPRINT_PDF",
        "title": "The muoninduced neutron indirect detection EXperiment MINIDEX"
    },
    "2017APh....90....1A_page_25_chunk_3": {
        "text": "r at Soudane Mine , Phys. Rev. D 90, 122003\n[30] L. Reichhart et al., Measuremnt and simulation of the muon-induced\nneutron yield in lead , Astropart. Phys. 47 (2013) 67-76\n25",
        "page": 25,
        "link": "https://ui.adsabs.harvard.edu/link_gateway/2017APh....90....1A/EPRINT_PDF",
        "title": "The muoninduced neutron indirect detection EXperiment MINIDEX"
    },
    "2017APh....90....1A_page_26_chunk_1": {
        "text": "[31] M. G. Marino et al., Validation of spallation neutron production and\npropagation within Geant4 , Nucl. Instrum. Meth. A 582 (2007), 611-620\n[32] A. Lindote et al., Simulation of neutrons produced by high-energy muons\nunderground , Astropart. Phys. 31 (2009), 366-375\n[33] M. Horn, Simulations of the muon-induced neutron background of the\nEDELWEISS-II experiment for Dark Matter search , Ph.D. Thesis, In-\nstitut f ur Experimentelle Kernphysik, Karlsruhe, 2007\n[34] H. Kluck, Measurement of the cosmic-induced neutron yield at the\nModane underground laboratory , Ph.D. Thesis, Institut f ur Experi-\nmentelle Kernphysik, Karlsruhe, 2013\n[35] M. Palermo, The Muon-Induced Neutron Indirect Detection EXperi-\nment, MINIDEX , Ph.D. Thesis, Max-Planck Institute for Physics, Mu-\nnich, 2016\n[36] Peter Grabmaier, Universit at T ubingen, private communication\n[37] http://www.crystals.saint-gobain.com , Retreived on 26-01-2016\n[38] http://www.et-enterprises.com/ , Retreived on 26-01-2016\n[39] http",
        "page": 26,
        "link": "https://ui.adsabs.harvard.edu/link_gateway/2017APh....90....1A/EPRINT_PDF",
        "title": "The muoninduced neutron indirect detection EXperiment MINIDEX"
    },
    "2017APh....90....1A_page_26_chunk_2": {
        "text": "r Grabmaier, Universit at T ubingen, private communication\n[37] http://www.crystals.saint-gobain.com , Retreived on 26-01-2016\n[38] http://www.et-enterprises.com/ , Retreived on 26-01-2016\n[39] http://www.canberra.com/products/detectors/germanium-detectors.asp ,\nRetreived on 27-01-2016\n[40] http://www.struck.de/sis3316.html , Retreived on 27-01-2016\n[41] http://www.supermicro.com/products/system/1u/5018/SYS-5018D-\nMTF.cfm , Retreived on 27-01-2016\n[42] https://en.wikipedia.org/wiki/Resistance thermometer , Retreived on 01-\n02-2016\n[43] http://www.vegetronix.com/Products/AquaPlumb/ , Retreived on 01-02-\n2016\n[44] M. Bauer et al., MaGe: a Monte Carlo framework for the Gerda and\nMajorana double beta decay experiments , J. Phys. Conf. Ser. 39, (2006)\n362\n[45] The GERDA Collaboration, Eur. Phys. J. C 73 (2013) 2330 DOI:\n10.1140/epjc/s10052-013-2330-0\n26",
        "page": 26,
        "link": "https://ui.adsabs.harvard.edu/link_gateway/2017APh....90....1A/EPRINT_PDF",
        "title": "The muoninduced neutron indirect detection EXperiment MINIDEX"
    },
    "2017APh....90....1A_page_26_chunk_3": {
        "text": "ys. J. C 73 (2013) 2330 DOI:\n10.1140/epjc/s10052-013-2330-0\n26",
        "page": 26,
        "link": "https://ui.adsabs.harvard.edu/link_gateway/2017APh....90....1A/EPRINT_PDF",
        "title": "The muoninduced neutron indirect detection EXperiment MINIDEX"
    },
    "2017APh....90....1A_page_27_chunk_1": {
        "text": "[46] http://geant4.cern.ch/support/proc mod catalog/physics lists/useCases.shtml ,\nRetreived on 17-02-2016\n[47] Geant4 9.6 Release Notes, http://geant4.cern.ch/support/ReleaseNotes4.9.6.html ,\nRetreived 03/11/2015\n[48] M. Duranti, Measurement Of The Atmospheric Muon Flux On Ground\nWith The AMS-02 Detector , PhD Thesis, 2011\n[49] Gordon et al, Measurement of the Flux and Energy Spectrum of Cosmic-\nRay Induced Neutrons on the Ground ,IEEE Transactions on Nucl. Sci.,\nVol. 51, No. 6, December 2004\n27",
        "page": 27,
        "link": "https://ui.adsabs.harvard.edu/link_gateway/2017APh....90....1A/EPRINT_PDF",
        "title": "The muoninduced neutron indirect detection EXperiment MINIDEX"
    }
}