{
    "2018PhRvD..98j3530Z_page_1_chunk_1": {
        "text": "A Fully Self-Consistent Cosmological Simulation Pipeline for Interacting Dark Energy\nModels\nJiajun Zhang\u0003,1Rui Any,1, 2Shihong Liao,3Wentao Luo,1, 4Zhaozhou Li,1and Bin Wangz5, 1\n1Department of Astronomy, School of Physics and Astronomy,\nShanghai Jiao Tong University, Shanghai, 200240, China\n2IFSA Collaborative Innovation Center, Shanghai Jiao Tong University, Shanghai, China\n3Key Laboratory for Computational Astrophysics, National Astronomical Observatories,\nChinese Academy of Sciences, Beijing, 100012, China\n4Kavli Institute for the Physics and Mathematics of the Universe (Kavli IPMU, WPI),\nTokyo Institutes for Advanced Study, The University of Tokyo, Chiba, 277-8582, Japan\n5Center for Gravitation and Cosmology, College of Physical Science\nand Technology, Yangzhou University, Yangzhou, 225009, China\n(Dated: March 7, 2022)\nWe devise a fully self-consistent simulation pipeline for the \frst time to study the interaction\nbetween dark matter and dark energy. We perform convergence tests a",
        "page": 1,
        "link": "https://ui.adsabs.harvard.edu/link_gateway/2018PhRvD..98j3530Z/EPRINT_PDF",
        "title": "Fully selfconsistent cosmological simulation pipeline for interacting dark energy models"
    },
    "2018PhRvD..98j3530Z_page_1_chunk_2": {
        "text": "25009, China\n(Dated: March 7, 2022)\nWe devise a fully self-consistent simulation pipeline for the \frst time to study the interaction\nbetween dark matter and dark energy. We perform convergence tests and show that our code is\naccurate on di\u000berent scales. Using the parameters constrained by Planck, Type Ia Supernovae,\nBaryon Acoustic Oscillations (BAO) and Hubble constant observations, we perform cosmological\nN-body simulations. We calculate the resulting matter power spectra and halo mass functions for\nfour di\u000berent interacting dark energy models. In addition to the dark matter density distribution,\nwe also show the inhomogeneous density distribution of dark energy. With this new simulation\npipeline, we can further re\fne and constrain interacting dark energy models.\nPACS numbers:\nI. INTRODUCTION\nIt is widely believed that our Universe is undergo-\ning an accelerated expansion. Within the framework of\nEinstein gravity, this acceleration can be driven by a new\nenergy component with negativ",
        "page": 1,
        "link": "https://ui.adsabs.harvard.edu/link_gateway/2018PhRvD..98j3530Z/EPRINT_PDF",
        "title": "Fully selfconsistent cosmological simulation pipeline for interacting dark energy models"
    },
    "2018PhRvD..98j3530Z_page_1_chunk_3": {
        "text": "CTION\nIt is widely believed that our Universe is undergo-\ning an accelerated expansion. Within the framework of\nEinstein gravity, this acceleration can be driven by a new\nenergy component with negative pressure, called dark\nenergy. In the standard \u0003-cold dark matter (\u0003CDM)\nmodel, this mysterious energy is explained as the cosmo-\nlogical constant, \u0003. The standard model is commonly\nused to describe the evolution of the Universe and it is\nconsistent with a number of observations. However, from\nthe theoretical point of view, the \u0003CDM model faces\nsigni\fcant challenges such as the cosmological constant\nproblem [1] and the coincidence problem [2]. Recently,\npeople have found inconsistencies when comparing di\u000ber-\nent observations assuming \u0003CDM model. These include,\ni) a\u00183\u001bmismatch between the Hubble constant inferred\nfrom the cosmic microwave background (CMB) measure-\nments and that from the direct local observations [3, 4],\nii) a\u00182:5\u001bdiscrepancy between the Hubble parame-\n\u0003liamzhang@sjtu.edu.",
        "page": 1,
        "link": "https://ui.adsabs.harvard.edu/link_gateway/2018PhRvD..98j3530Z/EPRINT_PDF",
        "title": "Fully selfconsistent cosmological simulation pipeline for interacting dark energy models"
    },
    "2018PhRvD..98j3530Z_page_1_chunk_4": {
        "text": "le constant inferred\nfrom the cosmic microwave background (CMB) measure-\nments and that from the direct local observations [3, 4],\nii) a\u00182:5\u001bdiscrepancy between the Hubble parame-\n\u0003liamzhang@sjtu.edu.cn\nyanrui@sjtu.edu.cn\nzwangb@yzu.edu.cnter and angular distance at z= 2:34 measured from the\nBaryon Oscillation Spectroscopic Survey (BOSS) exper-\niment and that inferred from the CMB measurements\n[5], iii) a\u00182:3\u001btension between the weak lensing data\ntaken from a 450\u0000deg2observing \feld of the Kilo Degree\nSurvey (KiDS) and the Planck 2015 CMB data [6]. All\nof these theoretical and observational challenges clearly\nindicate the need to investigate alternative cosmological\nmodels.\nGiven the fact that the Universe is composed of\nnearly 25% dark matter (DM) and 70% dark energy (DE)\ntoday, it is natural to ask whether these two most abun-\ndant components of the Universe can interacte with each\nother instead of evolving separately. It was reported that\nappropriate interactions between DM and DE ca",
        "page": 1,
        "link": "https://ui.adsabs.harvard.edu/link_gateway/2018PhRvD..98j3530Z/EPRINT_PDF",
        "title": "Fully selfconsistent cosmological simulation pipeline for interacting dark energy models"
    },
    "2018PhRvD..98j3530Z_page_1_chunk_5": {
        "text": "ral to ask whether these two most abun-\ndant components of the Universe can interacte with each\nother instead of evolving separately. It was reported that\nappropriate interactions between DM and DE can pro-\nvide a mechanism to alleviate the coincidence problem\n[7{13]. It was shown that the interacting DM and DE\n(IDE here after in short) models are consistent with CMB\nobservations, and they are able to relieve the discordance\nbetween BOSS and CMB measurements mentioned be-\nfore [14]. Moreover, it was shown that the IDE models\ncan alleviate the tension between weak lensing and CMB\nmeasurements [15]. Since the nature of neither DM nor\nDE is known, mostly phenomenological model for inter-\nactions between them have been studied (see [16] for a\nrecent review and references therein). Quantum \feld the-arXiv:1811.01519v1  [astro-ph.CO]  5 Nov 2018",
        "page": 1,
        "link": "https://ui.adsabs.harvard.edu/link_gateway/2018PhRvD..98j3530Z/EPRINT_PDF",
        "title": "Fully selfconsistent cosmological simulation pipeline for interacting dark energy models"
    },
    "2018PhRvD..98j3530Z_page_1_chunk_6": {
        "text": " the-arXiv:1811.01519v1  [astro-ph.CO]  5 Nov 2018",
        "page": 1,
        "link": "https://ui.adsabs.harvard.edu/link_gateway/2018PhRvD..98j3530Z/EPRINT_PDF",
        "title": "Fully selfconsistent cosmological simulation pipeline for interacting dark energy models"
    },
    "2018PhRvD..98j3530Z_page_2_chunk_1": {
        "text": "2\nory of dark energy interacting with dark matter was re-\ncently discussed in [17, 18].\nN-body simulations have been widely adopted to\nstudy the non-linear evolution of the large scale struc-\nture of the Universe. Because the IDE model is di\u000berent\nfrom the \u0003CDM model in many aspects, it is important\nto build up a fully self-consistent simulation pipeline to\nstudy the non-linear structure formation in IDE models.\nSome attempts were made to build simulation codes for\nIDE models[19, 20]. However, the inputs used in such\ncodes were not self-consistent. For example the initial\npower spectrum was generated assuming \u0003CDM model.\nMoreover, a simpli\fed DE distribution that was constant\nin di\u000berent scales and redshifts was used.\nIn this paper, we propose a fully self-consistent\nsimulation pipeline for general phenomenological IDE\nmodels. We do not limit the DE to be in the quintessence\nregion\u00001< wd<\u00001=3, but allow its equation of state\nto be either bigger or smaller than \u00001. We include the\nDE per",
        "page": 2,
        "link": "https://ui.adsabs.harvard.edu/link_gateway/2018PhRvD..98j3530Z/EPRINT_PDF",
        "title": "Fully selfconsistent cosmological simulation pipeline for interacting dark energy models"
    },
    "2018PhRvD..98j3530Z_page_2_chunk_2": {
        "text": "r general phenomenological IDE\nmodels. We do not limit the DE to be in the quintessence\nregion\u00001< wd<\u00001=3, but allow its equation of state\nto be either bigger or smaller than \u00001. We include the\nDE perturbation by self-consistently solving its linear\nlevel perturbation equations. All initial conditions we\nput in the simulation use the parameters constrained by\nobservations for IDE models. We \fnd that the non-linear\nstructure formation at low redshift can put further con-\nstraints on IDE models.\nThe organization of the paper is as following. We\n\frst introduce our phenomenological IDE models and\nthe simulation pipeline in Sec. II. The details about the\ndesign of the simulation, the comparison with previous\nworks and the code convergence tests are given in Sec. III.\nThen we show the main results including halo mass func-\ntions and non-linear matter power spectra of the models\nin Sec. IV. Finally, we summarize and discuss our results\nin Sec. V.\nII. METHODOLOGY\nA. Phenomenological Model\nWe c",
        "page": 2,
        "link": "https://ui.adsabs.harvard.edu/link_gateway/2018PhRvD..98j3530Z/EPRINT_PDF",
        "title": "Fully selfconsistent cosmological simulation pipeline for interacting dark energy models"
    },
    "2018PhRvD..98j3530Z_page_2_chunk_3": {
        "text": "ts including halo mass func-\ntions and non-linear matter power spectra of the models\nin Sec. IV. Finally, we summarize and discuss our results\nin Sec. V.\nII. METHODOLOGY\nA. Phenomenological Model\nWe consider a phenomenological IDE model which\nhas been widely discussed [16]. In this model, the co-\nvariant description of the energy-momentum transfer be-\ntween DE and DM is given by\n5\u0016T\u0016\u0017\n(\u0015)=Q\u0017\n(\u0015); (1)\nwhereQ\u0017denotes the interaction between two dark com-\nponents and \u0015denotes either the DM or the DE sector.\nFor the whole system, the energy momentum conserva-tion still holds, satisfying\nX\n\u00155\u0016T\u0016\u0017\n(\u0015)= 0: (2)\nHere we work with the general stress-energy tensor\nT\u0016\u0017=\u001aU\u0016U\u0017+p(g\u0016\u0017+U\u0016U\u0017): (3)\nThe zero-component of Eq. (1) provides the background\nconservation equations for the energy densities of the\ndark sectors,\n\u001a0\nc+ 3H\u001ac=a2Q0\n(c)=Q; (4)\n\u001a0\nd+ 3H(1 +wd)\u001ad=\u0000a2Q0\n(d)=\u0000Q; (5)\nwhere the subscript \\c\" denotes DM and \\d\" denotes\nDE.His the Hubble function de\fned as H=a0=a,ais\nthe cosmic scale factor an",
        "page": 2,
        "link": "https://ui.adsabs.harvard.edu/link_gateway/2018PhRvD..98j3530Z/EPRINT_PDF",
        "title": "Fully selfconsistent cosmological simulation pipeline for interacting dark energy models"
    },
    "2018PhRvD..98j3530Z_page_2_chunk_4": {
        "text": "rk sectors,\n\u001a0\nc+ 3H\u001ac=a2Q0\n(c)=Q; (4)\n\u001a0\nd+ 3H(1 +wd)\u001ad=\u0000a2Q0\n(d)=\u0000Q; (5)\nwhere the subscript \\c\" denotes DM and \\d\" denotes\nDE.His the Hubble function de\fned as H=a0=a,ais\nthe cosmic scale factor and the prime is the derivative\nwith respect to the conformal time, and wd=pd=\u001adis\nthe constant equation of state for DE. Qrepresents the\ninteraction kernel, which is written as a linear combina-\ntion of the energy densities of dark sectors in the form of\nQ= 3\u00181H\u001ac+ 3\u00182H\u001ad, where\u00181and\u00182are free parame-\nters to be determined from observations. Q> 0 indicates\nthe energy \rows from DE to DM while Q< 0 signals the\nopposite. In Table I we list four phenomenological in-\nteracting models explored in this work. We study the\nconstant equation of state of DE in the phantom and\nquintessence regions, respectively, to ensure stable den-\nsity perturbations [21].\nTABLE I: Phenomenological interacting models\nModel Q w d\nI 3\u00182H\u001ad\u00001<wd<\u00001=3\nII 3\u00182H\u001adwd<\u00001\nIII 3\u00181H\u001acwd<\u00001\nIV 3\u0018H(\u001ac+\u001ad)wd<\u00001\nThe perturbed space-",
        "page": 2,
        "link": "https://ui.adsabs.harvard.edu/link_gateway/2018PhRvD..98j3530Z/EPRINT_PDF",
        "title": "Fully selfconsistent cosmological simulation pipeline for interacting dark energy models"
    },
    "2018PhRvD..98j3530Z_page_2_chunk_5": {
        "text": "ively, to ensure stable den-\nsity perturbations [21].\nTABLE I: Phenomenological interacting models\nModel Q w d\nI 3\u00182H\u001ad\u00001<wd<\u00001=3\nII 3\u00182H\u001adwd<\u00001\nIII 3\u00181H\u001acwd<\u00001\nIV 3\u0018H(\u001ac+\u001ad)wd<\u00001\nThe perturbed space-time is given by\nds2=a2(\u001c)[\u0000(1 + 2 )d\u001c2+ 2@iBd\u001cdxi\n+ (1 + 2\u001e)\u000eijdxidxj+DijEdxidxj];(6)\nwhere ,B,\u001e, andErepresent the scalar metric pertur-\nbations, and Dij= (@i@j\u00001\n3\u000eij)52.\nThe linear perturbation equations of IDE models\nwere derived in [21, 22]. The gauge invariant gravita-\ntional potentials, density contrast, and peculiar velocity",
        "page": 2,
        "link": "https://ui.adsabs.harvard.edu/link_gateway/2018PhRvD..98j3530Z/EPRINT_PDF",
        "title": "Fully selfconsistent cosmological simulation pipeline for interacting dark energy models"
    },
    "2018PhRvD..98j3530Z_page_3_chunk_1": {
        "text": "3\nare described as follows,\n\t = \u00001\nkH(B+E0\n2k)\u00001\nk(B0+E00\n2k); (7)\n\b =\u001e+1\n6E\u00001\nkH(B+E0\n2k); (8)\nD\u0015=\u000e\u0015\u0000\u001a0\n\u0015\n\u001a\u0015H(\u001e+E\n6); (9)\nV\u0015=v\u0015\u0000E0\n2k: (10)\nChoosing the Longitudinal gauge by de\fning E= 0,B=\n0, we have\n\t = ; (11)\n\b =\u001e; (12)\nD\u0015=\u000e\u0015\u0000\u001a0\n\u0015\n\u001a\u0015H\b; (13)\nV\u0015=v\u0015: (14)\nConsidering the phenomenological form of the energy\ntransfer between dark sectors de\fned above, we obtain\nthe general gauge invariant perturbation equations for\nDM and DE respectively,\nD0\nc=\u0000kUc+ 6H\t(\u00181+\u00182=r)\u00003(\u00181+\u00182=r)\b0\n+ 3H\u00182(Dd\u0000Dc)=r; (15a)\nU0\nc=\u0000HUc+k\t\u00003H(\u00181+\u00182=r)Uc;\nD0\nd=\u00003(C2\ne\u0000wd)Dd\u00009H2(C2\ne\u0000C2\na)Ud\nk\n+ [3w0\nd\u00009H(wd\u0000C2\ne)(\u00181r+\u00182+ 1 +wd)]\b\n+ 3(\u00181r+\u00182)\b0\u00003\tH(\u00181r+\u00182)\n\u00009H2(C2\ne\u0000C2\na)(\u0018ir+\u00182)Ud\n(1 +wd)k\n\u0000kUd+ 3H\u00181r(Dd\u0000Dc); (15b)\nU0\nd=\u0000H(1\u00003wd)Ud+ 3(C2\ne\u0000C2\na)HUd\n\u00003kC2\ne(\u00181r+\u00182+ 1 +wd)\b +kC2\neDd\n+ 3H(C2\ne\u0000C2\na)(\u00181r+\u00182)Ud\n1 +wd\n+ (1 +wd)k\t + 3H(\u00181r+\u00182)Ud;\nwhereU\u0015= (1 +w\u0015)V\u0015,C2\neis the e\u000bective sound speed\nof DE,C2\nais the adiabatic sound speed, and r=\u001ac=\u001adis\nthe energy density ratio of DM and DE.\nFrom the perturbed Einstein equati",
        "page": 3,
        "link": "https://ui.adsabs.harvard.edu/link_gateway/2018PhRvD..98j3530Z/EPRINT_PDF",
        "title": "Fully selfconsistent cosmological simulation pipeline for interacting dark energy models"
    },
    "2018PhRvD..98j3530Z_page_3_chunk_2": {
        "text": "wd)k\t + 3H(\u00181r+\u00182)Ud;\nwhereU\u0015= (1 +w\u0015)V\u0015,C2\neis the e\u000bective sound speed\nof DE,C2\nais the adiabatic sound speed, and r=\u001ac=\u001adis\nthe energy density ratio of DM and DE.\nFrom the perturbed Einstein equations, we can get\nthe Poisson equation in the subhorizon approximation\n[22]\n\u0000k2\t =3\n2H2[\nc4c+(1\u0000\nc)4d]; (16)\nwhere4\u0015=\u000e\u0015\u0000\u001a0\n\u0015\n\u001a\u0015V\u0015\nk, \n\u0015=\u001a\u0015\n\u001acrit, and\u001acritis the\ncritical density. This equation can be used to build thebridge between the matter perturbations and the metric\nperturbations. We can rewrite the Poisson equation in\nreal space as\n52\t =\u00003\n2H2[\nc4c+(1\u0000\nc)4d]: (17)\nThe second equation in (15a) can give the velocity per-\nturbation for DM of the form\nV0\nc+ [H+ 3H(\u00181+\u00182=r)]Vc\u0000k\t = 0: (18)\nCombining the Poisson equation (17), this equation can\nbe written in real space and in terms of the e\u000bective\ngravitational potential to give a modi\fed Euler equation\n5V0\nc+ [H+ 3H(\u00181+\u00182=r)]5Vc\n+3\n2H2[\nc4c+(1\u0000\nc)4d] = 0: (19)\nIt is clear from the above equation that due to the cou-\npling between dark secto",
        "page": 3,
        "link": "https://ui.adsabs.harvard.edu/link_gateway/2018PhRvD..98j3530Z/EPRINT_PDF",
        "title": "Fully selfconsistent cosmological simulation pipeline for interacting dark energy models"
    },
    "2018PhRvD..98j3530Z_page_3_chunk_3": {
        "text": "ve\ngravitational potential to give a modi\fed Euler equation\n5V0\nc+ [H+ 3H(\u00181+\u00182=r)]5Vc\n+3\n2H2[\nc4c+(1\u0000\nc)4d] = 0: (19)\nIt is clear from the above equation that due to the cou-\npling between dark sectors, the gravitational potential is\nmodi\fed and there is an additional acceleration for DM\nparticles.\nThe four phenomenological interacting models\nlisted in Table I were recently investigated by [23] to con-\nstrain them by employing recent observational data sets\nincluding CMB data from Planck 2015, Type Ia super-\nnovae (SNIa), baryon acoustic oscillations (BAO), Hub-\nble constant (H0). We use their numerical \ftting results\nas the input parameters for our simulations and investi-\ngate the e\u000bects of the interaction between dark sectors\non the structure formation by performing N-body simu-\nlations. We use the Planck 2015 parameters [24] for the\n\fducial \u0003CDM model to compare our results from the\nIDE models. The cosmological parameters we use in our\ncomputations are listed in Table II.\nB. Initi",
        "page": 3,
        "link": "https://ui.adsabs.harvard.edu/link_gateway/2018PhRvD..98j3530Z/EPRINT_PDF",
        "title": "Fully selfconsistent cosmological simulation pipeline for interacting dark energy models"
    },
    "2018PhRvD..98j3530Z_page_3_chunk_4": {
        "text": "s. We use the Planck 2015 parameters [24] for the\n\fducial \u0003CDM model to compare our results from the\nIDE models. The cosmological parameters we use in our\ncomputations are listed in Table II.\nB. Initial Condition\nWe use the capacity constrained Voronoi tessella-\ntion (CCVT) method, which is an alternative method to\nproduce a uniform and isotropic particle distribution, to\ngenerate pre-initial conditions [25]. In comparison to the\ngravitational equilibrium state (glass [26]), the CCVT\ncon\fguration is a geometrical equilibrium state, and is a\nmore natural choice for models that include forces other\nthan pure gravity. We use the open source code 2LPTic\n[27] to generate the initial condition for all our simula-\ntions. We have modi\fed 2LPTic such that it can read\nmatter power spectra generated by CAMB[28] at arbi-\ntrary redshifts. Additional modi\fcations were done such\nthat it can read the H(a) table and m(a) table shown",
        "page": 3,
        "link": "https://ui.adsabs.harvard.edu/link_gateway/2018PhRvD..98j3530Z/EPRINT_PDF",
        "title": "Fully selfconsistent cosmological simulation pipeline for interacting dark energy models"
    },
    "2018PhRvD..98j3530Z_page_3_chunk_5": {
        "text": "by CAMB[28] at arbi-\ntrary redshifts. Additional modi\fcations were done such\nthat it can read the H(a) table and m(a) table shown",
        "page": 3,
        "link": "https://ui.adsabs.harvard.edu/link_gateway/2018PhRvD..98j3530Z/EPRINT_PDF",
        "title": "Fully selfconsistent cosmological simulation pipeline for interacting dark energy models"
    },
    "2018PhRvD..98j3530Z_page_4_chunk_1": {
        "text": "4\nTABLE II: Cosmological parameters (PBSH=Planck+BAO+SNIa+H0)\nIDE I IDE II IDE III IDE IV \u0003CDM\nParameter Planck PBSH Planck PBSH Planck PBSH Planck PBSH Planck\n\nbh20.0222 0.02223 0.02225 0.02224 0.02235 0.02228 0.02235 0.02228 0.02225\n\nch20.07131 0.0792 0.1334 0.1351 0.1236 0.1216 0.124 0.1218 0.1198\n100\u0012MC 1.044 1.043 1.04 1.04 1.041 1.041 1.041 1.041 1.04077\n\u001c 0.08063 0.08204 0.07653 0.081 0.07051 0.07728 0.07043 0.07709 0.079\nln(1010As) 3.097 3.099 3.088 3.097 3.074 3.088 3.073 3.087 3.094\nns 0.9633 0.9645 0.9638 0.9643 0.9608 0.9624 0.9609 0.9624 0.9645\nwd -0.9031 -0.9191 -1.55 -1.088 -1.702 -1.104 -1.691 -1.105 -1\n\u00181 { { { { 0.001458 0.0007127 0.001416 0.000735 {\n\u00182 -0.1297 -0.1107 0.03884 0.05219 { { 0.001416 0.000735 {\nH0 68.1 68.18 83.88 68.35 84.91 68.91 84.63 68.88 67.27\n\nm 0.2101 0.2204 0.2312 0.3384 0.212 0.3045 0.2141 0.3053 0.3156\nin Fig. 4. As IDE models modify the Hubble diagram\nand matter density, this modi\fcation allows the code to\nuse a consistent second-order Lagran",
        "page": 4,
        "link": "https://ui.adsabs.harvard.edu/link_gateway/2018PhRvD..98j3530Z/EPRINT_PDF",
        "title": "Fully selfconsistent cosmological simulation pipeline for interacting dark energy models"
    },
    "2018PhRvD..98j3530Z_page_4_chunk_2": {
        "text": "1 0.2204 0.2312 0.3384 0.212 0.3045 0.2141 0.3053 0.3156\nin Fig. 4. As IDE models modify the Hubble diagram\nand matter density, this modi\fcation allows the code to\nuse a consistent second-order Lagrangian Perturbation\nTheory.\nIn 2LPTic [27], the second-order Lagrangian Per-\nturbation Theory is applied following the equation de-\nscribing the position displacement,\nx(q) =q+rq\t(1)+rq\t(2); (20)\nwhere \t(1)and \t(2)are \frst and second order displace-\nment \feld, respectively. The velocity displacement is\ngiven by\nv(q) =f1Hrq\t(1)+f2Hrq\t(2); (21)\nwhere\nf1=dln(D1)\ndlna;f2=dln(D2)\ndlna: (22)\nWe know \n mandHin IDE models are di\u000berent from\nthose in the \u0003CDM model. In the original 2LPTic code,\nf1\u0019\n3=5\nmandf2\u00192\n4=7\nmare calculated from the \u0003CDM\nmodel [29, 30]. We modi\fed 2LPTic code such that it\ncan read in the values of f1,f2, \nm, andHat arbitrary\nredshift calculated by the modi\fed CAMB for our IDE\nmodels [23]. However, at high redshift such as z= 49 as\nused in our simulations, we \fnd that f1\u0019\n3=5\nma",
        "page": 4,
        "link": "https://ui.adsabs.harvard.edu/link_gateway/2018PhRvD..98j3530Z/EPRINT_PDF",
        "title": "Fully selfconsistent cosmological simulation pipeline for interacting dark energy models"
    },
    "2018PhRvD..98j3530Z_page_4_chunk_3": {
        "text": "in the values of f1,f2, \nm, andHat arbitrary\nredshift calculated by the modi\fed CAMB for our IDE\nmodels [23]. However, at high redshift such as z= 49 as\nused in our simulations, we \fnd that f1\u0019\n3=5\nmandf2\u0019\n2\n4=7\nmare very good approximations even for our IDE\nmodels. Thus for simplicity, we use this approximation\nto calculate f1andf2instead of using the results from\nthe modi\fed CAMB. We note however, that values of f1\nandf2calculated from the modi\fed CAMB can be easily\nused in our simulations.\nC. ME-Gadget Code\nIn order to study the IDE models, there are four\nmodi\fcations required in the cosmological simulationscompared to the \u0003CDM simulations [19, 20]. First of all,\nsince the expansion of the universe is di\u000berent in IDE\nmodels, the Hubble diagram H(a) should be explicitly\ngiven. Secondly, because of the energy \row between DM\nand DE, the mass of the simulation particles m(a), which\nrepresents the DM energy density, should be changed as\na function of scale factor. Thirdly, the DM particl",
        "page": 4,
        "link": "https://ui.adsabs.harvard.edu/link_gateway/2018PhRvD..98j3530Z/EPRINT_PDF",
        "title": "Fully selfconsistent cosmological simulation pipeline for interacting dark energy models"
    },
    "2018PhRvD..98j3530Z_page_4_chunk_4": {
        "text": "because of the energy \row between DM\nand DE, the mass of the simulation particles m(a), which\nrepresents the DM energy density, should be changed as\na function of scale factor. Thirdly, the DM particles in\nthe simulation will receive an additional acceleration pro-\nportional to its velocity av=\u000b(a)v, where\n\u000b(a) =\u00003H(\u00181+\u00182=r)a: (23)\nCompared to Eq.(19), there is an additional minus sign\nand scale factor a, which come from the coordinate trans-\nformation [19]. avis referred to as the dragging force or\nfriction term, although it is not necessarily slowing down\nthe particles.\nFinally, the gravitational constant Gis di\u000berent\nfrom \u0003CDM model. As a result, the DM particles in the\nsimulations will experience an additional force, which is\nalso called the \ffth force. In fact, from Eq. (16), we\ncan see that the \ffth force is caused by the perturbation\nof DE. Therefore, the \ffth force is a modi\fcation to the\nPoisson equation in harmonic space \u0000k2\t =3\n2H2\nc4c\n(1 +\f(a;k)), where\f(a;k) = (1\u0000\nc)4d=\nc4",
        "page": 4,
        "link": "https://ui.adsabs.harvard.edu/link_gateway/2018PhRvD..98j3530Z/EPRINT_PDF",
        "title": "Fully selfconsistent cosmological simulation pipeline for interacting dark energy models"
    },
    "2018PhRvD..98j3530Z_page_4_chunk_5": {
        "text": "ee that the \ffth force is caused by the perturbation\nof DE. Therefore, the \ffth force is a modi\fcation to the\nPoisson equation in harmonic space \u0000k2\t =3\n2H2\nc4c\n(1 +\f(a;k)), where\f(a;k) = (1\u0000\nc)4d=\nc4c. In\n[19, 20],\f(a;k) was simpli\fed to be a constant. This\nhowever, is not accurate enough for capturing the dis-\ntributions of DE and DM. In contrast, we use \f(a;k)\nas a two-dimensional function, which is calculated by\nthe modi\fed CAMB. We applied the above four modi-\n\fcations in the original N-body simulation code Gadget2\n[31], and named it ME-Gadget.\nIn order to implement the four modi\fcations in\nH(a);m(a);\u000b(a);and\f(a;k), we \frst make tables at dis-\ncrete values of aandk. We use one dimensional cubic in-\nterpolation for H(a);m(a) and\u000b(a), two dimensional bi-\nlinear interpolation for \f(a;k). At every time step, H(a)\nis used to calculate the length of the time step, m(a) is",
        "page": 4,
        "link": "https://ui.adsabs.harvard.edu/link_gateway/2018PhRvD..98j3530Z/EPRINT_PDF",
        "title": "Fully selfconsistent cosmological simulation pipeline for interacting dark energy models"
    },
    "2018PhRvD..98j3530Z_page_4_chunk_6": {
        "text": " At every time step, H(a)\nis used to calculate the length of the time step, m(a) is",
        "page": 4,
        "link": "https://ui.adsabs.harvard.edu/link_gateway/2018PhRvD..98j3530Z/EPRINT_PDF",
        "title": "Fully selfconsistent cosmological simulation pipeline for interacting dark energy models"
    },
    "2018PhRvD..98j3530Z_page_5_chunk_1": {
        "text": "5\nused to update the mass of the simulation particle, and\n\u000b(a) is used to update the velocity of the simulation par-\nticle together with the acceleration from gravity.\nThe use of \f(a;k) in our code is explained below\nin detail. In every time step, when the code calculates\nthe particle-mesh gravity force, it will perform Fourier\ntransform and solve the Poisson equation in harmonic\nspace. At this time, the gravitational potential \feld in\nharmonic space is calculated. \f(a;k) is used to mod-\nify this gravitational potential \feld according to aand\nk. We assume that the DE perturbation is only e\u000bective\nat large scales, and thus at small scales, gravity follows\nthe normal Poisson equation. Therefore, only modifying\nthe particle-mesh gravity solver, which solves the grav-\nity in long range part, is accurate enough. By the same\nargument, the \f(a;k) we adopted in the simulation is\ncalculated by our modi\fed CAMB. \f(a;k) is the ratio\nbetween the linear perturbation of DE and the linear per-\nturbat",
        "page": 5,
        "link": "https://ui.adsabs.harvard.edu/link_gateway/2018PhRvD..98j3530Z/EPRINT_PDF",
        "title": "Fully selfconsistent cosmological simulation pipeline for interacting dark energy models"
    },
    "2018PhRvD..98j3530Z_page_5_chunk_2": {
        "text": "s accurate enough. By the same\nargument, the \f(a;k) we adopted in the simulation is\ncalculated by our modi\fed CAMB. \f(a;k) is the ratio\nbetween the linear perturbation of DE and the linear per-\nturbation of DM. This treatment is di\u000berent from [19, 20].\nAlthough, the linear calculated DE perturbation has lim-\nitations, we use it here for lack of better choice. Besides,\nthe e\u000bect of \f(a;k) is minor compared to m(a) and\u000b(a).\nThe lowest panels of Fig. 4 show the values of \f(a;k) at\na= 1 as a function of kfor linear perturbations. We\ncan see clearly that the argument that DE perturbation\nis only e\u000bective at large scales is correct, and it is orders\nof magnitude smaller than DM perturbation. Gadget2\ncode calculates the gravitational force using the tree al-\ngorithm at short range. The tree force part however, is\nnot modi\fed since it solves the short range force in our\ncode. We have tested that loading the data from the ta-\nbles and performing interpolations do not a\u000bect the code\ne\u000eciency sig",
        "page": 5,
        "link": "https://ui.adsabs.harvard.edu/link_gateway/2018PhRvD..98j3530Z/EPRINT_PDF",
        "title": "Fully selfconsistent cosmological simulation pipeline for interacting dark energy models"
    },
    "2018PhRvD..98j3530Z_page_5_chunk_3": {
        "text": " part however, is\nnot modi\fed since it solves the short range force in our\ncode. We have tested that loading the data from the ta-\nbles and performing interpolations do not a\u000bect the code\ne\u000eciency signi\fcantly. For the same resolution and box\nsize, a \u0003CDM simulation and an IDE simulation cost al-\nmost the same time with the same number of CPU cores.\nWe note that our code can also easily handle other non-\nstandard cosmological models by simply modifying the\ninput tables.\nIII. SIMULATION\nA. Simulation Sets\nWe have run three di\u000berent series of simulations\nthat include comparison test runs, convergence test runs,\nand scienti\fc runs.\nFor the comparison test runs, we simulate mod-\nels studied by Ref. [20] using our code and compare the\nresults. Comparing the non-linear power spectrum at\nz= 0, we \fnd that our results are consistent. These runsTABLE III: Simulations for convergence tests\nName Box size/ h\u00001MpcNparticles PMGRID\nPM128 400 2563128\nPM256 400 2563256\nPM512 400 2563512\nBOX 800 512351",
        "page": 5,
        "link": "https://ui.adsabs.harvard.edu/link_gateway/2018PhRvD..98j3530Z/EPRINT_PDF",
        "title": "Fully selfconsistent cosmological simulation pipeline for interacting dark energy models"
    },
    "2018PhRvD..98j3530Z_page_5_chunk_4": {
        "text": " \fnd that our results are consistent. These runsTABLE III: Simulations for convergence tests\nName Box size/ h\u00001MpcNparticles PMGRID\nPM128 400 2563128\nPM256 400 2563256\nPM512 400 2563512\nBOX 800 5123512\nRES 400 5123256\nare named as S0; S1; S2; S3; S4;andS6 following the\nnaming convention in Ref.[20].\nFor the convergence test runs, we study the e\u000bects\nof the number of grids, the box size, and the resolution.\nThe e\u000bect of number of grids on the \fnal results needs\nto be tested for three reasons; a) we need to make sure\nwhether neglecting the modi\fcation of short-range force\nis a valid choice, b) whether assuming DE perturbation is\ne\u000bective only at long range, is reasonable, c) the number\nof grids is su\u000ecient to capture the large scale structure we\nwould like to examine. Along with the number of grids,\nwe checked the usual e\u000bects of changing box size and res-\nolution. This is done to check the systematic uncertainty\nof the simulations. In addition, it will be useful for fu-\nture studies wit",
        "page": 5,
        "link": "https://ui.adsabs.harvard.edu/link_gateway/2018PhRvD..98j3530Z/EPRINT_PDF",
        "title": "Fully selfconsistent cosmological simulation pipeline for interacting dark energy models"
    },
    "2018PhRvD..98j3530Z_page_5_chunk_5": {
        "text": "f grids,\nwe checked the usual e\u000bects of changing box size and res-\nolution. This is done to check the systematic uncertainty\nof the simulations. In addition, it will be useful for fu-\nture studies with di\u000berent box size and resolution. Thus,\nwe perform convergence test runs and compare the non-\nlinear power spectrum and halo mass function measured\nfrom simulations with di\u000berent number of mesh grids,\nbox sizes and resolution. The names and parameters of\nthe simulations for convergence tests are summarized in\nTable III.\nWe perform the scienti\fc runs using the parame-\nters constrained by Planck CMB observation only and\nthe combined Planck+BAO+SNIa+H0 constraints ob-\ntained in [23]. In all these runs, we use a box size of\n400h\u00001Mpc, 2563particles, and 256 mesh grids per di-\nmension. The parameters we used are summarized in\nTable II.\nB. Comparison Test\nWe have used the same model and the same pa-\nrameters as [20] to test the performance of the ME-\nGadget code. We have performed S0, S1, S2, ",
        "page": 5,
        "link": "https://ui.adsabs.harvard.edu/link_gateway/2018PhRvD..98j3530Z/EPRINT_PDF",
        "title": "Fully selfconsistent cosmological simulation pipeline for interacting dark energy models"
    },
    "2018PhRvD..98j3530Z_page_5_chunk_6": {
        "text": "ters we used are summarized in\nTable II.\nB. Comparison Test\nWe have used the same model and the same pa-\nrameters as [20] to test the performance of the ME-\nGadget code. We have performed S0, S1, S2, S3, S4 and\nS6 simulations described in [20]. As shown in Fig. 1, we\n\fnd that our simulation results are consistent with [20]\nqualitatively for all the simulations including S1, which\nincorporates all the modi\fcations. Comparing S1 and S2,\nwe can see that modi\fed Hubble diagram suppresses the\nmatter power spectrum at all scales. Comparing S1 and",
        "page": 5,
        "link": "https://ui.adsabs.harvard.edu/link_gateway/2018PhRvD..98j3530Z/EPRINT_PDF",
        "title": "Fully selfconsistent cosmological simulation pipeline for interacting dark energy models"
    },
    "2018PhRvD..98j3530Z_page_6_chunk_1": {
        "text": "6\n100101102103104Pk(Mpc3h3)\nS0)CDM\nS1)Full simulation\nS2)No EDE\nS3)No 5th force\nS4)No friction term\nS6)mc=mc(0)\n101\n100101\nk(hMpc1)\n101\n100101Pk/PkCDM\nBaldi et al.\nFIG. 1: The matter power spectra at z= 0 measured from\nour simulations. S0, S1, S2, S3, S4 and S6 share the same\nconvention in [20]. The upper panel plots the power spectra\nfrom di\u000berent simulations, and the lower panel gives their ra-\ntios with respect to the \u0003CDM one. The solid lines present\nour simulation results, while the dashed lines show those from\n[20]. Qualitatively, our results are consistent with [20]. No-\ntice that the red lines represent the \fnal comparison of our\nsimulation with [20], which are quite similar.\nS3, it is clear that modi\fed \ffth force, or the DE pertur-\nbation enhances the matter power spectrum at all scales.\nComparing S1 and S4, we can see that modi\fed velocity\ndependent acceleration (friction term or dragging force)\nsuppresses the matter power spectrum mainly at small\nscales. Finally, comparing ",
        "page": 6,
        "link": "https://ui.adsabs.harvard.edu/link_gateway/2018PhRvD..98j3530Z/EPRINT_PDF",
        "title": "Fully selfconsistent cosmological simulation pipeline for interacting dark energy models"
    },
    "2018PhRvD..98j3530Z_page_6_chunk_2": {
        "text": " scales.\nComparing S1 and S4, we can see that modi\fed velocity\ndependent acceleration (friction term or dragging force)\nsuppresses the matter power spectrum mainly at small\nscales. Finally, comparing S1 and S6, it is clear that\nmodi\fed simulation particle mass enhances the matter\npower spectrum at all scales.\nWe have also tested that with further modi\fca-\ntions of the tree force as [20] i.e., change the gravitational\nconstant when computing the gravitational force in the\ntree algorithm. The di\u000berence is negligible at large scales\n(<1%) and is also not very signi\fcant at small scales\n(\u00185%). However, we do not plot the results of this tree\nforce modifying test in Fig. 1 for a better illustration.\nEven though our results qualitatively agree with\n[20], quantitatively, they are not exactly the same. The\nmain reason is that our simulations are N-body simula-\ntions without gas, while [20] also included gas hydrody-\nnamics. However the qualitatively agreement is su\u000ecient\nto con\frm that our imp",
        "page": 6,
        "link": "https://ui.adsabs.harvard.edu/link_gateway/2018PhRvD..98j3530Z/EPRINT_PDF",
        "title": "Fully selfconsistent cosmological simulation pipeline for interacting dark energy models"
    },
    "2018PhRvD..98j3530Z_page_6_chunk_3": {
        "text": "same. The\nmain reason is that our simulations are N-body simula-\ntions without gas, while [20] also included gas hydrody-\nnamics. However the qualitatively agreement is su\u000ecient\nto con\frm that our implementation of the algorithm pro-posed in [19] is correct. We stress that comparing the\nquantitative results is not the main purpose of this work,\nand studying the e\u000bect of gas is beyond the scope of this\npaper.\nC. Convergence Test\nIn this section, we show that it is reasonable to\nmodify the particle-mesh gravity only, and our code can\nbe extended self-consistently to larger box sizes or higher\nresolutions. The simulations we performed for these tests\nuse the parameters of Model I PBSH set listed in Ta-\nble II. This set of parameters has the largest interaction\nstrength among all four models, and consequently leads\nto the largest deviation from \u0003CDM. As shown in Fig. 2,\nchanging the number of grids a\u000bects the non-linear mat-\nter power spectrum at z= 0 by at most 1%. The mod-\ni\fcation of pa",
        "page": 6,
        "link": "https://ui.adsabs.harvard.edu/link_gateway/2018PhRvD..98j3530Z/EPRINT_PDF",
        "title": "Fully selfconsistent cosmological simulation pipeline for interacting dark energy models"
    },
    "2018PhRvD..98j3530Z_page_6_chunk_4": {
        "text": "and consequently leads\nto the largest deviation from \u0003CDM. As shown in Fig. 2,\nchanging the number of grids a\u000bects the non-linear mat-\nter power spectrum at z= 0 by at most 1%. The mod-\ni\fcation of particle-mesh gravity on the grids represents\nthe DE perturbation. We \fnd that the in\ruence of num-\nber of grids is minor as long as the number is enough for\ncapturing the DE perturbation at large scales. We note\nthat an accuracy of .1% has been found to be su\u000ecient\nfor the next generation surveys [32].\nThe box size mainly a\u000bects the power spectrum at\nlarge scales. As we can see from Fig. 2, the di\u000berence\nis mainly caused by the cosmic variance. On the other\nhand, the resolution mainly a\u000bects the power spectrum\nclose to the Nyquist limit at small scales. The e\u000bects\nof box size and resolution only introduce .5% di\u000ber-\nence in the range we are interested i.e., k < 1hMpc\u00001.\nFigure 3 shows the halo mass functions at z= 0 for\ndi\u000berent convergence test runs. It is clear that the res-\nolution plays",
        "page": 6,
        "link": "https://ui.adsabs.harvard.edu/link_gateway/2018PhRvD..98j3530Z/EPRINT_PDF",
        "title": "Fully selfconsistent cosmological simulation pipeline for interacting dark energy models"
    },
    "2018PhRvD..98j3530Z_page_6_chunk_5": {
        "text": "y introduce .5% di\u000ber-\nence in the range we are interested i.e., k < 1hMpc\u00001.\nFigure 3 shows the halo mass functions at z= 0 for\ndi\u000berent convergence test runs. It is clear that the res-\nolution plays an important role in the halo mass func-\ntion at the low mass end. For halos with more than 500\nparticles however, such e\u000bect is negligible. Since we use\n\fnite number of particles to represent the dark matter\n\ruid and trace the evolution, the corresponding system-\natic bias is inevitable. We \fnd that this bias is consistent\nwith the \u0003CDM simulations with Gadget2 as discussed\nin [32]. Thus the systematic uncertainty in our code is\nat the same level as the original Gadget2 code. There-\nfore, we are con\fdent about our simulation results. In\nthe scienti\fc runs, we use 2563particles and 256 grids\nper dimension within a 400 h\u00001Mpc box. This choice of\nparameters passes the convergence test and is a balance\nbetween accuracy and computation costs. In addition,\nwe conclude that our code is accurate",
        "page": 6,
        "link": "https://ui.adsabs.harvard.edu/link_gateway/2018PhRvD..98j3530Z/EPRINT_PDF",
        "title": "Fully selfconsistent cosmological simulation pipeline for interacting dark energy models"
    },
    "2018PhRvD..98j3530Z_page_6_chunk_6": {
        "text": "per dimension within a 400 h\u00001Mpc box. This choice of\nparameters passes the convergence test and is a balance\nbetween accuracy and computation costs. In addition,\nwe conclude that our code is accurate and e\u000ecient to be\nfurther extended to future larger simulations.",
        "page": 6,
        "link": "https://ui.adsabs.harvard.edu/link_gateway/2018PhRvD..98j3530Z/EPRINT_PDF",
        "title": "Fully selfconsistent cosmological simulation pipeline for interacting dark energy models"
    },
    "2018PhRvD..98j3530Z_page_7_chunk_1": {
        "text": "7\n102\n101\n100\nk(hMpc1)\n0.850.900.951.001.051.10Pk/PkPM256\nPM128\nPM512\nBOX\nRES\nFIG. 2: Ratios of matter power spectra with respect to that\nof the PM256 simulation for the convergence runs at z= 0.\nThe blue (yellow, green, red) line shows the results from the\nPM128 (PM512, BOX, RES) run. The black dashed lines\nshow the box size limit and resolution limit of our PM128,\nPM256, PM256 and RES simulations. The green dashed line\nshows the resolution limit of our BOX simulation. The di\u000ber-\nence between di\u000berent number of grids is within 1%, which is\naccurate enough. The number of grids has negligible e\u000bects\non our ME-Gadget code. The box size e\u000bect and resolution\ne\u000bect are<5% in our interested scale k < 1hMpc\u00001. The\ncosmic variance is the major reason of the di\u000berence between\nBOX and other runs, so we shaded the krange close to the\nbox size limit, where the di\u000berence is not due to simulation\nitself. The simulation setting of PM256 is enough for us to\ncapture the physical insights from the non-l",
        "page": 7,
        "link": "https://ui.adsabs.harvard.edu/link_gateway/2018PhRvD..98j3530Z/EPRINT_PDF",
        "title": "Fully selfconsistent cosmological simulation pipeline for interacting dark energy models"
    },
    "2018PhRvD..98j3530Z_page_7_chunk_2": {
        "text": " we shaded the krange close to the\nbox size limit, where the di\u000berence is not due to simulation\nitself. The simulation setting of PM256 is enough for us to\ncapture the physical insights from the non-linear evolution of\nthe large scale structure.\nIV. RESULTS\nWe have performed nine sets of scienti\fc simu-\nlations that can be classi\fed into three groups; a) one\nrun for \u0003CDM model, b) four runs for IDE models con-\nstrained by Planck alone (PC here after), c) four runs\nfor IDE models constrained by Planck+Bao+SNIa+H0\n(FC here after). From Table II, we can see that in IDE I,\nthe interaction parameter \u00182is constrained to be smaller\nthan zero. It means in IDE I, energy is transferred from\nDM to DE. In IDE II, III and IV, the interaction param-\neters are all constrained to be larger than zero, which\nmeans that there is energy \row from DE to DM.\nDue to lack of N-body simulation for IDE mod-\n10131014\nM(h1M)\n107\n106\n105\n104\ndn/dlog(M)(h3Mpc3)\nPM128\nPM256\nPM512\nBOX\nRESFIG. 3: Halo mass function of ",
        "page": 7,
        "link": "https://ui.adsabs.harvard.edu/link_gateway/2018PhRvD..98j3530Z/EPRINT_PDF",
        "title": "Fully selfconsistent cosmological simulation pipeline for interacting dark energy models"
    },
    "2018PhRvD..98j3530Z_page_7_chunk_3": {
        "text": "h\nmeans that there is energy \row from DE to DM.\nDue to lack of N-body simulation for IDE mod-\n10131014\nM(h1M)\n107\n106\n105\n104\ndn/dlog(M)(h3Mpc3)\nPM128\nPM256\nPM512\nBOX\nRESFIG. 3: Halo mass function of the convergence test results.\nGreen (Black) dashed line shows the halo with 200 (500) par-\nticles. Resolution plays a major role in halos with particles\nless than 500, but not signi\fcant for halos with particles more\nthan 500.\nels, an initial attempt to get the low redshift non-linear\nmatter power spectrum was proposed in [15]. This was\ndone by adding the non-linear correction, so-called halo\ft\n[33], onto the linear matter power spectrum in IDE mod-\nels. This is an approximate treatment, since it is only\ntrue when the IDE model does not deviate much from\nthe \u0003CDM model. Because the halo\ft is an empirical\n\ft to \u0003CDM model N-body simulations, it cannot be\ndirectly applied to IDE models, especially when the in-\nteraction parameter is large enough. Fully self-consistent\nsimulation pipeline is ",
        "page": 7,
        "link": "https://ui.adsabs.harvard.edu/link_gateway/2018PhRvD..98j3530Z/EPRINT_PDF",
        "title": "Fully selfconsistent cosmological simulation pipeline for interacting dark energy models"
    },
    "2018PhRvD..98j3530Z_page_7_chunk_4": {
        "text": "n empirical\n\ft to \u0003CDM model N-body simulations, it cannot be\ndirectly applied to IDE models, especially when the in-\nteraction parameter is large enough. Fully self-consistent\nsimulation pipeline is called for to explore the physics on\nnon-linear structure formation when there is interaction\nbetween dark sectors at low redshifts.\nWe plot the interpolation tables used in the simu-\nlations in Fig. 4. We notice that IDE I and IDE II models\nare di\u000berent from \u0003CDM both in FC parameter sets and\nPC parameter sets. Comparing with the \u0003CDM model,\nit is clear that the particle masses in IDE I (IDE II) get\nlower (higher), while the velocity dependent accelerations\nget larger (smaller) quickly at low redshifts. These dif-\nferences are caused by the energy \row from DM to DE\nin IDE I (DE to DM in IDE II) which increases sharply\nat low redshifts. Thus, we expect to see signi\fcant di\u000ber-\nences in large scale structures at low redshifts in IDE I\nand IDE II simulations.",
        "page": 7,
        "link": "https://ui.adsabs.harvard.edu/link_gateway/2018PhRvD..98j3530Z/EPRINT_PDF",
        "title": "Fully selfconsistent cosmological simulation pipeline for interacting dark energy models"
    },
    "2018PhRvD..98j3530Z_page_7_chunk_5": {
        "text": "I) which increases sharply\nat low redshifts. Thus, we expect to see signi\fcant di\u000ber-\nences in large scale structures at low redshifts in IDE I\nand IDE II simulations.",
        "page": 7,
        "link": "https://ui.adsabs.harvard.edu/link_gateway/2018PhRvD..98j3530Z/EPRINT_PDF",
        "title": "Fully selfconsistent cosmological simulation pipeline for interacting dark energy models"
    },
    "2018PhRvD..98j3530Z_page_8_chunk_1": {
        "text": "8\n103\n102\n101\n100101\nk(hMpc1)\n0.50.71.02.03.0PIDE/PLCDMIDE_I_Planck\nIDE_II_Planck\nIDE_III_Planck\nIDE_IV_Planck\n103\n102\n101\n100101\nk(hMpc1)\n0.50.71.01.3PIDE/PLCDM\nIDE_I_Full\nIDE_II_Full\nIDE_III_Full\nIDE_IV_Full\n102\n101\n100\na0.70.80.91.01.11.21.3(HIDE/H0IDE)/(HLCDM/H0LCDM) IDE_I_Planck\nIDE_II_Planck\nIDE_III_Planck\nIDE_IV_Planck\n102\n101\n100\na0.970.980.991.001.01(HIDE/H0IDE)/(HLCDM/H0LCDM) IDE_I_Full\nIDE_II_Full\nIDE_III_Full\nIDE_IV_Full\n102\n101\n100\na0.600.650.700.750.800.850.900.951.00mIDE/mLCDM IDE_I_Planck\nIDE_II_Planck\nIDE_III_Planck\nIDE_IV_Planck\n102\n101\n100\na0.60.70.80.91.01.1mIDE/mLCDM\nIDE_I_Full\nIDE_II_Full\nIDE_III_Full\nIDE_IV_Full\n102\n101\n100\na0.05\n0.000.050.100.150.20(Gyr1)\nIDE_I_Planck\nIDE_II_Planck\nIDE_III_Planck\nIDE_IV_Planck\nLCDM\n102\n101\n100\na0.05\n0.000.050.100.150.20(Gyr1)\nIDE_I_Full\nIDE_II_Full\nIDE_III_Full\nIDE_IV_Full\nLCDM\n103\n102\n101\n100101\nk(hMpc1)\n108\n107\n106\n105\n104\n103\n102\n101\n100|(a=1)|\nIDE_I_Planck\nIDE_II_Planck\nIDE_III_Planck\nIDE_IV_Planck\n103\n102\n101\n100101\nk(hMpc1",
        "page": 8,
        "link": "https://ui.adsabs.harvard.edu/link_gateway/2018PhRvD..98j3530Z/EPRINT_PDF",
        "title": "Fully selfconsistent cosmological simulation pipeline for interacting dark energy models"
    },
    "2018PhRvD..98j3530Z_page_8_chunk_2": {
        "text": "Full\nIDE_II_Full\nIDE_III_Full\nIDE_IV_Full\nLCDM\n103\n102\n101\n100101\nk(hMpc1)\n108\n107\n106\n105\n104\n103\n102\n101\n100|(a=1)|\nIDE_I_Planck\nIDE_II_Planck\nIDE_III_Planck\nIDE_IV_Planck\n103\n102\n101\n100101\nk(hMpc1)\n109\n108\n107\n106\n105\n104\n103\n102\n101\n|(a=1)|\nIDE_I_Full\nIDE_II_Full\nIDE_III_Full\nIDE_IV_Full\nFIG. 4: Interpolation tables we used in the simulations. PC simulations are shown on the left while FC simulations are given\non the right. From top to bottom, they are initial matter power spectrum ratio between IDE models and the \u0003CDM model\n(denote as LCDM in the plot) at z= 49, H/H0 ratio, simulation particle mass ratio, drag force \u000b(a) and \ffth force \f(a= 1;k).\nTogether with ME-Gadget code and these tables, one can reproduce all the scienti\fc simulations we have shown in this paper.",
        "page": 8,
        "link": "https://ui.adsabs.harvard.edu/link_gateway/2018PhRvD..98j3530Z/EPRINT_PDF",
        "title": "Fully selfconsistent cosmological simulation pipeline for interacting dark energy models"
    },
    "2018PhRvD..98j3530Z_page_9_chunk_1": {
        "text": "9\n01234y(100h1Mpc)\nCDM (z=1)\n CDM (z=0)\n0 1 2 3 4\nx(100h1Mpc)\n01234y(100h1Mpc)\nIDE_I (z=1)\n0 1 2 3 4\nx(100h1Mpc)\nIDE_I (z=0)\n06001200180024003000\ndm(1010MhMpc2)\nFIG. 5: Density distribution comparison between FC IDE I\nsimulation and \u0003CDM simulation. Upper left (right) panel\nshows the density distribution of \u0003CDM simulation at z= 1\n(z= 0.) Lower left (right) panel shows the density distribu-\ntion of FC IDE I simulation at z= 1 (z= 0). The density\ndistribution is plotted over a slice of the simulation box with\n10h\u00001Mpc thick. The color denotes the surface density in\n1010hM\fMpc\u00002. There is no signi\fcant di\u000berence at z= 1,\nbut obviously, IDE I becomes less dense at z= 0 due to the\ntransfer from dark matter to dark energy.\nA. Density Field\nFigure 5 shows the projected matter density dis-\ntribution in a slice with a thickness of 10 h\u00001Mpc. Com-\nparing the FC IDE I simulation and the \u0003CDM model,\nit is clear that IDE I structure is less dense than that in\nthe \u0003CDM. This is caused by the quick ",
        "page": 9,
        "link": "https://ui.adsabs.harvard.edu/link_gateway/2018PhRvD..98j3530Z/EPRINT_PDF",
        "title": "Fully selfconsistent cosmological simulation pipeline for interacting dark energy models"
    },
    "2018PhRvD..98j3530Z_page_9_chunk_2": {
        "text": "ion in a slice with a thickness of 10 h\u00001Mpc. Com-\nparing the FC IDE I simulation and the \u0003CDM model,\nit is clear that IDE I structure is less dense than that in\nthe \u0003CDM. This is caused by the quick \row of energy\nfrom DM to DE at low redshifts. The speed of the energy\n\row in IDE I is proportional to the DE average density,\nwhich decreases very slowly ( /\u0018a\u00000:3) compared to that\nof DM (/a\u00003). Thus, DM \rowing into DE accelerates\nin terms of scale factor, when the universe becomes DE\ndominated at low redshifts.\nWe show DM and DE density distributions for four\nPC simulations in Fig. 6 and FC simulations in Fig. 7.\nThe DM density distributions at large scale are similar for\nall four IDE models. Although the DE distribution is not\nhomogeneous, its perturbation is much smaller than that\nof the DM, which is consistent with the linear investiga-\ntions [34]. The contours in Fig. 6 and Fig. 7 showing the\n01234y(100h1Mpc)\nIDE_I\n IDE_II\n0 1 2 3 4\nx(100h1Mpc)\n01234y(100h1Mpc)\nIDE_III\n0 1 2 3 4\nx(10",
        "page": 9,
        "link": "https://ui.adsabs.harvard.edu/link_gateway/2018PhRvD..98j3530Z/EPRINT_PDF",
        "title": "Fully selfconsistent cosmological simulation pipeline for interacting dark energy models"
    },
    "2018PhRvD..98j3530Z_page_9_chunk_3": {
        "text": "M, which is consistent with the linear investiga-\ntions [34]. The contours in Fig. 6 and Fig. 7 showing the\n01234y(100h1Mpc)\nIDE_I\n IDE_II\n0 1 2 3 4\nx(100h1Mpc)\n01234y(100h1Mpc)\nIDE_III\n0 1 2 3 4\nx(100h1Mpc)\nIDE_IV\n06001200180024003000\ndm(1010MhMpc2)\nFIG. 6: The dark matter density distributions are shown in\nreddish colors and the dark energy distributions are shown\nin the contours for four PC simulations. The colors of the\ncontour represent the DE density, blue (green) contours rep-\nresent low (high) DE density. The DM density distribution\nshare the same scale and unit with Fig. 5, the dark energy\ncontour is in arbitrary unit, but the same for these four plots,\njust to illustrate that the dark energy perturbation is only\ne\u000bective on large scales.\nDE distribution were calculated by multiplying the DM\ndensity with \f(a;k) using linear calculation. In Fig. 8,\nwe show the dependence of DE perturbation on the DE\nequation of state wdand the interaction strength \u00182. If\nwd=\u00001, DE is the cosmol",
        "page": 9,
        "link": "https://ui.adsabs.harvard.edu/link_gateway/2018PhRvD..98j3530Z/EPRINT_PDF",
        "title": "Fully selfconsistent cosmological simulation pipeline for interacting dark energy models"
    },
    "2018PhRvD..98j3530Z_page_9_chunk_4": {
        "text": "ying the DM\ndensity with \f(a;k) using linear calculation. In Fig. 8,\nwe show the dependence of DE perturbation on the DE\nequation of state wdand the interaction strength \u00182. If\nwd=\u00001, DE is the cosmological constant, there is no\nDE perturbation. If wddeviates from\u00001, DE perturba-\ntion grows asjwd+ 1j, leading to stronger clustering to-\ngether with DM. In contrast, as the interaction strength\nincreases, DE perturbations become more negative lead-\ning to stronger anti-clustering with DM.\nIn Fig. 6 and Fig. 7, the color of the contour rep-\nresents the DE density. It is clear that, except for FC\nIDE II simulation, DE generally follows DM clustering,\nwhere DE is mostly concentrated in the most dense DM\nregions. There are however, DE condensations in the DM\nvoid regions. This can be understood by considering a\nwet sponge (DM) \flled with liquid (DE) as an analogy. If\nthe sponge is squeezed (DM collapse), part of the liquid\n(DE) will be compressed, while at the same time, there is\nalso a part ",
        "page": 9,
        "link": "https://ui.adsabs.harvard.edu/link_gateway/2018PhRvD..98j3530Z/EPRINT_PDF",
        "title": "Fully selfconsistent cosmological simulation pipeline for interacting dark energy models"
    },
    "2018PhRvD..98j3530Z_page_9_chunk_5": {
        "text": "y considering a\nwet sponge (DM) \flled with liquid (DE) as an analogy. If\nthe sponge is squeezed (DM collapse), part of the liquid\n(DE) will be compressed, while at the same time, there is\nalso a part of the liquid that is squeezed out. This shows\nthat although DE can participate in the structure for-",
        "page": 9,
        "link": "https://ui.adsabs.harvard.edu/link_gateway/2018PhRvD..98j3530Z/EPRINT_PDF",
        "title": "Fully selfconsistent cosmological simulation pipeline for interacting dark energy models"
    },
    "2018PhRvD..98j3530Z_page_10_chunk_1": {
        "text": "10\n01234y(100h1Mpc)\nIDE_I\n IDE_II\n0 1 2 3 4\nx(100h1Mpc)\n01234y(100h1Mpc)\nIDE_III\n0 1 2 3 4\nx(100h1Mpc)\nIDE_IV\n06001200180024003000\ndm(1010MhMpc2)\nFIG. 7: The dark matter density distributions are shown in\nreddish colors and the dark energy distributions are shown in\nthe contours for four FC simulations. The plotting sets are\nsimilar to Fig. 6.\n103\n102\n101\n100101\nk(hMpc1)\n1.00\n0.75\n0.50\n0.25\n0.000.250.500.751.00d\nwd=1.001,2=0.05\nwd=1.001,2=0.1\nwd=1.2,2=0.001\nwd=1.4,2=0.001\nFIG. 8: The dark energy perturbations \u0001 datz= 0 for dif-\nferent!dand\u00182are shown here. \u0001 d>0 means dark energy\nfollows the dark matter distribution, while \u0001 d<0 means dark\nenergy follows the dark matter distribution inversely. More\ndeviation from !d=\u00001 leads to more clustering and larger\n\u00182leads to more anti-clustering.mation, but it does not collapse exactly along with DM.\nThis is consistent with the study of Layzer-Irvine equa-\ntions in the linear formalism for the collapse of structure\nin the expanding universe [35]",
        "page": 10,
        "link": "https://ui.adsabs.harvard.edu/link_gateway/2018PhRvD..98j3530Z/EPRINT_PDF",
        "title": "Fully selfconsistent cosmological simulation pipeline for interacting dark energy models"
    },
    "2018PhRvD..98j3530Z_page_10_chunk_2": {
        "text": "ion, but it does not collapse exactly along with DM.\nThis is consistent with the study of Layzer-Irvine equa-\ntions in the linear formalism for the collapse of structure\nin the expanding universe [35]. In sharp contrast, for FC\nIDE II simulation, DE is underdense in regions where\nDM of overdensity. This again can be understood by\nconsidering a wet sponge (DM) with incompressible liq-\nuid (DE), where most of the liquid (DE) is squeezed out\ninstead of being compressed as the sponge squeezed (DM\ncollapse).\nB. Matter Power Spectrum\nWe measure the matter power spectra of the simu-\nlations using ComputePk code[36]. We show the matter\npower spectra for the PC simulations in Fig. 9 and the\nFC simulations in Fig. 10. We \fnd that at z= 1, the\nmatter power spectra of all the IDE models are similar to\nthat of the \u0003CDM model, except for some normalization\ndi\u000berences in the PC simulations leading to some over-\nall o\u000bsets. However, at z= 0, the matter power spectra\nof IDE I and IDE II are clearly di\u000b",
        "page": 10,
        "link": "https://ui.adsabs.harvard.edu/link_gateway/2018PhRvD..98j3530Z/EPRINT_PDF",
        "title": "Fully selfconsistent cosmological simulation pipeline for interacting dark energy models"
    },
    "2018PhRvD..98j3530Z_page_10_chunk_3": {
        "text": "\nthat of the \u0003CDM model, except for some normalization\ndi\u000berences in the PC simulations leading to some over-\nall o\u000bsets. However, at z= 0, the matter power spectra\nof IDE I and IDE II are clearly di\u000berent from those of\nIDE III, IDE IV and \u0003CDM. It is clear that the matter\npower spectrum of IDE I is suppressed with a steeper\nslope atk > 0:1hMpc\u00001than other models. In con-\ntrast, the matter power spectrum of IDE II is enhanced\natk > 0:8hMpc\u00001with a shallower slope compared to\n\u0003CDM model. This can easily be attributed to the direc-\ntion of the energy \row. In the constrained IDE I, energy\n\rows from DM to DE, while for IDE II the energy trans-\nfers in the opposite direction. For IDE III and IDE IV\nmodels, we \fnd that the matter power spectra from the\nFC simulations are very similar to that of the \u0003CDM\nmodel.\nWe also compare the matter power spectra mea-\nsured from our simulations with the halo\ft non-linear\npower spectrum [33]. The purpose of doing so is to check\nthe validity of employing t",
        "page": 10,
        "link": "https://ui.adsabs.harvard.edu/link_gateway/2018PhRvD..98j3530Z/EPRINT_PDF",
        "title": "Fully selfconsistent cosmological simulation pipeline for interacting dark energy models"
    },
    "2018PhRvD..98j3530Z_page_10_chunk_4": {
        "text": "the \u0003CDM\nmodel.\nWe also compare the matter power spectra mea-\nsured from our simulations with the halo\ft non-linear\npower spectrum [33]. The purpose of doing so is to check\nthe validity of employing the halo\ft model to calculate\nnonlinear corrections adopted in [15]. For models whose\nmatter power spectra are not much di\u000berent from that of\nthe \u0003CDM model, such as IDE III and IDE IV, it is safe\nto use halo\ft. However, for models with clearly di\u000ber-\nent matter power spectra from that of the \u0003CDM model\ni.e., IDE I and IDE II, using halo\ft blindly can lead to\nmeaningless and wrong results. Because the non-linear\nevolution in these models is highly non-trivial, and it is\ndrastically di\u000berent from the \u0003CDM model. In short,\nhalo\ft should not be used as a simpli\fcation without\nself-consistent analysis and simulation.",
        "page": 10,
        "link": "https://ui.adsabs.harvard.edu/link_gateway/2018PhRvD..98j3530Z/EPRINT_PDF",
        "title": "Fully selfconsistent cosmological simulation pipeline for interacting dark energy models"
    },
    "2018PhRvD..98j3530Z_page_10_chunk_5": {
        "text": "sis and simulation.",
        "page": 10,
        "link": "https://ui.adsabs.harvard.edu/link_gateway/2018PhRvD..98j3530Z/EPRINT_PDF",
        "title": "Fully selfconsistent cosmological simulation pipeline for interacting dark energy models"
    },
    "2018PhRvD..98j3530Z_page_11_chunk_1": {
        "text": "11\n102\n101\n100\nk(hMpc1)\n101102103104105Pk(h3Mpc3)\nIDE_I\nIDE_II\nIDE_III\nIDE_IV\nLCDM\n102\n101\n100\nk(hMpc1)\n101102103104105Pk(h3Mpc3)\nIDE_I\nIDE_II\nIDE_III\nIDE_IV\nLCDM\nHalofit\nFIG. 9: The matter power spectra of PC simulations at z= 1 (z= 0) are shown on the left (right) panel. All models are similar\nto \u0003CDM at z= 1, except for some normalization di\u000berence. Notice that we have rescaled IDE I (IDE II, IDE III, IDE IV)\nby a factor of1\n4(1\n2;1;2) for better illustration at z= 0. The slope of matter power spectrum of IDE I and IDE II are clearly\ndi\u000berent with the other models at z= 0. The calculated non-linear matter power spectra by [33] are given in dash-dotted lines.\n\u0003CDM model, IDE III and IDE IV can be well represented by [33], but it fails for IDE I and IDE II due to the non-trivial\nnon-linear evolution of these two models.\n102\n101\n100\nk(hMpc1)\n101102103104105Pk(h3Mpc3)\nIDE_I\nIDE_II\nIDE_III\nIDE_IV\nLCDM\n102\n101\n100\nk(hMpc1)\n101102103104105Pk(h3Mpc3)\nIDE_I\nIDE_II\nIDE_III\nIDE_IV\nLCDM\nHalofit",
        "page": 11,
        "link": "https://ui.adsabs.harvard.edu/link_gateway/2018PhRvD..98j3530Z/EPRINT_PDF",
        "title": "Fully selfconsistent cosmological simulation pipeline for interacting dark energy models"
    },
    "2018PhRvD..98j3530Z_page_11_chunk_2": {
        "text": "r evolution of these two models.\n102\n101\n100\nk(hMpc1)\n101102103104105Pk(h3Mpc3)\nIDE_I\nIDE_II\nIDE_III\nIDE_IV\nLCDM\n102\n101\n100\nk(hMpc1)\n101102103104105Pk(h3Mpc3)\nIDE_I\nIDE_II\nIDE_III\nIDE_IV\nLCDM\nHalofit\nFIG. 10: Similar plot to Fig. 9, but show the matter power spectra of FC models. All matter power spectra of di\u000berent models\nare almost identical to \u0003CDM model at z= 1, except for IDE I with some minor di\u000berence. Notice that we have rescaled IDE I\n(IDE II, IDE III, IDE IV) by a factor of1\n4(1\n2;2;4) for better illustration at z= 0. Atz= 0, IDE I and IDE II are clearly\ndi\u000berent with the other three. IDE III and IDE IV keep identical to \u0003CDM at z= 0. The FC models are better normalized\nto \u0003CDM model than the PC models, without rescaling, all \fve curves are almost identical at large scales.",
        "page": 11,
        "link": "https://ui.adsabs.harvard.edu/link_gateway/2018PhRvD..98j3530Z/EPRINT_PDF",
        "title": "Fully selfconsistent cosmological simulation pipeline for interacting dark energy models"
    },
    "2018PhRvD..98j3530Z_page_12_chunk_1": {
        "text": "12\nC. Halo Mass Function\nWe identify halos with an overdensity parameter\n\u0001200= 200 with respect to the mean background density\nusing AHF[37], and measure the halo mass functions in\nour simulations. The halo mass functions of PC simula-\ntions are shown in Fig. 11, while those of FC simulations\nare shown in Fig. 12. It can be seen from Fig. 11 and\nFig. 12 that the halo mass function in IDE I fromz= 1\ntoz= 0 compared to \u0003CDM model changes dramati-\ncally. For IDE II, there is also a noticeable di\u000berence.\nSuch di\u000berences compared to the \u0003CDM model can be\nused to provide strong constraints by our further analy-\nsis in the future. It is worth noting that using N-body\nsimulations, we are in a position to constrain IDE mod-\nels better than previous linear level studies using PBSH\n[23]. This shows the bene\ft of performing self-consistent\nsimulations in studying non-linear structure formation in\nIDE models.\nV. SUMMARY AND DISCUSSION\nWe have devised a fully self-consistent simulation\npipeline for ",
        "page": 12,
        "link": "https://ui.adsabs.harvard.edu/link_gateway/2018PhRvD..98j3530Z/EPRINT_PDF",
        "title": "Fully selfconsistent cosmological simulation pipeline for interacting dark energy models"
    },
    "2018PhRvD..98j3530Z_page_12_chunk_2": {
        "text": "he bene\ft of performing self-consistent\nsimulations in studying non-linear structure formation in\nIDE models.\nV. SUMMARY AND DISCUSSION\nWe have devised a fully self-consistent simulation\npipeline for IDE models, the core of which is the novel\nN-body simulation code. We have modi\fed Gadget2 [31]\nso that it can accept arbitrary inputs including Hubble\ndiagram, simulation particle mass, velocity dependent ac-\nceleration and DE perturbation. This modi\fed code is\ncalled ME-Gadget. We use ME-Gadget to simulate the\nnon-linear evolution of IDE models. This idea was \frst\nsuggested by [19]. However, they only considered a spe-\nci\fc DE model with constant perturbation and adopted\nthe initial conditions from the \u0003CDM model. Both of\nthese are major drawbacks which we have successfully\novercome in our pipeline. We performed comparison and\nconvergence tests and found that our pipeline is accu-\nrate as well as e\u000ecient. We have tested the e\u000bect of\nneglecting DE perturbation at small scales by varying\nt",
        "page": 12,
        "link": "https://ui.adsabs.harvard.edu/link_gateway/2018PhRvD..98j3530Z/EPRINT_PDF",
        "title": "Fully selfconsistent cosmological simulation pipeline for interacting dark energy models"
    },
    "2018PhRvD..98j3530Z_page_12_chunk_3": {
        "text": "ipeline. We performed comparison and\nconvergence tests and found that our pipeline is accu-\nrate as well as e\u000ecient. We have tested the e\u000bect of\nneglecting DE perturbation at small scales by varying\nthe number of mesh grids used to calculate the gravity.\nWe show that the e\u000bect is less than 1% if the number\nof mesh grids is enough to cover the main e\u000bective DE\nperturbation scales. We have also tested that the e\u000bects\nof di\u000berent box sizes and resolutions are less than 5% in\nthe matter power spectrum. Thus, we have successfully\ndeveloped a fully self-consistent pipeline for simulating\nIDE models which includes a) simulating the e\u000bect of DE\nperturbation at large scales, b) generating the pre-initial\nconditions, c) using second-order Lagrangian Perturba-\ntion Theory consistently, and d) employing the CAMB\ncode to generate the initial matter power spectrum.\nUsing the cosmological parameters constrainedby [23], we performed nine sets of scienti\fc sim-\nulations applying our pipeline. These par",
        "page": 12,
        "link": "https://ui.adsabs.harvard.edu/link_gateway/2018PhRvD..98j3530Z/EPRINT_PDF",
        "title": "Fully selfconsistent cosmological simulation pipeline for interacting dark energy models"
    },
    "2018PhRvD..98j3530Z_page_12_chunk_4": {
        "text": "ng the CAMB\ncode to generate the initial matter power spectrum.\nUsing the cosmological parameters constrainedby [23], we performed nine sets of scienti\fc sim-\nulations applying our pipeline. These parameters\npassed the constraints from Planck CMB observation\nand Planck+BAO+SNIa+H0 combined measurements.\nIDE I and IDE II, whose interactions between DM and\nDE are proportional to the energy density of DE, show\nsigni\fcant di\u000berence between the direct simulations and\nthe prediction from the naive halo\ft attempt. Since the\nnon-linear matter power spectrum close to z= 0 is pow-\nerful for studying non-standard cosmological models by\ncomparing with observations, a self-consistent pipeline\nis indispensable. The signi\fcant di\u000berences between\nIDE I, IDE II and \u0003CDM model indicate that tighter\nconstraints can be put on these models by comparing the\nsimulation results with observations at low redshifts. We\nhave showed that simulations are vital for providing fur-\nther constraints in the future using",
        "page": 12,
        "link": "https://ui.adsabs.harvard.edu/link_gateway/2018PhRvD..98j3530Z/EPRINT_PDF",
        "title": "Fully selfconsistent cosmological simulation pipeline for interacting dark energy models"
    },
    "2018PhRvD..98j3530Z_page_12_chunk_5": {
        "text": "nts can be put on these models by comparing the\nsimulation results with observations at low redshifts. We\nhave showed that simulations are vital for providing fur-\nther constraints in the future using large-scale structures\nat low redshifts.\nWe summarize our results from the simulations in\nthe following four points:\n1 In general, if energy \rows from DM into DE, the\nstructure formation will be suppressed, and vice-\nversa . However, the e\u000bect of the interaction be-\ntween DM and DE on the non-linear evolution is\nnon-trivial. Simulations are necessary for studying\nlarge scale structures for IDE models.\n2 If the interaction parameter is small, such as\n\u00181(\u0018)\u00180:001 in IDE III and IDE IV models,\nhalo\ft can still be a good approximation. But if the\ninteraction parameter is large, such as \u00182>0:03 in\nIDE I and IDE II, halo\ft is not appropriate.\n3 DE perturbations grow together with DM den-\nsity perturbations, but at much larger scales of\n\u0018100h\u00001Mpc. The growth of DE perturbations\ndepend on the eq",
        "page": 12,
        "link": "https://ui.adsabs.harvard.edu/link_gateway/2018PhRvD..98j3530Z/EPRINT_PDF",
        "title": "Fully selfconsistent cosmological simulation pipeline for interacting dark energy models"
    },
    "2018PhRvD..98j3530Z_page_12_chunk_6": {
        "text": "\nIDE I and IDE II, halo\ft is not appropriate.\n3 DE perturbations grow together with DM den-\nsity perturbations, but at much larger scales of\n\u0018100h\u00001Mpc. The growth of DE perturbations\ndepend on the equation of state and the interac-\ntion parameters.\n4 Although allowed by combined Planck, BAO, SNIa\nand H0 observations, the results of simulations of\nIDE I and IDE II models are signi\fcantly di\u000ber-\nent from the \u0003CDM model in nonlinear structure\nformation at z= 0. This indicates that low red-\nshift observations can be a powerful tool for re\fn-\ning IDE models in the future. However for IDE III\nand IDE IV models, we cannot count on the nonlin-\near simulation to distinguish them from the \u0003CDM\nmodel.\nIn the future, we plan to use the ME-Gadget code\nto perform multiple simulations with larger box sizes and\nhigher mass resolutions, and cover larger parameter space",
        "page": 12,
        "link": "https://ui.adsabs.harvard.edu/link_gateway/2018PhRvD..98j3530Z/EPRINT_PDF",
        "title": "Fully selfconsistent cosmological simulation pipeline for interacting dark energy models"
    },
    "2018PhRvD..98j3530Z_page_12_chunk_7": {
        "text": "zes and\nhigher mass resolutions, and cover larger parameter space",
        "page": 12,
        "link": "https://ui.adsabs.harvard.edu/link_gateway/2018PhRvD..98j3530Z/EPRINT_PDF",
        "title": "Fully selfconsistent cosmological simulation pipeline for interacting dark energy models"
    },
    "2018PhRvD..98j3530Z_page_13_chunk_1": {
        "text": "13\n10131014\nM(h1M)\n106\n105\n104\ndn/dlog(M)(h3Mpc3)\nIDE_I\nIDE_II\nIDE_III\nIDE_IV\nLCDM\n101310141015\nM(h1M)\n107\n106\n105\n104\ndn/dlog(M)(h3Mpc3)\nIDE_I\nIDE_II\nIDE_III\nIDE_IV\nLCDM\nFIG. 11: The halo mass functions of PC simulations at z= 1 (z= 0) are shown on the left (right) panel. Notice that due to\nthe energy \row from DM to DE, the red line, representing IDE I, is much lower than the others at z= 0. The amplitudes of\nthe models are di\u000berent due to the di\u000berent normalizations given by the PC parameters.\n10131014\nM(h1M)\n106\n105\n104\ndn/dlog(M)(h3Mpc3)\nIDE_I\nIDE_II\nIDE_III\nIDE_IV\nLCDM\n101310141015\nM(h1M)\n107\n106\n105\n104\ndn/dlog(M)(h3Mpc3)\nIDE_I\nIDE_II\nIDE_III\nIDE_IV\nLCDM\nFIG. 12: Similar plot to Fig. 11, but show the halo mass functions of FC simulations. After proper normalization with the FC\nparameters, IDE III, IV and \u0003CDM, at both z= 1 andz= 0, are not distinguishable. We clearly see the number of halos in\nIDE I is much less than the other models at z= 0.\nto build up emulators for the observa",
        "page": 13,
        "link": "https://ui.adsabs.harvard.edu/link_gateway/2018PhRvD..98j3530Z/EPRINT_PDF",
        "title": "Fully selfconsistent cosmological simulation pipeline for interacting dark energy models"
    },
    "2018PhRvD..98j3530Z_page_13_chunk_2": {
        "text": "ters, IDE III, IV and \u0003CDM, at both z= 1 andz= 0, are not distinguishable. We clearly see the number of halos in\nIDE I is much less than the other models at z= 0.\nto build up emulators for the observable. We will use our\nsimulations to put further constraints on IDE models us-\ning observations of large scale structures at low redshifts.\nWe forecast a large improvement in the constraints for\nthe IDE I and IDE II models. Further studies will also\nbe done for IDE models with quantum \feld theory origin.Acknowledgement\nWe thank Projjwal Banerjee for useful comments.\nJ. Z acknowledges the support from China Postdoctoral\nScience Foundation 2018M632097. W. L acknowledges\nthe support from NSFC 11503064, Shanghai Jiao Tong",
        "page": 13,
        "link": "https://ui.adsabs.harvard.edu/link_gateway/2018PhRvD..98j3530Z/EPRINT_PDF",
        "title": "Fully selfconsistent cosmological simulation pipeline for interacting dark energy models"
    },
    "2018PhRvD..98j3530Z_page_14_chunk_1": {
        "text": "14\nUniversity and University of Michigan Joint Fundation\n(AF0720054) and the support from WPI Japan. Thework of B. W was partially supported by NNSFC.\n[1] S. Weinberg, Reviews of Modern Physics 61, 1 (1989).\n[2] I. Zlatev, L. Wang, and P. J. Steinhardt, Physical Review\nLetters 82, 896 (1999), astro-ph/9807002 .\n[3] A. G. Riess, L. Macri, S. Casertano, H. Lampeitl, H. C.\nFerguson, A. V. Filippenko, S. W. Jha, W. Li, and\nR. Chornock, ApJ 730, 119 (2011), arXiv:1103.2976 .\n[4] A. G. Riess, L. M. Macri, S. L. Ho\u000bmann, D. Scolnic,\nS. Casertano, A. V. Filippenko, B. E. Tucker, M. J. Reid,\nD. O. Jones, J. M. Silverman, R. Chornock, P. Challis,\nW. Yuan, P. J. Brown, and R. J. Foley, ApJ 826, 56\n(2016), arXiv:1604.01424 .\n[5] T. Delubac, J. E. Bautista, N. G. Busca, J. Rich,\nD. Kirkby, S. Bailey, A. Font-Ribera, A. Slosar, K.-\nG. Lee, M. M. Pieri, J.-C. Hamilton, \u0013E. Aubourg,\nM. Blomqvist, J. Bovy, J. Brinkmann, W. Carithers,\nK. S. Dawson, D. J. Eisenstein, S. G. A. Gontcho, J.-\nP. Kneib, J.-M.",
        "page": 14,
        "link": "https://ui.adsabs.harvard.edu/link_gateway/2018PhRvD..98j3530Z/EPRINT_PDF",
        "title": "Fully selfconsistent cosmological simulation pipeline for interacting dark energy models"
    },
    "2018PhRvD..98j3530Z_page_14_chunk_2": {
        "text": ". Font-Ribera, A. Slosar, K.-\nG. Lee, M. M. Pieri, J.-C. Hamilton, \u0013E. Aubourg,\nM. Blomqvist, J. Bovy, J. Brinkmann, W. Carithers,\nK. S. Dawson, D. J. Eisenstein, S. G. A. Gontcho, J.-\nP. Kneib, J.-M. Le Go\u000b, D. Margala, J. Miralda-Escud\u0013 e,\nA. D. Myers, R. C. Nichol, P. Noterdaeme, R. O'Connell,\nM. D. Olmstead, N. Palanque-Delabrouille, I. P^ aris,\nP. Petitjean, N. P. Ross, G. Rossi, D. J. Schlegel, D. P.\nSchneider, D. H. Weinberg, C. Y\u0012 eche, and D. G. York,\nA&A 574, A59 (2015), arXiv:1404.1801 .\n[6] H. Hildebrandt, M. Viola, C. Heymans, S. Joudaki,\nK. Kuijken, C. Blake, T. Erben, B. Joachimi, D. Klaes,\nL. Miller, C. B. Morrison, R. Nakajima, G. Verdoes\nKleijn, A. Amon, A. Choi, G. Covone, J. T. A. de\nJong, A. Dvornik, I. Fenech Conti, A. Grado, J. Harnois-\nD\u0013 eraps, R. Herbonnet, H. Hoekstra, F. K ohlinger, J. Mc-\nFarland, A. Mead, J. Merten, N. Napolitano, J. A. Pea-\ncock, M. Radovich, P. Schneider, P. Simon, E. A. Valen-\ntijn, J. L. van den Busch, E. van Uitert, and L. Van\nWaerbe",
        "page": 14,
        "link": "https://ui.adsabs.harvard.edu/link_gateway/2018PhRvD..98j3530Z/EPRINT_PDF",
        "title": "Fully selfconsistent cosmological simulation pipeline for interacting dark energy models"
    },
    "2018PhRvD..98j3530Z_page_14_chunk_3": {
        "text": "kstra, F. K ohlinger, J. Mc-\nFarland, A. Mead, J. Merten, N. Napolitano, J. A. Pea-\ncock, M. Radovich, P. Schneider, P. Simon, E. A. Valen-\ntijn, J. L. van den Busch, E. van Uitert, and L. Van\nWaerbeke, MNRAS 465, 1454 (2017), arXiv:1606.05338\n.\n[7] L. Amendola, PhRvD 62, 043511 (2000), astro-\nph/9908023 .\n[8] L. Amendola and C. Quercellini, PhRvD 68, 023514\n(2003), astro-ph/0303228 .\n[9] L. Amendola, S. Tsujikawa, and M. Sami, Physics Let-\nters B 632, 155 (2006), astro-ph/0506222 .\n[10] D. Pav\u0013 on and W. Zimdahl, Physics Letters B 628, 206\n(2005), gr-qc/0505020 .\n[11] C. G. B ohmer, G. Caldera-Cabral, R. Lazkoz, and\nR. Maartens, PhRvD 78, 023505 (2008), arXiv:0801.1565\n[gr-qc] .\n[12] G. Olivares, F. Atrio-Barandela, and D. Pav\u0013 on, PhRvD\n74, 043521 (2006), astro-ph/0607604 .\n[13] S. Chen, B. Wang, and J. Jing, PhRvD 78, 123503\n(2008), arXiv:0808.3482 [gr-qc] .\n[14] E. G. M. Ferreira, J. Quintin, A. A. Costa, E. Ab-\ndalla, and B. Wang, PhRvD 95, 043520 (2017),\narXiv:1412.2777 .[15] R",
        "page": 14,
        "link": "https://ui.adsabs.harvard.edu/link_gateway/2018PhRvD..98j3530Z/EPRINT_PDF",
        "title": "Fully selfconsistent cosmological simulation pipeline for interacting dark energy models"
    },
    "2018PhRvD..98j3530Z_page_14_chunk_4": {
        "text": "n, B. Wang, and J. Jing, PhRvD 78, 123503\n(2008), arXiv:0808.3482 [gr-qc] .\n[14] E. G. M. Ferreira, J. Quintin, A. A. Costa, E. Ab-\ndalla, and B. Wang, PhRvD 95, 043520 (2017),\narXiv:1412.2777 .[15] R. An, C. Feng, and B. Wang, JCAP 2, 038 (2018),\narXiv:1711.06799 .\n[16] B. Wang, E. Abdalla, F. Atrio-Barandela, and D. Pav\u0013 on,\nReports on Progress in Physics 79, 096901 (2016),\narXiv:1603.08299 .\n[17] G. D'Amico, T. Hamill, and N. Kaloper, PhRvD 94,\n103526 (2016), arXiv:1605.00996 [hep-th] .\n[18] M. C. D. Marsh, Physical Review Letters 118, 011302\n(2017), arXiv:1606.01538 .\n[19] M. Baldi, V. Pettorino, G. Robbers, and V. Springel,\nMNRAS 403, 1684 (2010), arXiv:0812.3901 .\n[20] M. Baldi, MNRAS 414, 116 (2011), arXiv:1012.0002 .\n[21] J.-H. He, B. Wang, and E. Abdalla, Physics Letters B\n671, 139 (2009), arXiv:0807.3471 [gr-qc] .\n[22] J.-H. He, B. Wang, and Y. P. Jing, JCAP 7, 030 (2009),\narXiv:0902.0660 [gr-qc] .\n[23] A. A. Costa, X.-D. Xu, B. Wang, and E. Abdalla, JCAP\n1, 028 (2017), arXiv",
        "page": 14,
        "link": "https://ui.adsabs.harvard.edu/link_gateway/2018PhRvD..98j3530Z/EPRINT_PDF",
        "title": "Fully selfconsistent cosmological simulation pipeline for interacting dark energy models"
    },
    "2018PhRvD..98j3530Z_page_14_chunk_5": {
        "text": "9 (2009), arXiv:0807.3471 [gr-qc] .\n[22] J.-H. He, B. Wang, and Y. P. Jing, JCAP 7, 030 (2009),\narXiv:0902.0660 [gr-qc] .\n[23] A. A. Costa, X.-D. Xu, B. Wang, and E. Abdalla, JCAP\n1, 028 (2017), arXiv:1605.04138 .\n[24] Planck Collaboration, P. A. R. Ade, N. Aghanim, M. Ar-\nnaud, M. Ashdown, J. Aumont, C. Baccigalupi, A. J.\nBanday, R. B. Barreiro, J. G. Bartlett, and et al., A&A\n594, A13 (2016), arXiv:1502.01589 .\n[25] S. Liao, MNRAS 481, 3750 (2018), arXiv:1807.03574 .\n[26] S. D. M. White, in Cosmology and Large Scale Structure,\nedited by R. Schae\u000ber, J. Silk, M. Spiro, and J. Zinn-\nJustin (1996) p. 349.\n[27] M. Crocce, S. Pueblas, and R. Scoccimarro, MNRAS\n373, 369 (2006), astro-ph/0606505 .\n[28] A. Lewis and S. Bridle, PhRvD 66, 103511 (2002), astro-\nph/0205436 .\n[29] R. Scoccimarro, MNRAS 299, 1097 (1998), astro-\nph/9711187 .\n[30] M. Crocce, S. Pueblas, and R. Scoccimarro, MNRAS\n373, 369 (2006), astro-ph/0606505 .\n[31] V. Springel, MNRAS 364, 1105 (2005), astro-ph/0505010\n.\n[32] J. ",
        "page": 14,
        "link": "https://ui.adsabs.harvard.edu/link_gateway/2018PhRvD..98j3530Z/EPRINT_PDF",
        "title": "Fully selfconsistent cosmological simulation pipeline for interacting dark energy models"
    },
    "2018PhRvD..98j3530Z_page_14_chunk_6": {
        "text": "AS 299, 1097 (1998), astro-\nph/9711187 .\n[30] M. Crocce, S. Pueblas, and R. Scoccimarro, MNRAS\n373, 369 (2006), astro-ph/0606505 .\n[31] V. Springel, MNRAS 364, 1105 (2005), astro-ph/0505010\n.\n[32] J. DeRose, R. H. Wechsler, J. L. Tinker, M. R. Becker,\nY.-Y. Mao, T. McClintock, S. McLaughlin, E. Rozo, and\nZ. Zhai, ArXiv e-prints (2018), arXiv:1804.05865 .\n[33] R. Takahashi, M. Sato, T. Nishimichi, A. Taruya, and\nM. Oguri, ApJ 761, 152 (2012), arXiv:1208.2701 .\n[34] P. P. Avelino and C. F. V. Gomes, PhRvD 88, 043514\n(2013), arXiv:1305.6064 .\n[35] J.-H. He, B. Wang, E. Abdalla, and D. Pavon, JCAP\n12, 022 (2010), arXiv:1001.0079 [gr-qc] .\n[36] B. L'Huillier, \\computePk: Power spectrum com-\nputation,\" Astrophysics Source Code Library (2014),\nascl:1403.015 .\n[37] S. R. Knollmann and A. Knebe, ApJS 182, 608 (2009),\narXiv:0904.3662 .",
        "page": 14,
        "link": "https://ui.adsabs.harvard.edu/link_gateway/2018PhRvD..98j3530Z/EPRINT_PDF",
        "title": "Fully selfconsistent cosmological simulation pipeline for interacting dark energy models"
    },
    "2018PhRvD..98j3530Z_page_14_chunk_7": {
        "text": "JS 182, 608 (2009),\narXiv:0904.3662 .",
        "page": 14,
        "link": "https://ui.adsabs.harvard.edu/link_gateway/2018PhRvD..98j3530Z/EPRINT_PDF",
        "title": "Fully selfconsistent cosmological simulation pipeline for interacting dark energy models"
    }
}