{
    "2019PhLB..79734803K_page_1_chunk_1": {
        "text": "arXiv:1907.11665v1  [nucl-ex]  26 Jul 2019Single-particle shell strengths near the doubly magic nucl eus56Ni and the56Ni(p,γ)57Cu\nreaction rate in explosive astrophysical burning\nD. Kahla,∗, P. J. Woodsa, T. Poxon-Pearsonb,c,d, F. M. Nunesb,c,d, B. A. Brownb,c,d, H. Schatzb,c,d, T. Baumannb, D. Bazinb,\nJ. A. Belargeb, P. C. Benderb,∗, B. Elmanb,c, A. Estradee, A. Gadeb,c,d, A. Kankainenf, C. Lederer-Woodsa, S. Lipschutzb,c,d,\nB. Longfellowb,c, S.-J. Lonsdalea, E. Lunderbergb,c, F. Montesb,d, W. J. Ongb,c,d, G. Perdikakise, J. Pereirab,d, C. Sullivanb,c,d,\nR. Tavernerb,c,d, D. Weisshaarb, R. Zegersb,c,d\naSchool of Physics&Astronomy, University of Edinburgh, Edinburgh EH9 3FD, Uni ted Kingdom\nbNational Superconducting Cyclotron Laboratory, Michigan State University, East Lansing, MI 48824, USA\ncDepartment of Physics &Astronomy, Michigan State University, East Lansing, MI 488 24, USA\ndJINA Center for the Evolution of the Elements, Michigan Stat e University, East Lansing, MI 48824, USA\neC",
        "page": 1,
        "link": "https://ui.adsabs.harvard.edu/link_gateway/2019PhLB..79734803K/EPRINT_PDF",
        "title": "Singleparticle shell strengths near the doubly magic nucleus SUP56SUPNi and the SUP56SUPNipSUP57SUPCu reaction rate in explosive astrophysical burning"
    },
    "2019PhLB..79734803K_page_1_chunk_2": {
        "text": "SA\ncDepartment of Physics &Astronomy, Michigan State University, East Lansing, MI 488 24, USA\ndJINA Center for the Evolution of the Elements, Michigan Stat e University, East Lansing, MI 48824, USA\neCentral Michigan University, Mount Pleasant, MI 48859, USA\nfUniversity of Jyv¨ askyl¨ a, P .O. Box 35, FI-40014 Universit y of Jyv¨ askyl¨ a, Finland\nAbstract\nAngle-integrated cross-section measurements of the56Ni(d,n) and ( d,p) stripping reactions have been performed to determine\nthe single-particle strengths of low-lying excited states in the mirror nuclei pair57Cu−57Ni situated adjacent to the doubly magic\nnucleus56Ni. The reactions were studied in inverse kinematics utiliz ing a beam of radioactive56Ni ions in conjunction with the\nGRETINAγ-array. Spectroscopic factors are compared with new shell- model calculations using a full p fmodel space with the\nGPFX1A Hamiltonian for the isospin-conserving strong inte raction plus Coulomb and charge-dependent Hamiltonians. T hese\nresults were us",
        "page": 1,
        "link": "https://ui.adsabs.harvard.edu/link_gateway/2019PhLB..79734803K/EPRINT_PDF",
        "title": "Singleparticle shell strengths near the doubly magic nucleus SUP56SUPNi and the SUP56SUPNipSUP57SUPCu reaction rate in explosive astrophysical burning"
    },
    "2019PhLB..79734803K_page_1_chunk_3": {
        "text": " shell- model calculations using a full p fmodel space with the\nGPFX1A Hamiltonian for the isospin-conserving strong inte raction plus Coulomb and charge-dependent Hamiltonians. T hese\nresults were used to set new constraints on the56Ni(p,γ)57Cu reaction rate for explosive burning conditions in x-ray b ursts, where\n56Ni represents a key waiting point in the astrophysical rp-process.\nKeywords: X-ray bursts, shell model, transfer reactions, radioactiv e beams\nDoubly magic nuclei represent special cornerstones in our\nunderstanding and exploration of nuclear structure (see, e.g.,\n[1, 2]). These nuclei, and the nuclei in their immediate vici n-\nity, should be well described by very pure shell-model conﬁg -\nurations. In the case of the doubly magic, self-conjugate nu -\ncleus56Ni, the major shell closure at N=Z=28 arises from\nthe spin-orbit splitting of the 0 f5/2and 0 f7/2orbitals. There\nis evidence that56Ni has a relatively soft core with signiﬁcant\nconﬁguration mixing in the shell structur",
        "page": 1,
        "link": "https://ui.adsabs.harvard.edu/link_gateway/2019PhLB..79734803K/EPRINT_PDF",
        "title": "Singleparticle shell strengths near the doubly magic nucleus SUP56SUPNi and the SUP56SUPNipSUP57SUPCu reaction rate in explosive astrophysical burning"
    },
    "2019PhLB..79734803K_page_1_chunk_4": {
        "text": " closure at N=Z=28 arises from\nthe spin-orbit splitting of the 0 f5/2and 0 f7/2orbitals. There\nis evidence that56Ni has a relatively soft core with signiﬁcant\nconﬁguration mixing in the shell structure [3, 4, 5]. It exis ts\non the cusp between stability, having a (terrestrial) half- life of\n6.08 d, and particle instability; the neighboring nucleus,57Cu,\nis only proton bound in its ground state. This special locati on\nmeans56Ni can form a key waiting point in explosive astro-\nphysical burning scenarios such as x-ray bursters, impedin g the\nrate of ﬂow of material further along the proton drip-line vi a the\n56Ni(p,γ)57Cu reaction in the rp(rapid proton capture) process\n[6, 7].56Ni is the longest-lived waiting point nucleus and histor-\nically was originally thought to represent the termination point\nof the rp-process [6]. A direct measurement of the56Ni(p,γ)\nbreakout reaction is not currently feasible with existing r adioac-\ntive beam intensities. Therefore, to constrain the56Ni(p,γ)57Cu\n",
        "page": 1,
        "link": "https://ui.adsabs.harvard.edu/link_gateway/2019PhLB..79734803K/EPRINT_PDF",
        "title": "Singleparticle shell strengths near the doubly magic nucleus SUP56SUPNi and the SUP56SUPNipSUP57SUPCu reaction rate in explosive astrophysical burning"
    },
    "2019PhLB..79734803K_page_1_chunk_5": {
        "text": "n point\nof the rp-process [6]. A direct measurement of the56Ni(p,γ)\nbreakout reaction is not currently feasible with existing r adioac-\ntive beam intensities. Therefore, to constrain the56Ni(p,γ)57Cu\nreaction rate used in astrophysical models, an indirect app roach\n∗Corresponding author\nEmail address: daid.kahl@ed.ac.uk (D. Kahl)\n1Present Address: Department of Physics and Applied Physics , University\nof Massachusetts Lowell, Lowell, MA 01854, USA.is mandated. This requires a knowledge of the shell structur e\nand properties of states in57Cu involved in the explosive astro-\nphysical temperature burning range from T∼0.5–2.0 GK.\nThe mirror nucleus of57Cu,57Ni, has a ground-state spin-\nparity of 3/2−, corresponding to a 1 p3/2neutron shell-model\nconﬁguration, and 5 /2−and 1/2−excited states corresponding\nto the occupation 0 f5/2and 1 p1/2neutron shells, respectively\n[8]. A pioneering study of the56Ni(d,p)57Ni transfer reaction,\nmeasuring the diﬀerential cross section in inverse kinematics,",
        "page": 1,
        "link": "https://ui.adsabs.harvard.edu/link_gateway/2019PhLB..79734803K/EPRINT_PDF",
        "title": "Singleparticle shell strengths near the doubly magic nucleus SUP56SUPNi and the SUP56SUPNipSUP57SUPCu reaction rate in explosive astrophysical burning"
    },
    "2019PhLB..79734803K_page_1_chunk_6": {
        "text": "rresponding\nto the occupation 0 f5/2and 1 p1/2neutron shells, respectively\n[8]. A pioneering study of the56Ni(d,p)57Ni transfer reaction,\nmeasuring the diﬀerential cross section in inverse kinematics,\nfound these three lowest-lying states were described with r el-\natively pure single-neutron conﬁgurations with spectrosc opic\nfactors C2S∼0.9, with an approximate factor of two uncer-\ntainties [9]. This information was then used to estimate the res-\nonance contributions of the two low-lying analog excited st ates\nin57Cu [9, 10] for the56Ni(p,γ)57Cu reaction rate, assuming\nisospin symmetry. Subsequently, an attempt was made to mea-\nsure the single-particle strengths of these states directl y in57Cu\nusing the56Ni(3He,d)57Cu proton transfer reaction; however,\ndue to the limited resolution of ∼700 keV in excitation energy\nand low statistics, deﬁnite conclusions could not be drawn [ 11].\nTwo higher-lying 5 /2−and 7/2−states in57Cu are expected to\ndominate the56Ni(p,γ)57Cu reaction rate for bur",
        "page": 1,
        "link": "https://ui.adsabs.harvard.edu/link_gateway/2019PhLB..79734803K/EPRINT_PDF",
        "title": "Singleparticle shell strengths near the doubly magic nucleus SUP56SUPNi and the SUP56SUPNipSUP57SUPCu reaction rate in explosive astrophysical burning"
    },
    "2019PhLB..79734803K_page_1_chunk_7": {
        "text": "0 keV in excitation energy\nand low statistics, deﬁnite conclusions could not be drawn [ 11].\nTwo higher-lying 5 /2−and 7/2−states in57Cu are expected to\ndominate the56Ni(p,γ)57Cu reaction rate for burning tempera-\ntures T>1 GK (see, e.g., ref. [12]) but only limits were set for\nthe experimental C2Svalues in57Ni [9]. Calculations predict\nthe combined resonant capture reaction rate on the four lowe st-\nlying excited states in57Cu is expected to dominate (by 3 orders\nPreprint submitted to Physics Letters B July 29, 2019",
        "page": 1,
        "link": "https://ui.adsabs.harvard.edu/link_gateway/2019PhLB..79734803K/EPRINT_PDF",
        "title": "Singleparticle shell strengths near the doubly magic nucleus SUP56SUPNi and the SUP56SUPNipSUP57SUPCu reaction rate in explosive astrophysical burning"
    },
    "2019PhLB..79734803K_page_2_chunk_1": {
        "text": "of magnitude) over the direct-capture contribution in expl osive\nastrophysical burning conditions [12, 7].\nHere, we present a ﬁrst study of the56Ni(d,n)57Cu proton\ntransfer reaction aimed at the ﬁrst direct experimental det ermi-\nnations of the proton single-particle strengths of the key l ow-\nlying excited states in57Cu by angle-integrated cross-section\nmeasurements. The method exploits the high resolution and\neﬃciency of the GRETINA (Gamma-Ray Energy Tracking In-\nbeam Nuclear Array) device [13] and an intense56Ni radioac-\ntive beam produced in ﬂight by the National Superconducting\nCyclotron Laboratory (NSCL). This new approach has been\nshown to work successfully in determining spectroscopic fa c-\ntors, including key astrophysical resonances [14, 15], and is de-\nscribed for the present application in detail below. In addi tion,\nwe have performed a measurement of the56Ni(d,p)57Ni trans-\nfer reaction to study analog states in the mirror nucleus57Ni,\nand explore evidence for isospin symm",
        "page": 2,
        "link": "https://ui.adsabs.harvard.edu/link_gateway/2019PhLB..79734803K/EPRINT_PDF",
        "title": "Singleparticle shell strengths near the doubly magic nucleus SUP56SUPNi and the SUP56SUPNipSUP57SUPCu reaction rate in explosive astrophysical burning"
    },
    "2019PhLB..79734803K_page_2_chunk_2": {
        "text": "plication in detail below. In addi tion,\nwe have performed a measurement of the56Ni(d,p)57Ni trans-\nfer reaction to study analog states in the mirror nucleus57Ni,\nand explore evidence for isospin symmetry breaking e ﬀects.\nFurthermore, the56Ni(d,p) data were also used to measure for\nthe ﬁrst time the single-particle strength of a high-lying e xcited\nstate in57Ni whose analog likely determines the explosive as-\ntrophysical burning rate above T∼1 GK in the56Ni(p,γ)57Cu\nreaction.\nThe56Ni(d,n)57Cu and56Ni(d,p)57Ni reaction studies were\nperformed in inverse kinematics. A 33.6 MeV /u56Ni28+beam\nwas produced by in-ﬂight fragmentation of a 28-pnA 160-MeV /u\nprimary beam of58Ni27+ions which impinged upon a 1316-\nmg/cm2thick9Be production target. The A1900 fragment sep-\narator [16] selected the ions of interest based on their magn etic\nrigidity and used a 150-mg /cm2thick Al achromatic wedge to\nprovide isotopic separation at its focal plane. The resulti ng\n56Ni28+beam had a purity of 47% (contam",
        "page": 2,
        "link": "https://ui.adsabs.harvard.edu/link_gateway/2019PhLB..79734803K/EPRINT_PDF",
        "title": "Singleparticle shell strengths near the doubly magic nucleus SUP56SUPNi and the SUP56SUPNipSUP57SUPCu reaction rate in explosive astrophysical burning"
    },
    "2019PhLB..79734803K_page_2_chunk_3": {
        "text": " of interest based on their magn etic\nrigidity and used a 150-mg /cm2thick Al achromatic wedge to\nprovide isotopic separation at its focal plane. The resulti ng\n56Ni28+beam had a purity of 47% (contaminated mainly by\n55Co with traces of52Mn and51Cr ions) and an average in-\ntensity of 3×105 56Ni particles per second. The56Ni beam\nimpinged on a 10.7(8)-mg /cm2thick deuterated polyethylene\ntarget, (CD 2)n, which was surrounded by the GRETINA de-\ntectors [13] positioned in two rings at laboratory angles of 58◦\nand 90◦with respect to the beam direction. Beam-like residues\nwere collected and analyzed with the S800 spectrograph [17]\npositioned at 0◦scattering angle. The analysis line to the S800\nwas operated in achromatic mode to obtain a total acceptance\nof nearly 100% for57Cu29+and 50(10)% for57Ni28+run set-\ntings (the lower value for57Ni reﬂects the need to block out\nscattered56Ni28+ions from part of the focal plane). Using the\nS800, we measured the intensity of56Ni28+,27+,26+species after",
        "page": 2,
        "link": "https://ui.adsabs.harvard.edu/link_gateway/2019PhLB..79734803K/EPRINT_PDF",
        "title": "Singleparticle shell strengths near the doubly magic nucleus SUP56SUPNi and the SUP56SUPNipSUP57SUPCu reaction rate in explosive astrophysical burning"
    },
    "2019PhLB..79734803K_page_2_chunk_4": {
        "text": "7Ni28+run set-\ntings (the lower value for57Ni reﬂects the need to block out\nscattered56Ni28+ions from part of the focal plane). Using the\nS800, we measured the intensity of56Ni28+,27+,26+species after\nthe CD 2target relative to the number of incident56Ni28+beam\nions, where we observed that 80% of the incident ions emerged\nin the fully-stripped charge state. Given the similar prope rties\nof energy, mass, and nuclear charge of the56Ni beam and heavy\nresidues57Cu and57Ni, we estimated an 80(5)% and 40(11)%\ncollection and detection e ﬃciency for57Cu29+and57Ni28+ions,\nrespectively. To account for reactions on carbon producing the\nresidues of interest, measurements were also performed for ap-\nproximately half the duration of the CD 2runs with an 8.8(15)-\nmg/cm2thick (CH 2)ntarget.\nThe data acquisition system was triggered either by a residu e-\nγcoincidence or downscaled (by a factor of 5) residue singles\nevents. The GRETINA absolute singles e ﬃciency was cali-1000 1500 2000 2500 3000\n-ray en",
        "page": 2,
        "link": "https://ui.adsabs.harvard.edu/link_gateway/2019PhLB..79734803K/EPRINT_PDF",
        "title": "Singleparticle shell strengths near the doubly magic nucleus SUP56SUPNi and the SUP56SUPNipSUP57SUPCu reaction rate in explosive astrophysical burning"
    },
    "2019PhLB..79734803K_page_2_chunk_5": {
        "text": "sition system was triggered either by a residu e-\nγcoincidence or downscaled (by a factor of 5) residue singles\nevents. The GRETINA absolute singles e ﬃciency was cali-1000 1500 2000 2500 3000\n-ray energy (keV)γ02004006008001000Counts/8 keV  \n 1028←(a)Cu57Ni(d,n)56 1108←(a)Cu57Ni(d,n)56\n (2398)←(a)Cu57Ni(d,n)56\n (2525)←(a)Cu57Ni(d,n)56\n1000 1500 2000 2500 3000\n-ray energy (keV)γ050100150200250300350Counts/16 keV  \n 769←(b)Ni57Ni(d,p)56 1113←(b)Ni57Ni(d,p)56\n (2443)←(b)Ni57Ni(d,p)56\n 2579←(b)Ni57Ni(d,p)56\nFigure 1: Doppler-reconstructed γ-ray spectra gated in coincidence with (a)\n57Cu and (b)57Ni recoils ( v/c≈0.25). The spectra were produced using the\nCD2data minus the (scaled) CH 2data. The location of known states are indi-\ncated.\nbrated with56Co and152Eu sources as described in ref. [18].\nAn eﬃciency of 5.5% for Eγ=1332 keV was achieved for\nthe nine-module setup employed here. The in-beam GRETINA\neﬃciency was boosted by a factor 1.06(5) compared to a sta-\ntionary source. Doppler-adj",
        "page": 2,
        "link": "https://ui.adsabs.harvard.edu/link_gateway/2019PhLB..79734803K/EPRINT_PDF",
        "title": "Singleparticle shell strengths near the doubly magic nucleus SUP56SUPNi and the SUP56SUPNipSUP57SUPCu reaction rate in explosive astrophysical burning"
    },
    "2019PhLB..79734803K_page_2_chunk_6": {
        "text": "].\nAn eﬃciency of 5.5% for Eγ=1332 keV was achieved for\nthe nine-module setup employed here. The in-beam GRETINA\neﬃciency was boosted by a factor 1.06(5) compared to a sta-\ntionary source. Doppler-adjusted γ-ray energy spectra gated\non57Cu and57Ni ions are shown in Figs. 1a) and b), respec-\ntively. Events induced by reactions on carbon atoms have al-\nready been subtracted, following the procedure in refs. [14 , 15].\nIn the57Cu spectrum, two strong peaks are observed at energies\nof 1028(1) and 1109(2) keV , which are assigned to the γde-\ncays to the ground state of the ﬁrst and second excited states at\n1028(4) and 1106(4) keV observed by Zhou et al. in a study of\nthe1H(58Ni,57Cu)2 nreaction [10]. There is no evidence for\ntheγdecay at 2398(10) keV reported in the same study, or\nfor previously unobserved γdecays from the excited state at\n2525(17) keV [19, 20]. In Fig. 1b, three peaks are observed at\nenergies of 768(1), 1122(5), and 2579(4) keV . The ﬁrst two ar e\nassigned to the known dec",
        "page": 2,
        "link": "https://ui.adsabs.harvard.edu/link_gateway/2019PhLB..79734803K/EPRINT_PDF",
        "title": "Singleparticle shell strengths near the doubly magic nucleus SUP56SUPNi and the SUP56SUPNipSUP57SUPCu reaction rate in explosive astrophysical burning"
    },
    "2019PhLB..79734803K_page_2_chunk_7": {
        "text": "y unobserved γdecays from the excited state at\n2525(17) keV [19, 20]. In Fig. 1b, three peaks are observed at\nenergies of 768(1), 1122(5), and 2579(4) keV . The ﬁrst two ar e\nassigned to the known decays of the 5 /2−and 1/2−levels at\n769 and 1113 keV in57Ni [8, 9], respectively. The third peak\nis assigned to the known decay of the 7 /2−state at 2578 keV\n[8]. Angle-integrated cross sections for the four lowest ex cited\nstates in57Cu and57Ni are shown in Table 1 assuming 100% γ\nbranches to the ground states (consistent with nuclear comp ila-\ntion data for57Ni [8]), and insigniﬁcant γ-decay feeding from\nhigher-lying excited states (there are no other γ-ray lines ob-\nserved). The overall errors for the cross sections in Table 1 were\nobtained from a combination of statistical uncertainties f or in-\ndividual transitions, and an uncertainty of 20% (28%) for57Cu\n(57Ni) estimated by combining contributions to the uncertaint y\n2",
        "page": 2,
        "link": "https://ui.adsabs.harvard.edu/link_gateway/2019PhLB..79734803K/EPRINT_PDF",
        "title": "Singleparticle shell strengths near the doubly magic nucleus SUP56SUPNi and the SUP56SUPNipSUP57SUPCu reaction rate in explosive astrophysical burning"
    },
    "2019PhLB..79734803K_page_2_chunk_8": {
        "text": " in-\ndividual transitions, and an uncertainty of 20% (28%) for57Cu\n(57Ni) estimated by combining contributions to the uncertaint y\n2",
        "page": 2,
        "link": "https://ui.adsabs.harvard.edu/link_gateway/2019PhLB..79734803K/EPRINT_PDF",
        "title": "Singleparticle shell strengths near the doubly magic nucleus SUP56SUPNi and the SUP56SUPNipSUP57SUPCu reaction rate in explosive astrophysical burning"
    },
    "2019PhLB..79734803K_page_3_chunk_1": {
        "text": "Table 1: Angle-integrated experimental ( σexp) and theoretical (σth) reaction\ncross sections and derived spectroscopic factors ( C2S(d,n),C2S(d,p)). Compar-\nisons are made with shell-model (SM) calculations.\n56Ni(d,n)57Cu\nEex Jπℓ σ exp(mb)σth(mb) C2S(d,n) C2SSM\n1.028 5/2−3 2.00(40) 2.62 0.76(28) 0.75\n1.109 1/2−1 0.28(6) 0.45 0.62(22) 0.71\n2.398 5/2−3<0.2 2.61 <8×10−21.8×10−3\n2.525 7/2−3<0.2 14.5 — 3 .9×10−2\n56Ni(d,p)57Ni\nEex Jπℓ σ exp(mb)σth(mb) C2S(d,p) C2SSM\n0.768 5/2−3 2.10(60) 2.77 0.77(31) 0.74\n1.122 1/2−1 0.50(15) 0.68 0.73(31) 0.69\n2.443 5/2−3<0.4 2.61 <0.1 3×10−4\n2.579 7/2−3 1.24(36) 14.9 8(3) ×10−24.1×10−2\nfrom target thicknesses, Doppler-corrected γ-ray detection eﬃ-\nciency, residual charge-state distributions, and the mome ntum\nacceptance, in quadrature.\nThe theoretical angle-integrated single-particle ( C2S=1)\ncross sections for the56Ni(d,n)57Cu and56Ni(d,p)57Cu reac-\ntions shown in Table 1 were calculated using the ﬁnite-range\nadiabatic approximation [21], which incorporat",
        "page": 3,
        "link": "https://ui.adsabs.harvard.edu/link_gateway/2019PhLB..79734803K/EPRINT_PDF",
        "title": "Singleparticle shell strengths near the doubly magic nucleus SUP56SUPNi and the SUP56SUPNipSUP57SUPCu reaction rate in explosive astrophysical burning"
    },
    "2019PhLB..79734803K_page_3_chunk_2": {
        "text": "tegrated single-particle ( C2S=1)\ncross sections for the56Ni(d,n)57Cu and56Ni(d,p)57Cu reac-\ntions shown in Table 1 were calculated using the ﬁnite-range\nadiabatic approximation [21], which incorporates deutero n breakup.\nA laboratory beam energy of 32 MeV /u was used corresponding\nto the approximate center-of-target energy. Nucleon-targ et in-\nteractions used the CH89 [22] optical potential and the nucl eon-\nnucleon interaction from ref. [23]. The n(p)+56Ni ﬁnal states\nwere described by a real Woods-Saxon potential with central\nand spin-orbit terms. The radius and di ﬀuseness of these po-\ntentials were set to 1.23 fm and 0.67 fm, respectively. The\nspin-orbit term was given the standard depth of Vso=6 MeV .\nFor the ( d,p) calculations, the central potential depth was ad-\njusted to reproduce the ﬁnal bound-state binding energies. For\nthe (d,n) calculations, the ﬁnal states are resonances. Here, we\napplied a bound-state approximation in which we adjusted th e\ndepth of the central potenti",
        "page": 3,
        "link": "https://ui.adsabs.harvard.edu/link_gateway/2019PhLB..79734803K/EPRINT_PDF",
        "title": "Singleparticle shell strengths near the doubly magic nucleus SUP56SUPNi and the SUP56SUPNipSUP57SUPCu reaction rate in explosive astrophysical burning"
    },
    "2019PhLB..79734803K_page_3_chunk_3": {
        "text": "e the ﬁnal bound-state binding energies. For\nthe (d,n) calculations, the ﬁnal states are resonances. Here, we\napplied a bound-state approximation in which we adjusted th e\ndepth of the central potential to produce a ﬁnal state bound\nby just E=0.001 MeV , as was done in [14]. For low-lying\nresonances, this approximation introduces less than 1% err or,\nbut for the two higher-lying resonances, this approximatio n can\nintroduce an error of ∼6%. Repeating the calculation with\nthe Becchetti-Greenlees potential [24] changed the total c ross\nsection by about 15%, dominating the error introduced by the\nbound-state approximation. Based on this and other studies\n[25], we estimate an error of up to 30% in the total cross sec-\ntion calculations. The e ﬀective adiabatic potentials for ( d,p)\nand ( d,n) were computed with twofnr [26] and the transfer cal-\nculations were performed with the reaction code, fresco [27].\nShell-model wavefunctions for56,57Ni and57Cu were obtained\nin the full p fmodel space",
        "page": 3,
        "link": "https://ui.adsabs.harvard.edu/link_gateway/2019PhLB..79734803K/EPRINT_PDF",
        "title": "Singleparticle shell strengths near the doubly magic nucleus SUP56SUPNi and the SUP56SUPNipSUP57SUPCu reaction rate in explosive astrophysical burning"
    },
    "2019PhLB..79734803K_page_3_chunk_4": {
        "text": "were computed with twofnr [26] and the transfer cal-\nculations were performed with the reaction code, fresco [27].\nShell-model wavefunctions for56,57Ni and57Cu were obtained\nin the full p fmodel space with the GPFX1A Hamiltonian [28]\nfor the isospin-conserving strong interaction plus the Cou lomb\nand charge-dependent Hamiltonians from ref. [29]. The spec -\ntroscopic factors (shown in Table 1) were derived from the ov er-\nlap of these wavefunctions.\nExperimental spectroscopic factors for the two lowest-lyi ng\nexcited states in57Cu are reported here for the ﬁrst time. The\nvalues agree very well with shell-model calculations and ar e\nconsistent with strong single particle states. A level hier archy\nwith the 5/2−level below the 1/2−is conﬁrmed by the relativeTable 2: Resonance parameters used in the56Ni(p,γ)57Cu reaction rate calcu-\nlation. See the text for details.\nEex(keV) Er(keV) JπΓp(eV)Γγ(eV)ωγ(eV)\n1028(1) 338 5 /2−5.7×10−121.9×10−41.7×10−11\n1108(2) 418 1 /2−1.9×10−78.6×10−31.9×10−7\n2",
        "page": 3,
        "link": "https://ui.adsabs.harvard.edu/link_gateway/2019PhLB..79734803K/EPRINT_PDF",
        "title": "Singleparticle shell strengths near the doubly magic nucleus SUP56SUPNi and the SUP56SUPNipSUP57SUPCu reaction rate in explosive astrophysical burning"
    },
    "2019PhLB..79734803K_page_3_chunk_5": {
        "text": "in the56Ni(p,γ)57Cu reaction rate calcu-\nlation. See the text for details.\nEex(keV) Er(keV) JπΓp(eV)Γγ(eV)ωγ(eV)\n1028(1) 338 5 /2−5.7×10−121.9×10−41.7×10−11\n1108(2) 418 1 /2−1.9×10−78.6×10−31.9×10−7\n2398(10) 1708 5 /2−5.5×10−39.0×10−31.0×10−2\n2525(17) 1835 7 /2−5.3×10−16.8×10−32.7×10−2\ndiﬀerence in cross sections for these states, which are consis-\ntent with our reaction theory calculations. Previously thi s hier-\narchy had been assumed largely on the basis of mirror energy\nlevel shift arguments [10, 12]. This relative di ﬀerence in cross\nsection is also reﬂected for the analog states in57Ni. The spec-\ntroscopic factors for these states in57Ni are found to be very\nsimilar to the analog states in57Cu, and show no evidence of\nsigniﬁcant isospin symmetry breaking. The57NiC2Svalues\nare lower, and more precise, than those ﬁrst reported by Rehm\net al. [9], but agree well within errors. A clear di ﬀerence be-\ntween the spectra in Fig. 1 is the strong presence of the decay of\nthe 7/2−state in5",
        "page": 3,
        "link": "https://ui.adsabs.harvard.edu/link_gateway/2019PhLB..79734803K/EPRINT_PDF",
        "title": "Singleparticle shell strengths near the doubly magic nucleus SUP56SUPNi and the SUP56SUPNipSUP57SUPCu reaction rate in explosive astrophysical burning"
    },
    "2019PhLB..79734803K_page_3_chunk_6": {
        "text": "and more precise, than those ﬁrst reported by Rehm\net al. [9], but agree well within errors. A clear di ﬀerence be-\ntween the spectra in Fig. 1 is the strong presence of the decay of\nthe 7/2−state in57Ni which is not present for57Cu. From this\nwe can infer that proton decay represents the dominant branc h\nof the 7/2−state in57Cu (we therefore do not present a C2S\nvalue for this state in57Cu in Table 1). The C2S(ℓ=3) value\nfor the 7/2−state in57Ni represents a ﬁrst measurement (rather\nthan an upper limit) and is an interesting test of the shell-m odel\ncalculations. It is found to be much weaker in single particl e\nstrength than the lower-lying states and is broadly consist ent\nwith the shell-model prediction. The shell-model calculat ions\nsuggest the neighboring 5 /2−state has a smaller single-particle\nstrength consistent with its non-observation here in both t he\n57Ni and57Cu data. Interestingly, the γdecay of this state was\nclearly observed in the1H(58Ni,57Cu)2 nreaction [10], which\ns",
        "page": 3,
        "link": "https://ui.adsabs.harvard.edu/link_gateway/2019PhLB..79734803K/EPRINT_PDF",
        "title": "Singleparticle shell strengths near the doubly magic nucleus SUP56SUPNi and the SUP56SUPNipSUP57SUPCu reaction rate in explosive astrophysical burning"
    },
    "2019PhLB..79734803K_page_3_chunk_7": {
        "text": "gle-particle\nstrength consistent with its non-observation here in both t he\n57Ni and57Cu data. Interestingly, the γdecay of this state was\nclearly observed in the1H(58Ni,57Cu)2 nreaction [10], which\nsuggests theγbranch for this state in57Cu is at least compara-\nble to the proton branch, otherwise it would not have been see n\nin that study.\nTable 2 shows resonance parameters for the four lowest-\nlying excited states in57Cu used to calculate the56Ni(p,γ)57Cu\nastrophysical reaction rate. Shell-model calculations of theγ-\ndecay widths used the M1 and E2 e ﬀective operators from ref. [30].\nThe uncertainty in the γ-decay widths is about a factor of two\n[30]. Proton-decay widths were calculated from Γ = C2S·\nP·2W, where Pare the penetration factors obtained from the\nCoulomb wavefunction, and Wis the Wigner single-particle\nwidth. Theℓ-dependent radius for the evaluation of Pwas cho-\nsen to reproduce the single-particle width obtained for pro ton\nscattering from a Woods-Saxon potential. The Woo",
        "page": 3,
        "link": "https://ui.adsabs.harvard.edu/link_gateway/2019PhLB..79734803K/EPRINT_PDF",
        "title": "Singleparticle shell strengths near the doubly magic nucleus SUP56SUPNi and the SUP56SUPNipSUP57SUPCu reaction rate in explosive astrophysical burning"
    },
    "2019PhLB..79734803K_page_3_chunk_8": {
        "text": "the Wigner single-particle\nwidth. Theℓ-dependent radius for the evaluation of Pwas cho-\nsen to reproduce the single-particle width obtained for pro ton\nscattering from a Woods-Saxon potential. The Woods-Saxon\nparameters were consistent with the geometry used in the cro ss\nsection calculations and were chosen to reproduce the proto n\nseparation energy of56Ni to55Co and the rms charge radius\nof58Ni. The potential depth for the scattered proton was ad-\njusted to give a resonance Q-value of 1 MeV . The uncertainty\nin these calculations of the single-particle proton-decay widths\nis∼20%. A proton separation energy of 690.3(4) keV [31] was\nused for57Cu to calculate the resonance energies, which incor-\nporate the new more precise excitation energy values report ed\nhere for the two lowest-lying excited states. The proton wid ths\n3",
        "page": 3,
        "link": "https://ui.adsabs.harvard.edu/link_gateway/2019PhLB..79734803K/EPRINT_PDF",
        "title": "Singleparticle shell strengths near the doubly magic nucleus SUP56SUPNi and the SUP56SUPNipSUP57SUPCu reaction rate in explosive astrophysical burning"
    },
    "2019PhLB..79734803K_page_3_chunk_9": {
        "text": "ited states. The proton wid ths\n3",
        "page": 3,
        "link": "https://ui.adsabs.harvard.edu/link_gateway/2019PhLB..79734803K/EPRINT_PDF",
        "title": "Singleparticle shell strengths near the doubly magic nucleus SUP56SUPNi and the SUP56SUPNipSUP57SUPCu reaction rate in explosive astrophysical burning"
    },
    "2019PhLB..79734803K_page_4_chunk_1": {
        "text": "1−10×21−10×3 1 2\nTemperature (GK)11−1010−109−108−107−106−105−104−103−102−101−10) -1 mol-1 s3v> (cmσ <AN−1.028 5/2\n−1.108 1/2\n−2.398 5/2\n−2.525 7/2Present Work\net al. van Wormer \net al.Zhou \net al.Rehm \nFigure 2:56Ni(p,γ) astrophysical reaction rate and uncertainty bounds calcu -\nlated using the resonance parameters listed in Table 2 (show n in orange). The\ntotal rates from refs. [7, 10, 9] are shown for comparison; ad ditionally, as the\nuncertainty bounds were presented in ref. [10], these are al so depicted. See text\nfor details.\nfor these states were calculated for the ﬁrst time using the e x-\nperimentally constrained C2Svalues obtained for57Cu in the\npresent work. For the 7 /2−state we derive the proton width\nvalue using the C2S(ℓ=3) value reported here for the ﬁrst time\nfor the analog state in57Ni. For the proton width of the 2398-\nkeV 5/2−level, we take the C2Svalue from the shell-model\ncalculation which is compatible with the experimental obse rva-\ntional limit in the present57Ni",
        "page": 4,
        "link": "https://ui.adsabs.harvard.edu/link_gateway/2019PhLB..79734803K/EPRINT_PDF",
        "title": "Singleparticle shell strengths near the doubly magic nucleus SUP56SUPNi and the SUP56SUPNipSUP57SUPCu reaction rate in explosive astrophysical burning"
    },
    "2019PhLB..79734803K_page_4_chunk_2": {
        "text": "state in57Ni. For the proton width of the 2398-\nkeV 5/2−level, we take the C2Svalue from the shell-model\ncalculation which is compatible with the experimental obse rva-\ntional limit in the present57Ni data (see Table 1).\nThe present56Ni(p,γ)57Cu reaction rate and uncertainty bounds\nincorporating our new experimental results and shell-mode l cal-\nculations is shown in Fig. 2. Our rate for T<1 GK is domi-\nnated by theℓ=1 capture resonance at 417.7(1.8) keV for\nwhich we derive a resonance strength, ωγ=1.9(8)×10−7eV .\nFor the region with T>1 GK, both theℓ=3 captures on\nthe higher-lying 5/2−and 7/2−states are found to contribute\nto, and collectively dominate, the reaction rate. The 5 /2−state\nis the only lower-lying resonance for which we have only an\nexperimental upper limit on the spectroscopic factor. If th is\nvalue is signiﬁcantly lower than the shell-model calculati on this\nwould reduce its strength /signiﬁcance relative to the 7 /2−state.\nA much higher value for C2S, and therefore the",
        "page": 4,
        "link": "https://ui.adsabs.harvard.edu/link_gateway/2019PhLB..79734803K/EPRINT_PDF",
        "title": "Singleparticle shell strengths near the doubly magic nucleus SUP56SUPNi and the SUP56SUPNipSUP57SUPCu reaction rate in explosive astrophysical burning"
    },
    "2019PhLB..79734803K_page_4_chunk_3": {
        "text": "ic factor. If th is\nvalue is signiﬁcantly lower than the shell-model calculati on this\nwould reduce its strength /signiﬁcance relative to the 7 /2−state.\nA much higher value for C2S, and therefore the proton partial\nwidth, is deemed unlikely as γdecay has been observed from\nthis 5/2−state in57Cu [10]. Figure 2 also shows some previous\nreaction rate calculations for comparison [7, 10, 9]. At low er\ntemperatures, the van Wormer theoretical calculation is or ders\nof magnitude lower and reﬂects the then unknown resonance\nenergies in57Cu. The later rate of Zhou et al. used known ex-\nperimental energies but the proton and γwidths were entirely\nestimated from theory; the large reaction rate di ﬀerence, par-\nticularly for T<1 GK, is caused by the relatively low proton\npartial width derived for the 1 /2−resonance in that estimate\n[10]. The rate of Rehm et al. [9] incorporates the results for the\nspectroscopic factors for the two lowest-lying excited sta tes in\n57Ni. This central rate agrees wel",
        "page": 4,
        "link": "https://ui.adsabs.harvard.edu/link_gateway/2019PhLB..79734803K/EPRINT_PDF",
        "title": "Singleparticle shell strengths near the doubly magic nucleus SUP56SUPNi and the SUP56SUPNipSUP57SUPCu reaction rate in explosive astrophysical burning"
    },
    "2019PhLB..79734803K_page_4_chunk_4": {
        "text": " 1 /2−resonance in that estimate\n[10]. The rate of Rehm et al. [9] incorporates the results for the\nspectroscopic factors for the two lowest-lying excited sta tes in\n57Ni. This central rate agrees well at low temperatures, as the\nsame proton width and resonance strength values are obtaine dfor the 1/2−state. One should note that the spectroscopic fac-\ntor used for the calculation in ref. [9] was based on the analo g\nstate in57Ni, and had a higher C2Svalue (and uncertainty) than\nthat measured directly in the present study on57Cu. For the two\nhigher-lying resonance contributions refs. [9] and [10] ad opted\nthe same partial width values so their total rates for T>1 GK\nare nearly the same. Our result is signiﬁcantly lower in this re-\ngion, reﬂecting the lower partial widths obtained (particu larly\nfor the 5/2−level) in the present shell-model calculations.\nIn summary, we report angle-integrated cross-section mea-\nsurements for the56Ni(d,n)57Cu and56Ni(d,p)57Ni transfer re-\nactions. Compari",
        "page": 4,
        "link": "https://ui.adsabs.harvard.edu/link_gateway/2019PhLB..79734803K/EPRINT_PDF",
        "title": "Singleparticle shell strengths near the doubly magic nucleus SUP56SUPNi and the SUP56SUPNipSUP57SUPCu reaction rate in explosive astrophysical burning"
    },
    "2019PhLB..79734803K_page_4_chunk_5": {
        "text": "arly\nfor the 5/2−level) in the present shell-model calculations.\nIn summary, we report angle-integrated cross-section mea-\nsurements for the56Ni(d,n)57Cu and56Ni(d,p)57Ni transfer re-\nactions. Comparisons with reaction theory calculations al low\ndeﬁnitive assignments of the ﬁrst two excited states in57Cu to\ntheir analogs in the mirror partner,57Ni. First measurements of\nthe spectroscopic factors for these two states in57Cu show they\nhave a strong single-particle character with values agreei ng well\nwith the new shell-model calculations obtained using a full p f\nmodel space with the GPFX1A interaction plus Coulomb and\ncharge-dependent Hamiltonians. From a comparison with the ir\nanalog states in57Ni we ﬁnd no evidence for signiﬁcant isospin\nsymmetry breaking e ﬀects. The spectroscopic factor of a high-\nlying 7/2−state is determined for the ﬁrst time in57Ni and is\nfound to have a much weaker single particle character in reas on-\nable agreement with the new shell-model calculations. We us ",
        "page": 4,
        "link": "https://ui.adsabs.harvard.edu/link_gateway/2019PhLB..79734803K/EPRINT_PDF",
        "title": "Singleparticle shell strengths near the doubly magic nucleus SUP56SUPNi and the SUP56SUPNipSUP57SUPCu reaction rate in explosive astrophysical burning"
    },
    "2019PhLB..79734803K_page_4_chunk_6": {
        "text": " of a high-\nlying 7/2−state is determined for the ﬁrst time in57Ni and is\nfound to have a much weaker single particle character in reas on-\nable agreement with the new shell-model calculations. We us e\nthese new results to re-evaluate and signiﬁcantly constrai n the\n56Ni(p,γ)57Cu astrophysical reaction rate required for model-\ning of explosive burning in x-ray bursts where the astrophys ical\nrp-process is thought to occur.\nAcknowledgments\nThis work was supported by the U.S. National Science Foun-\ndation (NSF) under Cooperative Agreement No. PHY-1102511\n(NSCL) and No. PHY-1430152 (JINA-CEE). GRETINA was\nfunded by the DOE, O ﬃce of Science. Operation of the array at\nNSCL was supported by the DOE under Grants No. de-sc0014537\n(NSCL) and No. DE-AC02-05CH11231 (LBNL). BAB kindly\nacknowledges funding from an NSF Grant No. PHY-1811855.\nThe Edinburgh group is appreciative of funding from the UK\nSTFC under Grant No. ST /L005824/1.\nReferences\n[1] C. B. Hinke, M. B¨ ohmer, P. Boutachkov, T. Faest",
        "page": 4,
        "link": "https://ui.adsabs.harvard.edu/link_gateway/2019PhLB..79734803K/EPRINT_PDF",
        "title": "Singleparticle shell strengths near the doubly magic nucleus SUP56SUPNi and the SUP56SUPNipSUP57SUPCu reaction rate in explosive astrophysical burning"
    },
    "2019PhLB..79734803K_page_4_chunk_7": {
        "text": "nding from an NSF Grant No. PHY-1811855.\nThe Edinburgh group is appreciative of funding from the UK\nSTFC under Grant No. ST /L005824/1.\nReferences\n[1] C. B. Hinke, M. B¨ ohmer, P. Boutachkov, T. Faestermann, H . Geissel,\nJ. Gerl, R. Gernh¨ auser, M. G´ orska, A. Gottardo, H. Grawe, J . L. Gre ¸bosz,\nR. Kr¨ ucken, N. Kurz, Z. Liu, L. Maier, F. Nowacki, S. Pietri, Z. Podoly´ ak,\nK. Sieja, K. Steiger, K. Straub, H. Weick, H.-J. Wollersheim , P. J. Woods,\nN. Al-Dahan, N. Alkhomashi, A. Atac ¸, A. Blazhev, N. F. Braun , I. T.\nˇCelikovi´ c, T. Davinson, I. Dillmann, C. Domingo-Pardo, P. C. Doornen-\nbal, G. de France, G. F. Farrelly, F. Farinon, N. Goel, T. C. Ha bermann,\nR. Hoischen, R. Janik, M. Karny, A. Kas ¸kas ¸, I. M. Kojouharo v, T. Kr¨ oll,\nY . Litvinov, S. Myalski, F. Nebel, S. Nishimura, C. Nociforo , J. Ny-\nberg, A. R. Parikh, A. Proch´ azka, P. H. Regan, C. Rigollet, H . Schaﬀner,\nC. Scheidenberger, S. Schwertel, P.-A. S¨ oderstr¨ om, S. J. Steer, A. Stolz,\nand P. Strmeˇ n, Natur",
        "page": 4,
        "link": "https://ui.adsabs.harvard.edu/link_gateway/2019PhLB..79734803K/EPRINT_PDF",
        "title": "Singleparticle shell strengths near the doubly magic nucleus SUP56SUPNi and the SUP56SUPNipSUP57SUPCu reaction rate in explosive astrophysical burning"
    },
    "2019PhLB..79734803K_page_4_chunk_8": {
        "text": "a, C. Nociforo , J. Ny-\nberg, A. R. Parikh, A. Proch´ azka, P. H. Regan, C. Rigollet, H . Schaﬀner,\nC. Scheidenberger, S. Schwertel, P.-A. S¨ oderstr¨ om, S. J. Steer, A. Stolz,\nand P. Strmeˇ n, Nature 486, 341 (2012).\n[2] K. Auranen, D. Seweryniak, M. Albers, A. D. Ayangeakaa, S . Bot-\ntoni, M. P. Carpenter, C. J. Chiara, P. Copp, H. M. David, D. T.\nDoherty, J. Harker, C. R. Ho ﬀman, R. V . F. Janssens, T. L. Khoo,\nS. A. Kuvin, T. Lauritsen, G. Lotay, A. M. Rogers, J. Sethi,\nC. Scholey, R. Talwar, W. B. Walters, P. J. Woods, and S. Zhu,\nPhys. Rev. Lett. 121, 182501 (2018).\n4",
        "page": 4,
        "link": "https://ui.adsabs.harvard.edu/link_gateway/2019PhLB..79734803K/EPRINT_PDF",
        "title": "Singleparticle shell strengths near the doubly magic nucleus SUP56SUPNi and the SUP56SUPNipSUP57SUPCu reaction rate in explosive astrophysical burning"
    },
    "2019PhLB..79734803K_page_5_chunk_1": {
        "text": "[3] T. Otsuka, M. Honma, and T. Mizusaki, Phys. Rev. Lett. 81, 1588 (1998).\n[4] K. L. Yurkewicz, D. Bazin, B. A. Brown, C. M. Campbell, J. A .\nChurch, D. C. Dinca, A. Gade, T. Glasmacher, M. Honma, T. Mizu saki,\nW. F. Mueller, H. Olliver, T. Otsuka, L. A. Riley, and J. R. Ter ry,\nPhys. Rev. C 70, 054319 (2004).\n[5] T. E. Cocolios, A. N. Andreyev, B. Bastin, N. Bree,\nJ. B¨ uscher, J. Elseviers, J. Gentens, M. Huyse, Y . Kudryavt sev,\nD. Pauwels, T. Sonoda, P. van den Bergh, and P. van Duppen,\nPhys. Rev. Lett. 103, 102501 (2009).\n[6] R. K. Wallace and S. E. Woosley, Astrophys. J. Supp. 45, 389 (1981).\n[7] L. van Wormer, J. G¨ orres, C. Iliadis, M. Wiescher, and F. -K. Thielemann,\nAstrophys. J. 432, 326 (1994).\n[8] M. R. Bhat, Nucl. Data Sheets 85, 415 (1998).\n[9] K. E. Rehm, F. Borasi, C. L. Jiang, D. Ackermann, I. Ahmad, B. A.\nBrown, F. Brumwell, C. N. Davids, P. Decrock, S. M. Fischer, J . G¨ orres,\nJ. Greene, G. Hackmann, B. Harss, D. Henderson, W. Henning, R . V .\nJanssens, G. McMich",
        "page": 5,
        "link": "https://ui.adsabs.harvard.edu/link_gateway/2019PhLB..79734803K/EPRINT_PDF",
        "title": "Singleparticle shell strengths near the doubly magic nucleus SUP56SUPNi and the SUP56SUPNipSUP57SUPCu reaction rate in explosive astrophysical burning"
    },
    "2019PhLB..79734803K_page_5_chunk_2": {
        "text": " Jiang, D. Ackermann, I. Ahmad, B. A.\nBrown, F. Brumwell, C. N. Davids, P. Decrock, S. M. Fischer, J . G¨ orres,\nJ. Greene, G. Hackmann, B. Harss, D. Henderson, W. Henning, R . V .\nJanssens, G. McMichael, V . Nanal, D. Nisius, J. Nolen, R. C. P ardo,\nM. Paul, P. Reiter, J. P. Schi ﬀer, D. Seweryniak, R. E. Segel, M. Wiescher,\nand A. H. Wuosmaa, Phys. Rev. Lett. 80, 676 (1998).\n[10] X. G. Zhou, H. Dejbakhsh, C. A. Gagliardi, J. Jiang, L. Tr ache, and R. E.\nTribble, Phys. Rev. C 53, 982 (1996).\n[11] C. L. Jiang, K. E. Rehm, D. Ackermann, I. Ahmad, J. P. Gree ne,\nB. Harss, D. Henderson, W. F. Henning, R. V . F. Janssens, J. No len, R. C.\nPardo, P. Reiter, J. P. Schi ﬀer, D. Seweryniak, A. Sonzogni, J. Uusitalo,\nI. Wiedenh¨ over, A. H. Wuosmaa, F. Brumwell, G. McMichael, M . Paul,\nand R. E. Segel, Phys. Rev. C 80, 044613 (2009).\n[12] O. Forstner, H. Herndl, H. Oberhummer, H. Schatz, and B. A. Brown,\nPhys. Rev. C 64, 045801 (2001).\n[13] S. Paschalis, I. Y . Lee, A. O. Macchiavelli, C. M. Ca",
        "page": 5,
        "link": "https://ui.adsabs.harvard.edu/link_gateway/2019PhLB..79734803K/EPRINT_PDF",
        "title": "Singleparticle shell strengths near the doubly magic nucleus SUP56SUPNi and the SUP56SUPNipSUP57SUPCu reaction rate in explosive astrophysical burning"
    },
    "2019PhLB..79734803K_page_5_chunk_3": {
        "text": "gel, Phys. Rev. C 80, 044613 (2009).\n[12] O. Forstner, H. Herndl, H. Oberhummer, H. Schatz, and B. A. Brown,\nPhys. Rev. C 64, 045801 (2001).\n[13] S. Paschalis, I. Y . Lee, A. O. Macchiavelli, C. M. Campbe ll, M. Cro-\nmaz, S. Gros, J. Pavan, J. Qian, R. M. Clark, H. L. Crawford,\nD. Doering, P. Fallon, C. Lionberger, T. Loew, M. Petri, T. St ezel-\nberger, S. Zimmermann, D. C. Radford, K. Lagergren, D. Weiss haar,\nR. Winkler, T. Glasmacher, J. T. Anderson, and C. W. Beausang ,\nNucl. Instrum. Methods Phys. Res. A 709, 44 (2013).\n[14] A. Kankainen, P. J. Woods, F. Nunes, C. Langer, H. Schatz , V . Bader,\nT. Baugher, D. Bazin, B. A. Brown, J. Browne, D. T. Doherty,\nA. Estrade, A. Gade, A. Kontos, G. Lotay, Z. Meisel, F. Montes , S. Noji,\nG. Perdikakis, J. Pereira, F. Recchia, T. Redpath, R. Strobe rg, M. Scott,\nD. Seweryniak, J. Stevens, D. Weisshaar, K. Wimmer, and R. Ze gers,\nEur. Phys. J. A 52, 6 (2016).\n[15] A. Kankainen, P. J. Woods, H. Schatz, T. Poxon-Pearson, D. T. Doherty,\nV . Bader",
        "page": 5,
        "link": "https://ui.adsabs.harvard.edu/link_gateway/2019PhLB..79734803K/EPRINT_PDF",
        "title": "Singleparticle shell strengths near the doubly magic nucleus SUP56SUPNi and the SUP56SUPNipSUP57SUPCu reaction rate in explosive astrophysical burning"
    },
    "2019PhLB..79734803K_page_5_chunk_4": {
        "text": "be rg, M. Scott,\nD. Seweryniak, J. Stevens, D. Weisshaar, K. Wimmer, and R. Ze gers,\nEur. Phys. J. A 52, 6 (2016).\n[15] A. Kankainen, P. J. Woods, H. Schatz, T. Poxon-Pearson, D. T. Doherty,\nV . Bader, T. Baugher, D. Bazin, B. A. Brown, J. Browne, A. Estr ade,\nA. Gade, J. Jos´ e, A. Kontos, C. Langer, G. Lotay, Z. Meisel, F . Montes,\nS. Noji, F. Nunes, G. Perdikakis, J. Pereira, F. Recchia, T. R edpath,\nR. Stroberg, M. Scott, D. Seweryniak, J. Stevens, D. Weissha ar, K. Wim-\nmer, and R. Zegers, Phys. Lett. B 769, 549 (2017).\n[16] D. J. Morrissey, B. M. Sherrill, M. Steiner, A. Stolz, an d I. Wiedenhoever,\nNucl. Instrum. Methods Phys. Res. B 204, 90 (2003).\n[17] D. Bazin, J. A. Caggiano, B. M. Sherrill, J. Yurkon, and A . Zeller,\nNucl. Instrum. Methods Phys. Res. B 204, 629 (2003).\n[18] D. Weisshaar, D. Bazin, P. C. Bender, C. M. Campbell, F. R ec-\nchia, V . Bader, T. Baugher, J. Belarge, M. P. Carpenter, H. L.\nCrawford, M. Cromaz, B. Elman, P. Fallon, A. Forney, A. Gade,\nJ. Harker, N. ",
        "page": 5,
        "link": "https://ui.adsabs.harvard.edu/link_gateway/2019PhLB..79734803K/EPRINT_PDF",
        "title": "Singleparticle shell strengths near the doubly magic nucleus SUP56SUPNi and the SUP56SUPNipSUP57SUPCu reaction rate in explosive astrophysical burning"
    },
    "2019PhLB..79734803K_page_5_chunk_5": {
        "text": "Weisshaar, D. Bazin, P. C. Bender, C. M. Campbell, F. R ec-\nchia, V . Bader, T. Baugher, J. Belarge, M. P. Carpenter, H. L.\nCrawford, M. Cromaz, B. Elman, P. Fallon, A. Forney, A. Gade,\nJ. Harker, N. Kobayashi, C. Langer, T. Lauritsen, I. Y . Lee, A . Lemas-\nson, B. Longfellow, E. Lunderberg, A. O. Macchiavelli, K. Mi ki,\nS. Momiyama, S. Noji, D. C. Radford, M. Scott, J. Sethi, S. R. S troberg,\nC. Sullivan, R. Titus, A. Wiens, S. Williams, K. Wimmer, and S . Zhu,\nNucl. Instrum. Methods Phys. Res. A 847, 187 (2017).\n[19] E. Stiliaris, H. G. Bohlen, X. S. Chen, B. Gebauer, A. Mic zaika, W. von\nOertzen, W. Weller, and T. Wilpert, Z. Phys. A 326, 139 (1987).\n[20] A. Jokinen, A. Nieminen, J. ¨Ayst¨ o, R. Borcea, E. Caurier, P. Dendooven,\nM. Gierlik, M. G´ orska, H. Grawe, M. Hellstr¨ om, M. Karny, Z. Janas,\nR. Kirchner, M. La Commara, G. Martinez-Pinedo, P. Mayet, H. Pent-\ntil¨ a, A. Plochocki, M. Rejmund, E. Roeckl, M. Sawicka, C. Sc hlegel,\nK. Schmidt, and R. Schwengner, Eur. Phys. J. Dir",
        "page": 5,
        "link": "https://ui.adsabs.harvard.edu/link_gateway/2019PhLB..79734803K/EPRINT_PDF",
        "title": "Singleparticle shell strengths near the doubly magic nucleus SUP56SUPNi and the SUP56SUPNipSUP57SUPCu reaction rate in explosive astrophysical burning"
    },
    "2019PhLB..79734803K_page_5_chunk_6": {
        "text": "ny, Z. Janas,\nR. Kirchner, M. La Commara, G. Martinez-Pinedo, P. Mayet, H. Pent-\ntil¨ a, A. Plochocki, M. Rejmund, E. Roeckl, M. Sawicka, C. Sc hlegel,\nK. Schmidt, and R. Schwengner, Eur. Phys. J. Direct 4, 1 (2002).\n[21] R. C. Johnson and P. C. Tandy, Nucl. Phys. A 235, 56 (1974).\n[22] R. L. Varner, W. J. Thompson, T. L. McAbee, E. J. Ludwig, a nd T. B.\nClegg, Phys. Rep. 201, 57 (1991).\n[23] R. V . Reid, Jr., Ann. Phys. 50, 411 (1968).\n[24] F. D. Becchetti and G. W. Greenlees, Physical Review 182, 1190 (1969).\n[25] F. M. Nunes, A. Deltuva, and J. Hong, Phys. Rev. C 83, 034610 (2011).[26] M. Tostevin, M. Igarashi, and N. Kishida, “University o f Surrey modiﬁed\nversion of the code TWOFNR,” Private Communication.\n[27] I. J. Thompson, Comput. Phys. Rep. 7, 167 (1988).\n[28] M. Honma, T. Otsuka, B. A. Brown, and T. Mizusaki,\nEur. Phys. J. A Supp. 25, 499 (2005).\n[29] W. E. Ormand and B. A. Brown, Nucl. Phys. A 491, 1 (1989).\n[30] M. Honma, T. Otsuka, B. A. Brown, and T. Mizusaki,\nPhys. Rev.",
        "page": 5,
        "link": "https://ui.adsabs.harvard.edu/link_gateway/2019PhLB..79734803K/EPRINT_PDF",
        "title": "Singleparticle shell strengths near the doubly magic nucleus SUP56SUPNi and the SUP56SUPNipSUP57SUPCu reaction rate in explosive astrophysical burning"
    },
    "2019PhLB..79734803K_page_5_chunk_7": {
        "text": ", B. A. Brown, and T. Mizusaki,\nEur. Phys. J. A Supp. 25, 499 (2005).\n[29] W. E. Ormand and B. A. Brown, Nucl. Phys. A 491, 1 (1989).\n[30] M. Honma, T. Otsuka, B. A. Brown, and T. Mizusaki,\nPhys. Rev. C 69, 034335 (2004).\n[31] M. Wang, G. Audi, F. G. Kondev, W. J. Huang, S. Naimi, and X . Xu,\nChin. Phys. C 41, 030003 (2017).\n5",
        "page": 5,
        "link": "https://ui.adsabs.harvard.edu/link_gateway/2019PhLB..79734803K/EPRINT_PDF",
        "title": "Singleparticle shell strengths near the doubly magic nucleus SUP56SUPNi and the SUP56SUPNipSUP57SUPCu reaction rate in explosive astrophysical burning"
    }
}