{
    "2019ICRC...36..662D_page_1_chunk_1": {
        "text": "Time dependent modeling of electron acceleration\nand cooling during blazar ﬂares\nA. Dmytriiev\u0003, H. Sol, A. Zech\nObservatoire de Paris, CNRS, PSL Research University, LUTH, 5 Place J. Janssen, 92195\nMeudon, France\nE-mail: anton.dmytriiev@obspm.fr\nWe present a new time-dependent leptonic code that we developed to model the varying multi-\nwavelength (MWL) emission during blazar ﬂares. In our modeling, we assume that the blazar\nemission originates from a plasma blob located in the jet, and that relativistic electrons are in-\njected into the blob and may undergo stochastic (Fermi II) or shock (Fermi I) acceleration. We\nnumerically solve the kinetic equation for electron evolution in the blob, taking into account par-\nticle injection, escape, acceleration and radiative cooling. In order to calculate the spectral energy\ndistribution (SED) of the blob emission we assume a synchrotron self-Compton (SSC) scenario,\nincluding also synchrotron self absorption and gamma-gamma absorption processes. O",
        "page": 1,
        "link": "https://ui.adsabs.harvard.edu/link_gateway/2019ICRC...36..662D/EPRINT_PDF",
        "title": "Time Dependent Modeling of Electron Acceleration and Cooling During Blazar Flares"
    },
    "2019ICRC...36..662D_page_1_chunk_2": {
        "text": "late the spectral energy\ndistribution (SED) of the blob emission we assume a synchrotron self-Compton (SSC) scenario,\nincluding also synchrotron self absorption and gamma-gamma absorption processes. Our code\ncomputes the evolution of the electron spectrum and of the associated broad-band SED. As a\nﬁrst application, we attempt to connect the continuous, steady-state emission from the blazar Mrk\n421 with a ﬂare observed in February 2010, using a minimal number of free parameters in a\ntwo-zone scenario in which a turbulent region is present around the emitting zone. Mrk 421 is a\nhigh-synchrotron-peaked (HSP) BL Lac, and one of the brightest extragalactic g-ray sources in\nthe Very High Energy (VHE) g-ray band. It is also the closest TeV emitting blazar to the Earth\n(redshift z=0.031).\n36th International Cosmic Ray Conference -ICRC2019-\nJuly 24th - August 1st, 2019\nMadison, WI, U.S.A.\n\u0003Speaker.\nc\rCopyright owned by the author(s) under the terms of the Creative Commons\nAttribution-NonCommerc",
        "page": 1,
        "link": "https://ui.adsabs.harvard.edu/link_gateway/2019ICRC...36..662D/EPRINT_PDF",
        "title": "Time Dependent Modeling of Electron Acceleration and Cooling During Blazar Flares"
    },
    "2019ICRC...36..662D_page_1_chunk_3": {
        "text": "ernational Cosmic Ray Conference -ICRC2019-\nJuly 24th - August 1st, 2019\nMadison, WI, U.S.A.\n\u0003Speaker.\nc\rCopyright owned by the author(s) under the terms of the Creative Commons\nAttribution-NonCommercial-NoDerivatives 4.0 International License (CC BY-NC-ND 4.0). http://pos.sissa.it/arXiv:2003.07663v1  [astro-ph.HE]  17 Mar 2020",
        "page": 1,
        "link": "https://ui.adsabs.harvard.edu/link_gateway/2019ICRC...36..662D/EPRINT_PDF",
        "title": "Time Dependent Modeling of Electron Acceleration and Cooling During Blazar Flares"
    },
    "2019ICRC...36..662D_page_2_chunk_1": {
        "text": "Modeling of electron acceleration and cooling during blazar ﬂares A. Dmytriiev\n1. Introduction\nThe non-thermal emission of blazars stretches across the entire electromagnetic spectrum from\nradio frequencies up to the VHE g-ray range. The SED features two bumps. The ﬁrst one spans\nfrom the radio band to the X-rays peaking in optical, UV or soft X-rays, and the second one\nextends up to TeV energies, showing a peak typically at \u0018100 GeV . The lower energy component\nis explained as the synchrotron emission of relativistic electrons, while the high-energy bump in the\nSED is produced by inverse Compton (IC) scattering of electrons, interacting with a photon ﬁeld. In\na case when the seed photons are synchrotron photons emitted by the same electron population that\nup-scatters them, the scenario is referred to as synchrotron self-Compton [1]. This is the generally\nassumed scenario to describe BL Lac type blazars.\nRapid and strong variability observed in all energy bands is a key property of bla",
        "page": 2,
        "link": "https://ui.adsabs.harvard.edu/link_gateway/2019ICRC...36..662D/EPRINT_PDF",
        "title": "Time Dependent Modeling of Electron Acceleration and Cooling During Blazar Flares"
    },
    "2019ICRC...36..662D_page_2_chunk_2": {
        "text": " referred to as synchrotron self-Compton [1]. This is the generally\nassumed scenario to describe BL Lac type blazars.\nRapid and strong variability observed in all energy bands is a key property of blazars. The\nvariability time scales depend on the frequency domain, and are ranging from minutes to months\nor even years. Of particular interest are ﬂares in the VHE g-ray band during which energy ﬂux\ncan increase by a factor of \u001810 within time scales ranging from \u0018minutes to\u0018days. A powerful\ntool to get an insight about the nature of blazar variability, is time dependent modeling of varying\nbroad-band emission. We developed a new SSC code for time dependent modeling of variable\nMWL emission during ﬂares of BL Lac objects, which allows to model the time evolution of the\nSED. We apply our code to an archival giant ﬂare of Mrk 421 that occurred in February 2010.\n2. General time dependent model\nWe assume a conventional leptonic scenario in which the radiation is produced in a spherical\nplasma b",
        "page": 2,
        "link": "https://ui.adsabs.harvard.edu/link_gateway/2019ICRC...36..662D/EPRINT_PDF",
        "title": "Time Dependent Modeling of Electron Acceleration and Cooling During Blazar Flares"
    },
    "2019ICRC...36..662D_page_2_chunk_3": {
        "text": " an archival giant ﬂare of Mrk 421 that occurred in February 2010.\n2. General time dependent model\nWe assume a conventional leptonic scenario in which the radiation is produced in a spherical\nplasma blob of a radius Rbembedded in a tangled homogeneous magnetic ﬁeld B, and relativis-\ntically moving along the jet with a Doppler factor d. Electrons are continuously injected into the\nblob with some injection rate Qin jand may undergo stochastic or shock acceleration induced either\nby plasma turbulence in the blob or by a shock respectively. We use hard-sphere approximation\n(q=2) for particle-wave interactions in a turbulent medium, for which the characteristic time scale\nof stochastic acceleration process tFIIis energy independent [2]. The population of the electrons\nradiates according to a one-zone synchrotron self-Compton scenario. The SSC emission can be\naffected by synchrotron self absorption and g-gabsorption processes. The electrons cool through\nradiative losses, and also escape the ",
        "page": 2,
        "link": "https://ui.adsabs.harvard.edu/link_gateway/2019ICRC...36..662D/EPRINT_PDF",
        "title": "Time Dependent Modeling of Electron Acceleration and Cooling During Blazar Flares"
    },
    "2019ICRC...36..662D_page_2_chunk_4": {
        "text": "e-zone synchrotron self-Compton scenario. The SSC emission can be\naffected by synchrotron self absorption and g-gabsorption processes. The electrons cool through\nradiative losses, and also escape the emission region with a characteristic time scale tesc, which is\nalso energy independent in the hard-sphere approximation case. Additionally, a turbulent region\ncan be present around the blob, which can perturb its electron population and hence its emission.\nThe time evolution of the spectrum Ne(g;t)of electron population in the blob is described by a\nkinetic (Fokker-Planck) equation, which can be considered as a continuity equation in phase space.\nIn our case it takes the following form [2]:\n¶Ne(g;t)\n¶t=¶\n¶g\u0000\n[bcoolg2\u00002D0g\u0000ag]Ne(g;t)\u0001\n+¶\n¶g\u0012\nD0g2¶Ne(g;t)\n¶g\u0013\n\u0000Ne(g;t)\ntesc+Qin j(g;t)\n(2.1)\nwhere bcool=4sT(UB+Urad(g;t))=3mec, and the term bcoolg2is the radiative cooling rate,\nD(g) =D0g2is the energy-diffusion coefﬁcient, D0=1=tFIIis the inverse of the characteristic\ntimescale of the stochast",
        "page": 2,
        "link": "https://ui.adsabs.harvard.edu/link_gateway/2019ICRC...36..662D/EPRINT_PDF",
        "title": "Time Dependent Modeling of Electron Acceleration and Cooling During Blazar Flares"
    },
    "2019ICRC...36..662D_page_2_chunk_5": {
        "text": "e bcool=4sT(UB+Urad(g;t))=3mec, and the term bcoolg2is the radiative cooling rate,\nD(g) =D0g2is the energy-diffusion coefﬁcient, D0=1=tFIIis the inverse of the characteristic\ntimescale of the stochastic acceleration process [3], a=1=tFIis inverse of characteristic timescale\n1",
        "page": 2,
        "link": "https://ui.adsabs.harvard.edu/link_gateway/2019ICRC...36..662D/EPRINT_PDF",
        "title": "Time Dependent Modeling of Electron Acceleration and Cooling During Blazar Flares"
    },
    "2019ICRC...36..662D_page_3_chunk_1": {
        "text": "Modeling of electron acceleration and cooling during blazar ﬂares A. Dmytriiev\nof shock acceleration, and Qin j(g;t)is the injection function. Currently, we are only treating BL\nLac objects and consider that the synchrotron cooling is dominant.\nBased on this model, we developed a code for modeling multi-frequency emission during\nblazar ﬂares. We numerically solve the kinetic equation by using a fully implicit difference scheme\nproposed by Chang and Cooper (1970) [4], taking into account the processes mentioned above.\nHaving electron spectrum evolution on a time grid, we compute at each time step the broad-band\nSED of the emission from the blob, associated with the electron spectrum. We implemented the\nexpressions for intensities of synchrotron and SSC emission from [5]. We take into account the\nExtragalactic Background Light (EBL) absorption using a publicly available code1. In our model-\ning we use the EBL model by Dominguez [11]. The light curve is calculated via integration of the\nt",
        "page": 3,
        "link": "https://ui.adsabs.harvard.edu/link_gateway/2019ICRC...36..662D/EPRINT_PDF",
        "title": "Time Dependent Modeling of Electron Acceleration and Cooling During Blazar Flares"
    },
    "2019ICRC...36..662D_page_3_chunk_2": {
        "text": "t the\nExtragalactic Background Light (EBL) absorption using a publicly available code1. In our model-\ning we use the EBL model by Dominguez [11]. The light curve is calculated via integration of the\ntime dependent emission in a certain energy range.\n3. Application to the blazar Mrk 421: quiescent and ﬂaring states\n3.1 February 2010 ﬂare of Mrk 421: the data\nMrk 421 is highly variable in X-rays and g-rays, especially in the VHE g-ray range. During the\nperiod February 10-23, 2010 the source showed strong ﬂaring activity in X-rays and g-rays, with\nthe ﬂux reaching a peak on February 17, 2010. In the VHE g-ray band, the ﬂare was observed fully\n(rise and decay) with the High Altitude GAmma Ray (HAGAR) telescope array at energies above\n250 GeV during February 13 - 19, and the TeV Atmospheric Cherenkov Telescope with Imaging\nCamera (TACTIC) during February 10 - 23, and partially (at the peak and/or after) by High Energy\nStereoscopic System (H.E.S.S.) from 17th to 20th of February [10], and VE",
        "page": 3,
        "link": "https://ui.adsabs.harvard.edu/link_gateway/2019ICRC...36..662D/EPRINT_PDF",
        "title": "Time Dependent Modeling of Electron Acceleration and Cooling During Blazar Flares"
    },
    "2019ICRC...36..662D_page_3_chunk_3": {
        "text": "renkov Telescope with Imaging\nCamera (TACTIC) during February 10 - 23, and partially (at the peak and/or after) by High Energy\nStereoscopic System (H.E.S.S.) from 17th to 20th of February [10], and VERITAS during the peak\nof the ﬂare on February 17 [9]. Various other instruments across the world monitored the outburst\nin different energy bands. In order to understand the nature of this ﬂaring activity, we investigate\nthe temporal characteristics of the variable emission of the source in optical, X-ray and g-ray energy\nbands. We use near simultaneous archival dataset from [6], which comprises light curves measured\nwith Swift-XRT and RXTE-PCA in X-rays, Fermi-LAT in g-rays and HAGAR in the VHE g-ray\nrange, as well as the reduced optical V-band observations by SPOL at Steward Observatory. We\ncomplement the dataset with the TACTIC measurements in the VHE g-rays which we take from\n[7]. The overall dataset spans the period February 10-26, 2010 (MJD 55237-55253).\n3.2 Modeling of the quiescent",
        "page": 3,
        "link": "https://ui.adsabs.harvard.edu/link_gateway/2019ICRC...36..662D/EPRINT_PDF",
        "title": "Time Dependent Modeling of Electron Acceleration and Cooling During Blazar Flares"
    },
    "2019ICRC...36..662D_page_3_chunk_4": {
        "text": "complement the dataset with the TACTIC measurements in the VHE g-rays which we take from\n[7]. The overall dataset spans the period February 10-26, 2010 (MJD 55237-55253).\n3.2 Modeling of the quiescent state of the source\nIn this work, ﬂaring behavior is considered as a perturbation above the quiescent (steady)\nstate of the source, which can have very different causes: injection rate change, a shock passing\nthrough the blob or vice versa, or suddenly enhanced turbulence, etc. To simulate ﬂares, we need to\nﬁrstly reproduce the non-ﬂaring state of Mrk 421, and then introduce disturbances into the system.\nFor our modeling of the steady state we use a dataset from [8], and suppose that pre-accelerated\nelectrons coming presumably from the base of the jet (in a form of a steady ﬂow) are continuously\ninjected into the emission zone. The spectrum of these electrons is assumed to be a power law with\nexponential cutoff, generated by Fermi I acceleration. A time scale of particle escape tesc=1R=c\n",
        "page": 3,
        "link": "https://ui.adsabs.harvard.edu/link_gateway/2019ICRC...36..662D/EPRINT_PDF",
        "title": "Time Dependent Modeling of Electron Acceleration and Cooling During Blazar Flares"
    },
    "2019ICRC...36..662D_page_3_chunk_5": {
        "text": "sly\ninjected into the emission zone. The spectrum of these electrons is assumed to be a power law with\nexponential cutoff, generated by Fermi I acceleration. A time scale of particle escape tesc=1R=c\nis used. The electron population in the blob radiates according to the SSC scenario, and cools.\n1https://github.com/me-manu/ebltable\n2",
        "page": 3,
        "link": "https://ui.adsabs.harvard.edu/link_gateway/2019ICRC...36..662D/EPRINT_PDF",
        "title": "Time Dependent Modeling of Electron Acceleration and Cooling During Blazar Flares"
    },
    "2019ICRC...36..662D_page_4_chunk_1": {
        "text": "Modeling of electron acceleration and cooling during blazar ﬂares A. Dmytriiev\nThe quiescent (steady) state of Mrk 421 in this scenario is achieved by asymptotically established\nbalance between the gain processes (injection) and losses (cooling and escape). We ﬁt the data\npoints by varying physical parameters of the source. Fig. 1shows the comparison between the\nasymptotic steady-state SED and the MWL measurements from [8], and the parameters are listed\nin Table 1. They are in a good agreement with [8]. Also, the electron spectrum in the blob has\nsimilar slope (2.18 vs 2.2) and the cooling break position is comparable ( gcool'3\u0001105). A ﬂare\ncan be launched by perturbing the system during a certain period of time as described hereafter.\nFigure 1: Modeling of the broad-band quiescent emission from Mrk 421. Violet curve – our model (asymp-\ntotically established SED, EBL not included), black points – dataset from [8] (EBL de-absorbed)\nParameter Symbol Our model Abdo et al. (2011) [8]\nMagne",
        "page": 4,
        "link": "https://ui.adsabs.harvard.edu/link_gateway/2019ICRC...36..662D/EPRINT_PDF",
        "title": "Time Dependent Modeling of Electron Acceleration and Cooling During Blazar Flares"
    },
    "2019ICRC...36..662D_page_4_chunk_2": {
        "text": "n from Mrk 421. Violet curve – our model (asymp-\ntotically established SED, EBL not included), black points – dataset from [8] (EBL de-absorbed)\nParameter Symbol Our model Abdo et al. (2011) [8]\nMagnetic Field [G] B 0:038 0:038\nComoving blob radius [cm] Rb 2:46\u000110165:2\u00011016\nDoppler Factor db 32 21\nMinimum Electron Lorentz Factor gmin 800 800\nSpectrum of injected electrons Qin j;q A\u0001g\u0000pin j\u0001exp(\u0000g=gcut) not deﬁned\nInjection spectrum normalization [ cm\u00003s\u00001] A 2:15\u000110\u00003\nInjection spectrum slope pin j 2:18\nLorentz Factor of exp. cutoff in inj. spectrum gcut 2:02\u0001105\nTable 1: Physical parameters of Mrk 421 steady state. Left – our model, right – stationary model by [8]\n3.3 Modeling of Mrk 421 February 2010 ﬂare\n3.3.1 One-zone scenario\nTo keep a minimal number of free parameters, we ﬁrst consider that the ﬂaring component\nemanates from exactly the same region as the continuous emission. We assume that the ﬂare is\ncaused by the interaction between a shock and the emitting blob and/or by turb",
        "page": 4,
        "link": "https://ui.adsabs.harvard.edu/link_gateway/2019ICRC...36..662D/EPRINT_PDF",
        "title": "Time Dependent Modeling of Electron Acceleration and Cooling During Blazar Flares"
    },
    "2019ICRC...36..662D_page_4_chunk_3": {
        "text": "er that the ﬂaring component\nemanates from exactly the same region as the continuous emission. We assume that the ﬂare is\ncaused by the interaction between a shock and the emitting blob and/or by turbulence affecting the\nentire emission region. However this scenario cannot adequately explain the data (see 4.1).\n3.3.2 Two-zone scenario\nWe propose a scenario where the observed increase of energy ﬂux from the source is induced\nby inﬂow of electrons in the blob from the outside, additionally to the stream of pre-accelerated\n3",
        "page": 4,
        "link": "https://ui.adsabs.harvard.edu/link_gateway/2019ICRC...36..662D/EPRINT_PDF",
        "title": "Time Dependent Modeling of Electron Acceleration and Cooling During Blazar Flares"
    },
    "2019ICRC...36..662D_page_5_chunk_1": {
        "text": "Modeling of electron acceleration and cooling during blazar ﬂares A. Dmytriiev\nparticles coming from the base of the jet (responsible for production of the quiescent emission).\nThe light curves show that the source is strongly variable in X-rays, but weakly variable in the\noptical V-band. Such MWL behavior can result from injection of electrons with a harder spectrum,\nthan the one of the electron population in the blob in the quiescent state ( Ne;qµg\u00002:2). We suppose\nthat this additionally injected population of electrons originates from an external non-radiative\nzone, and is produced via stochastic acceleration. We assume that shortly before the start of the\nﬂare, a turbulent zone forms around the blob due to various perturbations near the boundary layer\nwhich cause laminar-turbulent transition in the overﬂowing plasma. After the turbulence around\nthe blob has been developed, pre-accelerated electrons arriving from the base of the jet are entering\nthe turbulent zone and undergo stocha",
        "page": 5,
        "link": "https://ui.adsabs.harvard.edu/link_gateway/2019ICRC...36..662D/EPRINT_PDF",
        "title": "Time Dependent Modeling of Electron Acceleration and Cooling During Blazar Flares"
    },
    "2019ICRC...36..662D_page_5_chunk_2": {
        "text": "sition in the overﬂowing plasma. After the turbulence around\nthe blob has been developed, pre-accelerated electrons arriving from the base of the jet are entering\nthe turbulent zone and undergo stochastic acceleration. The particles escape the turbulent region,\nand a fraction of them is injected inside the blob (see Fig. 2). The magnetic ﬁeld in the acceleration\nzone is supposed to be small, rendering any emission from it negligible.\nFigure 2: Sketch representing the two-zone scenario with a turbulent region around the blob. Red arrows\nshow the ﬂow of electrons from the acceleration zone to the blob.\nThe additional electrons sum up to the electron population in the blob, causing ﬂux increase.\nSince these particles have a harder spectrum than the quiescent population, an excess of electrons is\ncreated at high Lorentz factors, leading to a ﬂare with stronger variability in hard X-rays compared\nto the optical band.\n4. Modeling results\n4.1 One-zone scenario\nWe try to reproduce the observat",
        "page": 5,
        "link": "https://ui.adsabs.harvard.edu/link_gateway/2019ICRC...36..662D/EPRINT_PDF",
        "title": "Time Dependent Modeling of Electron Acceleration and Cooling During Blazar Flares"
    },
    "2019ICRC...36..662D_page_5_chunk_3": {
        "text": " is\ncreated at high Lorentz factors, leading to a ﬂare with stronger variability in hard X-rays compared\nto the optical band.\n4. Modeling results\n4.1 One-zone scenario\nWe try to reproduce the observational data with the model from 3.3.1 . For that, we supple-\nment our modeling of the steady state with a perturbation: shock and/or stochastic acceleration of\nelectrons in the emitting blob, and vary the parameters of the shock and turbulence ( tFIandtFII\nrespectively), keeping the physical parameters of the emitting blob constant. It appeared to be im-\npossible to ﬁt the data with any values of the parameters, since both acceleration processes perturb\nsigniﬁcantly the SED in optical V-band if we achieve the observed ﬂux enhancement in the X-rays,\nwhile little variability is seen in the optical data.\n4",
        "page": 5,
        "link": "https://ui.adsabs.harvard.edu/link_gateway/2019ICRC...36..662D/EPRINT_PDF",
        "title": "Time Dependent Modeling of Electron Acceleration and Cooling During Blazar Flares"
    },
    "2019ICRC...36..662D_page_5_chunk_4": {
        "text": "l data.\n4",
        "page": 5,
        "link": "https://ui.adsabs.harvard.edu/link_gateway/2019ICRC...36..662D/EPRINT_PDF",
        "title": "Time Dependent Modeling of Electron Acceleration and Cooling During Blazar Flares"
    },
    "2019ICRC...36..662D_page_6_chunk_1": {
        "text": "Modeling of electron acceleration and cooling during blazar ﬂares A. Dmytriiev\n4.2 Two-zone scenario\nWe try to overcome the issue encountered in the one-zone scenario by introducing an addi-\ntional acceleration zone. We use the light curves to extract the information about the additional\nsupply of particles to the emitting blob. Using an approximation, that an electron with the Lorentz\nfactor g0emits only at the synchrotron frequency ns'1:2\u0002106Bg2\n0d=(1+z), the intensity of\nsynchrotron emission at the frequency nsis proportional to the number density of particles at the\nLorentz factor g0:Is(ns)µNe(g0). The light curve in the optical V-band, and four light curves\nin the X-rays display variations of the synchrotron ﬂux, and thus reﬂect the evolution of electron\npopulation in the blob at the ﬁve Lorentz factors corresponding to the energy ranges. We evaluate\nthe quiescent ﬂuxes in the ﬁve bands using the steady-state SED, ﬁt the reduced light curves (mea-\nsured ﬂux minus the quiescent val",
        "page": 6,
        "link": "https://ui.adsabs.harvard.edu/link_gateway/2019ICRC...36..662D/EPRINT_PDF",
        "title": "Time Dependent Modeling of Electron Acceleration and Cooling During Blazar Flares"
    },
    "2019ICRC...36..662D_page_6_chunk_2": {
        "text": "ﬁve Lorentz factors corresponding to the energy ranges. We evaluate\nthe quiescent ﬂuxes in the ﬁve bands using the steady-state SED, ﬁt the reduced light curves (mea-\nsured ﬂux minus the quiescent value) with a simple exponential rise and decay, and retrieve the\ntime evolution of the additional electron population at the ﬁve Lorentz factors from the light curves\nof the ﬂaring emission. In order to determine the varying additional electron injection that causes\nthe recovered behavior of the additional electron population, we use the kinetic equation (Eq. 2.1)\nthat links them. The slope of the injection spectrum was found to harden during the rise of the ﬂare,\nand remain constant during its decay. This behaviour can be attributed to an acceleration process.\nWe model the two zones with our code. First we model electron acceleration in the turbulent\nregion. We use the same injection spectrum as for production of the steady state (see Tab. 1), how-\never with a slightly different normalizati",
        "page": 6,
        "link": "https://ui.adsabs.harvard.edu/link_gateway/2019ICRC...36..662D/EPRINT_PDF",
        "title": "Time Dependent Modeling of Electron Acceleration and Cooling During Blazar Flares"
    },
    "2019ICRC...36..662D_page_6_chunk_3": {
        "text": "de. First we model electron acceleration in the turbulent\nregion. We use the same injection spectrum as for production of the steady state (see Tab. 1), how-\never with a slightly different normalization, since the turbulent zone is much smaller. We rescaled\nthe normalization requiring that the particle ﬂux (number/cm2/s) in the ﬂow near the blob and near\nthe turbulent zone are the same, as it is a single continuous ﬂow. Another important constraint\nis that the size of the acceleration zone and its magnetic ﬁeld both should be smaller than in the\nemitting blob, since the radiation from the turbulent region is assumed to be subdominant. We\nroughly estimate the physical parameters of the acceleration zone by approximately reproducing\nthe reconstructed time evolution of the additional injection spectrum. We suppose that the turbu-\nlence in the acceleration region abruptly starts, lasts for a certain time tl;azand then immediately\nends. During the life time of the turbulence the magnetic ﬁe",
        "page": 6,
        "link": "https://ui.adsabs.harvard.edu/link_gateway/2019ICRC...36..662D/EPRINT_PDF",
        "title": "Time Dependent Modeling of Electron Acceleration and Cooling During Blazar Flares"
    },
    "2019ICRC...36..662D_page_6_chunk_4": {
        "text": "n spectrum. We suppose that the turbu-\nlence in the acceleration region abruptly starts, lasts for a certain time tl;azand then immediately\nends. During the life time of the turbulence the magnetic ﬁeld is tangled and the particles can be\nentrapped inside the region, and the characteristic of the turbulence, the time scale of the stochastic\nacceleration tFII;azis constant. Then we model the emission from the blob. We set the electron\nspectrum in quiescent state as initial condition, and use the same physical parameters as for the\nsteady state of the source. We are searching for the parameters of the turbulent region such that\nthe accelerated electrons that escape into the emitting zone can explain the ﬂaring emission. We\nﬁne-tune the parameters in a way that the simulated light curves have to match the data.\nParameter Symbol Value\nMagnetic Field [G] Baz 0:027\nComoving effective size [cm] Raz 5:51\u00011015\nTime scale of the stochastic acceleration [d] tFII;az 43Raz=c\u001991:5 d. (acc. zone fram",
        "page": 6,
        "link": "https://ui.adsabs.harvard.edu/link_gateway/2019ICRC...36..662D/EPRINT_PDF",
        "title": "Time Dependent Modeling of Electron Acceleration and Cooling During Blazar Flares"
    },
    "2019ICRC...36..662D_page_6_chunk_5": {
        "text": " to match the data.\nParameter Symbol Value\nMagnetic Field [G] Baz 0:027\nComoving effective size [cm] Raz 5:51\u00011015\nTime scale of the stochastic acceleration [d] tFII;az 43Raz=c\u001991:5 d. (acc. zone frame)\nTime scale of the particle escape [d] tesc;az 18Raz=c\u001938:3 d. (acc. zone frame)\nLife time [d] tl;az 4:65 d. (observ. frame)\nFraction of particles injected in the blob [] fin j 3 %\nTable 2: Physical parameters of the turbulent region\n5",
        "page": 6,
        "link": "https://ui.adsabs.harvard.edu/link_gateway/2019ICRC...36..662D/EPRINT_PDF",
        "title": "Time Dependent Modeling of Electron Acceleration and Cooling During Blazar Flares"
    },
    "2019ICRC...36..662D_page_7_chunk_1": {
        "text": "Modeling of electron acceleration and cooling during blazar ﬂares A. Dmytriiev\nFigure 3: Comparison of model light curves and archival MWL data taken from [6] and [7]\nFigure 4: Solid lines: Modeled time evolution of the SED (advancing from violet to red) during the\nﬂare. Magenta dashed line: peak measurement of the SED by VERITAS from [9]. Black dash-dotted\nline: H.E.S.S. time averaged SED during the ﬂare decay from [10]\nFig. 3shows the comparison of the model representations of the light curves and a subset\nof the available data, and the parameters are presented in the Table 2. The evolution of the SED,\nwith the VERITAS and H.E.S.S. data imposed are shown in Fig. 4. We arrive at an overall good\nrepresentation of the MWL light curves and the SED, but the present model still underpredicts the\ng-ray emission during the ﬂaring activity. In GeV energy band, the simulated light curves have a\ncorrect shape, but lower ﬂux than in the data by a factor of \u00183. Same can be also seen in \u0018100\nGeV r",
        "page": 7,
        "link": "https://ui.adsabs.harvard.edu/link_gateway/2019ICRC...36..662D/EPRINT_PDF",
        "title": "Time Dependent Modeling of Electron Acceleration and Cooling During Blazar Flares"
    },
    "2019ICRC...36..662D_page_7_chunk_2": {
        "text": "he\ng-ray emission during the ﬂaring activity. In GeV energy band, the simulated light curves have a\ncorrect shape, but lower ﬂux than in the data by a factor of \u00183. Same can be also seen in \u0018100\nGeV range by comparison of the peak SED measurement by VERITAS and the model. In the TeV\nenergy range the description of the ﬂux evolution is rather satisfactory. To verify our assumption\nabout low contribution of the turbulent region emission, we evaluate the ratio of the luminosity of\nthe acceleration zone to the luminosity of the emitting zone. Luminosity L[erg=s]µAin jR3B2,\nwhere Ain jis the injection spectrum normalization [ cm\u00003s\u00001]. The ratio of luminosities is then\n6",
        "page": 7,
        "link": "https://ui.adsabs.harvard.edu/link_gateway/2019ICRC...36..662D/EPRINT_PDF",
        "title": "Time Dependent Modeling of Electron Acceleration and Cooling During Blazar Flares"
    },
    "2019ICRC...36..662D_page_8_chunk_1": {
        "text": "Modeling of electron acceleration and cooling during blazar ﬂares A. Dmytriiev\n\u0018B2\nazR3\naz=B2R3\nb\u001910\u00003, thus the emission from the turbulent zone is indeed negligible.\n5. Conclusions\nWe attempt to explain the ﬂaring activity of Mrk 421 observed in February 2010 with one-\nzone and two-zone leptonic scenarios. We ﬁnd that within a one-zone scenario it is not possible\nto achieve a ﬂaring state of the source starting from a quiescent state by a perturbation (turbulence\nand/or shock) localized to the emitting blob. A two-zone scenario with a single emission zone\nand an additional acceleration zone that injects a hard particle spectrum seems to lead to overall\nsatisfactory results. However, the representation of the g-ray data is still imperfect, and requires\nfurther investigation. It might for instance indicate that the ﬂaring state emission originates not\nexactly from the same zone as the steady state emission.\n6. Acknowledgements\nWe express gratitude to Cosimo Nigro (DESY , Zeuthen, Germa",
        "page": 8,
        "link": "https://ui.adsabs.harvard.edu/link_gateway/2019ICRC...36..662D/EPRINT_PDF",
        "title": "Time Dependent Modeling of Electron Acceleration and Cooling During Blazar Flares"
    },
    "2019ICRC...36..662D_page_8_chunk_2": {
        "text": "instance indicate that the ﬂaring state emission originates not\nexactly from the same zone as the steady state emission.\n6. Acknowledgements\nWe express gratitude to Cosimo Nigro (DESY , Zeuthen, Germany) for letting us use and extend\nhis code that solves the kinetic equation with the Chang and Cooper numerical scheme. We also\nthank Manuel Meyer (Stanford University) for development of the very useful publicly available\ncode allowing to compute attenuation factors due to the EBL absorption.\nReferences\n[1] Maraschi, L., Ghisellini, G., & Celotti, A., A Jet Model for the Gamma-Ray emitting Blazar\n3C 279 , ApJ, 397, L5 (1992)\n[2] Tramacere, A., Massaro, E., and Taylor, A. M., Stochastic Acceleration and the Evolution\nof Spectral Distributions in Synchro-Self-Compton Sources: A Self-consistent Modeling of\nBlazars’ Flares , ApJ, 739:66. (2011)\n[3] Park, B. T. and Petrosian, V ., Fokker-Planck Equations of Stochastic Acceleration: Green’s\nFunctions and Boundary Conditions , ApJ, 446:699. (199",
        "page": 8,
        "link": "https://ui.adsabs.harvard.edu/link_gateway/2019ICRC...36..662D/EPRINT_PDF",
        "title": "Time Dependent Modeling of Electron Acceleration and Cooling During Blazar Flares"
    },
    "2019ICRC...36..662D_page_8_chunk_3": {
        "text": "Modeling of\nBlazars’ Flares , ApJ, 739:66. (2011)\n[3] Park, B. T. and Petrosian, V ., Fokker-Planck Equations of Stochastic Acceleration: Green’s\nFunctions and Boundary Conditions , ApJ, 446:699. (1995)\n[4] Chang, J. and Cooper, G., A practical difference scheme for fokker-planck equations , Journal\nof Computational Physics, 6(1):1-16. (1970)\n[5] Chiaberge, M. and Ghisellini, G., Rapid variability in the synchrotron self-Compton model\nfor blazars , MNRAS, 306:551-560. (1999)\n[6] Shukla, A. et al., Multiwavelength study of the TeV blazar Mrk 421 during a giant ﬂare , A&A,\n541:A140. (2012)\n[7] Singh, K. K. et al., A time dependent approach to model X-ray and g-ray light curves of Mrk\n421 observed during the ﬂare in February 2010 . NA, 54:24-29. (2017)\n[8] Abdo, A. A. et al., Fermi Large Area Telescope Observations of Markarian 421: The Missing\nPiece of its Spectral Energy Distribution , ApJ, 736:131. (2011)\n[9] Nicola Galante for the VERITAS Collaboration, VERITAS observation of Markaria",
        "page": 8,
        "link": "https://ui.adsabs.harvard.edu/link_gateway/2019ICRC...36..662D/EPRINT_PDF",
        "title": "Time Dependent Modeling of Electron Acceleration and Cooling During Blazar Flares"
    },
    "2019ICRC...36..662D_page_8_chunk_4": {
        "text": " Telescope Observations of Markarian 421: The Missing\nPiece of its Spectral Energy Distribution , ApJ, 736:131. (2011)\n[9] Nicola Galante for the VERITAS Collaboration, VERITAS observation of Markarian 421\nﬂaring activity , conference proceeding 782, 32nd ICRC, Beijing 2011\n[10] Tluczykont, M. for the H. E. S. S. Collaboration, H.E.S.S. Observations of strong ﬂaring ac-\ntivity of Mrk421 in February 2010 , Proceedings of the 25th Texas Symposium on Relativistic\nAstrophysics. December 6-10, 2010.\n[11] Dominguez A. et al., Extragalactic background light inferred from AEGIS galaxy-SED-type\nfractions , MNRAS, 410, 2556 (2011)\n7",
        "page": 8,
        "link": "https://ui.adsabs.harvard.edu/link_gateway/2019ICRC...36..662D/EPRINT_PDF",
        "title": "Time Dependent Modeling of Electron Acceleration and Cooling During Blazar Flares"
    }
}