{
    "2019JCAP...01..043B_page_1_chunk_1": {
        "text": "arXiv:1809.06385v4  [hep-ph]  21 Aug 2019IPPP/18/72\nFERMILAB-PUB-18-486-T\nHow high is the neutrino ﬂoor?\nC. Bœhm,1,2,∗D.G. Cerde˜ no,3,†P. A. N. Machado,4,‡\nA. Olivares-Del Campo,3,§E. Perdomo,5,¶and E. Reid3,∗∗\n1LAPTH, U. de Savoie, CNRS, BP 110, 74941 Annecy-Le-Vieux, Fr ance\n2School of Physics, University of Sydney, Camperdown, NSW 20 06, Australia\n3Institute for Particle Physics Phenomenology,\nDurham University, Durham DH1 3LE, United Kingdom\n4Theory Department, Fermi National Accelerator Laboratory , P.O. Box 500, Batavia, IL 60510, USA\n5School of Physics and Astronomy, University of Southampton , SO17 1BJ Southampton, United Kingdom\nIn this paper, we compute the contribution to the coherent el astic neutrino-nucleus scattering\ncross section from new physics models in the neutrino sector . We use this information to calculate\nthe maximum value of the so-called neutrino ﬂoor for direct d ark matter detection experiments,\nwhich determines when these detectors are sensitive to the n ",
        "page": 1,
        "link": "https://ui.adsabs.harvard.edu/link_gateway/2019JCAP...01..043B/EPRINT_PDF",
        "title": "How high is the neutrino floor"
    },
    "2019JCAP...01..043B_page_1_chunk_2": {
        "text": "tor . We use this information to calculate\nthe maximum value of the so-called neutrino ﬂoor for direct d ark matter detection experiments,\nwhich determines when these detectors are sensitive to the n eutrino background. After including\nall relevant experimental constraints in diﬀerent simpliﬁ ed neutrino models, we have found that\nthe neutrino ﬂoor can increase by various orders of magnitud e in the region of dark matter masses\nbelow 10 GeV in the case of scalar mediators, however, this sp ectacular enhancement is subject to\nthe re-examination of supernovae bounds. The increase is ap proximately a factor of two for vector\nmediators. In the light of these results, future claims by di rect detection experiments exploring the\nlow-mass window must be carefully examined if a signal is fou nd well above the expected Standard\nModel neutrino ﬂoor.\n∗celine.boehm1@gmail.com\n†d.g.cerdeno@durham.ac.uk\n‡pmachado@fnal.gov\n§andres.olivares@durham.ac.uk\n¶e.perdomo-mendez@soton.ac.uk\n∗∗elliott.m.reid@d",
        "page": 1,
        "link": "https://ui.adsabs.harvard.edu/link_gateway/2019JCAP...01..043B/EPRINT_PDF",
        "title": "How high is the neutrino floor"
    },
    "2019JCAP...01..043B_page_1_chunk_3": {
        "text": "ll above the expected Standard\nModel neutrino ﬂoor.\n∗celine.boehm1@gmail.com\n†d.g.cerdeno@durham.ac.uk\n‡pmachado@fnal.gov\n§andres.olivares@durham.ac.uk\n¶e.perdomo-mendez@soton.ac.uk\n∗∗elliott.m.reid@durham.ac.uk",
        "page": 1,
        "link": "https://ui.adsabs.harvard.edu/link_gateway/2019JCAP...01..043B/EPRINT_PDF",
        "title": "How high is the neutrino floor"
    },
    "2019JCAP...01..043B_page_2_chunk_1": {
        "text": "I. INTRODUCTION\nDirect detection aims at determining the nature of dark matter (DM ) particles through their scatter-\ning oﬀ a target in underground detectors. A worldwide experimenta l eﬀort has lead to the design and\nconstruction of extremely sensitive experiments, based on a varie ty of targets and techniques, which\nare exploring DM-nuclei interactions with unprecedented precision . A fundamental aspect in direct\nDM searches is the reduction of the Standard Model (SM) events in order to isolate DM ones. Mod-\nern experiments employ various techniques, such as the construc tion of extremely radiopure detectors,\nthe use of a shielding, and the measurement of various channels (e.g ., ionisation and scintillation) to\ndiscriminate DM signals against the background.\nGiven this progress, future DM experiments will soon be sensitive to a new source of background,\ndue to coherent elastic neutrino-nucleus scattering (CE νNS), which proceeds through the exchange of\naZboson in the SM [ 1]. Neutr",
        "page": 2,
        "link": "https://ui.adsabs.harvard.edu/link_gateway/2019JCAP...01..043B/EPRINT_PDF",
        "title": "How high is the neutrino floor"
    },
    "2019JCAP...01..043B_page_2_chunk_2": {
        "text": " DM experiments will soon be sensitive to a new source of background,\ndue to coherent elastic neutrino-nucleus scattering (CE νNS), which proceeds through the exchange of\naZboson in the SM [ 1]. Neutrinos with energies in the 1 −100 MeV range are quite abundant, cannot\nbe shielded against, and could induce keV scale nuclear recoils which wo uld be diﬃcult to distinguish\nfrom those caused by DM particles. For example, the recoil spectr um expected from the8B solar\nneutrino ﬂux would resemble that of a 6 GeV DM particle (with a speciﬁc scattering cross-section) [ 2].\nThis is interpreted as a “neutrino ﬂoor” [ 3] in the DM-nucleus scattering cross section and DM mass\nparameter space, which corresponds to the threshold below which the number of neutrino events is\nexpected to be much larger than the number of DM events, which pr events to identify DM events with\ncertainty. Discriminating these signals would require exploiting their d iﬀerent contributions to annual\nmodulation [ 2,4], using ",
        "page": 2,
        "link": "https://ui.adsabs.harvard.edu/link_gateway/2019JCAP...01..043B/EPRINT_PDF",
        "title": "How high is the neutrino floor"
    },
    "2019JCAP...01..043B_page_2_chunk_3": {
        "text": "n the number of DM events, which pr events to identify DM events with\ncertainty. Discriminating these signals would require exploiting their d iﬀerent contributions to annual\nmodulation [ 2,4], using a combination of complementary targets [ 5] and directional detectors [ 6,7] or\nemploying detectors with improved energy resolution [ 8].\nDespite the extremely small energy deposition and weak scale cross section, CE νNS has recently\nbeen observed by the COHERENT collaboration [ 9] for the ﬁrst time, using neutrinos from a spallation\nsource. Direct detection experiments will soon be sensitive to the C EνNS from solar neutrinos, which\ntakes place at lower energies, thereby providing complementary inf ormation on this process. For ex-\nample, the xenon based LZ [ 10], currently under construction, expects to observe approximat ely seven\nneutrino events in a three-year run. This also oﬀers the possibility o f studying solar properties, and it\nis perhaps a unique opportunity to measure neutrino",
        "page": 2,
        "link": "https://ui.adsabs.harvard.edu/link_gateway/2019JCAP...01..043B/EPRINT_PDF",
        "title": "How high is the neutrino floor"
    },
    "2019JCAP...01..043B_page_2_chunk_4": {
        "text": ", expects to observe approximat ely seven\nneutrino events in a three-year run. This also oﬀers the possibility o f studying solar properties, and it\nis perhaps a unique opportunity to measure neutrinos from the CNO cycle [ 11,12] and thus estimate\nthe solar metallicity [ 11].\nNew physics in the neutrino sector (described in terms of new mediat ors between neutrinos and\nelectrons and/or quarks or in terms of non standard eﬀective inte ractions) can increase the CE νNS\nscattering cross-section at low energies (as well as in elastic neutr ino-electron scattering) [ 13–25]. This\ncan raise the neutrino ﬂoor, inevitably aﬀecting the search for light DM particles in upcoming experi-\nments, especially in those that will explore the low-mass DM window. In this article we study a range\nof simpliﬁed models with emphasis on low-mass mediators in the neutrino sector to which we apply the\nmost recent constraints in order to determine how high the neutrin o ﬂoor can be. This information is\ncrucial in",
        "page": 2,
        "link": "https://ui.adsabs.harvard.edu/link_gateway/2019JCAP...01..043B/EPRINT_PDF",
        "title": "How high is the neutrino floor"
    },
    "2019JCAP...01..043B_page_2_chunk_5": {
        "text": "models with emphasis on low-mass mediators in the neutrino sector to which we apply the\nmost recent constraints in order to determine how high the neutrin o ﬂoor can be. This information is\ncrucial in order to correctly interpret a future signal in direct DM d etectors.\nWe have found that the CE νNS ﬂoor can be raised by several orders of magnitude in the region w ith\nDM mass below 10 GeV when a new scalar mediator is assumed. However , the impact that such a\nmediator could have on the equation of state of a supernovae core would require further analysis. The\nincrease is only by a factor of approximately 2 for a new vector media tor. This result already aﬀects the\nbackground predictions for xenon based experiments such as XEN ON1T [ 26] and, more importantly,\nit has deep implications for future results from detectors that exp lore the low-mass DM window, such\nas SuperCDMS SNOLAB [ 27] and NEWS-G [ 28].\nThis article is organised as follows. In Section II, we review the computation of th",
        "page": 2,
        "link": "https://ui.adsabs.harvard.edu/link_gateway/2019JCAP...01..043B/EPRINT_PDF",
        "title": "How high is the neutrino floor"
    },
    "2019JCAP...01..043B_page_2_chunk_6": {
        "text": "uture results from detectors that exp lore the low-mass DM window, such\nas SuperCDMS SNOLAB [ 27] and NEWS-G [ 28].\nThis article is organised as follows. In Section II, we review the computation of the neutrino ﬂoor\nin the SM and introduce various simpliﬁed models for new physics in the n eutrino sector. For each of\nthem, we review the main experimental constraints and, using thes e, we evaluate the highest possible\nneutrino rate that can be expected in direct DM detection experime nts. In Section IIIwe obtain a new\n(raised ) neutrino ﬂoor that we put into the context of the next generatio n dark matter detectors. In\nSection IVwe present the conclusions of this work.\n2",
        "page": 2,
        "link": "https://ui.adsabs.harvard.edu/link_gateway/2019JCAP...01..043B/EPRINT_PDF",
        "title": "How high is the neutrino floor"
    },
    "2019JCAP...01..043B_page_3_chunk_1": {
        "text": "II. NEW PHYSICS IN THE NEUTRINO SECTOR AND THE CE νNS FLOOR\nThe total number of expected events from CE νNS in a direct DM detection experiment with a given\nexposure, ǫ, can be computed by integrating the CE νNS cross section, dσνN/dER, and the incoming\nﬂux of neutrinos, dφν/dEν, over the resulting nuclear recoil energy,\nNCEνNS=ǫ\nmN/integraldisplayEmax\nETdER/integraldisplay\nEmin\nνdEνdφν\ndEνdσνN\ndER, (1)\nwheremNis the nuclear mass, and Emin\nνis the minimum neutrino energy to produce a nuclear recoil of\nenergyER. In the SM, the coherent scattering of neutrinos oﬀ nuclei takes place through the exchange\nof aZboson, and the resulting cross section reads [ 1]\ndσνN\ndER=G2\nF\n4πQ2\nvNmN/parenleftbigg\n1−mNER\n2E2ν/parenrightbigg\nF2(ER), (2)\nwhereGFis the Fermi constant, QvN=N−(1−4 sin2θw)Zis the weak hypercharge of a target\nnucleus containing Nneutrons and Zprotons, and F2(ER) is the nuclear form factor, for which\nwe have taken the parametrisation given by Helm [ 29]. The scattering cross section",
        "page": 3,
        "link": "https://ui.adsabs.harvard.edu/link_gateway/2019JCAP...01..043B/EPRINT_PDF",
        "title": "How high is the neutrino floor"
    },
    "2019JCAP...01..043B_page_3_chunk_2": {
        "text": " hypercharge of a target\nnucleus containing Nneutrons and Zprotons, and F2(ER) is the nuclear form factor, for which\nwe have taken the parametrisation given by Helm [ 29]. The scattering cross section beneﬁts from a\ncoherence factor that scales as the total number of nucleons sq uaredQ2\nvN∼A2. The neutrino ﬂux at\nlow energies is dominated by solar neutrinos, and the relevant ﬂuxes used in this work can be found\nin Refs. [ 30,31]. At higher energies, atmospheric neutrinos are the most importan t source, although\ntheir ﬂux is substantially smaller [ 32]. As a side note, although there are systematic and statistical\nuncertainties of the order of 1 −10% associated to the ﬂux of solar neutrinos, we will neglect these in\ncalculating the neutrino ﬂoor. As we will show below, the eﬀect of new physics can be much larger\nthan such uncertainties.\nWe construct the neutrino ﬂoor as follows, based on Ref. [ 2]. For a given target nucleus, a minimum\nenergy threshold ETis set and, using Eq. ( 1), the ",
        "page": 3,
        "link": "https://ui.adsabs.harvard.edu/link_gateway/2019JCAP...01..043B/EPRINT_PDF",
        "title": "How high is the neutrino floor"
    },
    "2019JCAP...01..043B_page_3_chunk_3": {
        "text": "ics can be much larger\nthan such uncertainties.\nWe construct the neutrino ﬂoor as follows, based on Ref. [ 2]. For a given target nucleus, a minimum\nenergy threshold ETis set and, using Eq. ( 1), the exposure required to give 1 expected count of CE νNS\nis calculated. Using this value of the exposure, one can compute the minimum spin-independent WIMP-\nnucleon elastic cross section, σSI\nχn, that can be excluded at the 90% conﬁdence level for each value of the\nDM particle mass, mχ. For a background-free analysis, this lies along the 2.3 DM event isov alue contour.\nThe threshold energy is then varied across the relevant range and , by taking a lower envelope on σSI\nχn, we\nobtain the contour in parameter space along which, given an optimal choice of the threshold to minimise\nthe neutrino background, there will be as many CE νNS events as WIMP events. Alternatively, it is also\npossible to deﬁne the neutrino ﬂoor as a DM discovery limit using spect ral information and including\nuncertainties ",
        "page": 3,
        "link": "https://ui.adsabs.harvard.edu/link_gateway/2019JCAP...01..043B/EPRINT_PDF",
        "title": "How high is the neutrino floor"
    },
    "2019JCAP...01..043B_page_3_chunk_4": {
        "text": "ound, there will be as many CE νNS events as WIMP events. Alternatively, it is also\npossible to deﬁne the neutrino ﬂoor as a DM discovery limit using spect ral information and including\nuncertainties in the solar neutrino ﬂuxes [ 2]. The neutrino ﬂoor can also be generalised to other types\nof DM-nucleus eﬀective ﬁeld theory operators [ 33], but in this work we assume only a spin-independent\nWIMP-nucleon interaction. In our calculation of the DM signature we have assumed a Standard Halo\nModel with a local density of 0.4 GeV cm−3, a central velocity of 230 km s−1, and a velocity dispersion\nof 156 km s−1.\nAs mentioned in the Introduction, disentangling DM and neutrino sign als in the region of parameter\nspace below this line is not impossible, but the CE νNS ﬂoor serves as an indication of the point at\nwhich neutrinos become a signiﬁcant obstacle to DM direct detection . New physics in the neutrino\nsector can contribute to the predicted CE νNS cross section, thus shifting the neutrino ﬂoo",
        "page": 3,
        "link": "https://ui.adsabs.harvard.edu/link_gateway/2019JCAP...01..043B/EPRINT_PDF",
        "title": "How high is the neutrino floor"
    },
    "2019JCAP...01..043B_page_3_chunk_5": {
        "text": "e point at\nwhich neutrinos become a signiﬁcant obstacle to DM direct detection . New physics in the neutrino\nsector can contribute to the predicted CE νNS cross section, thus shifting the neutrino ﬂoor. These\ncontributions are larger for light mediators [ 15,16,18,23,33,34].\nA. Models\nWe have considered a set of low scale simpliﬁed models in which the SM str ucture is extended by\nthe inclusion of a new light mediator [ 35,36] between the neutrinos and quarks (and/or leptons). An\nobvious concern of dealing with simpliﬁed models at low scales is the diﬃcu lty in realizing such models\nin UV complete frameworks. This concern is justiﬁed as such models t ypically have chiral anomalies,\nrequiring extra light fermion content to ﬁx it, or non-trivial scalar s ectors associated to the breaking\nof some symmetry at low scales. To mitigate this worry, we will focus o n low scale simpliﬁed models\n3",
        "page": 3,
        "link": "https://ui.adsabs.harvard.edu/link_gateway/2019JCAP...01..043B/EPRINT_PDF",
        "title": "How high is the neutrino floor"
    },
    "2019JCAP...01..043B_page_3_chunk_6": {
        "text": "ome symmetry at low scales. To mitigate this worry, we will focus o n low scale simpliﬁed models\n3",
        "page": 3,
        "link": "https://ui.adsabs.harvard.edu/link_gateway/2019JCAP...01..043B/EPRINT_PDF",
        "title": "How high is the neutrino floor"
    },
    "2019JCAP...01..043B_page_4_chunk_1": {
        "text": "that may have a clear UV completion: gauged B−L[14,37], gauged B−L(3) of the third family [ 38],\nsequential Z′[39] and scalar mediators (see e.g. Ref. [ 40]).\n•Vector/Axial Vector Mediator:\nThe introduction of a new vector ﬁeld, Z′, that couples to SM fermions gives rise to new terms\nin the SM Lagrangian of the form\nL ⊃ −/parenleftbigg\ngZ′Jµ\nZ′−g\ncWǫ′Jµ\nZ−eǫJµ\nem/parenrightbigg\nZ′\nµ, (3)\nwheregZ′is the gauge coupling of the new gauge group; JZ′,Jem, andJZare theZ′, electromag-\nnetic, and Zcurrents; and ǫandǫ′parametrize the Z′mixing with the photon and the Zboson,\nrespectively. Here we will not study any model with kinetic mixing1, so we can disregard the last\nterm in eq. ( 3). To ease the notation, we parametrise the Lagrangian as\nL ⊃ −/summationdisplay\nfcf¯fγµfZ′\nµ+ h.c. , (4)\nwhere the sum runs over all left- and right-handed fermion ﬁelds, t hat isf=QL,uR,dR,L,eR\nfor each ﬂavour. For the B−Lcase,cf=gB−L/3 for quarks and cf=−gB−Lfor leptons. In\nthe sequential Z′, all couplings come ",
        "page": 4,
        "link": "https://ui.adsabs.harvard.edu/link_gateway/2019JCAP...01..043B/EPRINT_PDF",
        "title": "How high is the neutrino floor"
    },
    "2019JCAP...01..043B_page_4_chunk_2": {
        "text": "sum runs over all left- and right-handed fermion ﬁelds, t hat isf=QL,uR,dR,L,eR\nfor each ﬂavour. For the B−Lcase,cf=gB−L/3 for quarks and cf=−gB−Lfor leptons. In\nthe sequential Z′, all couplings come from the mass mixing to the SM Zboson,ǫ′, and thus cf\nare given by gZ′ǫ′times the Zcouplings of each fermion. In the B−L(3) model, the couplings to\nthe third family are identical to the B−L, while the coupling to the ﬁrst two comes from Z−Z′\nmass mixing. The resulting CE νNS cross section can be written as\ndσνN\ndER=dσSM\nνN\ndER−/parenleftBigg\nGFmNQνNQ′\nνN,v(2E2\nν−ERmN)\n2√\n2πE2ν(2ERmN+m2\nZ′)−Q′2\nνN,vmN(2E2\nν−ERmN)\n4πE2ν(2ERmN+m2\nZ′)2/parenrightBigg\nF2(ER),\n(5)\nwhere the SM cross section is given in Eq. ( 2). HereQνNandQ′\nνN,v are the coherence factors of\nthe cross section, the latter being given by\nQ′\nνN,v =/bracketleftbigg\n(2Z+N)(cQL+cuR)\n2+ (Z+ 2N)(cQL+cdR)\n2/bracketrightbigg\ncν. (6)\nEq.(4) assumes a vector mediator. However we did check the case of an a xial coupling. Typically,\naxial int",
        "page": 4,
        "link": "https://ui.adsabs.harvard.edu/link_gateway/2019JCAP...01..043B/EPRINT_PDF",
        "title": "How high is the neutrino floor"
    },
    "2019JCAP...01..043B_page_4_chunk_3": {
        "text": " by\nQ′\nνN,v =/bracketleftbigg\n(2Z+N)(cQL+cuR)\n2+ (Z+ 2N)(cQL+cdR)\n2/bracketrightbigg\ncν. (6)\nEq.(4) assumes a vector mediator. However we did check the case of an a xial coupling. Typically,\naxial interactions contribute less signiﬁcantly to the CE νNS cross section than vector interactions,\nas the former couple to the overall spin of the nucleus [ 41–44]. The coherence factor for an axial\ninteraction is proportional to the nuclear angular momentum, and d oes not beneﬁt from the ∼A2\nenhancement. Since the couplings cνare still aﬀected by the constraints from electron interactions,\none should not expect a large contribution from the axial componen t for heavy nuclei. However,\nthis contribution can be signiﬁcant for light targets provided they h ave non-vanishing nuclear\nangular momentum. In our study, we have considered Ge and Xe (wh ich are heavy targets), and\nHe (which has zero spin), for all of which the contribution from axial couplings is negligible, and\nthus has been dropped out i",
        "page": 4,
        "link": "https://ui.adsabs.harvard.edu/link_gateway/2019JCAP...01..043B/EPRINT_PDF",
        "title": "How high is the neutrino floor"
    },
    "2019JCAP...01..043B_page_4_chunk_4": {
        "text": " our study, we have considered Ge and Xe (wh ich are heavy targets), and\nHe (which has zero spin), for all of which the contribution from axial couplings is negligible, and\nthus has been dropped out in Eq. ( 6).\nTo obtain the CE νNS cross section for any of the models considered here, we simply ne ed to\nidentify the corresponding cfcouplings. Diﬀerent models have diﬀerent couplings to quarks and\nleptons, leading to distinct constraints on the values of the gauge c oupling and mediator mass:\nthe constraints used in this paper for the B−L(3) model are taken from Ref. [ 38,45,46] for\nthe case tan β= 10, which leads to ǫ′≃0.01gB−L(3); while the constraints on the B−Lmodel\nare a combination of those used in Refs. [ 14,15,47,48] and Big Bang nucleosynthesis (BBN)\nconstraints given in Ref [ 49]. The Sequential SM turns out to be extremely constrained and the\nresulting contribution to the neutrino ﬂoor is very small, thus we will n ot discuss it further.\n1If theU(1) studied here is a subgroup ",
        "page": 4,
        "link": "https://ui.adsabs.harvard.edu/link_gateway/2019JCAP...01..043B/EPRINT_PDF",
        "title": "How high is the neutrino floor"
    },
    "2019JCAP...01..043B_page_4_chunk_5": {
        "text": "The Sequential SM turns out to be extremely constrained and the\nresulting contribution to the neutrino ﬂoor is very small, thus we will n ot discuss it further.\n1If theU(1) studied here is a subgroup of a non-Abelian gauge group, k inetic mixing is forbidden at tree level, although\nit will be induced at loop level. The loop contribution depen ds on the fermion content of the UV theory, but generically\nwe expect it to be suppressed by a factor of ǫ∼gB−Le/16π2∼2×10−3gB−L, and is therefore negligible.\n4",
        "page": 4,
        "link": "https://ui.adsabs.harvard.edu/link_gateway/2019JCAP...01..043B/EPRINT_PDF",
        "title": "How high is the neutrino floor"
    },
    "2019JCAP...01..043B_page_5_chunk_1": {
        "text": "•Scalar/Pseudoscalar mediator:\nThe other scenario of interest which may impact the neutrino ﬂoor is constituted by a light scalar\nmediator that interacts with SM fermions [ 50,51]. We consider here a simple extension of the\nform\nL=−yν¯νc\nLφνL−/summationdisplay\nf/negationslash=νyf¯fφf−/summationdisplay\nf/negationslash=νy5\nf¯fφiγ5f+ h.c. , (7)\nwhere the sum runs over all charged fermions. Note that in this sce nario the scalar coupling\nviolates lepton number2. For simplicity, we assume that all SM particles have the same coupling\nyf=ytoφ. We also neglect y5\nf, as this pseudoscalar coupling leads to a very small contribution\nto the coherent scattering cross section (see e.g. [ 44]). The resulting CE νNS cross section reads\ndσνN\ndER=dσSM\nνN\ndER+y4Q′2\nνN,sm2\nNER\n4πE2ν(2ERmN+m2\nφ)2F2(ER), (8)\nwheremφis the mass of the scalar mediator and the new coherence factor Q′\nνN,s= 13.8A−0.02Z\nis computed using Refs. [ 52–55] to calculate the scalar-quark form factors.\nCompared with the models with a v",
        "page": 5,
        "link": "https://ui.adsabs.harvard.edu/link_gateway/2019JCAP...01..043B/EPRINT_PDF",
        "title": "How high is the neutrino floor"
    },
    "2019JCAP...01..043B_page_5_chunk_2": {
        "text": "eremφis the mass of the scalar mediator and the new coherence factor Q′\nνN,s= 13.8A−0.02Z\nis computed using Refs. [ 52–55] to calculate the scalar-quark form factors.\nCompared with the models with a vector mediator discussed above, t he speciﬁc couplings of this\nscalar model are less motivated by theory. It therefore has fewe r model speciﬁc constraints. In\nthis work, we have considered the bounds from astrophysical and cosmological sources discussed\nin Ref. [ 56], and the results of the COHERENT experiment [ 9].\nFig. 1represents the areas in the mediator mass and coupling parameter space that are available\nfor models with new vector (left) and scalar (right) mediators. Gra y regions are excluded by various\nastrophysical and cosmological limits, as well as bounds from neutr ino experiments. The upper bound\non new physics couplings obtained from the COHERENT observation [ 9] is shown by means of a dashed\ngray line [ 22,56,57]. The green dashed and green dot-dashed lines for scalar media",
        "page": 5,
        "link": "https://ui.adsabs.harvard.edu/link_gateway/2019JCAP...01..043B/EPRINT_PDF",
        "title": "How high is the neutrino floor"
    },
    "2019JCAP...01..043B_page_5_chunk_3": {
        "text": ". The upper bound\non new physics couplings obtained from the COHERENT observation [ 9] is shown by means of a dashed\ngray line [ 22,56,57]. The green dashed and green dot-dashed lines for scalar mediator s indicate the\nvalues of the neutrino coupling for which the neutrino diﬀusion rate a nd the core equation of state in\nsupernovae could be signiﬁcantly altered and need to be reevaluate d. Vector mediators are extremely\nconstrained by a combination of bounds from neutrino experiments (mainly Borexino, GEMMA) as\nwell as astrophysical constraints (on supernovae and other ste llar systems). Contrariwise, models with\nextra scalar mediators are in principle more ﬂexible (with the caveat t hat supernovae limits might have\nto be reevaluated).\nIII. RESULTS\nFor each simpliﬁed model described in Sec. II, we have considered the largest possible values of the\nneutrino couplings as a function of the mediator mass that is allowed b y the various experimental\nconstraints (represented as a solid black",
        "page": 5,
        "link": "https://ui.adsabs.harvard.edu/link_gateway/2019JCAP...01..043B/EPRINT_PDF",
        "title": "How high is the neutrino floor"
    },
    "2019JCAP...01..043B_page_5_chunk_4": {
        "text": ". II, we have considered the largest possible values of the\nneutrino couplings as a function of the mediator mass that is allowed b y the various experimental\nconstraints (represented as a solid black line in Fig. 1), and we have used these to determine the\nmaximum contribution to the CE νNS cross section. The height and shape of the CE νNS ﬂoor vary\nfor diﬀerent target nuclei. Here we consider three diﬀerent mater ials. Germanium and xenon have\nqualitatively similar shapes, but we include both as they are common ta rgets in low and high mass\nsearches respectively, including SuperCDMS [ 27], XENON1T [ 26], LZ [ 10], and DARWIN [ 58]. We also\ninclude helium, as an example of a very light target, which has been pro posed as a way of probing very\nlow DM masses in a future phase of the NEWS-G experiment [ 28]. The sensitivity line for NEWS-G\nhas been extracted from Ref. [ 59]. The very low mass of the He nucleus allows solar8B neutrinos to\ngenerate much higher energy recoils. The resulting",
        "page": 5,
        "link": "https://ui.adsabs.harvard.edu/link_gateway/2019JCAP...01..043B/EPRINT_PDF",
        "title": "How high is the neutrino floor"
    },
    "2019JCAP...01..043B_page_5_chunk_5": {
        "text": "experiment [ 28]. The sensitivity line for NEWS-G\nhas been extracted from Ref. [ 59]. The very low mass of the He nucleus allows solar8B neutrinos to\ngenerate much higher energy recoils. The resulting ﬂattening of th e recoil spectrum prevents us from\ndistinguishing8B neutrinos from higher mass DM simply by choosing a higher energy th reshold, and\nso the neutrino ﬂoor is noticeably ﬂatter than it is for heavier targe ts.\n2One could also work with a lepton number conserving model, at the expense of including right-handed neutrinos. The\npredictions for CE νNS would not change but this scenario is more aﬀected by super nova constraints, which limit the\ncontribution to the neutrino ﬂoor\n5",
        "page": 5,
        "link": "https://ui.adsabs.harvard.edu/link_gateway/2019JCAP...01..043B/EPRINT_PDF",
        "title": "How high is the neutrino floor"
    },
    "2019JCAP...01..043B_page_6_chunk_1": {
        "text": "10−310−210−1100101\nmZ′[GeV]10−610−510−410−310−2gB−L\nCOHERENT\n10−310−210−1\nmϕ[GeV]10−610−510−4yνCOHERENT\nSupernova  ν diff\nSupernova core EoS\nFIG. 1. The gray areas represent the regions excluded in the c ase of a vector (left) and scalar (right) mediator.\nThe solid black line represents the values of the mediator co upling that we have used to determine the maximum\ncontribution to the neutrino ﬂoor in both cases. In the scala r case we include constraints from supernovae in\ngreen: both those from neutrino diﬀusion (dashed) and the co re equation of state (dot-dashed).\n10−4910−4810−4710−4610−4510−4410−4310−4210−4110−40σχn [c 2]HeNEWS -G\n10−4910−4810−4710−4610−4510−4410−4310−4210−4110−40\nGeSuperCDMS HV\nSuperCDMS iZip\n10−4910−4810−4710−4610−4510−4410−4310−4210−4110−40\nXeXenon1T\nLZ\n10−1100101102103\nmχ[GeV]12σχn/σSM\nχn\n10−1100101102103\nmχ[GeV]12\n10−1100101102103\nmχ[GeV]12\nFIG. 2. Upper: CE νNS ﬂoor for a new vector mediator, computed for direct detect ion experiments utilising,\nfrom left to",
        "page": 6,
        "link": "https://ui.adsabs.harvard.edu/link_gateway/2019JCAP...01..043B/EPRINT_PDF",
        "title": "How high is the neutrino floor"
    },
    "2019JCAP...01..043B_page_6_chunk_2": {
        "text": "02103\nmχ[GeV]12σχn/σSM\nχn\n10−1100101102103\nmχ[GeV]12\n10−1100101102103\nmχ[GeV]12\nFIG. 2. Upper: CE νNS ﬂoor for a new vector mediator, computed for direct detect ion experiments utilising,\nfrom left to right, He, Ge, and Xe. The SM neutrino ﬂoor (solid , grey) is compared with the maximum level\nreached in a B−L(dashed, black) and a B−L(3) (dot-dashed, black) model. For comparison, the sensiti vities\nof some current (solid) and future (dashed) direct detectio n experiments are shown in color. Lower: Ratio of\nthe new neutrino ﬂoor to the SM result. The sensitivities of r epresentative direct detection experiments are\nalso shown in this parameter space.\nFigure 2represents the resulting CE νNS ﬂoor for the two vector mediated models discussed in Sec\nII A. For comparison, the SM contribution is shown as a solid grey line. We c an observe that the new\nphysics contribution can be greater than a factor of 2 for DM mass es below 10 GeV. The B−Lmodel\n(black dashed line) has a greater enhancement ",
        "page": 6,
        "link": "https://ui.adsabs.harvard.edu/link_gateway/2019JCAP...01..043B/EPRINT_PDF",
        "title": "How high is the neutrino floor"
    },
    "2019JCAP...01..043B_page_6_chunk_3": {
        "text": "shown as a solid grey line. We c an observe that the new\nphysics contribution can be greater than a factor of 2 for DM mass es below 10 GeV. The B−Lmodel\n(black dashed line) has a greater enhancement at low masses than t heB−L(3) (black dot-dashed\nline) due to less stringent constraints on the mediator mass. Howev er, at higher energies the B−L(3)\nenhancement is comparable, as larger couplings to the third genera tion are allowed with higher mediator\nmasses. We also observe that current direct detection experimen ts are beginning to probe the region\nof parameter space below the “new” neutrino ﬂoor, suggesting th at future detectors could be used\nto put competitive limits on the properties of these new vector media tors. It should be noted that\nastrophysical uncertainties in the parameters that describe the DM halo can lead to a greater eﬀect in\nthe DM discovery limit over the neutrino ﬂoor [ 60].\n6",
        "page": 6,
        "link": "https://ui.adsabs.harvard.edu/link_gateway/2019JCAP...01..043B/EPRINT_PDF",
        "title": "How high is the neutrino floor"
    },
    "2019JCAP...01..043B_page_6_chunk_4": {
        "text": "that describe the DM halo can lead to a greater eﬀect in\nthe DM discovery limit over the neutrino ﬂoor [ 60].\n6",
        "page": 6,
        "link": "https://ui.adsabs.harvard.edu/link_gateway/2019JCAP...01..043B/EPRINT_PDF",
        "title": "How high is the neutrino floor"
    },
    "2019JCAP...01..043B_page_7_chunk_1": {
        "text": "10−4910−4710−4510−4310−4110−3910−37σχn [cm2]HeNEWS -G\n10−4910−4710−4510−4310−4110−3910−37GeSuperCDMS HV\nSuperCDMS iZip\n10−4910−4710−4510−4310−4110−3910−37XeXen n1T\nLZ\n10−1100101102103\nmχ[GeV]100102104σχn/σSM\nχn\n10−1100101102103\nmχ[GeV]100102104\n10−1100101102103\nmχ[GeV]100102104\nFIG. 3. As in Fig. 2, but for a scalar mediator. For the constraints on our model, we consider three diﬀerent\ncases discussed in Sec IIA: one in which supernova constraints are neglected (dashed) , one in which supernova\ndiﬀraction constraints are included but bounds from the SN c ore EoS are ignored (dot-dashed) and one in which\nall supernova constraints are included (dotted).\nAs expected, models with scalar mediators allow for a much larger enh ancement of the neutrino ﬂoor,\nrepresented by a dashed line in Fig. 3. However, the spectacular increase of several orders of magnit ude\nfor DM masses below 10 GeV is subject to the reevaluation of supern ovae constraints in this kind of\nlepton-violating models. As poin",
        "page": 7,
        "link": "https://ui.adsabs.harvard.edu/link_gateway/2019JCAP...01..043B/EPRINT_PDF",
        "title": "How high is the neutrino floor"
    },
    "2019JCAP...01..043B_page_7_chunk_2": {
        "text": " However, the spectacular increase of several orders of magnit ude\nfor DM masses below 10 GeV is subject to the reevaluation of supern ovae constraints in this kind of\nlepton-violating models. As pointed out in Ref. [ 56], it is uncertain whether this range of mediator\nmasses and couplings can induce changes in the equation of state th at describes the supernova core\nand the physics of neutrino diﬀusion. To account for these eﬀects , in Fig. 3we also show the results\nwhen neutrino diﬀusion are limits included (dot-dashed line) and when a strict limit on the supernova\ncore equation of state is also added (dotted line). The spectacular enhancement of the neutrino ﬂoor\nat small DM masses corresponds to very light new mediators (with ma sses in the MeV range) [ 50,51],\nwhile for heavier mediators, such as those considered in Ref. [ 16], the increase is much more moderate.\nThe new scalar mediator gives very little enhancement to the neutrin o ﬂoor at higher WIMP masses,\nsince the region of ",
        "page": 7,
        "link": "https://ui.adsabs.harvard.edu/link_gateway/2019JCAP...01..043B/EPRINT_PDF",
        "title": "How high is the neutrino floor"
    },
    "2019JCAP...01..043B_page_7_chunk_3": {
        "text": "ors, such as those considered in Ref. [ 16], the increase is much more moderate.\nThe new scalar mediator gives very little enhancement to the neutrin o ﬂoor at higher WIMP masses,\nsince the region of heavy mediators is more constrained from partic le physics bounds, meaning that\nthe best prospects to constrain such models come from experimen ts with low energy thresholds such\nas SuperCDMS SNOLAB.\nThe shape and height of the neutrino ﬂoor depend on the nature of the DM interaction, and thus\nthey change signiﬁcantly for diﬀerent EFT operators [ 33], especially when these feature non-trivial\nmomentum or velocity dependence. However, we have checked exp licitly that the ratio by which the\nneutrino ﬂoor is raised with respect to its SM value is only slightly distor ted. In particular, the maximum\nincrease in the neutrino ﬂoor at small DM masses is insensitive to the c hoice of EFT operator. Therefore,\nthe lower panels of Figures 2and3are a useful guide to the results for all other EFT opera",
        "page": 7,
        "link": "https://ui.adsabs.harvard.edu/link_gateway/2019JCAP...01..043B/EPRINT_PDF",
        "title": "How high is the neutrino floor"
    },
    "2019JCAP...01..043B_page_7_chunk_4": {
        "text": "um\nincrease in the neutrino ﬂoor at small DM masses is insensitive to the c hoice of EFT operator. Therefore,\nthe lower panels of Figures 2and3are a useful guide to the results for all other EFT operators.\nIV. CONCLUSIONS\nIn this paper we have determined the contribution from new physics models to the coherent neutrino\nscattering (CE νNS) ﬂoor, which is expected to be within the reach of next-generat ion DM direct\ndetection experiments. We have considered a collection of simpliﬁed m odels that include a new vector\nor scalar mediator between the SM neutrino and the SM quarks and le ptons. We have incorporated\nthe most recent constraints from various sources of experiment s and astrophysical observations and\nused them to determine the maximum reach of the neutrino ﬂoor in th e parameter space of elastic\nspin-independent DM scattering. In doing this, we have payed part icular attention to the limits on new\nphysics that can be derived from the recent observation of CE νNS by the COHERENT c",
        "page": 7,
        "link": "https://ui.adsabs.harvard.edu/link_gateway/2019JCAP...01..043B/EPRINT_PDF",
        "title": "How high is the neutrino floor"
    },
    "2019JCAP...01..043B_page_7_chunk_5": {
        "text": "e of elastic\nspin-independent DM scattering. In doing this, we have payed part icular attention to the limits on new\nphysics that can be derived from the recent observation of CE νNS by the COHERENT collaboration.\nWe have observed that, in the case of vector mediators embedded in UV complete frameworks, the\n7",
        "page": 7,
        "link": "https://ui.adsabs.harvard.edu/link_gateway/2019JCAP...01..043B/EPRINT_PDF",
        "title": "How high is the neutrino floor"
    },
    "2019JCAP...01..043B_page_8_chunk_1": {
        "text": "CEνNS ﬂoor can be raised by approximately a factor of two for small DM m asses (below 10 GeV, where\nthe main contribution is due to solar neutrinos) and by a factor of 1.3 for large DM masses (where\natmospheric neutrinos dominate). Experimental limits from neutrin o and beam dump experiments are\nthe main obstacle that limits the height of the neutrino ﬂoor in these s cenarios.\nIn the case of new scalar mediators, the neutrino ﬂoor can be raise d by several orders of magnitude\nin the region of low-mass DM (below 10 GeV), a feature that is deﬁnite ly within the reach of upcoming\nexperiments such as SuperCDMS SNOLAB and NEWS-G. However, th is spectacular enhancement is\nsubject to the re-examination of supernovae bounds, as new phy sics can induce changes in the equation\nof state of the supernova core that must be carefully analysed. I f these bounds turn out to be as strong\nas suggested in Ref. [ 56], the maximum enhancement of the neutrino ﬂoor due to a light scalar mediator\nwould be qui",
        "page": 8,
        "link": "https://ui.adsabs.harvard.edu/link_gateway/2019JCAP...01..043B/EPRINT_PDF",
        "title": "How high is the neutrino floor"
    },
    "2019JCAP...01..043B_page_8_chunk_2": {
        "text": "ova core that must be carefully analysed. I f these bounds turn out to be as strong\nas suggested in Ref. [ 56], the maximum enhancement of the neutrino ﬂoor due to a light scalar mediator\nwould be quite small.\nIn conclusion, our results indicate that the expected CE νNS background in the recent XENON1T\nresults could increase by an a factor of two or even more. More impo rtantly, future claims by DM\nexperiments in the low-mass window must be carefully examined to disc riminate neutrino and DM\nsignals well above the expected SM neutrino ﬂoor.\nACKNOWLEDGMENTS\nWe are grateful to Bhaskar Dutta, Yasaman Farzan, Kostas Niko lopoulos, and Louis Strigari for\nuseful discussions. DC and ER thank Fermilab, and PM and AO thank I FT-Madrid, for kind hospitality\nduring the completion of this project. We acknowledge support fro m the Marie Sk/suppress lodowska-Curie grant\nagreement No. 690575 (RISE InvisiblesPlus). AO is supported by th e European Research Council\nunder ERC Grant “NuMass” (FP7-IDEAS-E",
        "page": 8,
        "link": "https://ui.adsabs.harvard.edu/link_gateway/2019JCAP...01..043B/EPRINT_PDF",
        "title": "How high is the neutrino floor"
    },
    "2019JCAP...01..043B_page_8_chunk_3": {
        "text": "acknowledge support fro m the Marie Sk/suppress lodowska-Curie grant\nagreement No. 690575 (RISE InvisiblesPlus). AO is supported by th e European Research Council\nunder ERC Grant “NuMass” (FP7-IDEAS-ERC ERC-CG 617143). Fe rmilab is operated by the Fermi\nResearch Alliance, LLC under contract No. DE-AC02-07CH11359 w ith the United States Department\nof Energy.\n[1] D. Z. Freedman, Coherent Neutrino Nucleus Scattering as a Probe of the Weak N eutral Current ,Phys.\nRev.D9(1974) 1389–1392 .\n[2] J. Billard, L. Strigari and E. Figueroa-Feliciano, Implication of neutrino backgrounds on the reach of next\ngeneration dark matter direct detection experiments ,Phys. Rev. D89(2014) 023524 , [1307.5458 ].\n[3] J. D. Vergados and H. Ejiri, Can Solar Neutrinos be a Serious Background in Direct Dark Ma tter\nSearches? ,Nucl. Phys. B804(2008) 144–159 , [0805.2583 ].\n[4] J. H. Davis, Dark Matter vs. Neutrinos: The eﬀect of astrophysical uncert ainties and timing information\non the neutrino ﬂoor ,JCAP1503(2015",
        "page": 8,
        "link": "https://ui.adsabs.harvard.edu/link_gateway/2019JCAP...01..043B/EPRINT_PDF",
        "title": "How high is the neutrino floor"
    },
    "2019JCAP...01..043B_page_8_chunk_4": {
        "text": "arches? ,Nucl. Phys. B804(2008) 144–159 , [0805.2583 ].\n[4] J. H. Davis, Dark Matter vs. Neutrinos: The eﬀect of astrophysical uncert ainties and timing information\non the neutrino ﬂoor ,JCAP1503(2015) 012 , [1412.1475 ].\n[5] F. Ruppin, J. Billard, E. Figueroa-Feliciano and L. Stri gari,Complementarity of dark matter detectors in\nlight of the neutrino background ,Phys.Rev. D90(2014) 083510 , [1408.3581 ].\n[6] P. Grothaus, M. Fairbairn and J. Monroe, Directional Dark Matter Detection Beyond the Neutrino\nBound,Phys.Rev. D90(2014) 055018 , [1406.5047 ].\n[7] C. A. J. O’Hare, A. M. Green, J. Billard, E. Figueroa-Feli ciano and L. E. Strigari, Readout strategies for\ndirectional dark matter detection beyond the neutrino back ground,Phys. Rev. D92(2015) 063518 ,\n[1505.08061 ].\n[8] J. B. Dent, B. Dutta, J. L. Newstead and L. E. Strigari, Noνﬂoors: Eﬀective ﬁeld theory treatment of\nthe neutrino background in direct dark matter detection exp eriments ,1602.05300 .\n[9]COHERENT collaboration, D. Ak",
        "page": 8,
        "link": "https://ui.adsabs.harvard.edu/link_gateway/2019JCAP...01..043B/EPRINT_PDF",
        "title": "How high is the neutrino floor"
    },
    "2019JCAP...01..043B_page_8_chunk_5": {
        "text": "utta, J. L. Newstead and L. E. Strigari, Noνﬂoors: Eﬀective ﬁeld theory treatment of\nthe neutrino background in direct dark matter detection exp eriments ,1602.05300 .\n[9]COHERENT collaboration, D. Akimov et al., Observation of Coherent Elastic Neutrino-Nucleus\nScattering ,Science357(2017) 1123–1126 , [1708.01294 ].\n[10]LZcollaboration, B. J. Mount et al., LUX-ZEPLIN (LZ) Technical Design Report ,1703.09144 .\n[11] D. G. Cerde˜ no, J. H. Davis, M. Fairbairn and A. C. Vincen t,CNO Neutrino Grand Prix: The race to\nsolve the solar metallicity problem ,JCAP1804(2018) 037 , [1712.06522 ].\n[12] J. L. Newstead, L. E. Strigari and R. F. Lang, CNO Solar Neutrinos in Next-Generation Dark Matter\nExperiments ,1807.07169 .\n[13] M. Pospelov, Neutrino Physics with Dark Matter Experiments and the Signa ture of New Baryonic Neutral\nCurrents ,Phys. Rev. D84(2011) 085008 , [1103.3261 ].\n[14] R. Harnik, J. Kopp and P. A. N. Machado, Exploring nu Signals in Dark Matter Detectors ,JCAP1207\n(2012) 026 , [1202",
        "page": 8,
        "link": "https://ui.adsabs.harvard.edu/link_gateway/2019JCAP...01..043B/EPRINT_PDF",
        "title": "How high is the neutrino floor"
    },
    "2019JCAP...01..043B_page_8_chunk_6": {
        "text": "e of New Baryonic Neutral\nCurrents ,Phys. Rev. D84(2011) 085008 , [1103.3261 ].\n[14] R. Harnik, J. Kopp and P. A. N. Machado, Exploring nu Signals in Dark Matter Detectors ,JCAP1207\n(2012) 026 , [1202.6073 ].\n8",
        "page": 8,
        "link": "https://ui.adsabs.harvard.edu/link_gateway/2019JCAP...01..043B/EPRINT_PDF",
        "title": "How high is the neutrino floor"
    },
    "2019JCAP...01..043B_page_9_chunk_1": {
        "text": "[15] D. G. Cerde˜ no, M. Fairbairn, T. Jubb, P. A. N. Machado, A . C. Vincent and C. Boehm, Physics from\nsolar neutrinos in dark matter direct detection experiment s,JHEP05(2016) 118 , [1604.01025 ].\n[16] E. Bertuzzo, F. F. Deppisch, S. Kulkarni, Y. F. Perez Gon zalez and R. Zukanovich Funchal, Dark Matter\nand Exotic Neutrino Interactions in Direct Detection Searc hes,JHEP04(2017) 073 , [1701.07443 ].\n[17] B. Dutta, S. Liao, L. E. Strigari and J. W. Walker, Non-standard interactions of solar neutrinos in dark\nmatter experiments ,Phys. Lett. B773(2017) 242–246 , [1705.00661 ].\n[18] D. Aristizabal Sierra, N. Rojas and M. H. G. Tytgat, Neutrino non-standard interactions and dark matter\nsearches with multi-ton scale detectors ,JHEP03(2018) 197 , [1712.09667 ].\n[19] P. Coloma, P. B. Denton, M. C. Gonzalez-Garcia, M. Malto ni and T. Schwetz, Curtailing the Dark Side\nin Non-Standard Neutrino Interactions ,JHEP04(2017) 116 , [1701.04828 ].\n[20] M. C. Gonzalez-Garcia, M. Maltoni, Y. F. Perez-Go",
        "page": 9,
        "link": "https://ui.adsabs.harvard.edu/link_gateway/2019JCAP...01..043B/EPRINT_PDF",
        "title": "How high is the neutrino floor"
    },
    "2019JCAP...01..043B_page_9_chunk_2": {
        "text": "C. Gonzalez-Garcia, M. Malto ni and T. Schwetz, Curtailing the Dark Side\nin Non-Standard Neutrino Interactions ,JHEP04(2017) 116 , [1701.04828 ].\n[20] M. C. Gonzalez-Garcia, M. Maltoni, Y. F. Perez-Gonzale z and R. Zukanovich Funchal, Neutrino\nDiscovery Limit of Dark Matter Direct Detection Experiment s in the Presence of Non-Standard\nInteractions ,JHEP07(2018) 019 , [1803.03650 ].\n[21] D. Aristizabal Sierra, V. De Romeri and N. Rojas, COHERENT analysis of neutrino generalized\ninteractions ,1806.07424 .\n[22] D. K. Papoulias and T. S. Kosmas, COHERENT constraints to conventional and exotic neutrino p hysics,\nPhys. Rev. D97(2018) 033003 , [1711.09773 ].\n[23] D. K. Papoulias, R. Sahu, T. S. Kosmas, V. K. B. Kota and B. Nayak,Novel neutrino-ﬂoor and dark\nmatter searches with deformed shell model calculations ,1804.11319 .\n[24] J. Billard, J. Johnston and B. J. Kavanagh, Prospects for exploring New Physics in Coherent Elastic\nNeutrino-Nucleus Scattering ,1805.01798 .\n[25] P. B. Denton, Y. F",
        "page": 9,
        "link": "https://ui.adsabs.harvard.edu/link_gateway/2019JCAP...01..043B/EPRINT_PDF",
        "title": "How high is the neutrino floor"
    },
    "2019JCAP...01..043B_page_9_chunk_3": {
        "text": "el calculations ,1804.11319 .\n[24] J. Billard, J. Johnston and B. J. Kavanagh, Prospects for exploring New Physics in Coherent Elastic\nNeutrino-Nucleus Scattering ,1805.01798 .\n[25] P. B. Denton, Y. Farzan and I. M. Shoemaker, Testing large non-standard neutrino interactions with\narbitrary mediator mass after COHERENT data ,JHEP07(2018) 037 , [1804.03660 ].\n[26]XENON collaboration, E. Aprile et al., Dark Matter Search Results from a One Tonne ×Year Exposure of\nXENON1T ,1805.12562 .\n[27]SuperCDMS collaboration, R. Agnese et al., Projected Sensitivity of the SuperCDMS SNOLAB\nexperiment ,Phys. Rev. D95(2017) 082002 , [1610.00006 ].\n[28]NEWS-G collaboration, Q. Arnaud et al., First results from the NEWS-G direct dark matter search\nexperiment at the LSM ,Astropart. Phys. 97(2018) 54–62 , [1706.04934 ].\n[29] R. H. Helm, Inelastic and Elastic Scattering of 187-Mev Electrons from Selected Even-Even Nuclei ,Phys.\nRev.104(1956) 1466–1475 .\n[30] J. N. Bahcall and A. M. Serenelli, How do uncertain",
        "page": 9,
        "link": "https://ui.adsabs.harvard.edu/link_gateway/2019JCAP...01..043B/EPRINT_PDF",
        "title": "How high is the neutrino floor"
    },
    "2019JCAP...01..043B_page_9_chunk_4": {
        "text": "04934 ].\n[29] R. H. Helm, Inelastic and Elastic Scattering of 187-Mev Electrons from Selected Even-Even Nuclei ,Phys.\nRev.104(1956) 1466–1475 .\n[30] J. N. Bahcall and A. M. Serenelli, How do uncertainties in the surface chemical abundances of t he Sun\naﬀect the predicted solar neutrino ﬂuxes? ,Astrophys. J. 626(2005) 530 , [astro-ph/0412096 ].\n[31] N. Vinyoles, A. Serenelli and F. L. Villante, The Sun and solar neutrinos ,J. Phys. Conf. Ser. 888(2017)\n012006.\n[32] G. Battistoni, A. Ferrari, T. Montaruli and P. R. Sala, The atmospheric neutrino ﬂux below 100-MeV:\nThe FLUKA results ,Astropart. Phys. 23(2005) 526–534 .\n[33] J. B. Dent, B. Dutta, J. L. Newstead and L. E. Strigari, Dark matter, light mediators, and the neutrino\nﬂoor,Phys. Rev. D95(2017) 051701 , [1607.01468 ].\n[34] M. Lindner, W. Rodejohann and X.-J. Xu, Coherent Neutrino-Nucleus Scattering and new Neutrino\nInteractions ,JHEP03(2017) 097 , [1612.04150 ].\n[35] C. Boehm, T. A. Ensslin and J. Silk, Can Annihilating dark matter",
        "page": 9,
        "link": "https://ui.adsabs.harvard.edu/link_gateway/2019JCAP...01..043B/EPRINT_PDF",
        "title": "How high is the neutrino floor"
    },
    "2019JCAP...01..043B_page_9_chunk_5": {
        "text": "W. Rodejohann and X.-J. Xu, Coherent Neutrino-Nucleus Scattering and new Neutrino\nInteractions ,JHEP03(2017) 097 , [1612.04150 ].\n[35] C. Boehm, T. A. Ensslin and J. Silk, Can Annihilating dark matter be lighter than a few GeVs? ,J. Phys.\nG30(2004) 279–286 , [astro-ph/0208458 ].\n[36] C. Boehm, Implications of a new light gauge boson for neutrino physics ,Phys. Rev. D70(2004) 055007 ,\n[hep-ph/0405240 ].\n[37] A. E. Nelson and J. Walsh, Short Baseline Neutrino Oscillations and a New Light Gauge B oson,Phys.\nRev.D77(2008) 033001 , [0711.1363 ].\n[38] K. S. Babu, A. Friedland, P. A. N. Machado and I. Mocioiu, Flavor Gauge Models Below the Fermi Scale ,\nJHEP12(2017) 096 , [1705.01822 ].\n[39] H. Davoudiasl, H.-S. Lee and W. J. Marciano, Muong−2, rare kaon decays, and parity violation from\ndark bosons ,Phys. Rev. D89(2014) 095006 , [1402.3620 ].\n[40] S. Gabriel and S. Nandi, A New two Higgs doublet model ,Phys. Lett. B655(2007) 141–147 ,\n[hep-ph/0610253 ].\n[41] J. M. Alarcon, J. Martin Camalich",
        "page": 9,
        "link": "https://ui.adsabs.harvard.edu/link_gateway/2019JCAP...01..043B/EPRINT_PDF",
        "title": "How high is the neutrino floor"
    },
    "2019JCAP...01..043B_page_9_chunk_6": {
        "text": "ons ,Phys. Rev. D89(2014) 095006 , [1402.3620 ].\n[40] S. Gabriel and S. Nandi, A New two Higgs doublet model ,Phys. Lett. B655(2007) 141–147 ,\n[hep-ph/0610253 ].\n[41] J. M. Alarcon, J. Martin Camalich and J. A. Oller, The chiral representation of the πNscattering\namplitude and the pion-nucleon sigma term ,Phys. Rev. D85(2012) 051503 , [1110.3797 ].\n[42] J. M. Alarcon, L. S. Geng, J. Martin Camalich and J. A. Oll er,The strangeness content of the nucleon\nfrom eﬀective ﬁeld theory and phenomenology ,Phys. Lett. B730(2014) 342–346 , [1209.2870 ].\n[43] M. Cirelli, E. Del Nobile and P. Panci, Tools for model-independent bounds in direct dark matter se arches,\nJCAP1310(2013) 019 , [1307.5955 ].\n[44] R. J. Hill and M. P. Solon, Standard Model anatomy of WIMP dark matter direct detection II: QCD\nanalysis and hadronic matrix elements ,Phys. Rev. D91(2015) 043505 , [1409.8290 ].\n9",
        "page": 9,
        "link": "https://ui.adsabs.harvard.edu/link_gateway/2019JCAP...01..043B/EPRINT_PDF",
        "title": "How high is the neutrino floor"
    },
    "2019JCAP...01..043B_page_9_chunk_7": {
        "text": "nalysis and hadronic matrix elements ,Phys. Rev. D91(2015) 043505 , [1409.8290 ].\n9",
        "page": 9,
        "link": "https://ui.adsabs.harvard.edu/link_gateway/2019JCAP...01..043B/EPRINT_PDF",
        "title": "How high is the neutrino floor"
    },
    "2019JCAP...01..043B_page_10_chunk_1": {
        "text": "[45] P. Ilten, Y. Soreq, M. Williams and W. Xue, Serendipity in dark photon searches ,JHEP06(2018) 004 ,\n[1801.04847 ].\n[46] M. Bauer, P. Foldenauer and J. Jaeckel, Hunting All the Hidden Photons ,JHEP07(2018) 094 ,\n[1803.05466 ].\n[47] S. Bilmis, I. Turan, T. M. Aliev, M. Deniz, L. Singh and H. T. Wong, Constraints on Dark Photon from\nNeutrino-Electron Scattering Experiments ,Phys. Rev. D92(2015) 033009 , [1502.07763 ].\n[48] E. Rrapaj and S. Reddy, Nucleon-nucleon bremsstrahlung of dark gauge bosons and re vised supernova\nconstraints ,Phys. Rev. C94(2016) 045805 , [1511.09136 ].\n[49] G.-y. Huang, T. Ohlsson and S. Zhou, Observational Constraints on Secret Neutrino Interaction s from\nBig Bang Nucleosynthesis ,Phys. Rev. D97(2018) 075009 , [1712.04792 ].\n[50] C. Boehm and P. Fayet, Scalar dark matter candidates ,Nucl. Phys. B683(2004) 219–263 ,\n[hep-ph/0305261 ].\n[51] C. Boehm, Y. Farzan, T. Hambye, S. Palomares-Ruiz and S. Pascoli, Is it possible to explain neutrino\nmasses with scalar d",
        "page": 10,
        "link": "https://ui.adsabs.harvard.edu/link_gateway/2019JCAP...01..043B/EPRINT_PDF",
        "title": "How high is the neutrino floor"
    },
    "2019JCAP...01..043B_page_10_chunk_2": {
        "text": "rk matter candidates ,Nucl. Phys. B683(2004) 219–263 ,\n[hep-ph/0305261 ].\n[51] C. Boehm, Y. Farzan, T. Hambye, S. Palomares-Ruiz and S. Pascoli, Is it possible to explain neutrino\nmasses with scalar dark matter? ,Phys. Rev. D77(2008) 043516 , [hep-ph/0612228 ].\n[52] A. Crivellin, M. Hoferichter and M. Procura, Accurate evaluation of hadronic uncertainties in\nspin-independent WIMP-nucleon scattering: Disentanglin g two- and three-ﬂavor eﬀects ,Phys. Rev. D89\n(2014) 054021 , [1312.4951 ].\n[53] P. Junnarkar and A. Walker-Loud, Scalar strange content of the nucleon from lattice QCD ,Phys. Rev.\nD87(2013) 114510 , [1301.1114 ].\n[54] M. Hoferichter, J. Ruiz de Elvira, B. Kubis and U.-G. Mei ssner,High-Precision Determination of the\nPion-Nucleon ? Term from Roy-Steiner Equations ,Phys. Rev. Lett. 115(2015) 092301 , [1506.04142 ].\n[55] J. Ellis, N. Nagata and K. A. Olive, Uncertainties in WIMP Dark Matter Scattering Revisited ,Eur. Phys.\nJ.C78(2018) 569 , [1805.09795 ].\n[56] Y. Farzan, M. Lindn",
        "page": 10,
        "link": "https://ui.adsabs.harvard.edu/link_gateway/2019JCAP...01..043B/EPRINT_PDF",
        "title": "How high is the neutrino floor"
    },
    "2019JCAP...01..043B_page_10_chunk_3": {
        "text": "115(2015) 092301 , [1506.04142 ].\n[55] J. Ellis, N. Nagata and K. A. Olive, Uncertainties in WIMP Dark Matter Scattering Revisited ,Eur. Phys.\nJ.C78(2018) 569 , [1805.09795 ].\n[56] Y. Farzan, M. Lindner, W. Rodejohann and X.-J. Xu, Probing neutrino coupling to a light scalar with\ncoherent neutrino scattering ,1802.05171 .\n[57] J. Liao and D. Marfatia, COHERENT constraints on nonstandard neutrino interaction s,Phys. Lett.\nB775(2017) 54–57 , [1708.04255 ].\n[58]DARWIN Collaboration, J. Aalbers et al., DARWIN: towards the ultimate dark matter detector ,JCAP\n1611(2016) 017 , [1606.07001 ].\n[59] I. Katsioulas, NEWS-G, Light dark matter search with a Spherical Proportio nal Counter, First results and\nFuture prospects , in53rd Rencontres de Moriond on Electroweak Interactions and Uniﬁed Theories\n(Moriond EW 2018) La Thuile, Italy, March 10-17, 2018 , 2018.\n[60] C. A. J. O’Hare, Dark matter astrophysical uncertainties and the neutrino ﬂ oor,Phys. Rev. D94(2016)\n063527, [1604.03858 ].\n10",
        "page": 10,
        "link": "https://ui.adsabs.harvard.edu/link_gateway/2019JCAP...01..043B/EPRINT_PDF",
        "title": "How high is the neutrino floor"
    },
    "2019JCAP...01..043B_page_10_chunk_4": {
        "text": "Moriond EW 2018) La Thuile, Italy, March 10-17, 2018 , 2018.\n[60] C. A. J. O’Hare, Dark matter astrophysical uncertainties and the neutrino ﬂ oor,Phys. Rev. D94(2016)\n063527, [1604.03858 ].\n10",
        "page": 10,
        "link": "https://ui.adsabs.harvard.edu/link_gateway/2019JCAP...01..043B/EPRINT_PDF",
        "title": "How high is the neutrino floor"
    }
}