{
    "2019arXiv190506108F_page_1_chunk_1": {
        "text": "Singlet–doublet/triplet dark matter and neutrino masses\nJuri Fiaschi\u0003, Michael Klasen\u0003andSimon May\u0003;ya\n\u0003Institut für Theoretische Physik, Westfälische Wilhelms-Universität Münster,\nWilhelm-Klemm-Straße 9, 48149 Münster, Germany\nyMax-Planck-Institut für Astrophysik,\nKarl-Schwarzschild-Straße 1, 85741 Garching, Germany\nIn these proceedings, we present a study of a combined singlet–doublet fermion and triplet scalar\nmodel for dark matter (DM). Together, these models form a simple extension of the Standard\nModel (SM) that can account for DM and explain the existence of neutrino masses, which\nare generated radiatively. However, this also implies the existence of lepton ﬂavour violating\n(LFV) processes. In addition, this particular model allows for gauge coupling uniﬁcation. The\nnew ﬁelds are odd under a new Z2symmetry to stabilise the DM candidate. We analyse the\nDM, neutrino mass and LFV aspects, exploring the viable parameter space of the model. This\nis done using a numerical random scan ",
        "page": 1,
        "link": "https://ui.adsabs.harvard.edu/link_gateway/2019arXiv190506108F/EPRINT_PDF",
        "title": "Singletdoublettriplet dark matter and neutrino masses"
    },
    "2019arXiv190506108F_page_1_chunk_2": {
        "text": "d under a new Z2symmetry to stabilise the DM candidate. We analyse the\nDM, neutrino mass and LFV aspects, exploring the viable parameter space of the model. This\nis done using a numerical random scan imposing successively the neutrino mass and mixing,\nrelic density, Higgs mass, direct detection, collider and LFV constraints. We ﬁnd that DM in\nthis model is fermionic for masses below about 1 TeVand scalar above. We observe a high\ndegree of complementarity between direct detection and LFV experiments, which should soon\nallow to fully probe the fermionic DM sector and at least partially the scalar DM sector.\n1 Introduction\nParticularly well-motivated DM models do not only provide a DM candidate, but also solve other\nSM problems such as the smallness of neutrino masses. This is possible when the d= 5Weinberg\noperator is realised at one loop,1such that the particles in the loop have opposite Z2parity to\nthe SM particles and include a neutral DM candidate.2\nIn our paper,3we study a model of ",
        "page": 1,
        "link": "https://ui.adsabs.harvard.edu/link_gateway/2019arXiv190506108F/EPRINT_PDF",
        "title": "Singletdoublettriplet dark matter and neutrino masses"
    },
    "2019arXiv190506108F_page_1_chunk_3": {
        "text": "he d= 5Weinberg\noperator is realised at one loop,1such that the particles in the loop have opposite Z2parity to\nthe SM particles and include a neutral DM candidate.2\nIn our paper,3we study a model of topology T1-3 with one scalar and two fermions, one of\nwhich is vector-like. In contrast to the ﬁrst of these models (T1-3-A with hypercharge parameter\n\u000b= 0), where the scalar DM was a singlet,4we investigate here a model (T1-3-B, also with \u000b= 0)\nwhere the scalar DM is the neutral component of a triplet. Both models, like a previously studied\nmodel with both singlet–doublet scalars and fermions (T1-2-A with \u000b= 0),5have the additional\nadvantage that they allow for gauge coupling uniﬁcation at a scale \u0003 =O(1013GeV).6\n2 Description of the model\nFollowing the notation in previous literature,1;2the model T1-3-B with hypercharge parameter\n\u000b= 0is deﬁned by extending the SM with the colour-singlet ﬁelds in table 1. The present\nmodel therefore combines the SU(2)Ltriplet scalars \u001eiof zero hypercharg",
        "page": 1,
        "link": "https://ui.adsabs.harvard.edu/link_gateway/2019arXiv190506108F/EPRINT_PDF",
        "title": "Singletdoublettriplet dark matter and neutrino masses"
    },
    "2019arXiv190506108F_page_1_chunk_4": {
        "text": " model T1-3-B with hypercharge parameter\n\u000b= 0is deﬁned by extending the SM with the colour-singlet ﬁelds in table 1. The present\nmodel therefore combines the SU(2)Ltriplet scalars \u001eiof zero hypercharge ( U(1)Y) with an\nSU(2)Lsinglet fermion \tand doublet fermions  ; 0. They are all odd under the discrete global\naSpeakerarXiv:1905.06108v1  [hep-ph]  15 May 2019",
        "page": 1,
        "link": "https://ui.adsabs.harvard.edu/link_gateway/2019arXiv190506108F/EPRINT_PDF",
        "title": "Singletdoublettriplet dark matter and neutrino masses"
    },
    "2019arXiv190506108F_page_2_chunk_1": {
        "text": "Table 1: New ﬁelds and their quantum numbers in the model T1-3-B with \u000b= 0.\nField Generations Spin Lorentz rep. SU(3) CSU(2) LU(1) YZ2\n\t 1 1=2 (1=2;0) 1 1 0\u00001\n 1 1=2 (1=2;0) 1 2 \u00001\u00001\n 01 1=2 (1=2;0) 1 2 1\u00001\n\u001ei 2 0 (0;0) 1 3 0\u00001\nsymmetry Z2, while the SM ﬁelds are even. The components of the new ﬁelds are given by\n\t = \t0;  =\u0012 0\n \u0000\u0013\n;  0=\u0012 0+\n 00\u0013\n; \u001ei= 1p\n2\u001e0\ni\u001e+\ni\n\u001e\u0000\ni\u00001p\n2\u001e0\ni!\n; (1)\nwhere superscripts indicate electric charges. To obtain two non-zero neutrino mass diﬀerences,\ntwo generations of scalar triplets are required. Since the scalar triplets have zero hypercharge,\nthey are treated as real, (\u001e0\ni)y=\u001e0\ni;(\u001e+\ni)y=\u001e\u0000\ni.\thas the same quantum numbers as a Z2-odd\nright-handed neutrino, whereas  and 0together form a Z2-odd vector-like lepton doublet,\nwhich makes the model automatically anomaly-free. In principle, all neutral ﬁeld components are\npossible DM candidates. The Z2symmetry not only stabilises the lightest new particle against\ndecay into SM ﬁelds, but also forbids neutrino m",
        "page": 2,
        "link": "https://ui.adsabs.harvard.edu/link_gateway/2019arXiv190506108F/EPRINT_PDF",
        "title": "Singletdoublettriplet dark matter and neutrino masses"
    },
    "2019arXiv190506108F_page_2_chunk_2": {
        "text": "nomaly-free. In principle, all neutral ﬁeld components are\npossible DM candidates. The Z2symmetry not only stabilises the lightest new particle against\ndecay into SM ﬁelds, but also forbids neutrino masses from a tree-level type-I seesaw mechanism.\nThe most general renormalisable Lagrangian for the model is\nL=LSM+Lkin\u00001\n2(M2\n\u001e)ijTr(\u001ei\u001ej)\u0000\u00121\n2M\t\t\t +H.c.\u0013\n\u0000\u0000\nM  0  0+H.c.\u0001\n\u0000(\u00152)ijHy\u001ei\u001ejH\u0000(\u00153)ijkmTr(\u001ei\u001ej\u001ek\u001em)\n\u0000\u0010\n\u00154(Hy 0)\t +H.c.\u0011\n\u0000(\u00155(H )\t +H.c.)\u0000\u0000\n(\u00156)ijLi\u001ej 0+H.c.\u0001\n; (2)\nwhereHis the SM Higgs ﬁeld (with vacuum expectation value vand quartic coupling \u0015). The\ncouplings\u00154and\u00155have the function of Yukawa terms, which link the fermion singlet and\ndoublets to the SM Higgs boson. The coupling \u00156connects the SM lepton doublet Lto the new\nﬁelds, so that it will be involved in the process of radiative neutrino mass generation.\n3 Radiative neutrino masses\nAfter electroweak symmetry breaking, neutrino masses in our model arise from a single one-loop\ndiagram. Only the nfneutral fermion ﬁelds \u001fkandnsne",
        "page": 2,
        "link": "https://ui.adsabs.harvard.edu/link_gateway/2019arXiv190506108F/EPRINT_PDF",
        "title": "Singletdoublettriplet dark matter and neutrino masses"
    },
    "2019arXiv190506108F_page_2_chunk_3": {
        "text": "neutrino mass generation.\n3 Radiative neutrino masses\nAfter electroweak symmetry breaking, neutrino masses in our model arise from a single one-loop\ndiagram. Only the nfneutral fermion ﬁelds \u001fkandnsneutral scalar ﬁelds \u0011lcontribute to mass\ngeneration, whereas the charged ﬁelds enter only into the propagator correction. In our model,\nthenf= 3fermions are superpositions of SU(2)Lsinglets and doublets, while the ns= 2scalars\nare superpositions of the two generations of scalar triplets required for two non-zero neutrino\nmasses. Evaluating the two-point function in dimensional regularisation and summing over all\ncontributions (with the neutral fermionic and scalar mixing matrices U\u001fandO\u0011) leads to\n(M\u0017)ij=1\n32\u00192nsX\nl=1\u0015im\n6\u0015jn\n6(O\u0011)lm(O\u0011)lnnfX\nk=1(U\u001f)\u0003\nk32m3\n\u001f0\nk\nm2\n\u00110\nl\u0000m2\n\u001f0\nkln m2\n\u001f0\nk\nm2\n\u00110\nl!\n: (3)\nAs evident from equation (3), the structure of the mass matrix is chieﬂy determined by the\nnumber of scalar generations, which must be at least as large as the desired number of non-zero\nneut",
        "page": 2,
        "link": "https://ui.adsabs.harvard.edu/link_gateway/2019arXiv190506108F/EPRINT_PDF",
        "title": "Singletdoublettriplet dark matter and neutrino masses"
    },
    "2019arXiv190506108F_page_2_chunk_4": {
        "text": "l!\n: (3)\nAs evident from equation (3), the structure of the mass matrix is chieﬂy determined by the\nnumber of scalar generations, which must be at least as large as the desired number of non-zero\nneutrino masses. The neutrino mass matrix M\u0017depends explicitly on the couplings \u00156and on\nthe masses m\u001f0\nkandm\u00110\nlof the neutral fermions and scalars, while the dependence on the other\ncouplings\u00151;4;5remains implicit in the mixing matrices. The Casas–Ibarra parametrisation7then\nallows to obtain \u00156from the experimental neutrino data, once the other couplings and masses\nhave been ﬁxed.",
        "page": 2,
        "link": "https://ui.adsabs.harvard.edu/link_gateway/2019arXiv190506108F/EPRINT_PDF",
        "title": "Singletdoublettriplet dark matter and neutrino masses"
    },
    "2019arXiv190506108F_page_3_chunk_1": {
        "text": "101102103104\nmDM[GeV]10−3010−2710−2410−2110−1810−1510−1210−910−6σSI[pb]\nLEP excludedXENON1T\nXENONnT\n 10−2910−2710−2510−2310−2110−1910−1710−1510−1310−11\nBR(µ→eγ)\n101102103104\nmDM[GeV]10−3010−2710−2410−2110−1810−1510−1210−910−6σSI[pb]\nLEP excludedXENON1T\nXENONnT\n 10−2910−2710−2510−2310−2110−1910−1710−1510−1310−11\nBR(µ→eγ)Figure 1 – The spin-independent direct detection cross section as a function of the DM mass for singlet–doublet\nfermion DM (left) and triplet scalar DM (right). The colours show the branching ratios for the LFV process\n\u0016!e\r. Also shown are the LEP limits on light neutral and charged particles (shaded areas) as well as current\n(full lines) and future (dashed lines) exclusion limits for the DM relic density from XENON1T8and XENONnT9,\nand for\u0016!e\r10;11.\n4 Dark matter direct detection and lepton ﬂavour violation\nWe now connect singlet–doublet fermions with triplet scalars with the aim to not only explain the\nobserved small neutrino masses as described in the previous section,",
        "page": 3,
        "link": "https://ui.adsabs.harvard.edu/link_gateway/2019arXiv190506108F/EPRINT_PDF",
        "title": "Singletdoublettriplet dark matter and neutrino masses"
    },
    "2019arXiv190506108F_page_3_chunk_2": {
        "text": "ction and lepton ﬂavour violation\nWe now connect singlet–doublet fermions with triplet scalars with the aim to not only explain the\nobserved small neutrino masses as described in the previous section, but also in order to study the\neﬀect of the neutrino mass constraints on the nature, allowed parameter space, direct detection\nprospects and LFV properties of the two DM candidates in this combined model. We explore\nthe model’s parameter space with the help of SARAH4.13.012, calculating the physical particle\nspectrum and relevant precision observables with SPheno4.0.313as well as the DM relic density\nand direct detection cross sections with micrOMEGAs 4.3.514using a random parameter scan.\nAll models resulting from the random scan with the observed neutrino masses and mixings as\nwell as the correct DM relic density \nobs\nch2=0:120\u00060:001and Higgs mass are shown in ﬁgure 1\nas a function of the DM mass, together with their spin-independent direct detection cross section\nand the branching ratio",
        "page": 3,
        "link": "https://ui.adsabs.harvard.edu/link_gateway/2019arXiv190506108F/EPRINT_PDF",
        "title": "Singletdoublettriplet dark matter and neutrino masses"
    },
    "2019arXiv190506108F_page_3_chunk_3": {
        "text": "rrect DM relic density \nobs\nch2=0:120\u00060:001and Higgs mass are shown in ﬁgure 1\nas a function of the DM mass, together with their spin-independent direct detection cross section\nand the branching ratio for the usually most sensitive LFV process \u0016!e\r.\nFor fermionic DM, the models accumulating at a DM mass of about 1 TeVfeature mostly\ndoublet fermions, whereas lighter fermionic DM is generally a superposition of singlet and doublet.\nXENON1T excludes most of the models with small scalar-fermion couplings \u00156and therefore\nalso little LFV. These models are therefore similar to those in the pure singlet–doublet fermion\nDM model. The combination with the scalar sector opens up a considerable parameter space\nof leptophilic DM. Interestingly, one observes a strong complementarity with LFV experiments,\nwhich already probe the models with the smallest spin-independent direct detection cross section.10\nSimilarly to the fermionic DM case, LEP constraints already rule out light scalar DM\ncandidates. A",
        "page": 3,
        "link": "https://ui.adsabs.harvard.edu/link_gateway/2019arXiv190506108F/EPRINT_PDF",
        "title": "Singletdoublettriplet dark matter and neutrino masses"
    },
    "2019arXiv190506108F_page_3_chunk_4": {
        "text": ",\nwhich already probe the models with the smallest spin-independent direct detection cross section.10\nSimilarly to the fermionic DM case, LEP constraints already rule out light scalar DM\ncandidates. As for a pure triplet scalar model, we observe an accumulation of points around a\nmass of 2 TeV. Many of these models have only very small couplings \u00156to the fermion sector and\nthus very little LFV. As \u00151increases, so must the DM mass beyond 2 TeVto compensate for the\nstronger Higgs annihilation. However, most of these models will soon be probed by XENONnT,\nand those that will not can soon be excluded by the process \u0016!e\r. While the mass region from\n1 TeVto2 TeVwith leptophilic fermion DM, that was opened up by coupling the fermion and\nscalar sectors, was already excluded by LFV limits (see above), the corresponding models with\nscalar DM are still allowed, but will soon be probed by the process \u0016!e\r.",
        "page": 3,
        "link": "https://ui.adsabs.harvard.edu/link_gateway/2019arXiv190506108F/EPRINT_PDF",
        "title": "Singletdoublettriplet dark matter and neutrino masses"
    },
    "2019arXiv190506108F_page_3_chunk_5": {
        "text": "e), the corresponding models with\nscalar DM are still allowed, but will soon be probed by the process \u0016!e\r.",
        "page": 3,
        "link": "https://ui.adsabs.harvard.edu/link_gateway/2019arXiv190506108F/EPRINT_PDF",
        "title": "Singletdoublettriplet dark matter and neutrino masses"
    },
    "2019arXiv190506108F_page_4_chunk_1": {
        "text": "5 Conclusion\nWe have combined the singlet–doublet fermion model with the triplet scalar model in order to\nexplain not only the observed DM relic density, but also the neutrino masses and mixings, which\nwere generated radiatively. This model allows in addition for the correct Higgs boson mass,\ncouplings of natural size, masses in the TeVrange and gauge coupling uniﬁcation.\nWe found that DM in our model is fermionic up to the TeVscale and scalar beyond. The\nscalar–fermion couplings opened the parameter space, so that leptophilic singlet–doublet fermion\nDM around 1 TeVbecame again viable below the XENON1T exclusion limit, as did triplet scalar\nDM between 1 TeVand2 TeV. In both regions, we observed an interesting complementarity\nbetween the expectations for XENONnT and for LFV experiments.\nAcknowledgements\nThis work has been supported by the BMBF under contract 05H18PMCC1 and the DFG through\nthe Research Training Group 2149 ‘Strong and weak interactions – from hadrons to dark matter’.\nWe t",
        "page": 4,
        "link": "https://ui.adsabs.harvard.edu/link_gateway/2019arXiv190506108F/EPRINT_PDF",
        "title": "Singletdoublettriplet dark matter and neutrino masses"
    },
    "2019arXiv190506108F_page_4_chunk_2": {
        "text": "nowledgements\nThis work has been supported by the BMBF under contract 05H18PMCC1 and the DFG through\nthe Research Training Group 2149 ‘Strong and weak interactions – from hadrons to dark matter’.\nWe thank U. Oberlack for communication on the XENONnT expectations and C. Yaguna for\nhelpful comments on the manuscript.\nReferences\n1.Florian Bonnet, Martin Hirsch, Toshihiko Ota, and Walter Winter. Systematic study of the\nd= 5Weinberg operator at one-loop order. JHEP, 07:153, 2012. arXiv:1204.5862 [hep-ph].\n2.Diego Restrepo, Oscar Zapata, and Carlos E. Yaguna. Models with radiative neutrino\nmasses and viable dark matter candidates. JHEP, 11:011, 2013. arXiv:1308.3655 [hep-ph].\n3.Juri Fiaschi, Michael Klasen, and Simon May. Singlet-doublet fermion and triplet scalar\ndark matter with radiative neutrino masses. JHEP, 05:015, 2019. arXiv:1812.11133\n[hep-ph].\n4.Sonja Esch, Michael Klasen, David R. Lamprea, and Carlos E. Yaguna. Lepton ﬂavor\nviolation and scalar dark matter in a radiative model of ",
        "page": 4,
        "link": "https://ui.adsabs.harvard.edu/link_gateway/2019arXiv190506108F/EPRINT_PDF",
        "title": "Singletdoublettriplet dark matter and neutrino masses"
    },
    "2019arXiv190506108F_page_4_chunk_3": {
        "text": "rino masses. JHEP, 05:015, 2019. arXiv:1812.11133\n[hep-ph].\n4.Sonja Esch, Michael Klasen, David R. Lamprea, and Carlos E. Yaguna. Lepton ﬂavor\nviolation and scalar dark matter in a radiative model of neutrino masses. Eur. Phys. J. ,\nC78(2):88, 2018. arXiv:1602.05137 [hep-ph].\n5.Sonja Esch, Michael Klasen, and Carlos E. Yaguna. A singlet doublet dark matter model\nwith radiative neutrino masses. JHEP, 10:055, 2018. arXiv:1804.03384 [hep-ph].\n6.Claudia Hagedorn, Tommy Ohlsson, Stella Riad, and Michael A. Schmidt. Uniﬁcation of\nGaugeCouplingsinRadiativeNeutrinoMassModels. JHEP,09:111, 2016. arXiv:1605.03986\n[hep-ph].\n7.J. A. Casas and A. Ibarra. Oscillating neutrinos and \u0016!e\r.Nucl. Phys. , B618:171–204,\n2001. arXiv:hep-ph/0103065.\n8.E. Aprile et al. Dark Matter Search Results from a One Ton-Year Exposure of XENON1T.\nPhys. Rev. Lett. , 121(11):111302, 2018. arXiv:1805.12562 [astro-ph.CO].\n9.E. Aprile et al. Physics reach of the XENON1T dark matter experiment. JCAP,\n1604(04):027, 2016. arXiv",
        "page": 4,
        "link": "https://ui.adsabs.harvard.edu/link_gateway/2019arXiv190506108F/EPRINT_PDF",
        "title": "Singletdoublettriplet dark matter and neutrino masses"
    },
    "2019arXiv190506108F_page_4_chunk_4": {
        "text": "ar Exposure of XENON1T.\nPhys. Rev. Lett. , 121(11):111302, 2018. arXiv:1805.12562 [astro-ph.CO].\n9.E. Aprile et al. Physics reach of the XENON1T dark matter experiment. JCAP,\n1604(04):027, 2016. arXiv:1512.07501 [physics.ins-det].\n10.J. Adam et al. New constraint on the existence of the \u0016+!e+\rdecay. Phys. Rev. Lett. ,\n110:201801, 2013. arXiv:1303.0754 [hep-ex].\n11. A. M. Baldini et al. MEG Upgrade Proposal. 2013. arXiv:1301.7225 [physics.ins-det].\n12.Florian Staub. SARAH 4: A tool for (not only SUSY) model builders. Comput. Phys.\nCommun. , 185:1773–1790, 2014. arXiv:1309.7223 [hep-ph].\n13.W. Porod and F. Staub. SPheno 3.1: Extensions including ﬂavour, CP-phases and models\nbeyond the MSSM. Comput. Phys. Commun. , 183:2458–2469, 2012. arXiv:1104.1573\n[hep-ph].\n14.D. Barducci et al. Collider limits on new physics within micrOMEGAs_4.3. Comput.\nPhys. Commun. , 222:327–338, 2018. arXiv:1606.03834 [hep-ph].",
        "page": 4,
        "link": "https://ui.adsabs.harvard.edu/link_gateway/2019arXiv190506108F/EPRINT_PDF",
        "title": "Singletdoublettriplet dark matter and neutrino masses"
    },
    "2019arXiv190506108F_page_4_chunk_5": {
        "text": "limits on new physics within micrOMEGAs_4.3. Comput.\nPhys. Commun. , 222:327–338, 2018. arXiv:1606.03834 [hep-ph].",
        "page": 4,
        "link": "https://ui.adsabs.harvard.edu/link_gateway/2019arXiv190506108F/EPRINT_PDF",
        "title": "Singletdoublettriplet dark matter and neutrino masses"
    }
}