{
    "2020ScPC....3....5J_page_1_chunk_1": {
        "text": "SciPost Physics Submission\nThe inﬂuence of spacetime curvature on quantum emission in optical\nanalogues to gravity\nMaxime J Jacquet1,2*, Friedrich K ¨onig3y\n1Faculty of Physics, University of Vienna, Boltzmanngasse 5, Vienna A-1090, Austria.\n2Laboratoire Kastler Brossel, Sorbonne Universit ´e, CNRS, ENS-Universit ´e PSL, Coll `ege de France,\nParis 75005, France\n3School of Physics and Astronomy, SUPA, University of St. Andrews, North Haugh, St. Andrews,\nKY16 9SS, United Kingdom\n* maxime.jacquet@lkb.upmc.fr\nyfewk@st-andrews.ac.uk\n4th June 2020\nAbstract\nQuantum ﬂuctuations on curved spacetimes cause the emission of pairs of particles from the\nquantum vacuum, as in the Hawking effect from black holes. We use an optical analogue to\ngravity to investigate the inﬂuence of the curvature on quantum emission. Due to dispersion, the\nspacetime curvature varies with frequency here. We analytically calculate for all frequencies\nthe particle ﬂux, correlations and entanglement. We ﬁnd that horizons in",
        "page": 1,
        "link": "https://ui.adsabs.harvard.edu/link_gateway/2020ScPC....3....5J/EPRINT_PDF",
        "title": "The influence of spacetime curvature on quantum emission in optical analogues to gravity"
    },
    "2020ScPC....3....5J_page_1_chunk_2": {
        "text": " emission. Due to dispersion, the\nspacetime curvature varies with frequency here. We analytically calculate for all frequencies\nthe particle ﬂux, correlations and entanglement. We ﬁnd that horizons increase the ﬂux with\na characteristic spectral shape. The photon number correlations transition from multi- to two-\nmode, with close to maximal entanglement. The quantum state is a diagnostic for the mode\nconversion in laboratory tests of quantum ﬁeld theory on curved spacetimes.\n1 Introduction\nIn a curved spacetime, quantum ﬂuctuations lead to the spontaneous emission of particles. Famously,\nif the curved spacetime contains an event horizon, it is predicted to emit pairs of particles via the Hawk-\ning effect [1, 2]. However, the (static) black hole event horizon is not the only ‘regime of spacetime\ncurvature’ that leads to particle emission. Analogue spacetimes are effective wave media that allow for\ntable-top experiments on conﬁgurable curved spacetimes [3]. In addition to static black ho",
        "page": 1,
        "link": "https://ui.adsabs.harvard.edu/link_gateway/2020ScPC....3....5J/EPRINT_PDF",
        "title": "The influence of spacetime curvature on quantum emission in optical analogues to gravity"
    },
    "2020ScPC....3....5J_page_1_chunk_3": {
        "text": "etime\ncurvature’ that leads to particle emission. Analogue spacetimes are effective wave media that allow for\ntable-top experiments on conﬁgurable curved spacetimes [3]. In addition to static black holes [4–10],\nit is also possible to create e.g.(static) white hole event horizons [4, 6, 8, 11–15], rotating geometries\nanalogous to Kerr black holes [16,17], expanding universes [18–20] or even (static) two-horizon inter-\nactions [21,22]. For those systems featuring a static horizon, the classical frequency shifting of waves\nat the horizon has been the traditional benchmark to demonstrate analogue gravity physics, although\nscattering of waves that could not be associated with a horizon has also been observed [6,11,13,23,24].\nCorrelated pairs of particles from horizons are considered an unmistakable signature of the quantum\nHawking effect [25, 26], and have therefore been extensively studied for ﬂuid systems, in which their\nentanglement in various dispersive regimes has been investigated [2",
        "page": 1,
        "link": "https://ui.adsabs.harvard.edu/link_gateway/2020ScPC....3....5J/EPRINT_PDF",
        "title": "The influence of spacetime curvature on quantum emission in optical analogues to gravity"
    },
    "2020ScPC....3....5J_page_1_chunk_4": {
        "text": "kable signature of the quantum\nHawking effect [25, 26], and have therefore been extensively studied for ﬂuid systems, in which their\nentanglement in various dispersive regimes has been investigated [27–36]. However, these studies\nhave not contrasted horizon and horizonless spontaneous emission, and neither has this been done in\nother analogue systems and with many modes. Ergo, the question of the inﬂuence of the spacetime\ncurvature on quantum emission in analogues to gravity arises: e.g.what differentiates emission at the\nhorizon (the Hawking effect) from horizonless emission?\n1arXiv:2001.05807v2  [gr-qc]  3 Jun 2020",
        "page": 1,
        "link": "https://ui.adsabs.harvard.edu/link_gateway/2020ScPC....3....5J/EPRINT_PDF",
        "title": "The influence of spacetime curvature on quantum emission in optical analogues to gravity"
    },
    "2020ScPC....3....5J_page_2_chunk_1": {
        "text": "SciPost Physics Submission\nIn this letter, we demonstrate the transition between different ‘regimes of spacetime curvature’\nusing a dispersive analogue optical system [4, 6, 8, 12, 37–39]. Due to dispersion, each frequency\nmode experiences different kinematics as of a spacetime with or without horizons. To pinpoint the\nmatter further, we use a system in which particles are emitted from a single point: an approximately\nstep-shaped optical pulse moves through a dispersive medium, which we consider in 1D. The pulse\nintensity increases the refractive index nof the medium by the optical Kerr effect, creating a moving\nrefractive index front (RIF). Light under the step is slowed by the increased index, i.e., light of some\nfrequencies will be slowed below the pulse speed and captured into the RIF. This is in analogy with\nthe kinematics of waves around a black-hole event horizon [3, 40, 41]. At other frequencies, however,\nlight follows different kinematic scenarios ( i.e., trajectories of waves",
        "page": 2,
        "link": "https://ui.adsabs.harvard.edu/link_gateway/2020ScPC....3....5J/EPRINT_PDF",
        "title": "The influence of spacetime curvature on quantum emission in optical analogues to gravity"
    },
    "2020ScPC....3....5J_page_2_chunk_2": {
        "text": " This is in analogy with\nthe kinematics of waves around a black-hole event horizon [3, 40, 41]. At other frequencies, however,\nlight follows different kinematic scenarios ( i.e., trajectories of waves). Thus this simple optical system\nallows us to contrast the quantum emission in these different scenarios. Moreover, analytical solutions\nto the scattering exist.\nWe present all the possible kinematic scenarios for modes at the RIF and thus explain how the\ninterplay between the step height (the magnitude in the index change) and the dispersion of the system\ngives rise to distinct regimes of spacetime curvature. We then use an analytical method developed\nin [42, 43] to describe the scattering of modes at the RIF and calculate the spontaneous emission in\neach regime of spacetime curvature. Furthermore, we quantify the bipartite entanglement of modes\nusing the logarithmic negativity, which is an entanglement monotone. Spectra of entanglement of key\nmodes indicate multimode entanglement which",
        "page": 2,
        "link": "https://ui.adsabs.harvard.edu/link_gateway/2020ScPC....3....5J/EPRINT_PDF",
        "title": "The influence of spacetime curvature on quantum emission in optical analogues to gravity"
    },
    "2020ScPC....3....5J_page_2_chunk_3": {
        "text": "hermore, we quantify the bipartite entanglement of modes\nusing the logarithmic negativity, which is an entanglement monotone. Spectra of entanglement of key\nmodes indicate multimode entanglement which is highly dependent on the kinematic scenario. Thus\nwe complete the entanglement measure with the degree of entanglement calculated between all mode\npairs in all regimes of spacetime curvature.\n2 Regimes of spacetime curvature\nThe metric of spacetime in the vicinity of a Schwarzschild black hole can be expressed in the Painlev ´e-\nGullstrand coordinates [44, 45]: in 1+1D its line element is ds2=\u0000(c2\u0000\f2)dt2+d\u00102+ 2\fdtd\u0010 ,\nwith the Newtonian escape velocity \f= (2Gm=\u0010 )1=2,Gthe gravitational constant, mthe mass of\nthe black hole, \u0010the spatial coordinate, tthe proper time, and cthe speed of light in vacuum [46–48].\nIn this so-called “River Model” of the black hole, the metric describes ordinary ﬂat space (and curved\ntime), with space itself ﬂowing towards \u0010= 0 (the spacetime singularity) at in",
        "page": 2,
        "link": "https://ui.adsabs.harvard.edu/link_gateway/2020ScPC....3....5J/EPRINT_PDF",
        "title": "The influence of spacetime curvature on quantum emission in optical analogues to gravity"
    },
    "2020ScPC....3....5J_page_2_chunk_4": {
        "text": "in vacuum [46–48].\nIn this so-called “River Model” of the black hole, the metric describes ordinary ﬂat space (and curved\ntime), with space itself ﬂowing towards \u0010= 0 (the spacetime singularity) at increasing velocity \f\n[49, 50]. This acceleration of the ﬂow velocity of space towards \u0010= 0 is the manifestation of the\ncurvature of spacetime around the black hole: before the horizon, the ﬂow velocity is subluminal,\n\f=cat the horizon (when \u0010=\u0010Schw , the Schwarzschild radius) and the ﬂow velocity of space is\nsuperluminal inside the horizon. The kinematics of waves propagating on this spacetime is determined\nby the curvature: for \u0010 >\u0010Schw , motion is possible towards and away from the horizon, whereas for\n\u0010 < \u0010Schw , motion is restricted from the horizon towards the singularity. Note that, upon a mere\ntime-reversal of the metric, we obtain another regime of spacetime curvature — the white hole. Here,\nthe kinematics of waves are such that motion in the interior region may only be directed fro",
        "page": 2,
        "link": "https://ui.adsabs.harvard.edu/link_gateway/2020ScPC....3....5J/EPRINT_PDF",
        "title": "The influence of spacetime curvature on quantum emission in optical analogues to gravity"
    },
    "2020ScPC....3....5J_page_2_chunk_5": {
        "text": "a mere\ntime-reversal of the metric, we obtain another regime of spacetime curvature — the white hole. Here,\nthe kinematics of waves are such that motion in the interior region may only be directed from the\nsingularity towards the horizon, whereas two-way motion is again possible in the outside region. That\nis, the white hole horizon prevents waves from entering the inside region.\nVia the River Model, we understand the event horizon of the black (or white) hole as the interface\nbetween regions of sub- and superluminal space ﬂow. In our optical analogue, such an interface is\ncreated by a step change in the refractive index of the medium in which light propagates. This RIF is\nillustrated in Figure 1 ain co-moving frame coordinates xandt.\nThe RIF separates two regions of homogeneous refractive index whose dispersion is modelled by\n2",
        "page": 2,
        "link": "https://ui.adsabs.harvard.edu/link_gateway/2020ScPC....3....5J/EPRINT_PDF",
        "title": "The influence of spacetime curvature on quantum emission in optical analogues to gravity"
    },
    "2020ScPC....3....5J_page_2_chunk_6": {
        "text": " index whose dispersion is modelled by\n2",
        "page": 2,
        "link": "https://ui.adsabs.harvard.edu/link_gateway/2020ScPC....3....5J/EPRINT_PDF",
        "title": "The influence of spacetime curvature on quantum emission in optical analogues to gravity"
    },
    "2020ScPC....3....5J_page_3_chunk_1": {
        "text": "SciPost Physics Submission\nthe generic Sellmeier dispersion relation [51]\nc2k2=!2+3X\ni=14\u0019\u0014i\r2(!+uk)2\n1\u0000\r2(!+uk)2\n\n2\ni; (1)\nwith!andkthe frequency and wavenumber in the frame co-moving with the RIF at speed u(\r=\n[1\u0000u2=c2]\u00001=2).\niand\u0014iare the medium resonant frequencies and elastic constants. The refractive\nindex of most dielectrics is sufﬁciently well described by 3 resonances. The change in index, \u000en, at\nx= 0between the two regions is modelled by a change in \u0014iand\niin (1). As illustrated in Fig.1, \u000en\nmanifests itself by a change in the dispersion relation between the low ( x>0, black curve) and high\n(x < 0, orange curve) refractive index regions. For a single frequency !, the eight solutions of the\npolynomial (1) deﬁne eight discrete wavenumbers k: the eight ‘modes’ of the ﬁeld. The Klein-Gordon\nnorm of a mode is a constant of the motion, and is positive (negative) if the laboratory frame frequency\n\n =\r(!+uk)is positive (negative) [43, 52]. In ﬁgures 1 and 2, we focus on the optical f",
        "page": 3,
        "link": "https://ui.adsabs.harvard.edu/link_gateway/2020ScPC....3....5J/EPRINT_PDF",
        "title": "The influence of spacetime curvature on quantum emission in optical analogues to gravity"
    },
    "2020ScPC....3....5J_page_3_chunk_2": {
        "text": "-Gordon\nnorm of a mode is a constant of the motion, and is positive (negative) if the laboratory frame frequency\n\n =\r(!+uk)is positive (negative) [43, 52]. In ﬁgures 1 and 2, we focus on the optical frequency\nmodes only. The detailed treatment [43] accounts for modes of all laboratory frame frequencies.\nThe dispersion curves in Fig.1 have the negative- (positive-) norm modes on the left (right). For\nall!, there is one negative-norm mode and either three positive norm modes, or one positive norm\nmode.1One of the three positive-norm modes is the only mode solution of (1) with positive group\nvelocity@!\n@k. We call it ‘mid-optical’ — ‘ moL’ on the left, and ‘ moR’ on the right. There are also the\n‘low optical’ mode lo, the ‘upper optical’ mode uo, and the ‘negative optical’ mode no.lo,uoandno\nall have negative group velocity. Thus at a frequency !with three positive norm modes ( k’s), light\nmay propagate in two directions: towards and away from the interface at x= 0. These kinematics\nare c",
        "page": 3,
        "link": "https://ui.adsabs.harvard.edu/link_gateway/2020ScPC....3....5J/EPRINT_PDF",
        "title": "The influence of spacetime curvature on quantum emission in optical analogues to gravity"
    },
    "2020ScPC....3....5J_page_3_chunk_3": {
        "text": "all have negative group velocity. Thus at a frequency !with three positive norm modes ( k’s), light\nmay propagate in two directions: towards and away from the interface at x= 0. These kinematics\nare characteristic of a spacetime curvature with a subluminal space ﬂow. We refer to these intervals\nassubluminal intervals :[!minL;!maxL ]and[!minR;!maxR ]. Motion is restricted to the negative\nxdirection in all other frequency intervals, which we call superluminal intervals . Only in scenarios\nbanddis a subluminal region paired with a superluminal region, creating a horizon: in b(d) the\nsuperluminal ﬂow is towards (away from) the horizon as in a white (black) hole. On the other side\nof the horizon the ﬂow is subluminal. E.g. in Figure 1 da positive norm mode ( moR) — Hawking\nradiation — allows for energy to propagate away from the hole in the subluminal region, while its\nnegative norm partner ( nol) falls inside the horizon.\nThis analysis shows that optical analogues, unlike other analogue sy",
        "page": 3,
        "link": "https://ui.adsabs.harvard.edu/link_gateway/2020ScPC....3....5J/EPRINT_PDF",
        "title": "The influence of spacetime curvature on quantum emission in optical analogues to gravity"
    },
    "2020ScPC....3....5J_page_3_chunk_4": {
        "text": "r energy to propagate away from the hole in the subluminal region, while its\nnegative norm partner ( nol) falls inside the horizon.\nThis analysis shows that optical analogues, unlike other analogue systems (see Appendix A), give\naccess to regimes of spacetime curvature with both sub- and superluminal ﬂows — that is, to event\nhorizons — as well as only subluminal or only superluminal ﬂows. For example, the kinematics over\nthe horizonless frequency interval (Fig.1 c) resemble a change of curvature of spacetime induced by\na gravitational wave, a wiggle in spacetime. As a result, considering all the four kinematic scenarios\n(Fig.1 a-d) in a single system enables the comparison of the emission with and without horizons.\nWe describe the transformation of ingoing modes into outgoing modes by the scattering matrix\nformalism and calculate the paired emission in all regimes of curvature. Our method to calculate the\nscattering matrix S(!)[43] allows us to analytically describe the mode coupling a",
        "page": 3,
        "link": "https://ui.adsabs.harvard.edu/link_gateway/2020ScPC....3....5J/EPRINT_PDF",
        "title": "The influence of spacetime curvature on quantum emission in optical analogues to gravity"
    },
    "2020ScPC....3....5J_page_3_chunk_5": {
        "text": "scattering matrix\nformalism and calculate the paired emission in all regimes of curvature. Our method to calculate the\nscattering matrix S(!)[43] allows us to analytically describe the mode coupling and takes all modes\ninto account in all possible kinematic scenarios for any RIF height, i.e, refractive index change \u000en.\n3 Quantum emission in all regimes of spacetime curvature\nWe calculate spectra and mode-correlation maps to study the inﬂuence of the change in spacetime\ncurvature on quantum emission. We present the properties of quantum emission as measured in the\n1At frequencies with only one positive norm mode, the two other mode solutions of Eq.(1) have become complex.\n3",
        "page": 3,
        "link": "https://ui.adsabs.harvard.edu/link_gateway/2020ScPC....3....5J/EPRINT_PDF",
        "title": "The influence of spacetime curvature on quantum emission in optical analogues to gravity"
    },
    "2020ScPC....3....5J_page_4_chunk_1": {
        "text": "SciPost Physics Submission\nframe co-moving with the RIF, where the frequency !is conserved. We emphasise that the spec-\ntra herein are directly comparable with those obtained for laboratory-frame observations in ‘ﬂuid’\nsystems.2\nWe compute the spontaneous photon ﬂux in the moving frame [43]:\n\u001e\u000b(!) =1\n2\u0019X\n\f=2f\u000bgjS\u000b\f(!)j2: (2)\nHere,f\u000bgis the set of modes who have a positive (negative) norm if \u000bis of positive (negative) norm.\nThe photon ﬂux results from the scattering of inmodes into outmodes of opposite norm. All inmodes\nare in the vacuum state. In this paper, we consider the example of a RIF of height \u000en= 2\u000210\u00006,\nmoving atu=2=3cin bulk fused silica [43].\nAs can be seen in Fig.2, the spontaneous emission ﬂux (2) peaks in two narrow frequency inter-\nvals. The low- and high-frequency intervals, white hole interval (WHI) and black hole interval (BHI),\ncorrespond to white and black hole emission, respectively. Over the horizon intervals (insets), the\nspectrum has a characteristic ‘shark ﬁn’ ",
        "page": 4,
        "link": "https://ui.adsabs.harvard.edu/link_gateway/2020ScPC....3....5J/EPRINT_PDF",
        "title": "The influence of spacetime curvature on quantum emission in optical analogues to gravity"
    },
    "2020ScPC....3....5J_page_4_chunk_2": {
        "text": ", white hole interval (WHI) and black hole interval (BHI),\ncorrespond to white and black hole emission, respectively. Over the horizon intervals (insets), the\nspectrum has a characteristic ‘shark ﬁn’ shape: on one side the overall emission cuts off by many\norders of magnitude as the emitting Hawking mode ( loLormoR) ceases to exist. On the other side\nwe enter kinematic scenario c(in Fig.1), leading to an abrupt decrease in emission. Outside these\nintervals, the emission decreases to a near constant level. All photons produced have partners of op-\nposite norm and the emission follows the kinematics explored in Fig.1: for example, over the WHI,\nemission is mainly into modes noL(purple line) and loL(orange-dashed line). Over the BHI, emission\nis strongest into modes noLandmoR (green-dot-dashed line). Because noLis the only negative norm\nmode of optical frequency, the ﬂux in this mode is high.\nThe partnered emission is a key signature in a laboratory experiment. In order to separate the\nki",
        "page": 4,
        "link": "https://ui.adsabs.harvard.edu/link_gateway/2020ScPC....3....5J/EPRINT_PDF",
        "title": "The influence of spacetime curvature on quantum emission in optical analogues to gravity"
    },
    "2020ScPC....3....5J_page_4_chunk_3": {
        "text": "d line). Because noLis the only negative norm\nmode of optical frequency, the ﬂux in this mode is high.\nThe partnered emission is a key signature in a laboratory experiment. In order to separate the\nkinematic scenarios and in view of the large bandwidth of emission, photon number correlations in\nthe spectral density have to be measured with frequency resolving detectors. In [43], we calculate the\nphoton-ﬂux Pearson correlation coefﬁcient between detectors 1 and 2 of bandwidth \u00011and\u00012in the\nmoving frame, corresponding to modes \u000band\u000b0(including non-optical modes), as\nC(^N\u000b\n1;^N\u000b0\n2) =\u00012\n\u00011\u00012\f\f\fP\n\f=2f\u000bgS\u0003\n\u000b\fS\u000b0\f\f\f\f2\n(v\u000bv\u000b0)1=2: (3)\nHere, ^N\u000b\n1,^N\u000b0\n2, respectively, is the photon number operator at detector 1 and 2, \u0001is the frequency\ninterval detected by both detectors and v\u000b=2\u0019\u001e\u000b(2\u0019\u001e\u000b+1). In (3) the notation is omitting depend-\nencies on!.\nFig.3 shows correlations between all outgoing modes for typifying frequencies !and\u00011\u00012=\n\u00012.3Strongest correlations (red) can be found between optical mo",
        "page": 4,
        "link": "https://ui.adsabs.harvard.edu/link_gateway/2020ScPC....3....5J/EPRINT_PDF",
        "title": "The influence of spacetime curvature on quantum emission in optical analogues to gravity"
    },
    "2020ScPC....3....5J_page_4_chunk_4": {
        "text": "3) the notation is omitting depend-\nencies on!.\nFig.3 shows correlations between all outgoing modes for typifying frequencies !and\u00011\u00012=\n\u00012.3Strongest correlations (red) can be found between optical modes, which are also the strongest\nemitters. Because noLis the unique negative-norm optical mode, we ﬁnd strong correlations between\nthis mode and positive-norm optical modes. The correlation coefﬁcients are different if horizons exist\n(Fig.3 b,d). Over the WHI and BHI, there is only a single large correlation between modes noL\nandloL(C(NnoL;NloL) = 0:97), and noLandmoR (C(NnoL;NmoR) = 0:92), respectively. With\nhorizons, the most strongly correlated pairs of modes correspond to the Hawking emission mode and\nthe partner mode.\n2Note that the reference frames of optical and ‘ﬂuid’ analogues [9,11,13–15] are exchanged: the rest frame of the moving\nﬂuid corresponds to the moving frame of the optical experiment, and vice versa.\n3Whilst, seen from the moving frame, the detectors detect at the same",
        "page": 4,
        "link": "https://ui.adsabs.harvard.edu/link_gateway/2020ScPC....3....5J/EPRINT_PDF",
        "title": "The influence of spacetime curvature on quantum emission in optical analogues to gravity"
    },
    "2020ScPC....3....5J_page_4_chunk_5": {
        "text": "13–15] are exchanged: the rest frame of the moving\nﬂuid corresponds to the moving frame of the optical experiment, and vice versa.\n3Whilst, seen from the moving frame, the detectors detect at the same frequency, in the laboratory frame they detect at\ndifferent frequencies, see [43].\n4",
        "page": 4,
        "link": "https://ui.adsabs.harvard.edu/link_gateway/2020ScPC....3....5J/EPRINT_PDF",
        "title": "The influence of spacetime curvature on quantum emission in optical analogues to gravity"
    },
    "2020ScPC....3....5J_page_5_chunk_1": {
        "text": "SciPost Physics Submission\nThe correlation structure is very different when there are no horizons. In the low frequency interval\n(Fig.3 a), signiﬁcant correlations exist between three mode pairs simultaneously: C(NnuL;NuL) =\n0:56,C(NnoL;NuoL) = 0:97andC(NnlL;NlL) = 0:68. In the middle frequency interval (Fig.3 c),\nsigniﬁcant correlations exist between ﬁve modes pairs: C(NnuL;NuL) = 0:43,C(NnoL;NuoL) =\n0:71,C(NnoL;NmoR) = 0:67,C(NnlL;NloL) = 0:47andC(NnlL;NlL) = 0:43. In the high fre-\nquency interval (Fig.3 e)), signiﬁcant correlations exist between four mode pairs: C(NnuL;NuL) =\n0:83,C(NnoL;NuL) = 0:52,C(NnlL;NloL) = 0:80, andC(NnlL;NlL) = 0:50. Without horizons,\nstrong correlations exist albeit with more than two modes.\nIn addition to the observations above, we note that strong correlations are possible without hori-\nzons ( e.g. in Fig.3. a). Therefore, horizons lead to strong correlations but the converse is not true.\nClearly, if we considered a two-mode system without horizons, any ",
        "page": 5,
        "link": "https://ui.adsabs.harvard.edu/link_gateway/2020ScPC....3....5J/EPRINT_PDF",
        "title": "The influence of spacetime curvature on quantum emission in optical analogues to gravity"
    },
    "2020ScPC....3....5J_page_5_chunk_2": {
        "text": "ns are possible without hori-\nzons ( e.g. in Fig.3. a). Therefore, horizons lead to strong correlations but the converse is not true.\nClearly, if we considered a two-mode system without horizons, any emission would be in correlated\npairs with unit correlation coefﬁcient.\nTo summarise, the ﬂux of spontaneous emission is dominated by white- or black hole-horizon\nphysics and drops signiﬁcantly beyond that. Hence, the spectral characteristic is a ‘shark ﬁn’ shape.\nOver the analogue white- and black hole intervals, paired two-mode emission at optical frequencies\ndominates.\n4 Horizon condition and entanglement\nGiven the ample photon number correlations of Fig.3, we now proceed to assess the entanglement in\nthe output state. The two-mode correlation coefﬁcient does not reach unity at any frequency because\nmore than two modes are involved in the correlation. As a result, although the entire output state is\npure, the two-mode output will always be partially mixed, and coupling to modes outside ",
        "page": 5,
        "link": "https://ui.adsabs.harvard.edu/link_gateway/2020ScPC....3....5J/EPRINT_PDF",
        "title": "The influence of spacetime curvature on quantum emission in optical analogues to gravity"
    },
    "2020ScPC....3....5J_page_5_chunk_3": {
        "text": "y because\nmore than two modes are involved in the correlation. As a result, although the entire output state is\npure, the two-mode output will always be partially mixed, and coupling to modes outside the optical\nbranch is responsible for this.\nOur measure of entanglement is the logarithmic negativity (LN) EN[53].4Contrarily to the\nPeres-Horodecki criterion used in ﬂuid systems [28–31, 33, 34, 36] to determine whether the state at\nthe output is nonseparable, the LN is a measure of entanglement [54] for arbitrary bi-partite states\nunder LOCC [55]. In addition, we can also calculate the maximum degree of entanglement, i.e.,\nthe LN, for a state of a certain energy [56]. In the present context, this enables us for the ﬁrst time to\ncontrast the degree of entanglement of the output two-mode state of horizon and horizonless emission.\nWe calculate the LN between two output modes, tracing over the remaining modes. In particular,\nwe are interested in the only negative norm optical mode, noL, beca",
        "page": 5,
        "link": "https://ui.adsabs.harvard.edu/link_gateway/2020ScPC....3....5J/EPRINT_PDF",
        "title": "The influence of spacetime curvature on quantum emission in optical analogues to gravity"
    },
    "2020ScPC....3....5J_page_5_chunk_4": {
        "text": " of horizon and horizonless emission.\nWe calculate the LN between two output modes, tracing over the remaining modes. In particular,\nwe are interested in the only negative norm optical mode, noL, because all other optical modes are\ncoupling mainly to this mode. In Fig. 4 the spectrum of the LN is shown for noL and each other\npositive norm mode. Similar to the emission spectra, the entanglement is peaked at both horizon\nintervals (WHI, BHI). Thus horizons efﬁciently entangle the light. However, ENis an extensive\nquantity that increases with emission strength. In order to evaluate how strongly the photons of the\ntwo-mode state at the output are entangled, we compute the degree of entanglement J. We deﬁneJ\nas the LN (E\u000b1\u000b2\nN) relative to the LN of a maximally entangled two-mode state of the same energy.4\nJ=E\u000b1\u000b2\nN\n4 arsinh\u0012q\n\u001e\u000b1+\u001e\u000b2\n2\u0013; (4)\nIn Fig.5, we plot the degree of entanglement for the same typifying frequencies as in Fig.3. The\ndegree of entanglement is generally strongest between",
        "page": 5,
        "link": "https://ui.adsabs.harvard.edu/link_gateway/2020ScPC....3....5J/EPRINT_PDF",
        "title": "The influence of spacetime curvature on quantum emission in optical analogues to gravity"
    },
    "2020ScPC....3....5J_page_5_chunk_5": {
        "text": "ame energy.4\nJ=E\u000b1\u000b2\nN\n4 arsinh\u0012q\n\u001e\u000b1+\u001e\u000b2\n2\u0013; (4)\nIn Fig.5, we plot the degree of entanglement for the same typifying frequencies as in Fig.3. The\ndegree of entanglement is generally strongest between optical modes. In particular, the positive-norm\n4Jacquet M, K ¨onig F. Further details on the calculation to be published elsewhere\n5",
        "page": 5,
        "link": "https://ui.adsabs.harvard.edu/link_gateway/2020ScPC....3....5J/EPRINT_PDF",
        "title": "The influence of spacetime curvature on quantum emission in optical analogues to gravity"
    },
    "2020ScPC....3....5J_page_6_chunk_1": {
        "text": "SciPost Physics Submission\noptical modes moR andloLare close to being maximally entangled with mode noL over the black-\nand white-hole intervals, respectively ( b,d). In other words, with horizons the Hawking mode and\npartner is in a close to maximally entangled, pure state. Without horizons (Fig.5 a,c,e), the degree\nof entanglement decreases for all mode pairs (except between modes uoLandnoLin Fig.5 a) and the\ntwo modes are in a mixed state.\nThe similarity of Figs.3 and 5 may suggest that the entanglement can be inferred from the photon-\nnumber correlations. In Fig.6, we plot the degree of two-mode entanglement (4) against the corres-\nponding correlation coefﬁcient (3) for each mode pair at each of the ﬁve typifying frequencies of\nFig.3. We observe that Jis not a function of the correlation coefﬁcient C. In other words, there\nis no unique, one-to-one relation between the correlation coefﬁcient and the degree of two-mode en-\ntanglement as measured via the logarithmic negativity. States",
        "page": 6,
        "link": "https://ui.adsabs.harvard.edu/link_gateway/2020ScPC....3....5J/EPRINT_PDF",
        "title": "The influence of spacetime curvature on quantum emission in optical analogues to gravity"
    },
    "2020ScPC....3....5J_page_6_chunk_2": {
        "text": "on coefﬁcient C. In other words, there\nis no unique, one-to-one relation between the correlation coefﬁcient and the degree of two-mode en-\ntanglement as measured via the logarithmic negativity. States of different degree of mixedness may\nexhibit the same correlation coefﬁcient. Furthermore, we remark ﬁrstly that for a ﬁnite correlation\ncoefﬁcient the degree of entanglement is limited below unity. Secondly, correlations close to unity\nindicate close to maximal entanglement. The degree of entanglement obtained for C < 0:5varies\nlargely, whereas for C > 0:5the degree of entanglement can be reliably inferred from the correla-\ntions. Lastly, even small correlation coefﬁcients indicate some entanglement. Further investigations\nof the relation between JandCbeyond this particular analogue are needed. It would be interesting\nto verify whether the non-uniqueness of the correspondence between the photon-number correlations\nand the degree of entanglement is speciﬁc to the measure of entanglement c",
        "page": 6,
        "link": "https://ui.adsabs.harvard.edu/link_gateway/2020ScPC....3....5J/EPRINT_PDF",
        "title": "The influence of spacetime curvature on quantum emission in optical analogues to gravity"
    },
    "2020ScPC....3....5J_page_6_chunk_3": {
        "text": "ed. It would be interesting\nto verify whether the non-uniqueness of the correspondence between the photon-number correlations\nand the degree of entanglement is speciﬁc to the measure of entanglement chosen — we leave these\nconsiderations to future investigations.\n5 Conclusion\nWe showed how strong dispersion can lead to novel multimode quantum dynamics stemming from\nthe relation between horizon and horizonless emission in gravity analogues. Our work sheds light on\nthe interplay between kinematics and parametric ampliﬁcation in optics. The kinematic aspects of a\nphysical system can thus be used to deﬁne quantum information processing tasks in a gravitational\ncontext.\nWe observed a striking transition in the quantum statistics when going from one kinematic scenario\nto the other, which we expect to be ubiquitous to gravity analogues, from optics through ﬂuids to solid\nstate. The inﬂuence of the kinematic scenario or regime of spacetime curvature is directly imprinted\nonto the quantum state",
        "page": 6,
        "link": "https://ui.adsabs.harvard.edu/link_gateway/2020ScPC....3....5J/EPRINT_PDF",
        "title": "The influence of spacetime curvature on quantum emission in optical analogues to gravity"
    },
    "2020ScPC....3....5J_page_6_chunk_4": {
        "text": "ct to be ubiquitous to gravity analogues, from optics through ﬂuids to solid\nstate. The inﬂuence of the kinematic scenario or regime of spacetime curvature is directly imprinted\nonto the quantum state. Hence we observed the entanglement and mixedness of any two-mode state\nto directly depend on it. These effects are largely robust against changes in dispersion and in the\nmagnitude of the refractive index change [43].4For our analysis we calculated the two-mode spectra\nas well as the logarithmic negativity of an optical analogue for the ﬁrst time. This way we have put\nlimits on the entanglement of an analogue system due to coupling to modes other than the Hawking\npair. Particle number correlations and the degree of entanglement are key in characterising a variety of\neffects in all analogue gravity experiments such as cosmological pair creation by passing gravitational\nwaves or expanding/contracting universes [19,20,27,57], the so-called black hole laser [58], analogue\nwormholes, and the ",
        "page": 6,
        "link": "https://ui.adsabs.harvard.edu/link_gateway/2020ScPC....3....5J/EPRINT_PDF",
        "title": "The influence of spacetime curvature on quantum emission in optical analogues to gravity"
    },
    "2020ScPC....3....5J_page_6_chunk_5": {
        "text": "ravity experiments such as cosmological pair creation by passing gravitational\nwaves or expanding/contracting universes [19,20,27,57], the so-called black hole laser [58], analogue\nwormholes, and the quasi-bound states of black holes [17, 59]. Importantly, the multimode analysis\nallows us to put limits on the thermality of the output state of spontaneous, quantum emission for the\nﬁrst time: since the degree of entanglement stays below unity, the state is not completely thermal.5In\nthis way, our work demonstrates that the quantum state is a diagnostic for mode conversion on curved\n5Note that this is different from the considerations drawn in, e.g.[33, 34, 60] on the inﬂuence of the grey-body factor on\nthe thermal shape of the spectrum.\n6",
        "page": 6,
        "link": "https://ui.adsabs.harvard.edu/link_gateway/2020ScPC....3....5J/EPRINT_PDF",
        "title": "The influence of spacetime curvature on quantum emission in optical analogues to gravity"
    },
    "2020ScPC....3....5J_page_7_chunk_1": {
        "text": "SciPost Physics Submission\nspacetimes.\nAcknowledgements\nThe authors are thankful to Bill Unruh, Matthew Thornton, Viktor Nordgren, Mathieu Isoard and\nValeria Saggio for insightful conversations.\nAuthor contributions Both authors contributed equally to the work and the writing of the manu-\nscript.\nFunding information This work was funded by the EPSRC via Grant No. EP/L505079/1 and the\nIMPP.\nA Dispersion and spacetime ﬂow in a BEC\nHere we brieﬂy comment on the kinematic scenarios realised in typical experimental conditions in a\nBEC [9]. Similar to the RIF studied in the present paper, an analogue gravity experiment in a BEC\nis realised by two regions in the so-called ‘waterfall’ conﬁguration: a high potential region and a\nlow potential region with a step-like transition (see e.g.[61]), deﬁning a high and low atomic density\nregion, respectively.\nIn the moving frame — in which the ﬂuid is at rest — the dispersion relation is of the generic\nform [9, 36, 62]\n\n2(K) =K2\u0012\n1 +K2\n4\u0013\n; (5)\nwith\nth",
        "page": 7,
        "link": "https://ui.adsabs.harvard.edu/link_gateway/2020ScPC....3....5J/EPRINT_PDF",
        "title": "The influence of spacetime curvature on quantum emission in optical analogues to gravity"
    },
    "2020ScPC....3....5J_page_7_chunk_2": {
        "text": "ng a high and low atomic density\nregion, respectively.\nIn the moving frame — in which the ﬂuid is at rest — the dispersion relation is of the generic\nform [9, 36, 62]\n\n2(K) =K2\u0012\n1 +K2\n4\u0013\n; (5)\nwith\nthe moving frame frequency and and Kthe wavenumber. The frequency in a frame moving\nwith velocity uis related to the laboratory frame frequency !(in which the step is at rest and in which\nthe measurements are performed) by \n =!+uK. The dispersion in the laboratory frame is shown\nin Fig.7, with the high potential region on the left, and the low potential region on the right.6The\nnegative norm branch is shown in red, and the positive norm branch in black.\nThe speed of the BEC ﬂow is larger in the low potential region than it is in the high potential\nregion. Thus, the shape of the dispersion relation changes (by the Doppler effect) between the two\nregions. In particular, part of the negative norm branch (at K > 0) in the low-potential (high ﬂow\nvelocity) region is “pulled up” to positive freque",
        "page": 7,
        "link": "https://ui.adsabs.harvard.edu/link_gateway/2020ScPC....3....5J/EPRINT_PDF",
        "title": "The influence of spacetime curvature on quantum emission in optical analogues to gravity"
    },
    "2020ScPC....3....5J_page_7_chunk_3": {
        "text": "on changes (by the Doppler effect) between the two\nregions. In particular, part of the negative norm branch (at K > 0) in the low-potential (high ﬂow\nvelocity) region is “pulled up” to positive frequencies.\nExactly as in our analysis [43] (but with the frames exchanged), the modes are found at the in-\ntersection points between a contour of positive !=cstand the various branches of the dispersion\nrelation. In the high-potential (low ﬂow velocity) region, there are only ever two modes: they have\na positive norm and, from low to large K, one has negative group velocity (it moves away from the\ninterface) while the other has positive group velocity. After e.g.[32, 36, 63], we call these modes\n‘ujout’ and ‘ ujin’, respectively. In the low-potential (high ﬂow velocity) region, the number of modes\nvaries as a function of frequency. From != 0to!=!threshold , there are two positive-norm modes\nand two negative norm modes. From low to large K, we ﬁnd ﬁrst the two positive-norm modes —\n‘d1jin’ (neg",
        "page": 7,
        "link": "https://ui.adsabs.harvard.edu/link_gateway/2020ScPC....3....5J/EPRINT_PDF",
        "title": "The influence of spacetime curvature on quantum emission in optical analogues to gravity"
    },
    "2020ScPC....3....5J_page_7_chunk_4": {
        "text": "\nvaries as a function of frequency. From != 0to!=!threshold , there are two positive-norm modes\nand two negative norm modes. From low to large K, we ﬁnd ﬁrst the two positive-norm modes —\n‘d1jin’ (negative group velocity, moves towards the interface) and ‘ d1jout’ (positive group velocity,\n6This is a typical dispersion relation from the BEC literature, see e.g.[32].\n7",
        "page": 7,
        "link": "https://ui.adsabs.harvard.edu/link_gateway/2020ScPC....3....5J/EPRINT_PDF",
        "title": "The influence of spacetime curvature on quantum emission in optical analogues to gravity"
    },
    "2020ScPC....3....5J_page_8_chunk_1": {
        "text": "SciPost Physics Submission\nmoves away from the interface) — and then the two negative-norm modes — ‘ d2jout’ (positive group\nvelocity, moves away from the interface) and ‘ d2jin’ (negative group velocity, moves towards the\ninterface). For larger frequencies, only the two positive-norm modes remain.\nIf one focuses the analysis on the kinematics of modes ‘ ujout’ and ‘ d2jout’ at lowk, the disper-\nsion is approximately linear and the ﬂow velocity is subsonic in the left region and supersonic in the\nright region. The mode analysis above shows, when input and output modes are taken into account,\nthat two-way motion is possible in both regions of the BEC.\nOur analysis of the optical analogue demonstrates that all modes (optical as well as non-optical)\nsigniﬁcantly modify the quantum state away from the close-to two-mode squeezed vacuum in partic-\nular when two-way motion is possible in both regions. Future work should apply this analysis to the\nBEC analogue also.\nReferences\n[1] S. W. Hawkin",
        "page": 8,
        "link": "https://ui.adsabs.harvard.edu/link_gateway/2020ScPC....3....5J/EPRINT_PDF",
        "title": "The influence of spacetime curvature on quantum emission in optical analogues to gravity"
    },
    "2020ScPC....3....5J_page_8_chunk_2": {
        "text": "from the close-to two-mode squeezed vacuum in partic-\nular when two-way motion is possible in both regions. Future work should apply this analysis to the\nBEC analogue also.\nReferences\n[1] S. W. Hawking, Black hole explosions? , Nature 248(5443), 30 (1974), doi:10.1038/248030a0.\n[2] S. W. Hawking, Particle creation by black holes , Communications In Mathematical Physics\n43(3), 199 (1975), doi:10.1007/BF02345020.\n[3] W. G. Unruh, Experimental Black-Hole Evaporation? , Physical Review Letters 46(21), 1351\n(1981), doi:10.1103/PhysRevLett.46.1351.\n[4] T. G. Philbin, C. Kuklewicz, S. Robertson, S. Hill, F. K ¨onig and U. Leonhardt, Fiber-Optical\nAnalog of the Event Horizon , Science 319(5868), 1367 (2008), doi:10.1126/science.1153625.\n[5] O. Lahav, A. Itah, A. Blumkin, C. Gordon, S. Rinott, A. Zayats and J. Steinhauer, Realization\nof a Sonic Black Hole Analog in a Bose-Einstein Condensate , Physical Review Letters 105(24),\n240401 (2010), doi:10.1103/PhysRevLett.105.240401.\n[6] A. Choudhary a",
        "page": 8,
        "link": "https://ui.adsabs.harvard.edu/link_gateway/2020ScPC....3....5J/EPRINT_PDF",
        "title": "The influence of spacetime curvature on quantum emission in optical analogues to gravity"
    },
    "2020ScPC....3....5J_page_8_chunk_3": {
        "text": "ayats and J. Steinhauer, Realization\nof a Sonic Black Hole Analog in a Bose-Einstein Condensate , Physical Review Letters 105(24),\n240401 (2010), doi:10.1103/PhysRevLett.105.240401.\n[6] A. Choudhary and F. K ¨onig, Efﬁcient frequency shifting of dispersive waves at solitons , Optics\nExpress 20(5), 5538 (2012), doi:10.1364/OE.20.005538.\n[7] J. Steinhauer, Observation of quantum Hawking radiation and its entanglement in an analogue\nblack hole , Nature Physics 12(10), 959 (2016), doi:10.1038/nphys3863.\n[8] M. J. Jacquet, Negative Frequency at the Horizon: Theoretical Study and Experimental Real-\nisation of Analogue Gravity Physics in Dispersive Optical Media , Springer Theses. Springer\nInternational Publishing, Vienna, ISBN 978-3-319-91070-3 (2018).\n[9] J. R. Mu ˜noz de Nova, K. Golubkov, V . I. Kolobov and J. Steinhauer, Observation of thermal\nHawking radiation and its temperature in an analogue black hole , Nature 569(7758), 688 (2019),\ndoi:10.1038/s41586-019-1241-0.\n[10] L.-P. Euv ´e, ",
        "page": 8,
        "link": "https://ui.adsabs.harvard.edu/link_gateway/2020ScPC....3....5J/EPRINT_PDF",
        "title": "The influence of spacetime curvature on quantum emission in optical analogues to gravity"
    },
    "2020ScPC....3....5J_page_8_chunk_4": {
        "text": " I. Kolobov and J. Steinhauer, Observation of thermal\nHawking radiation and its temperature in an analogue black hole , Nature 569(7758), 688 (2019),\ndoi:10.1038/s41586-019-1241-0.\n[10] L.-P. Euv ´e, S. Robertson, N. James, A. Fabbri and G. Rousseaux, Scattering of Co-Current\nSurface Waves on an Analogue Black Hole , Physical Review Letters 124 141101 (2020),\ndoi:10.1103/PhysRevLett.124.141101.\n[11] G. Rousseaux, C. Mathis, P. Ma ¨ıssa, T. G. Philbin and U. Leonhardt, Observation of negative-\nfrequency waves in a water tank: a classical analogue to the Hawking effect? , New Journal of\nPhysics 10(5), 053015 (2008), doi:10.1088/1367-2630/10/5/053015.\n8",
        "page": 8,
        "link": "https://ui.adsabs.harvard.edu/link_gateway/2020ScPC....3....5J/EPRINT_PDF",
        "title": "The influence of spacetime curvature on quantum emission in optical analogues to gravity"
    },
    "2020ScPC....3....5J_page_9_chunk_1": {
        "text": "SciPost Physics Submission\n[12] D. Faccio, S. Cacciatori, V . Gorini, V . G. Sala, A. Averchi, A. Lotti, M. Kolesik and J. V . Mo-\nloney, Analogue gravity and ultrashort laser pulse ﬁlamentation , Europhysics Letters 89(3),\n34004 (2010), doi:10.1209/0295-5075/89/34004.\n[13] S. Weinfurtner, E. W. Tedford, M. C. J. Penrice, W. G. Unruh and G. A. Lawrence, Measure-\nment of Stimulated Hawking Emission in an Analogue System , Physical Review Letters 106(2),\n021302 (2011), doi:10.1103/PhysRevLett.106.021302.\n[14] H. Nguyen, D. Gerace, I. Carusotto, D. Sanvitto, E. Galopin, A. Lema ˆıtre, I. Sagnes, J. Bloch and\nA. Amo, Acoustic Black Hole in a Stationary Hydrodynamic Flow of Microcavity Polaritons ,\nPhysical Review Letters 114(3), 036402 (2015), doi:10.1103/PhysRevLett.114.036402.\n[15] L.-P. Euv ´e, F. Michel, R. Parentani, T. G. Philbin and G. Rousseaux, Observation of noise\ncorrelated by the hawking effect in a water tank , Physical Review Letters 117, 121301 (2016),\ndoi:10.1103/PhysRevLet",
        "page": 9,
        "link": "https://ui.adsabs.harvard.edu/link_gateway/2020ScPC....3....5J/EPRINT_PDF",
        "title": "The influence of spacetime curvature on quantum emission in optical analogues to gravity"
    },
    "2020ScPC....3....5J_page_9_chunk_2": {
        "text": " ´e, F. Michel, R. Parentani, T. G. Philbin and G. Rousseaux, Observation of noise\ncorrelated by the hawking effect in a water tank , Physical Review Letters 117, 121301 (2016),\ndoi:10.1103/PhysRevLett.117.121301.\n[16] T. Torres, S. Patrick, A. Coutant, M. Richartz, E. W. Tedford and S. Weinfurtner, Ro-\ntational superradiant scattering in a vortex ﬂow , Nature Physics 13(9), 833 (2017),\ndoi:10.1038/nphys4151.\n[17] T. Torres, S. Patrick, M. Richartz and S. Weinfurtner, Analogue black hole spectroscopy;\nor, how to listen to dumb holes , Classical and Quantum Gravity 36(19), 194002 (2019),\ndoi:10.1088/1361-6382/ab3d48.\n[18] A. Posazhennikova, M. Trujillo-Martinez and J. Kroha, Inﬂationary quasiparticle creation and\nthermalization dynamics in coupled bose-einstein condensates , Phys. Rev. Lett. 116, 225304\n(2016), doi:10.1103/PhysRevLett.116.225304.\n[19] S. Eckel, A. Kumar, T. Jacobson, I. Spielman and G. Campbell, A Rapidly Expanding Bose-\nEinstein Condensate: An Expanding Universe in the",
        "page": 9,
        "link": "https://ui.adsabs.harvard.edu/link_gateway/2020ScPC....3....5J/EPRINT_PDF",
        "title": "The influence of spacetime curvature on quantum emission in optical analogues to gravity"
    },
    "2020ScPC....3....5J_page_9_chunk_3": {
        "text": ". 116, 225304\n(2016), doi:10.1103/PhysRevLett.116.225304.\n[19] S. Eckel, A. Kumar, T. Jacobson, I. Spielman and G. Campbell, A Rapidly Expanding Bose-\nEinstein Condensate: An Expanding Universe in the Lab , Physical Review X 8(2) (2018),\ndoi:10.1103/PhysRevX.8.021021.\n[20] M. Wittemer, F. Hakelberg, P. Kiefer, J.-P. Schr ¨oder, C. Fey, R. Sch ¨utzhold, U. Warring and\nT. Schaetz, Phonon Pair Creation by Inﬂating Quantum Fluctuations in an Ion Trap , Physical\nReview Letters 123(18), 180502 (2019), doi:10.1103/PhysRevLett.123.180502.\n[21] J. Steinhauer, Observation of self-amplifying Hawking radiation in an analogue black-hole laser ,\nNature Physics 10(11), 864 (2014), doi:10.1038/nphys3104.\n[22] L.-P. Euv ´e and G. Rousseaux, Classical analogue of an interstellar travel through a hydro-\ndynamic wormhole , Physical Review D 96, 064042 (2017), doi:10.1103/PhysRevD.96.064042.\n[23] W. G. Unruh, Has Hawking Radiation Been Measured? , Foundations of Physics 44(5), 532\n(2014), doi:10.1007/s1070",
        "page": 9,
        "link": "https://ui.adsabs.harvard.edu/link_gateway/2020ScPC....3....5J/EPRINT_PDF",
        "title": "The influence of spacetime curvature on quantum emission in optical analogues to gravity"
    },
    "2020ScPC....3....5J_page_9_chunk_4": {
        "text": "mic wormhole , Physical Review D 96, 064042 (2017), doi:10.1103/PhysRevD.96.064042.\n[23] W. G. Unruh, Has Hawking Radiation Been Measured? , Foundations of Physics 44(5), 532\n(2014), doi:10.1007/s10701-014-9778-0.\n[24] A. Coutant and S. Weinfurtner, The imprint of the analogue hawking effect in subcritical ﬂows ,\nPhysical Review D 94, 064026 (2016), doi:10.1103/PhysRevD.94.064026.\n[25] R. Sch ¨utzhold and W. G. Unruh, Comment on “hawking radiation from ultrashort laser pulse\nﬁlaments” , Physical Review Letters 107, 149401 (2011), doi:10.1103/PhysRevLett.107.149401.\n9",
        "page": 9,
        "link": "https://ui.adsabs.harvard.edu/link_gateway/2020ScPC....3....5J/EPRINT_PDF",
        "title": "The influence of spacetime curvature on quantum emission in optical analogues to gravity"
    },
    "2020ScPC....3....5J_page_10_chunk_1": {
        "text": "SciPost Physics Submission\n[26] A. Finke, P. Jain and S. Weinfurtner, On the observation of nonclassical excitations in\nBose–Einstein condensates , New Journal of Physics 18(11), 113017 (2016).\n[27] D. Campo and R. Parentani, Inﬂationary spectra and violations of Bell inequalities , Physical\nReview D 74(2), 025001 (2006), doi:10.1103/PhysRevD.74.025001.\n[28] X. Busch and R. Parentani, Quantum entanglement in analogue hawking radiation: When is the\nﬁnal state nonseparable? , Phys. Rev. D 89, 105024 (2014), doi:10.1103/PhysRevD.89.105024.\n[29] X. Busch, I. Carusotto and R. Parentani, Spectrum and entanglement of phonons in quantum\nﬂuids of light , Phys. Rev. A 89, 043819 (2014), doi:10.1103/PhysRevA.89.043819.\n[30] S. Finazzi and I. Carusotto, Entangled phonons in atomic Bose-Einstein condensates , Physical\nReview A 90, 033607 (2014), doi:10.1103/PhysRevA.90.033607.\n[31] D. Boiron, A. Fabbri, P.-E. Larr ´e, N. Pavloff, C. I. Westbrook and P. Zi ´n,Quantum signature\nof analog hawking radi",
        "page": 10,
        "link": "https://ui.adsabs.harvard.edu/link_gateway/2020ScPC....3....5J/EPRINT_PDF",
        "title": "The influence of spacetime curvature on quantum emission in optical analogues to gravity"
    },
    "2020ScPC....3....5J_page_10_chunk_2": {
        "text": "sates , Physical\nReview A 90, 033607 (2014), doi:10.1103/PhysRevA.90.033607.\n[31] D. Boiron, A. Fabbri, P.-E. Larr ´e, N. Pavloff, C. I. Westbrook and P. Zi ´n,Quantum signature\nof analog hawking radiation in momentum space , Physical Review Letters 115, 025301 (2015),\ndoi:10.1103/PhysRevLett.115.025301.\n[32] A. Fabbri and N. Pavloff, Momentum correlations as signature of sonic Hawking radiation in\nBose-Einstein condensates , SciPost Physics 4(4) (2018), doi:10.21468/SciPostPhys.4.4.019.\n[33] A. Coutant and S. Weinfurtner, Low-frequency analogue Hawking radiation: The Bogoliubov-de\nGennes model ,Physical Review D 97(2), 025006 (2018),doi:10.1103/PhysRevD.97.025006.\n[34] A. Coutant and S. Weinfurtner, Low-frequency analogue Hawking radiation: The Korteweg–de\nVries model ,Physical Review D 97(2), 025005 (2018),doi:10.1103/PhysRevD.97.025005.\n[35] Y .-H. Wang, M. Edwards, C. Clark and T. Jacobson, Induced density correlations in a sonic black\nhole condensate , SciPost Physics 3(3), 022 (2",
        "page": 10,
        "link": "https://ui.adsabs.harvard.edu/link_gateway/2020ScPC....3....5J/EPRINT_PDF",
        "title": "The influence of spacetime curvature on quantum emission in optical analogues to gravity"
    },
    "2020ScPC....3....5J_page_10_chunk_3": {
        "text": "7(2), 025005 (2018),doi:10.1103/PhysRevD.97.025005.\n[35] Y .-H. Wang, M. Edwards, C. Clark and T. Jacobson, Induced density correlations in a sonic black\nhole condensate , SciPost Physics 3(3), 022 (2017), doi:10.21468/SciPostPhys.3.3.022.\n[36] M. Isoard and N. Pavloff, Departing from Thermality of Analogue Hawking Radi-\nation in a Bose-Einstein Condensate , Physical Review Letters 124, 060401 (2020),\ndoi:10.1103/PhysRevLett.124.060401.\n[37] A. V . Gorbach and D. V . Skryabin, Light trapping in gravity-like potentials and expansion\nof supercontinuum spectra in photonic-crystal ﬁbres , Nature Photonics 1(11), 653 (2007),\ndoi:10.1038/nphoton.2007.202.\n[38] S. Hill, C. E. Kuklewicz, U. Leonhardt and F. K ¨onig, Evolution of light trapped by a soliton in\na microstructured ﬁber , Optics Express 17(16), 13588 (2009), doi:10.1364/OE.17.013588.\n[39] J. Drori, Y . Rosenberg, D. Bermudez, Y . Silberberg and U. Leonhardt, Observation of Stim-\nulated Hawking Radiation in an Optical Analogue , Phys",
        "page": 10,
        "link": "https://ui.adsabs.harvard.edu/link_gateway/2020ScPC....3....5J/EPRINT_PDF",
        "title": "The influence of spacetime curvature on quantum emission in optical analogues to gravity"
    },
    "2020ScPC....3....5J_page_10_chunk_4": {
        "text": " 17(16), 13588 (2009), doi:10.1364/OE.17.013588.\n[39] J. Drori, Y . Rosenberg, D. Bermudez, Y . Silberberg and U. Leonhardt, Observation of Stim-\nulated Hawking Radiation in an Optical Analogue , Physical Review Letters 122(1) (2019),\ndoi:10.1103/PhysRevLett.122.010404.\n[40] M. Jacquet and F. K ¨onig, Quantum vacuum emission from a refractive-index front , Physical\nReview A 92(2), 023851 (2015), doi:10.1103/PhysRevA.92.023851.\n[41] M. Visser, Acoustic black holes: horizons, ergospheres and hawking radiation , Classical and\nQuantum Gravity 15(6), 1767 (1998), doi:10.1088/0264-9381/15/6/024.\n10",
        "page": 10,
        "link": "https://ui.adsabs.harvard.edu/link_gateway/2020ScPC....3....5J/EPRINT_PDF",
        "title": "The influence of spacetime curvature on quantum emission in optical analogues to gravity"
    },
    "2020ScPC....3....5J_page_11_chunk_1": {
        "text": "SciPost Physics Submission\n[42] S. Finazzi and I. Carusotto, Quantum vacuum emission in a nonlinear optical me-\ndium illuminated by a strong laser pulse , Physical Review A 87(2), 023803 (2013),\ndoi:10.1103/PhysRevA.87.023803.\n[43] M. J. Jacquet and F. Koenig, Analytical description of quantum emission in optical analogues\nto gravity , arXiv:1908.02060 [cond-mat, physics:gr-qc, physics:quant-ph] (2019), ArXiv:\n1908.02060.\n[44] P. Painlev ´e,La m ´ecanique classique et la th ´eorie de la relativit ´e, C. R. Acad. Sci. (Paris) 173,\n670 (1921).\n[45] A. Gullstrand, Allgemeine Lesung des statischen Einkerperproblems in der Einsteinschen Grav-\nitationstheorie , Arkiv. Mat. Astron. Fys. 16(8), 1 (1922).\n[46] E. F. Taylor and J. A. Wheeler, Exploring black holes: introduction to general relativity , Addison\nWesley Longman, San Francisco, ISBN 978-0-201-38423-9 (2000).\n[47] A. S. Eddington, A Comparison of Whitehead’s and Einstein’s Formulae , Nature 113(2832),\n192 (1924), doi:10.1038/113192a0.",
        "page": 11,
        "link": "https://ui.adsabs.harvard.edu/link_gateway/2020ScPC....3....5J/EPRINT_PDF",
        "title": "The influence of spacetime curvature on quantum emission in optical analogues to gravity"
    },
    "2020ScPC....3....5J_page_11_chunk_2": {
        "text": " , Addison\nWesley Longman, San Francisco, ISBN 978-0-201-38423-9 (2000).\n[47] A. S. Eddington, A Comparison of Whitehead’s and Einstein’s Formulae , Nature 113(2832),\n192 (1924), doi:10.1038/113192a0.\n[48] D. Finkelstein, Past-Future Asymmetry of the Gravitational Field of a Point Particle , Physical\nReview 110(4), 965 (1958), doi:10.1103/PhysRev.110.965.\n[49] A. J. S. Hamilton and J. P. Lisle, The river model of black holes , American Journal of Physics\n76(6), 519 (2008), doi:10.1119/1.2830526.\n[50] S. Braeck and Ø. Grøn, A river model of space , Eur. Phys. J. Plus 128:24 (2) (2013),\ndoi:10.1140/epjp/i2013-13024-2.\n[51] W. Sellmeier, Ueber die durch die aetherschwingungen erregten mitschwingungen der k ¨orper-\ntheilchen und deren r ¨uckwirkung auf die ersteren, besonders zur erkl ¨arung der dispersion und\nihrer anomalien , Annalen der Physik 223(11), 386 (1872), doi:10.1002/andp.18722231105.\n[52] E. Rubino, J. McLenaghan, S. C. Kehr, F. Belgiorno, D. Townsend, S. Rohr, C. E. Kuklewicz",
        "page": 11,
        "link": "https://ui.adsabs.harvard.edu/link_gateway/2020ScPC....3....5J/EPRINT_PDF",
        "title": "The influence of spacetime curvature on quantum emission in optical analogues to gravity"
    },
    "2020ScPC....3....5J_page_11_chunk_3": {
        "text": "er dispersion und\nihrer anomalien , Annalen der Physik 223(11), 386 (1872), doi:10.1002/andp.18722231105.\n[52] E. Rubino, J. McLenaghan, S. C. Kehr, F. Belgiorno, D. Townsend, S. Rohr, C. E. Kuklewicz,\nU. Leonhardt, F. K ¨onig and D. Faccio, Negative-Frequency Resonant Radiation , Physical Re-\nview Letters 108(25), 253901 (2012), doi:10.1103/PhysRevLett.108.253901.\n[53] G. Vidal and R. F. Werner, Computable measure of entanglement , Physical Review A 65(3),\n032314 (2002), doi:10.1103/PhysRevA.65.032314.\n[54] C. Weedbrook, S. Pirandola, R. Garc ´ıa-Patr ´on, N. J. Cerf, T. C. Ralph, J. H. Shapiro and\nS. Lloyd, Gaussian quantum information , Reviews of Modern Physics 84(2), 621 (2012),\ndoi:10.1103/RevModPhys.84.621.\n[55] M. B. Plenio, Logarithmic Negativity: A Full Entanglement Monotone That is not Convex ,\nPhysical Review Letters 95(9), 090503 (2005), doi:10.1103/PhysRevLett.95.090503.\n[56] G. Adesso, A. Seraﬁni and F. Illuminati, Extremal entanglement and mixedness in continuous\nvariab",
        "page": 11,
        "link": "https://ui.adsabs.harvard.edu/link_gateway/2020ScPC....3....5J/EPRINT_PDF",
        "title": "The influence of spacetime curvature on quantum emission in optical analogues to gravity"
    },
    "2020ScPC....3....5J_page_11_chunk_4": {
        "text": " is not Convex ,\nPhysical Review Letters 95(9), 090503 (2005), doi:10.1103/PhysRevLett.95.090503.\n[56] G. Adesso, A. Seraﬁni and F. Illuminati, Extremal entanglement and mixedness in continuous\nvariable systems , Physical Review A 70(2), 022318 (2004), doi:10.1103/PhysRevA.70.022318.\n[57] S. Weinfurtner, P. Jain, M. Visser and C. W. Gardiner, Cosmological particle production\nin emergent rainbow spacetimes , Classical and Quantum Gravity 26(6), 065012 (2009),\ndoi:10.1088/0264-9381/26/6/065012.\n11",
        "page": 11,
        "link": "https://ui.adsabs.harvard.edu/link_gateway/2020ScPC....3....5J/EPRINT_PDF",
        "title": "The influence of spacetime curvature on quantum emission in optical analogues to gravity"
    },
    "2020ScPC....3....5J_page_12_chunk_1": {
        "text": "SciPost Physics Submission\n[58] J. L. Gaona-Reyes and D. Bermudez, The theory of optical black hole lasers , Annals of Physics\n380, 41 (2017), doi:10.1016/j.aop.2017.03.005.\n[59] S. Patrick, A. Coutant, M. Richartz and S. Weinfurtner, Black Hole Quasibound States\nfrom a Draining Bathtub Vortex Flow , Physical Review Letters 121(6), 061101 (2018),\ndoi:10.1103/PhysRevLett.121.061101.\n[60] M. F. Linder, R. Sch ¨utzhold and W. G. Unruh, Derivation of Hawking radiation in dispersive\ndielectric media , Physical Review D 93(10), 104010 (2016), doi:10.1103/PhysRevD.93.104010.\n[61] C. Mayoral, A. Fabbri and M. Rinaldi, Steplike discontinuities in Bose-Einstein con-\ndensates and Hawking radiation: Dispersion effects , Physical Review D 83(12) (2011),\ndoi:10.1103/PhysRevD.83.124047.\n[62] C. Mayoral, A. Recati, A. Fabbri, R. Parentani, R. Balbinot and I. Carusotto, Acoustic white holes\nin ﬂowing atomic Bose-Einstein condensates , New Journal of Physics 13(2), 025007 (2011),\ndoi:10.1088/1367-2630/1",
        "page": 12,
        "link": "https://ui.adsabs.harvard.edu/link_gateway/2020ScPC....3....5J/EPRINT_PDF",
        "title": "The influence of spacetime curvature on quantum emission in optical analogues to gravity"
    },
    "2020ScPC....3....5J_page_12_chunk_2": {
        "text": "A. Recati, A. Fabbri, R. Parentani, R. Balbinot and I. Carusotto, Acoustic white holes\nin ﬂowing atomic Bose-Einstein condensates , New Journal of Physics 13(2), 025007 (2011),\ndoi:10.1088/1367-2630/13/2/025007.\n[63] A. Recati, N. Pavloff and I. Carusotto, Bogoliubov theory of acoustic hawking radiation in\nbose-einstein condensates , Phys. Rev. A 80, 043603 (2009), doi:10.1103/PhysRevA.80.043603.\n12",
        "page": 12,
        "link": "https://ui.adsabs.harvard.edu/link_gateway/2020ScPC....3....5J/EPRINT_PDF",
        "title": "The influence of spacetime curvature on quantum emission in optical analogues to gravity"
    },
    "2020ScPC....3....5J_page_13_chunk_1": {
        "text": "SciPost Physics Submission\n0\n0\n0\n0=0\n=0\n=0\n=0\nb\nFigure 1: Possible kinematic scenarios at the RIF. Time (left) and frequency (right) illustrations of\npropagating modes are shown for different comoving frequencies !(a-d). The black (orange) disper-\nsion curve corresponds to the low (high) index region. Single-frequency modes of !are identiﬁed by\nintersections with the blue dashed line. Possible kinematic scenarios, analogous to changes of space-\ntime curvature: a, horizonless scenario ( ! <!minL );b, white hole scenario ( !minL<! <!minR );\nc, horizonless scenario ( !minR<!<!maxL );d, black hole scenario ( !maxL<!<!maxR ).\n13",
        "page": 13,
        "link": "https://ui.adsabs.harvard.edu/link_gateway/2020ScPC....3....5J/EPRINT_PDF",
        "title": "The influence of spacetime curvature on quantum emission in optical analogues to gravity"
    },
    "2020ScPC....3....5J_page_14_chunk_1": {
        "text": "SciPost Physics Submission\n-5eV +5eV10-8\n10-10\n-0.5eV+0.5eV10-8\n10-11\n0.040.060.080.100.1210-7\n10-9\n10-11\n10-13WHI BHI\n(eV)PhotonFlux ϕα(ω)\nFigure 2: Spectra of photon ﬂux (2) of the optical modes in the moving frame: noL, purple solid line;\nuoL, blue dotted line; moR, green dot-dashed line; loL, orange dashed line. Insets zoomed-in around\nthe centre frequency of the WHI and BHI.\nuL\nuoL\nc\nc\nlL\nnlL\nnoL\nnuLuLuoLcclLnlLnoLnuL\nuL\nuoL\nc\nc\nlL\nnlL\nnoL\nnuL\nuLuoLcclLnlLnoLnuL\nuL\nuoL\nc\nloL\nlL\nnlL\nnoL\nnuLuLuoLcloLlLnlLnoLnuL\nuL\nuoL\nc\nloL\nlL\nnlL\nnoL\nnuL\nuLuoLcloLlLnlLnoLnuL\nuL\nuoL\nmoR\nloL\nlL\nnlL\nnoL\nnuLuLuoLmoRloLlLnlLnoLnuL\nuL\nuoL\nmoR\nloL\nlL\nnlL\nnoL\nnuL\nuLuoLmoRloLlLnlLnoLnuL\nuL\nc\nmoR\nloL\nlL\nnlL\nnoL\nnuLuLcmoRloLlLnlLnoLnuL\nuL\nc\nmoR\nloL\nlL\nnlL\nnoL\nnuL\nuLcmoRloLlLnlLnoLnuL\nuL\nc\nc\nloL\nlL\nnlL\nnoL\nnuLuLccloLlLnlLnoLnuL\nuL\nc\nc\nloL\nlL\nnlL\nnoL\nnuL\nuLccloLlLnlLnoLnuLC\n00.20.40.60.81.0e d c b a\nFigure 3: Photon number correlations between the 8 outgoing modes for ﬁve typifying frequencies:\na-das in Fig.1 a",
        "page": 14,
        "link": "https://ui.adsabs.harvard.edu/link_gateway/2020ScPC....3....5J/EPRINT_PDF",
        "title": "The influence of spacetime curvature on quantum emission in optical analogues to gravity"
    },
    "2020ScPC....3....5J_page_14_chunk_2": {
        "text": "loLlLnlLnoLnuL\nuL\nc\nc\nloL\nlL\nnlL\nnoL\nnuL\nuLccloLlLnlLnoLnuLC\n00.20.40.60.81.0e d c b a\nFigure 3: Photon number correlations between the 8 outgoing modes for ﬁve typifying frequencies:\na-das in Fig.1 and efor high!;c— a complex mode; ul; nl; ll; nul — non-optical modes.\n14",
        "page": 14,
        "link": "https://ui.adsabs.harvard.edu/link_gateway/2020ScPC....3....5J/EPRINT_PDF",
        "title": "The influence of spacetime curvature on quantum emission in optical analogues to gravity"
    },
    "2020ScPC....3....5J_page_15_chunk_1": {
        "text": "SciPost Physics Submission\n-0.5eV+0.5eV10-3\n10-7\n-5eV +5eV10-3\n10-7\n0.040.060.080.100.1210-3\n10-5\n10-7WHI BHI\n[eV]LogarithmicNegativity Elnoα)\nFigure 4: Entanglement of noL with the positive norm modes. lL, turquoise solid line; loL, orange\ndashed line; moR, green dot-dashed line; uoL, blue dotted line; uL, red solide line. Insets zoomed-in\naround the center frequency of the WHI and BHI.\nFigure 5: Degree of entanglement (4) between the 8 outgoing modes for the ﬁve typifying frequencies\nof Fig.3. Here cindicates a complex mode; ul; nl; ll; nul are the non-optical modes.\n15",
        "page": 15,
        "link": "https://ui.adsabs.harvard.edu/link_gateway/2020ScPC....3....5J/EPRINT_PDF",
        "title": "The influence of spacetime curvature on quantum emission in optical analogues to gravity"
    },
    "2020ScPC....3....5J_page_16_chunk_1": {
        "text": "SciPost Physics Submission\n0.01 0.05 0.10 0.50 110-40.0010.0100.1001\nCorrelation coefficient(LNα1α2/Tα1α2)/4\nFigure 6: Relation between the degree of entanglement (4) and the photon-number correlations (3)\nfor the 5 typifying frequencies of Fig.3 ( a-e). Blue — low !(cf.a); red — WHI (cf. b); green —\nmedium!(cf.c); orange — BHI (cf. d); black — high !(cf.e).\na) b)\n/c119/c119\n/c119 /c119/c119\n/c119 /c119\nK K\nFigure 7: Dispersion relation in the laboratory frame of a BEC analogue: a)high-potential (low ﬂow\nvelocity) region; blow-potential (high ﬂow velocity) region. Black — positive-norm branch; Red —\nnegative-norm branch.\n16",
        "page": 16,
        "link": "https://ui.adsabs.harvard.edu/link_gateway/2020ScPC....3....5J/EPRINT_PDF",
        "title": "The influence of spacetime curvature on quantum emission in optical analogues to gravity"
    }
}