{
    "2020PhRvD.102d3503C_page_1_chunk_1": {
        "text": "Quantifying the e\u000bect of cooled initial conditions on cosmic string network evolution\nJ. R. C. C. C. Correia1, 2, 3,\u0003and C. J. A. P. Martins1, 2,y\n1Centro de Astrof\u0013 \u0010sica da Universidade do Porto, Rua das Estrelas, 4150-762 Porto, Portugal\n2Instituto de Astrof\u0013 \u0010sica e Ci^ encias do Espa\u0018 co, Universidade do Porto, Rua das Estrelas, 4150-762 Porto, Portugal\n3Faculdade de Ci^ encias, Universidade do Porto, Rua do Campo Alegre 687, 4169-007 Porto, Portugal\n(Dated: 14 May 2020)\nQuantitative studies of the evolution and cosmological consequences of networks of cosmic strings\n(or other topological defects) require a combination of numerical simulations and analytic modeling\nwith the velocity-dependent one-scale (VOS) model. In previous work, we demonstrated that a\nGPU-accelerated code for local Abelian-Higgs string networks enables a statistical separation of key\ndynamical processes a\u000becting the evolution of the string networks and thus a precise calibration of\nthe VOS model. Here we furth",
        "page": 1,
        "link": "https://ui.adsabs.harvard.edu/link_gateway/2020PhRvD.102d3503C/EPRINT_PDF",
        "title": "Quantifying the effect of cooled initial conditions on cosmic string network evolution"
    },
    "2020PhRvD.102d3503C_page_1_chunk_2": {
        "text": "l Abelian-Higgs string networks enables a statistical separation of key\ndynamical processes a\u000becting the evolution of the string networks and thus a precise calibration of\nthe VOS model. Here we further exploit this code in a detailed study of two important aspects\nconnecting the simulations with the VOS model. First, we study the sensitivity of the model\ncalibration to the presence (or absence) of thermal oscillations due to high gradients in the initial\nconditions. This is relevant since in some Abelian-Higgs simulations described in the literature\na period of arti\fcial (unphysical) dissipation|usually known as cooling|is introduced with the\ngoal of suppressing these oscillations and accelerating the convergence to scaling. We show that a\nsmall amount of cooling has no statistically signi\fcant impact on the VOS model calibration, while\na longer dissipation period does have a noticeable e\u000bect. Second, in doing this analysis we also\nintroduce an improved Markov Chain Monte Carlo based ",
        "page": 1,
        "link": "https://ui.adsabs.harvard.edu/link_gateway/2020PhRvD.102d3503C/EPRINT_PDF",
        "title": "Quantifying the effect of cooled initial conditions on cosmic string network evolution"
    },
    "2020PhRvD.102d3503C_page_1_chunk_3": {
        "text": "i\fcant impact on the VOS model calibration, while\na longer dissipation period does have a noticeable e\u000bect. Second, in doing this analysis we also\nintroduce an improved Markov Chain Monte Carlo based pipeline for calibrating the VOS model,\nComparison to our previous bootstrap based pipeline shows that the latter accurately determined\nthe best-\ft values of the VOS model parameter, but underestimated the uncertainties in some of the\nparameters. Overall, our analysis shows that the calibration pipeline is robust and can be applied\nto future much larger \feld theory simulations.\nI. INTRODUCTION\nTopological defects arise as consequences of symmetry\nbreaking phase transitions in the early universe, by\nmeans of the Kibble mechanism [1]. They arise naturally\nin many extensions of the Standard Model of particle\nphysics [2] and even in string theory [3], thus being a\nnatural \fngerprint of these theories in the early Uni-\nverse. The safest type of topological defect (in the prag-\nmatic sense that ",
        "page": 1,
        "link": "https://ui.adsabs.harvard.edu/link_gateway/2020PhRvD.102d3503C/EPRINT_PDF",
        "title": "Quantifying the effect of cooled initial conditions on cosmic string network evolution"
    },
    "2020PhRvD.102d3503C_page_1_chunk_4": {
        "text": " of particle\nphysics [2] and even in string theory [3], thus being a\nnatural \fngerprint of these theories in the early Uni-\nverse. The safest type of topological defect (in the prag-\nmatic sense that they are not expected to overclose the\nUniverse) are cosmic strings, which are one-dimensional\ntube-like objects. Given their ubiquitous nature they can\nbe constrained by astrophysical observations [4, 5] and\nare also a prime target for future facilities such as CORE\n[6] or LISA [7, 8].\nThe canonical model of defect network evolution is the\nVelocity dependent One-Scale (VOS) model of Martins\nand Shellard [9, 10]. For the case of cosmic strings,\nthis was originally shown to successfully model the evol-\nution of Nambu-Goto networks and Abelian-Higgs net-\nworks [11]. More recently, taking advantage of progress\nin high-performance computing facilities [12], we have\nshown that in order to obtain a more accurate description\nof the velocity dependencies of all model parameters one\nshould use an e",
        "page": 1,
        "link": "https://ui.adsabs.harvard.edu/link_gateway/2020PhRvD.102d3503C/EPRINT_PDF",
        "title": "Quantifying the effect of cooled initial conditions on cosmic string network evolution"
    },
    "2020PhRvD.102d3503C_page_1_chunk_5": {
        "text": "ge of progress\nin high-performance computing facilities [12], we have\nshown that in order to obtain a more accurate description\nof the velocity dependencies of all model parameters one\nshould use an extended version of this model [13]. In the\ncase of Abelian-Higgs strings, this required the generaliz-\nation of the string momentum (or curvature) parameter\nand the introduction of an explicit scalar and gauge ra-\n\u0003Jose.Correia@astro.up.pt\nyCarlos.Martins@astro.up.ptdiation energy loss term. These previous studies with\nAbelian-Higgs string simulations also demonstrated the\nfeasibility of distinguishing (at least in a statistical sense)\nthe e\u000bects of energy losses due to loop production and ra-\ndiation in the evolution of string networks.\nIn the present work, we further exploit our GPU-\naccelerated Abelian-Higgs code [12] to continue the\nquantitative study of string network evolution, focusing\non the assessment of the sensitivity of the model calibra-\ntion to the presence (or absence) of th",
        "page": 1,
        "link": "https://ui.adsabs.harvard.edu/link_gateway/2020PhRvD.102d3503C/EPRINT_PDF",
        "title": "Quantifying the effect of cooled initial conditions on cosmic string network evolution"
    },
    "2020PhRvD.102d3503C_page_1_chunk_6": {
        "text": "ated Abelian-Higgs code [12] to continue the\nquantitative study of string network evolution, focusing\non the assessment of the sensitivity of the model calibra-\ntion to the presence (or absence) of thermal oscillations\nthat arise from high gradients in the initial conditions.\nThis is clearly an important question in principle, but it\nis also important on practical grounds, when comparing\nprevious results in the literature. Indeed, in some pre-\nvious Abelian-Higgs simulations [11, 14, 15], since one is\nmainly interested in the properties of the string network\nonce it has reached the scaling regime, a period of arti\f-\ncial (unphysical) dissipation is introduced with the goal\nof accelerating the convergence of the simulation to the\nexpected scaling. This gradient \row period, colloquially\nknown as a cooling phase, has the additional side e\u000bect\nof suppressing not only these early thermal oscillations\nbut also subsequent radiation losses. On the other hand,\nin our previous work [12, 13] no s",
        "page": 1,
        "link": "https://ui.adsabs.harvard.edu/link_gateway/2020PhRvD.102d3503C/EPRINT_PDF",
        "title": "Quantifying the effect of cooled initial conditions on cosmic string network evolution"
    },
    "2020PhRvD.102d3503C_page_1_chunk_7": {
        "text": "n as a cooling phase, has the additional side e\u000bect\nof suppressing not only these early thermal oscillations\nbut also subsequent radiation losses. On the other hand,\nin our previous work [12, 13] no such cooling period was\nused, one reason for this being that the VOS model en-\nables the explicit modelling of this radiation. A legitim-\nate question therefore arises as to whether the two types\nof early evolutions for the numerical simulations lead to\nresults for the network properties (e.g., defect densities\nand average velocities) that are directly comparable. A\nrelated question is how any such di\u000berences may impact\nthe VOS model calibration. The primary goal of thisarXiv:2007.12008v1  [astro-ph.CO]  23 Jul 2020",
        "page": 1,
        "link": "https://ui.adsabs.harvard.edu/link_gateway/2020PhRvD.102d3503C/EPRINT_PDF",
        "title": "Quantifying the effect of cooled initial conditions on cosmic string network evolution"
    },
    "2020PhRvD.102d3503C_page_2_chunk_1": {
        "text": "2\nwork is therefore to provide an answer these questions.\nThe outline of the rest of work is as follows. We start in\nSect. II with a succint description of our numerical sim-\nulation code, speci\fcally introducing the three scenarios\nwith di\u000berent degrees of cooling that have been simu-\nlated. In Sect. III, after an equally brief introduction to\nthe VOS model, we present and compare the model cal-\nibrations obtained from the three di\u000berent cooling scen-\narios. Since the comparison between calibrations relies\nin part in accurately estimating the uncertainties in the\nmodel parameters, in Sect. IV we take the opportunity\nto go beyond previous calibration analyses (which were\nbased on bootstrap methods) by introducing Markov\nChain Monte Carlo (MCMC) based methods for calib-\nrating the VOS model. Finally, our conclusions and a\nshort outlook discussion can be found in Sect. V.\nII. SIMULATION SETUP AND\nMETHODOLOGY\nThere are two possible methods for simulating cosmic\nstring networks in an expan",
        "page": 2,
        "link": "https://ui.adsabs.harvard.edu/link_gateway/2020PhRvD.102d3503C/EPRINT_PDF",
        "title": "Quantifying the effect of cooled initial conditions on cosmic string network evolution"
    },
    "2020PhRvD.102d3503C_page_2_chunk_2": {
        "text": ". Finally, our conclusions and a\nshort outlook discussion can be found in Sect. V.\nII. SIMULATION SETUP AND\nMETHODOLOGY\nThere are two possible methods for simulating cosmic\nstring networks in an expanding background: either by\nconsidering the in\fnitely thin string approximated by\nthe Nambu-Goto action [16{19] or by using a \feld the-\nory discretized on a lattice [11, 13{15, 20]. While these\ntwo methods fully agree on the result that the network\nshould achieve a scaling regime (where the mean string\nlength scales linearly with time and the velocity remains\nconstant) they disagree about the speci\fc properties of\nthe regime itself, most notably about which energy loss\nmechanism is responsible for sustaining this behavior.\nNaturally, this has direct implications for observational\nsearches for cosmic strings, as well as for constraints on\nthe underlying models.\nHere we focus on the latter simulation method, follow-\ning our recent work [12, 13], to which we refer the reader\nfor a more detaile",
        "page": 2,
        "link": "https://ui.adsabs.harvard.edu/link_gateway/2020PhRvD.102d3503C/EPRINT_PDF",
        "title": "Quantifying the effect of cooled initial conditions on cosmic string network evolution"
    },
    "2020PhRvD.102d3503C_page_2_chunk_3": {
        "text": "osmic strings, as well as for constraints on\nthe underlying models.\nHere we focus on the latter simulation method, follow-\ning our recent work [12, 13], to which we refer the reader\nfor a more detailed discussion. We choose a Lagrangian\ndensity describing a U(1) locally invariant theory, where\nthe breaking of the underlying symmetry supports the\nexistence of a defect (i.e. the vacuum manifold is homo-\ntopically non-trivial). Such density can be written as,\nL=jD\u0016\u001ej2\u0000\u0015\n4(j\u001ej2\u00001)2\u00001\n4e2F\u0016\u0017F\u0016\u0017; (1)\nwhere\u001eis a complex scalar \feld, D\u0016\u001eis the gauge co-\nvariant derivative given by D\u0016=@\u0016\u0000iA\u0016A\u0016is the\ngauge \feld (the gauge coupling ehas been absorbed),\nA\u0016is the gauge \feld, the electromagnetic \feld tensor is\ngiven byF\u0016\u0017=@\u0016A\u0017\u0000@\u0017A\u0016, and\u0015andeare coup-\nling constants (for which we respectively assume the val-\nues 2 and 1, corresponding to critical strings). In the\ntemporal gauge ( A0= 0) in an expanding background\n(g\u0016\u0017=a2diag(\u00001;1;1;1)), the equations of motion are,\n\u001e+ 2_a\na_\u001e=DjDj\u001e\u0000a2\u0015\n2(j\u001ej2\u00001) (2)",
        "page": 2,
        "link": "https://ui.adsabs.harvard.edu/link_gateway/2020PhRvD.102d3503C/EPRINT_PDF",
        "title": "Quantifying the effect of cooled initial conditions on cosmic string network evolution"
    },
    "2020PhRvD.102d3503C_page_2_chunk_4": {
        "text": "val-\nues 2 and 1, corresponding to critical strings). In the\ntemporal gauge ( A0= 0) in an expanding background\n(g\u0016\u0017=a2diag(\u00001;1;1;1)), the equations of motion are,\n\u001e+ 2_a\na_\u001e=DjDj\u001e\u0000a2\u0015\n2(j\u001ej2\u00001) (2)_F0j=@jFij\u00002a2e2Im[\u001e\u0003Dj\u001e]: (3)\nIn order to avoid the problem of the string width be-\ncoming smaller than the comoving lattice as the simu-\nlation evolves, we apply the Press-Ryden-Spergel (PRS)\nprescription [14, 21] of modifying the equations of motion\nsuch that the comoving width of the strings is constant.\nThis implies the following modi\fed equations of motion:\n\u001e+ 2_a\na_\u001e=DjDj\u001e\u0000\u00150\n2(j\u001ej2\u00001) (4)\nF0j=@jFij\u0000e2\n0Im[\u001e\u0003Dj\u001e]: (5)\nNote that this implies the original coupling constants now\nhave a dependency on time\ne=e0a\u00001(6)\n\u0015=\u00150a\u00002; (7)\nwheree0and\u00150can be thought of as the physical coup-\nling parameters. For the explicit form of the discretized\nequations of motion, we refer the reader to [13].\nOur choice of simulation parameters coincides with the\none made in our previous work [13], speci\fcall",
        "page": 2,
        "link": "https://ui.adsabs.harvard.edu/link_gateway/2020PhRvD.102d3503C/EPRINT_PDF",
        "title": "Quantifying the effect of cooled initial conditions on cosmic string network evolution"
    },
    "2020PhRvD.102d3503C_page_2_chunk_5": {
        "text": "meters. For the explicit form of the discretized\nequations of motion, we refer the reader to [13].\nOur choice of simulation parameters coincides with the\none made in our previous work [13], speci\fcally with lat-\ntice spacing \u0001 x= 0:5, timestep size \u0001 t= 0:1, box size of\n5123and all simulations being evolved until the horizon\nreaches half the box size.\nFrom here we need only extract the necessary informa-\ntion about the networks which allows us to calibrate the\nVOS model. The quantities we are interested in are the\nmean velocity, denoted v=p\nhv2i, and the mean string\nseparation in comoving coordinates, denoted \u0018. In order\nto extract the velocity we use the velocity estimator from\n[15] which uses the equation of state parameter from the\nstring (calculated with pressure and hamiltonian density\nweighted by the Lagrangian),\nhv2i!=1\n2\u0012\n1 + 3P\nxpxLxP\nx\u001axLx\u0013\n; (8)\nwhereLxis the Lagrangian computed at some lattice site\nx. For computing the mean string separation we use the\nlattice discretized v",
        "page": 2,
        "link": "https://ui.adsabs.harvard.edu/link_gateway/2020PhRvD.102d3503C/EPRINT_PDF",
        "title": "Quantifying the effect of cooled initial conditions on cosmic string network evolution"
    },
    "2020PhRvD.102d3503C_page_2_chunk_6": {
        "text": "y\nweighted by the Lagrangian),\nhv2i!=1\n2\u0012\n1 + 3P\nxpxLxP\nx\u001axLx\u0013\n; (8)\nwhereLxis the Lagrangian computed at some lattice site\nx. For computing the mean string separation we use the\nlattice discretized version of the winding from [22],\n\u0018W=s\nVP\nij;xWij;x: (9)\nwhich identi\fes which lattice cells are pierced by strings:\na cell face pierced by a string has Wi;j6= 0. Again,\nfor more details we refer the reader to [13], where these\ndiagnostics have also been compared to alternative ones.",
        "page": 2,
        "link": "https://ui.adsabs.harvard.edu/link_gateway/2020PhRvD.102d3503C/EPRINT_PDF",
        "title": "Quantifying the effect of cooled initial conditions on cosmic string network evolution"
    },
    "2020PhRvD.102d3503C_page_3_chunk_1": {
        "text": "3\nIn order to apply cooling to the initial conditions we\nadd a period of gradient \row evolution to starting at\nsome timestep \u0011cool(measured in conformal time) up un-\ntil timestep \u0011= 1:0. Numerically, gradient \row evolution\nis obtained by taking the equations of motion and setting\nthe accelerations to zero,\n_\u001e=DjDj\u001e\u0000\u0015\n2(j\u001ej2\u00001) (10)\n_F0j=@jFij\u00002a2e2Im[\u001e\u0003Dj\u001e]: (11)\nThe e\u000bect of such a period of cooling is to remove the\nlarge gradients present in the initial \feld con\fguration.\nThis e\u000bect is con\frmed by observing that the thermal os-\ncillations visibly present, for low enough expansion rates,\nin the Lagrangian estimator, de\fned as\n\u0018L=s\n\u0000\u0016VP\nxLx(12)\n(whereVis the box volume and \u0016the string tension) and\nin the equation of state velocity estimator de\fned above\nin Eq. 8, also disappear, as shown in Fig. 1. Note that\nwhile in what follows we use the winding length estimator\nfor the calibration, we display in Fig. 1 the Lagrangian\nestimator precisely because this is the one for which the\ne\u000bects ",
        "page": 3,
        "link": "https://ui.adsabs.harvard.edu/link_gateway/2020PhRvD.102d3503C/EPRINT_PDF",
        "title": "Quantifying the effect of cooled initial conditions on cosmic string network evolution"
    },
    "2020PhRvD.102d3503C_page_3_chunk_2": {
        "text": "n Fig. 1. Note that\nwhile in what follows we use the winding length estimator\nfor the calibration, we display in Fig. 1 the Lagrangian\nestimator precisely because this is the one for which the\ne\u000bects of the thermal oscillations are more obvious.\nGiven that we wish to observe the e\u000bects of varying\ndegrees of cooling on the evolution of the network and\nthe corresponding e\u000bects on the parameters of the VOS\nmodel, we will take the same 12 random initial conditions\nfor each of our sets of simulations, which like in [13] we do\nfor 43 di\u000berent expansion rates. Speci\fcally we assume\npower law dependencies for the scale factor a/tm, where\ntis physical time and the constant values of mare in the\nrange [0:50;0:95] (and are explicitly given in the next\nsection). The radiation and matter era cases correspond\nto the choices m= 1=2 andm= 2=3, and are among the\nsimulated expansion rates.\nWe simulate each of these sets under three di\u000berent\ncooling scenarios:\n\u000fThe standard case, without any arti\fcial co",
        "page": 3,
        "link": "https://ui.adsabs.harvard.edu/link_gateway/2020PhRvD.102d3503C/EPRINT_PDF",
        "title": "Quantifying the effect of cooled initial conditions on cosmic string network evolution"
    },
    "2020PhRvD.102d3503C_page_3_chunk_3": {
        "text": "espond\nto the choices m= 1=2 andm= 2=3, and are among the\nsimulated expansion rates.\nWe simulate each of these sets under three di\u000berent\ncooling scenarios:\n\u000fThe standard case, without any arti\fcial cooling\napplied, where the simulations start at our canon-\nical choice of conformal time \u0011= 1; for simplicity,\nin what follows we refer this as the Hotcase.\n\u000fA small amount of cooling, with initial condi-\ntions chosen such that the gradient \row dissipation\nperiod starts at an e\u000bective \u0011cool=\u000010:0 and ends\nat\u0011= 1; in what follows we refer to this as the\nWarm case.\n\u000fA more signi\fcant amount of cooling, with initial\nconditions chosen such that the gradient \row dis-\nsipation period starts at an e\u000bective \u0011cool=\u000050:0\nand ends at \u0011= 1; in what follows we refer to this\nas the Cold case.We emphasize that in all cases the cosmological evolu-\ntion starts only at \u0011= 1:0, and this evolution is exactly\nthe same for all 43 expansion rates. The only di\u000berence\nis therefore in the initial condition boxes at \u0011",
        "page": 3,
        "link": "https://ui.adsabs.harvard.edu/link_gateway/2020PhRvD.102d3503C/EPRINT_PDF",
        "title": "Quantifying the effect of cooled initial conditions on cosmic string network evolution"
    },
    "2020PhRvD.102d3503C_page_3_chunk_4": {
        "text": " in all cases the cosmological evolu-\ntion starts only at \u0011= 1:0, and this evolution is exactly\nthe same for all 43 expansion rates. The only di\u000berence\nis therefore in the initial condition boxes at \u0011= 1:0, in-\ncluding the amount of radiation in each of them, which\nis expected to depend on the amount of cooling. It is for\nthis period of cosmological evolution that we present the\nresults in the following sections.\nIII. COMPARING CALIBRATIONS\nOur Abelian-Higgs string simulations can be used to\ncalibrate the VOS model [9], an extension of which has\nrecently been discussed in [13]. Its evolution equations\nare\n2dL\ndt= 2HL(1 +v2) +F(v) (13)\ndv\ndt=\u0012\n1\u0000v2\u0013\u0012k(v)\nL\u00002Hv\u0013\n(14)\nwhereLis the average correlation length (or equivalently\nwithin the one-scale approximation, the string separa-\ntion) andvthe root-mean square velocity of a network\nof cosmic strings, His the Hubble parameter, tis physical\ntime, andk(v) andF(v) are two velocity-dependent para-\nmeters, respectively known as the momentum param",
        "page": 3,
        "link": "https://ui.adsabs.harvard.edu/link_gateway/2020PhRvD.102d3503C/EPRINT_PDF",
        "title": "Quantifying the effect of cooled initial conditions on cosmic string network evolution"
    },
    "2020PhRvD.102d3503C_page_3_chunk_5": {
        "text": "root-mean square velocity of a network\nof cosmic strings, His the Hubble parameter, tis physical\ntime, andk(v) andF(v) are two velocity-dependent para-\nmeters, respectively known as the momentum parameter\n(which encodes small-scale structure on the strings) and\nthe energy loss term|where energy loss is understood\nto refer to physical mechanism other than Hubble damp-\ning. The momentum parameter, originally assumed to\nhave the semi-analytic form [23]\nk(v) =2p\n2\n\u00191\u00008v6\n1 + 8v6(15)\nhas been extended to [24]\nk(v) =k01\u0000(qv2)\f\n1 + (qv2)\f: (16)\nwherek0,qand\fare free parameters to be determined\nfrom numerical simulations. Clearly there will be some\ndegeneracies between these parameters, which can only\nbe broken by using considerable numbers of simulations,\nand speci\fcally by having simulations with di\u000berent ex-\npansion rates m, which will \resh out the velocity de-\npendence of the various physical mechanisms impacting\nthe evolution of the network.\nSimilarly, the energy loss function was extende",
        "page": 3,
        "link": "https://ui.adsabs.harvard.edu/link_gateway/2020PhRvD.102d3503C/EPRINT_PDF",
        "title": "Quantifying the effect of cooled initial conditions on cosmic string network evolution"
    },
    "2020PhRvD.102d3503C_page_3_chunk_6": {
        "text": "h di\u000berent ex-\npansion rates m, which will \resh out the velocity de-\npendence of the various physical mechanisms impacting\nthe evolution of the network.\nSimilarly, the energy loss function was extended to take\ninto account two components,\nF(v) =cv+d[k0\u0000k(v)]r(17)\nwhere the linear term describes energy losses occurring\nthrough loop production while the second term is asso-\nciated with losses by radiative processes (in other words,",
        "page": 3,
        "link": "https://ui.adsabs.harvard.edu/link_gateway/2020PhRvD.102d3503C/EPRINT_PDF",
        "title": "Quantifying the effect of cooled initial conditions on cosmic string network evolution"
    },
    "2020PhRvD.102d3503C_page_4_chunk_1": {
        "text": "4\n0 20 40 60 80 100 120\nη01020304050ξL\n0 20 40 60 80 100 120\nη0.00.10.20.30.40.50.60.7/angbracketleftv2\nω/angbracketright\n0 20 40 60 80 100 120\nη1020304050ξL\n0 20 40 60 80 100 120\nη0.00.10.20.30.40.50.60.7/angbracketleftv2\nω/angbracketright\n0 20 40 60 80 100 120\nη2025303540455055ξL\n0 20 40 60 80 100 120\nη0.00.10.20.30.40.50.60.7/angbracketleftv2\nω/angbracketright\nFigure 1. The evolution of mean string separation according to the Lagrangian estimator (left panels) and the mean velocity\nsquared according to equation of state estimator (right panels), averaged for sets of 12 runs at each expansion rate in the range\n[0:50;0:95]. The top panel shows the results for the Hot case (standard case, without cooling), while the middle and bottom\npanels show the Warm and Cold cases. Low expansion rates are at the top of the panels while high expansion rates are at the\nbottom of the panels. All simulations have box sizes 5123with constant comoving width (PRS algorithm).",
        "page": 4,
        "link": "https://ui.adsabs.harvard.edu/link_gateway/2020PhRvD.102d3503C/EPRINT_PDF",
        "title": "Quantifying the effect of cooled initial conditions on cosmic string network evolution"
    },
    "2020PhRvD.102d3503C_page_4_chunk_2": {
        "text": " are at the top of the panels while high expansion rates are at the\nbottom of the panels. All simulations have box sizes 5123with constant comoving width (PRS algorithm).",
        "page": 4,
        "link": "https://ui.adsabs.harvard.edu/link_gateway/2020PhRvD.102d3503C/EPRINT_PDF",
        "title": "Quantifying the effect of cooled initial conditions on cosmic string network evolution"
    },
    "2020PhRvD.102d3503C_page_5_chunk_1": {
        "text": "5\nscalar and gauge radiation). Again, d,randcare free-\nparameters. Thus this extended VOS model has a total\nof 6 free parameters, but as our previous work demon-\nstrates [13] (and will be further illustrated below) extant\nsimulations can provide a calibration for all of them.\nFor our present purposes we convert the VOS to co-\nmoving coordinates, which are the ones used in the nu-\nmerical simulations,\nd\u0018\nd\u0011=m\n(1\u0000m)\u0011v2+F(v) (18)\ndv\nd\u0011= (1\u0000v2)\u0014k(v)\n\u0018\u00002mv\n(1\u0000m)\u0011\u0015\n(19)\nWe generically expect the following scaling laws\n\u0018/(\u0011\u0000\u00110)\u0016(20)\nv/\u0011\u0017; (21)\nwith the scaling exponents having the speci\fc values of\n\u0016= 1 and\u0017= 0 once the network has reached the scaling\nregime. The quality of scaling is also measured from the\nscaling exponents \u0016and\u0017, with the \ftting range chosen\nin order to ensure that they are as close as possible to the\nasymptotic scaling values, for as many expansion rates\nas possible (the limiting factor is the scaling of the ve-\nlocities, which typically di\u000ber maximally by about ten\npercen",
        "page": 5,
        "link": "https://ui.adsabs.harvard.edu/link_gateway/2020PhRvD.102d3503C/EPRINT_PDF",
        "title": "Quantifying the effect of cooled initial conditions on cosmic string network evolution"
    },
    "2020PhRvD.102d3503C_page_5_chunk_2": {
        "text": "close as possible to the\nasymptotic scaling values, for as many expansion rates\nas possible (the limiting factor is the scaling of the ve-\nlocities, which typically di\u000ber maximally by about ten\npercent). For the Hot case we rely on the data already\nreported in [13] (where the \ftting range \u00112[80;128]\nwas used), while for the Warm and Cold cases we report\nthe result of new production runs with a more narrow\n\ftting range \u00112[100;128]. The fact that the network\ntakes longer to reach scaling in the presence of cooling\nmay seem counter-intuitive, but it comes from the re-\nquirement that both exponents ( \u0016and\u0017) are su\u000eciently\nclose to the scaling values: while the mean string sep-\naration does reach scaling faster when cooling is applied\n(in agreement with previous reports in the literature) we\n\fnd that this is not the case for the velocities. The rel-\nevant scaling exponents and network parameters of these\nsimulations are listed in Table III and Table III, where\nfor convenience we have de\fned",
        "page": 5,
        "link": "https://ui.adsabs.harvard.edu/link_gateway/2020PhRvD.102d3503C/EPRINT_PDF",
        "title": "Quantifying the effect of cooled initial conditions on cosmic string network evolution"
    },
    "2020PhRvD.102d3503C_page_5_chunk_3": {
        "text": "d that this is not the case for the velocities. The rel-\nevant scaling exponents and network parameters of these\nsimulations are listed in Table III and Table III, where\nfor convenience we have de\fned\n\u000f=\u0018\n(1\u0000m)(\u0011\u0000\u00110): (22)\nThese allow us to obtain the calibrated paramet-\ners from the measured quantities from the simulations\n(which are summarized in the top panels of Fig. 2), us-\ning standard bootstrap methods as described in [13, 24].\nThe results of this analysis for our three cooling scenarios\nare summarized in Table III. Additionally, one can also\ninvert the VOS equations to obtain expressions for the\nmomentum parameter or the energy loss function,\nF(v) = 2\u000f[1\u0000m(1\u0000v2\n0)] (23)m\u0016 \u0017 \u000fp\nhv2i\n0.5 0.005\u00060.001 0.130\u00060.006 0.572\u00060.049 0.553\u00060.012\n0.51 0.004\u00060.001 0.121\u00060.006 0.581\u00060.047 0.550\u00060.012\n0.52 0.004\u00060.001 0.120\u00060.006 0.595\u00060.049 0.548\u00060.012\n0.53 0.004\u00060.001 0.118\u00060.006 0.606\u00060.051 0.545\u00060.013\n0.54 0.004\u00060.001 0.121\u00060.006 0.621\u00060.050 0.543\u00060.012\n0.55 0.004\u00060.001 0.134\u00060.006 0.639\u00060.",
        "page": 5,
        "link": "https://ui.adsabs.harvard.edu/link_gateway/2020PhRvD.102d3503C/EPRINT_PDF",
        "title": "Quantifying the effect of cooled initial conditions on cosmic string network evolution"
    },
    "2020PhRvD.102d3503C_page_5_chunk_4": {
        "text": "012\n0.52 0.004\u00060.001 0.120\u00060.006 0.595\u00060.049 0.548\u00060.012\n0.53 0.004\u00060.001 0.118\u00060.006 0.606\u00060.051 0.545\u00060.013\n0.54 0.004\u00060.001 0.121\u00060.006 0.621\u00060.050 0.543\u00060.012\n0.55 0.004\u00060.001 0.134\u00060.006 0.639\u00060.051 0.541\u00060.012\n0.56 0.004\u00060.001 0.141\u00060.005 0.652\u00060.051 0.538\u00060.012\n0.57 0.004\u00060.001 0.142\u00060.006 0.669\u00060.051 0.534\u00060.013\n0.58 0.004\u00060.001 0.139\u00060.006 0.689\u00060.053 0.531\u00060.014\n0.59 0.004\u00060.001 0.144\u00060.007 0.705\u00060.054 0.526\u00060.014\n0.6 0.003\u00060.001 0.154\u00060.006 0.725\u00060.053 0.523\u00060.014\n0.61 0.003\u00060.001 0.159\u00060.007 0.741\u00060.054 0.519\u00060.014\n0.62 0.004\u00060.001 0.163\u00060.007 0.755\u00060.056 0.514\u00060.014\n0.63 0.003\u00060.001 0.167\u00060.007 0.769\u00060.052 0.509\u00060.015\n0.64 0.004\u00060.001 0.157\u00060.008 0.789\u00060.058 0.503\u00060.015\n0.6(6) 0.004\u00060.001 0.165\u00060.009 0.834\u00060.064 0.487\u00060.016\n0.68 0.004\u00060.001 0.182\u00060.009 0.870\u00060.062 0.480\u00060.016\n0.69 0.004\u00060.001 0.182\u00060.010 0.895\u00060.064 0.473\u00060.016\n0.7 0.004\u00060.001 0.166\u00060.011 0.918\u00060.065 0.466\u00060.016\n0.71 0.004\u00060.001 0.134\u00060.013 0.942\u00060.066 0.459\u00060.016\n0.72 0.004\u00060.001 0.105\u00060.014 0.974\u00060.071 0",
        "page": 5,
        "link": "https://ui.adsabs.harvard.edu/link_gateway/2020PhRvD.102d3503C/EPRINT_PDF",
        "title": "Quantifying the effect of cooled initial conditions on cosmic string network evolution"
    },
    "2020PhRvD.102d3503C_page_5_chunk_5": {
        "text": "0.69 0.004\u00060.001 0.182\u00060.010 0.895\u00060.064 0.473\u00060.016\n0.7 0.004\u00060.001 0.166\u00060.011 0.918\u00060.065 0.466\u00060.016\n0.71 0.004\u00060.001 0.134\u00060.013 0.942\u00060.066 0.459\u00060.016\n0.72 0.004\u00060.001 0.105\u00060.014 0.974\u00060.071 0.452\u00060.017\n0.73 0.004\u00060.001 0.092\u00060.014 1.003\u00060.073 0.445\u00060.016\n0.74 0.004\u00060.001 0.073\u00060.014 1.037\u00060.075 0.438\u00060.016\n0.75 0.004\u00060.001 0.074\u00060.015 1.078\u00060.083 0.431\u00060.017\n0.76 0.004\u00060.001 0.053\u00060.014 1.119\u00060.082 0.424\u00060.016\n0.77 0.004\u00060.001 0.036\u00060.016 1.160\u00060.084 0.417\u00060.015\n0.78 0.004\u00060.001 0.020\u00060.017 1.203\u00060.085 0.408\u00060.016\n0.8 0.004\u00060.001 0.038\u00060.018 1.295\u00060.093 0.390\u00060.017\n0.82 0.004\u00060.001 0.067\u00060.019 1.407\u00060.100 0.371\u00060.016\n0.83 0.003\u00060.001 0.087\u00060.018 1.469\u00060.098 0.361\u00060.015\n0.84 0.003\u00060.001 0.092\u00060.019 1.534\u00060.104 0.351\u00060.014\n0.85 0.003\u00060.001 0.122\u00060.017 1.598\u00060.110 0.340\u00060.013\n0.86 0.003\u00060.001 0.140\u00060.016 1.663\u00060.117 0.328\u00060.013\n0.87 0.003\u00060.001 0.158\u00060.014 1.736\u00060.125 0.317\u00060.012\n0.88 0.003\u00060.001 0.161\u00060.016 1.824\u00060.127 0.303\u00060.011\n0.89 0.003\u00060.001 0.147\u00060.016 1.928\u00060.127 0.291\u00060",
        "page": 5,
        "link": "https://ui.adsabs.harvard.edu/link_gateway/2020PhRvD.102d3503C/EPRINT_PDF",
        "title": "Quantifying the effect of cooled initial conditions on cosmic string network evolution"
    },
    "2020PhRvD.102d3503C_page_5_chunk_6": {
        "text": "003\u00060.001 0.140\u00060.016 1.663\u00060.117 0.328\u00060.013\n0.87 0.003\u00060.001 0.158\u00060.014 1.736\u00060.125 0.317\u00060.012\n0.88 0.003\u00060.001 0.161\u00060.016 1.824\u00060.127 0.303\u00060.011\n0.89 0.003\u00060.001 0.147\u00060.016 1.928\u00060.127 0.291\u00060.011\n0.9 0.003\u00060.001 0.145\u00060.015 2.043\u00060.128 0.278\u00060.01\n0.91 0.003\u00060.001 0.127\u00060.013 2.176\u00060.152 0.263\u00060.009\n0.92 0.004\u00060.001 0.095\u00060.011 2.339\u00060.181 0.249\u00060.008\n0.93 0.004\u00060.001 0.093\u00060.011 2.544\u00060.204 0.234\u00060.007\n0.94 0.003\u00060.001 0.096\u00060.009 2.820\u00060.199 0.218\u00060.005\n0.95 0.002\u00060.001 0.081\u00060.009 3.190\u00060.183 0.202\u00060.004\nTable I. Scaling exponents \u0016and\u0017and network parameters\nused for VOS calibration for the Warm initial conditions case.\nOne-sigma statistical uncertainties, from averaging sets of 12\nsimulations, are reported throughout.\nk(v) = 2m\u000fv 0 (24)\nand directly obtain both functions from the simulation",
        "page": 5,
        "link": "https://ui.adsabs.harvard.edu/link_gateway/2020PhRvD.102d3503C/EPRINT_PDF",
        "title": "Quantifying the effect of cooled initial conditions on cosmic string network evolution"
    },
    "2020PhRvD.102d3503C_page_5_chunk_7": {
        "text": "he simulation",
        "page": 5,
        "link": "https://ui.adsabs.harvard.edu/link_gateway/2020PhRvD.102d3503C/EPRINT_PDF",
        "title": "Quantifying the effect of cooled initial conditions on cosmic string network evolution"
    },
    "2020PhRvD.102d3503C_page_6_chunk_1": {
        "text": "6\nm\u0016 \u0017 \u000fp\nhv2i\n0.5 0.005\u00060.001 0.085\u00060.003 0.560\u00060.047 0.542\u00060.012\n0.51 0.005\u00060.001 0.082\u00060.004 0.572\u00060.047 0.539\u00060.012\n0.52 0.005\u00060.001 0.086\u00060.004 0.585\u00060.049 0.536\u00060.013\n0.53 0.005\u00060.001 0.090\u00060.004 0.597\u00060.051 0.532\u00060.013\n0.54 0.005\u00060.001 0.093\u00060.004 0.610\u00060.053 0.529\u00060.013\n0.55 0.005\u00060.001 0.096\u00060.004 0.626\u00060.054 0.526\u00060.014\n0.56 0.005\u00060.001 0.101\u00060.004 0.640\u00060.055 0.522\u00060.015\n0.57 0.005\u00060.001 0.099\u00060.004 0.657\u00060.057 0.518\u00060.015\n0.58 0.005\u00060.001 0.103\u00060.004 0.673\u00060.057 0.514\u00060.015\n0.59 0.005\u00060.001 0.104\u00060.004 0.688\u00060.058 0.510\u00060.015\n0.6 0.005\u00060.001 0.106\u00060.004 0.705\u00060.061 0.506\u00060.016\n0.61 0.005\u00060.001 0.105\u00060.005 0.723\u00060.061 0.502\u00060.016\n0.62 0.005\u00060.001 0.107\u00060.005 0.741\u00060.063 0.497\u00060.016\n0.63 0.005\u00060.001 0.108\u00060.005 0.757\u00060.062 0.492\u00060.016\n0.64 0.005\u00060.001 0.110\u00060.005 0.774\u00060.064 0.486\u00060.016\n0.6(6) 0.005\u00060.001 0.107\u00060.005 0.833\u00060.066 0.472\u00060.016\n0.68 0.004\u00060.001 0.105\u00060.005 0.864\u00060.068 0.464\u00060.016\n0.69 0.004\u00060.001 0.112\u00060.005 0.889\u00060.070 0.458\u00060.016\n0.7 0.004\u00060.001 0.110\u00060.005 0.9",
        "page": 6,
        "link": "https://ui.adsabs.harvard.edu/link_gateway/2020PhRvD.102d3503C/EPRINT_PDF",
        "title": "Quantifying the effect of cooled initial conditions on cosmic string network evolution"
    },
    "2020PhRvD.102d3503C_page_6_chunk_2": {
        "text": "6\u00060.016\n0.6(6) 0.005\u00060.001 0.107\u00060.005 0.833\u00060.066 0.472\u00060.016\n0.68 0.004\u00060.001 0.105\u00060.005 0.864\u00060.068 0.464\u00060.016\n0.69 0.004\u00060.001 0.112\u00060.005 0.889\u00060.070 0.458\u00060.016\n0.7 0.004\u00060.001 0.110\u00060.005 0.916\u00060.071 0.452\u00060.017\n0.71 0.004\u00060.001 0.108\u00060.006 0.943\u00060.071 0.445\u00060.016\n0.72 0.004\u00060.001 0.113\u00060.005 0.973\u00060.075 0.438\u00060.017\n0.73 0.004\u00060.001 0.114\u00060.005 1.005\u00060.075 0.431\u00060.017\n0.74 0.004\u00060.001 0.107\u00060.006 1.035\u00060.076 0.423\u00060.017\n0.75 0.004\u00060.001 0.108\u00060.006 1.067\u00060.077 0.415\u00060.017\n0.76 0.004\u00060.001 0.108\u00060.006 1.101\u00060.078 0.407\u00060.018\n0.77 0.004\u00060.001 0.111\u00060.006 1.137\u00060.082 0.398\u00060.017\n0.78 0.004\u00060.001 0.112\u00060.006 1.177\u00060.084 0.390\u00060.016\n0.8 0.003\u00060.001 0.122\u00060.006 1.266\u00060.088 0.372\u00060.016\n0.82 0.003\u00060.001 0.152\u00060.007 1.362\u00060.092 0.353\u00060.015\n0.83 0.003\u00060.001 0.168\u00060.008 1.414\u00060.096 0.343\u00060.015\n0.84 0.003\u00060.001 0.197\u00060.008 1.470\u00060.100 0.332\u00060.014\n0.85 0.003\u00060.001 0.212\u00060.008 1.529\u00060.105 0.321\u00060.014\n0.86 0.003\u00060.001 0.216\u00060.008 1.591\u00060.110 0.309\u00060.013\n0.87 0.003\u00060.001 0.222\u00060.007 1.656\u00060.1",
        "page": 6,
        "link": "https://ui.adsabs.harvard.edu/link_gateway/2020PhRvD.102d3503C/EPRINT_PDF",
        "title": "Quantifying the effect of cooled initial conditions on cosmic string network evolution"
    },
    "2020PhRvD.102d3503C_page_6_chunk_3": {
        "text": "15\n0.84 0.003\u00060.001 0.197\u00060.008 1.470\u00060.100 0.332\u00060.014\n0.85 0.003\u00060.001 0.212\u00060.008 1.529\u00060.105 0.321\u00060.014\n0.86 0.003\u00060.001 0.216\u00060.008 1.591\u00060.110 0.309\u00060.013\n0.87 0.003\u00060.001 0.222\u00060.007 1.656\u00060.115 0.298\u00060.012\n0.88 0.003\u00060.001 0.228\u00060.007 1.729\u00060.120 0.285\u00060.011\n0.89 0.003\u00060.001 0.234\u00060.006 1.812\u00060.127 0.272\u00060.010\n0.9 0.003\u00060.001 0.228\u00060.006 1.908\u00060.136 0.259\u00060.009\n0.91 0.003\u00060.001 0.227\u00060.005 2.016\u00060.154 0.245\u00060.008\n0.92 0.003\u00060.001 0.228\u00060.004 2.147\u00060.166 0.230\u00060.007\n0.93 0.003\u00060.001 0.221\u00060.003 2.311\u00060.177 0.215\u00060.006\n0.94 0.003\u00060.001 0.227\u00060.003 2.517\u00060.185 0.200\u00060.005\n0.95 0.002\u00060.001 0.240\u00060.003 2.774\u00060.184 0.183\u00060.004\nTable II. Scaling exponents \u0016and\u0017and network parameters\nused for VOS calibration for the Cold initial conditions case.\nOne-sigma statistical uncertainties, from averaging sets of 12\nsimulations, are reported throughout.\noutputs; these are shown in the bottom panels of Fig. 2.\nNote that while re-writing the VOS model in the more\ncompact form above we are intere",
        "page": 6,
        "link": "https://ui.adsabs.harvard.edu/link_gateway/2020PhRvD.102d3503C/EPRINT_PDF",
        "title": "Quantifying the effect of cooled initial conditions on cosmic string network evolution"
    },
    "2020PhRvD.102d3503C_page_6_chunk_4": {
        "text": "veraging sets of 12\nsimulations, are reported throughout.\noutputs; these are shown in the bottom panels of Fig. 2.\nNote that while re-writing the VOS model in the more\ncompact form above we are interested in the slope of \u0011for\nmodel calibration purposes, and this is approximated tra-ditionally by \u0018=\u0011. In our case, in the quantitative \ftting\nto the simulation data we use the generalized de\fnition\n\u0018=(\u0011\u0000\u00110) which, given the expected scaling law of our\nsimulations \u0011/(\u0011\u0000\u00110) requires an initial conditions\ndependent o\u000bset \u00110.\nThe results are in agreement with expectations, con-\nsidering that the main dynamical e\u000bect of the cooling is\nto remove the thermal oscillations. Indeed in the Warm\ncase (where cooling is just enough to remove the oscil-\nlations present in the Lagrangian estimator), we can ex-\npect the calibration to remain mostly unchanged with\npossibly better agreement between model prediction and\nmeasured values. Overall we do see this, and the e\u000bects\non the calibrated VOS model parame",
        "page": 6,
        "link": "https://ui.adsabs.harvard.edu/link_gateway/2020PhRvD.102d3503C/EPRINT_PDF",
        "title": "Quantifying the effect of cooled initial conditions on cosmic string network evolution"
    },
    "2020PhRvD.102d3503C_page_6_chunk_5": {
        "text": "-\npect the calibration to remain mostly unchanged with\npossibly better agreement between model prediction and\nmeasured values. Overall we do see this, and the e\u000bects\non the calibrated VOS model parameters are not statist-\nically signi\fcant, considering that there are degeneracies\nin the model parameters and that the estimate of these\nparameter uncertainties may be somewhat optimistic (in\nother words, the error bars in Table III may be under-\nestimated). We will revisit this issue in the following\nsection.\nOn the other hand, in the Cold case the di\u000berences\nare clear and statistically signi\fcant. For example the\namount of small-scale structure on the strings is reduced,\nwhich is manifest both by looking at animations of these\nsimulations or, more quantitatively, in the fact that the\nk0parameter is reduced to below unity: indeed in the\nHot, Warm and Cool cases the best-\ft values of k0are\nrespectively 1.37, 1.21 and 0.97. Note that this is a subtle\ne\u000bect that may be missed in lower resolut",
        "page": 6,
        "link": "https://ui.adsabs.harvard.edu/link_gateway/2020PhRvD.102d3503C/EPRINT_PDF",
        "title": "Quantifying the effect of cooled initial conditions on cosmic string network evolution"
    },
    "2020PhRvD.102d3503C_page_6_chunk_6": {
        "text": "ter is reduced to below unity: indeed in the\nHot, Warm and Cool cases the best-\ft values of k0are\nrespectively 1.37, 1.21 and 0.97. Note that this is a subtle\ne\u000bect that may be missed in lower resolution simulations,\nsince the average velocities are not signi\fcantly a\u000bected,\nand even the e\u000bects of the string density (or characteristic\nlength) are not dramatic.\nIt's also interesting to note that the \ftted value of\nthe loop chopping parameter cclearly increases with the\namount of cooling: from c= 0:34 in the hot case to\nc= 0:56 in the cold case. Again this is to be expected, if\none recalls that the energy loss term contains two terms\n(with di\u000berent velocity dependencies) which model loop\nproduction and radiation losses. We therefore interpret\nthis as an indication that the analytic model is correctly\nidentifying the reduced amount of radiation in the box\n(through its e\u000bects on the string velocities) and therefore\nprefers a larger loop production term. In other words,\nthis suggests that a",
        "page": 6,
        "link": "https://ui.adsabs.harvard.edu/link_gateway/2020PhRvD.102d3503C/EPRINT_PDF",
        "title": "Quantifying the effect of cooled initial conditions on cosmic string network evolution"
    },
    "2020PhRvD.102d3503C_page_6_chunk_7": {
        "text": "correctly\nidentifying the reduced amount of radiation in the box\n(through its e\u000bects on the string velocities) and therefore\nprefers a larger loop production term. In other words,\nthis suggests that at least qualitatively this modelling\napproach is appropriate.\nIV. AN IMPROVED CALIBRATION PIPELINE\nThe calibration of the VOS model, in its extended six-\nparameter version, is a non-trivial statistical task. For\nthis reason, and in preparation for a larger set of 40963\nand 81923simulations that are currently in progress, we\nhave also done robustness tests and implemented exten-\nsions of our model calibration pipeline. In this section\nwe describe these in more detail. As a speci\fc test of the\nnew methodology, we discuss its impact one the conclu-\nsions of the analysis in the previous section, which has",
        "page": 6,
        "link": "https://ui.adsabs.harvard.edu/link_gateway/2020PhRvD.102d3503C/EPRINT_PDF",
        "title": "Quantifying the effect of cooled initial conditions on cosmic string network evolution"
    },
    "2020PhRvD.102d3503C_page_6_chunk_8": {
        "text": "hich has",
        "page": 6,
        "link": "https://ui.adsabs.harvard.edu/link_gateway/2020PhRvD.102d3503C/EPRINT_PDF",
        "title": "Quantifying the effect of cooled initial conditions on cosmic string network evolution"
    },
    "2020PhRvD.102d3503C_page_7_chunk_1": {
        "text": "7\nCase d r \f k 0 q c Reference\nHot 0.21\u00060.01 1.85\u00060.11 1.46\u00060.07 1.37\u00060.07 2.30\u00060.04 0.34\u00060.02 [13]\nWarm 0.26\u00060.01 1.58\u00060.10 1.29\u00060.06 1.21\u00060.06 2.05\u00060.04 0.36\u00060.03 This work\nCold 0.17\u00060.01 1.64\u00060.09 1.91\u00060.03 0.97\u00060.03 2.38\u00060.02 0.56\u00060.01 This work\nTable III. Calibrated VOS model parameters for our three cooling scenarios: Hot (standard), Warm and Cold initial conditions.\nThese were obtained through the previously used bootstrap methods.\n0.5 0.6 0.7 0.8 0.9 1.0\nm0.20.30.40.50.60.7υ\nRad\nMatHot (standard) initial conditions\nWarm initial conditions\nCold initial conditions\n0.5 0.6 0.7 0.8 0.9 1.0\nm0.150.200.250.300.350.40ξ/η\nRad\nMatHot (standard) initial conditions\nWarm initial conditions\nCold initial conditions\n0.1 0.2 0.3 0.4 0.5 0.6\nv0.20.40.60.81.01.21.4k(v)\nRadMat\nHot (standard) initial conditions\nWarm initial conditions\nCold initial conditions\n0.1 0.2 0.3 0.4 0.5 0.6\nv0.10.20.30.40.5F(v)\nRadMatHot (standard) initial conditions\nWarm initial conditions\nCooled initial conditions\nFigure",
        "page": 7,
        "link": "https://ui.adsabs.harvard.edu/link_gateway/2020PhRvD.102d3503C/EPRINT_PDF",
        "title": "Quantifying the effect of cooled initial conditions on cosmic string network evolution"
    },
    "2020PhRvD.102d3503C_page_7_chunk_2": {
        "text": "conditions\nWarm initial conditions\nCold initial conditions\n0.1 0.2 0.3 0.4 0.5 0.6\nv0.10.20.30.40.5F(v)\nRadMatHot (standard) initial conditions\nWarm initial conditions\nCooled initial conditions\nFigure 2. Top panels: the string network average velocity and dimensionless comoving string separation, v=p\nhv2iand\n\u0018=\u0011, respectively in the left and right panels, for the three cooling scenarios. Bottom panels: The momentum parameter and\nthe energy loss function (left and right panels respectively) for the same cooling scenarios. In all cases the error bars are the\nstatistical uncertainties from averaging over 12 simulations with di\u000berent initial conditions, and the solid line is is the prediction\nfrom the VOS model, with the calibrated parameters listed in Table III. For convenience the values corresponding to simulations\nin the radiation and matter eras have been highlighted.\nbeen done with our previous pipeline.\nA. Uncertainty propagation\nIn our previous pipeline the VOS model parameters\nwer",
        "page": 7,
        "link": "https://ui.adsabs.harvard.edu/link_gateway/2020PhRvD.102d3503C/EPRINT_PDF",
        "title": "Quantifying the effect of cooled initial conditions on cosmic string network evolution"
    },
    "2020PhRvD.102d3503C_page_7_chunk_3": {
        "text": "responding to simulations\nin the radiation and matter eras have been highlighted.\nbeen done with our previous pipeline.\nA. Uncertainty propagation\nIn our previous pipeline the VOS model parameters\nwere obtained by bootstrap methods. This relied on the\naverage values of the string separation (or density) and\nvelocity, with the averages being over each set of 12 sim-ulations, but this did not explicitly take into account\nthe uncertainties in these averages (that is, the stand-\nard deviations). While these uncertainties are typically\nsmall, they are not independent of the expansion rate:\nspeci\fcally, for \u000fthey grow with m, while for the velocit-\nies the behaviour is less uniform. It is therefore import-\nant to check whether these uncertainties impact the res-\nults, especially considering that one expects degeneracies\nbetween some of the parameters.",
        "page": 7,
        "link": "https://ui.adsabs.harvard.edu/link_gateway/2020PhRvD.102d3503C/EPRINT_PDF",
        "title": "Quantifying the effect of cooled initial conditions on cosmic string network evolution"
    },
    "2020PhRvD.102d3503C_page_7_chunk_4": {
        "text": " one expects degeneracies\nbetween some of the parameters.",
        "page": 7,
        "link": "https://ui.adsabs.harvard.edu/link_gateway/2020PhRvD.102d3503C/EPRINT_PDF",
        "title": "Quantifying the effect of cooled initial conditions on cosmic string network evolution"
    },
    "2020PhRvD.102d3503C_page_8_chunk_1": {
        "text": "8\nThus the \frst of our pipeline improvements is the intro-\nduction of full uncertainty propagation for the values of\nthe string separation and velocity. For each of these the\naverage and standard deviation obtained from the sets of\nsimulations are input into an array from the uncertainties\nPython package. Moreover, we also statistically compute\nthe o\u000bset\u00110for each run and, at each expansion rate, the\nmean o\u000bset and the standard deviation are stored in a\nsimilar array. From this point onward, the uncertainties\nare propagated automatically via this package, which is\nboth more convenient and less error-prone.\nWe show the updated plots with this uncertainties in\nthe top panels of Fig. 3. The calibrated parameters ob-\ntained with this analysis method are listed in Table IV,\nwhile the momentum parameter and the energy loss func-\ntion are shown in the bottom panels of Fig. 3. Broadly\nspeaking the uncertainties in \u0018=(\u0011\u0000\u00110) increase and the\nuncertainties of F(v) become larger at smaller expansi",
        "page": 8,
        "link": "https://ui.adsabs.harvard.edu/link_gateway/2020PhRvD.102d3503C/EPRINT_PDF",
        "title": "Quantifying the effect of cooled initial conditions on cosmic string network evolution"
    },
    "2020PhRvD.102d3503C_page_8_chunk_2": {
        "text": "arameter and the energy loss func-\ntion are shown in the bottom panels of Fig. 3. Broadly\nspeaking the uncertainties in \u0018=(\u0011\u0000\u00110) increase and the\nuncertainties of F(v) become larger at smaller expansion\nrates, while they are reduced at high expansion rates.\nOverall the conclusions taken in the previous section\nremain largely unchanged, especially for the more dir-\nectly relevant parameters c,dandk0. Comparing Table\nIV with Table III we see that the changes are relatively\nsmall, and mostly within one or two standard deviations,\nalthough they tend to be slightly larger in the Cold case\nthan in the Hot case. That said, the uncertainties in\nsome of the model parameters actually decrease. While\nthis can happen in our case due to correlations between\nseveral model parameters, this also suggests that a more\nrobust calibration procedure and model parameter un-\ncertainty estimation is desirable. We address this in the\nfollowing sub-section.\nB. Bayesian Inference\nIn order to improve the VOS cali",
        "page": 8,
        "link": "https://ui.adsabs.harvard.edu/link_gateway/2020PhRvD.102d3503C/EPRINT_PDF",
        "title": "Quantifying the effect of cooled initial conditions on cosmic string network evolution"
    },
    "2020PhRvD.102d3503C_page_8_chunk_3": {
        "text": "that a more\nrobust calibration procedure and model parameter un-\ncertainty estimation is desirable. We address this in the\nfollowing sub-section.\nB. Bayesian Inference\nIn order to improve the VOS calibration, and in par-\nticular the estimation of the uncertainties in the model\nparameters, we have implemented MCMC capabilities in\nour VOS calibration tool, speci\fcally using emcee[25]\n[26]. In addition to being a more robust estimation\nmethod, it has several advantages as a comparison point\nfor our uncertainties previously obtained by the boot-\nstraping minimization method|not only providing a\ncheck of our reasonable they are but also testing whether\nthe minimum (best-\ft) solution found via bootstraping\nis indeed a global mininum and identifying the limiting\nparameter dependencies.\nFor our case we assume logarithmic probability density\nfunctions from uniform distributions for all priors. We\nuse the\u001f2statistic in order to compute the logarithm\nof the likelihood. We use 32 walkers and to be",
        "page": 8,
        "link": "https://ui.adsabs.harvard.edu/link_gateway/2020PhRvD.102d3503C/EPRINT_PDF",
        "title": "Quantifying the effect of cooled initial conditions on cosmic string network evolution"
    },
    "2020PhRvD.102d3503C_page_8_chunk_4": {
        "text": "se we assume logarithmic probability density\nfunctions from uniform distributions for all priors. We\nuse the\u001f2statistic in order to compute the logarithm\nof the likelihood. We use 32 walkers and to be on the\nsafe side, 10000 steps. This proves su\u000ecient to achieve\nconvergence and a mean acceptance rate of around 0 :4.\nThe results of the MCMC analysis are shown in Figures\n4, 5 and 6, respectively for the Hot, Warm and Cold cases,\nand for convenience are also summarized in Table V. A\n\frst observation is that the minima found by the earlieranalysis roughly coincide with the peak in the likelihood\ngiven by the MCMC method. The parameter where the\nlargest di\u000berence can occur is rwhere the distribution of\nthe posterior tends to widen signi\fcantly as we move to\nthe more cooled cases. Indeed in the Cold case the min-\nimum found in the simpler analysis is not the global min-\nimum. Another interesting change is the behavior of the\nposterior of dwhich seems to become more asymmetric|\nthis is evide",
        "page": 8,
        "link": "https://ui.adsabs.harvard.edu/link_gateway/2020PhRvD.102d3503C/EPRINT_PDF",
        "title": "Quantifying the effect of cooled initial conditions on cosmic string network evolution"
    },
    "2020PhRvD.102d3503C_page_8_chunk_5": {
        "text": " Cold case the min-\nimum found in the simpler analysis is not the global min-\nimum. Another interesting change is the behavior of the\nposterior of dwhich seems to become more asymmetric|\nthis is evident in \fgure 6. Note that we quote always the\n50th quantile with the 16th and 84th ones being used for\nthe uncertainty calculation both in the aforementioned\n\fgures and in Table V, however for parameter din the\nCold case the 16th quantile corresponds to the peak on\nthe posterior distribution (and not the 50th).\nSeveral degeneracies between parameters are worthy\nof note. For example k0is negatively correlated with\nd,\fandk0, while the latter three are positively correl-\nated with one another. On the other hand, candrare\nalso positively correlated, and the latter is clearly (but\nalso unsurprisingly) the least well determined VOS para-\nmeter. The above correlations can be physically under-\nstood in the VOS context. As an example, take the one\nbetweenk0andq. Whilek0is a parameter largely de-\nter",
        "page": 8,
        "link": "https://ui.adsabs.harvard.edu/link_gateway/2020PhRvD.102d3503C/EPRINT_PDF",
        "title": "Quantifying the effect of cooled initial conditions on cosmic string network evolution"
    },
    "2020PhRvD.102d3503C_page_8_chunk_6": {
        "text": "y) the least well determined VOS para-\nmeter. The above correlations can be physically under-\nstood in the VOS context. As an example, take the one\nbetweenk0andq. Whilek0is a parameter largely de-\ntermined by the large expansion rate regime (given that\nk(v) reduces to it for very low velocities) it also indicates\nthe normalization of the curvature parameter. This nor-\nmalization, if above unity, is an indication of wiggliness\nand small scale structure and the point where these fea-\ntures are more obvious is at low expansion rate, having\nan e\u000bect on the mean velocity of strings, and thus on q.\nOverall we note that the calibrated model parameters\nare again in good agreement with the previous results,\nbut this agreement worsens with the amount of cooling.\nThe reason for this latter is clear: the VOS model in-\ncludes terms that separately describe (at least in a stat-\nistical sense) energy losses from loop production and radi-\nation. By introducing cooling one forcibly removes some\nof this",
        "page": 8,
        "link": "https://ui.adsabs.harvard.edu/link_gateway/2020PhRvD.102d3503C/EPRINT_PDF",
        "title": "Quantifying the effect of cooled initial conditions on cosmic string network evolution"
    },
    "2020PhRvD.102d3503C_page_8_chunk_7": {
        "text": "the VOS model in-\ncludes terms that separately describe (at least in a stat-\nistical sense) energy losses from loop production and radi-\nation. By introducing cooling one forcibly removes some\nof this radiation from the simulation box, and thereby\nerases information that is useful for the model calibra-\ntion.\nAs for the uncertainties in the VOS parameters, the\nmain result is that the bootstrap methods underestimate\nthe uncertainties in \fandr, and to a lesser extent the\nuncertainty in q. On the other hand, the uncertainties in\nc,dandk0are only marginally increased in the MCMC\ncase (with the exception of din the Cold case).\nV. CONCLUSIONS\nWe have used our fast GPU-accelerated Abelian-Higgs\nstring evolution code to quantify the e\u000bect of cooled ini-\ntial conditions, which have been used by several previous\nauthors, on the evolution of the string networks. As a\ndiagnostic in this analysis we have used the values in-\nferred when simulations with di\u000berent amounts of cool-\ning are used to cali",
        "page": 8,
        "link": "https://ui.adsabs.harvard.edu/link_gateway/2020PhRvD.102d3503C/EPRINT_PDF",
        "title": "Quantifying the effect of cooled initial conditions on cosmic string network evolution"
    },
    "2020PhRvD.102d3503C_page_8_chunk_8": {
        "text": "eral previous\nauthors, on the evolution of the string networks. As a\ndiagnostic in this analysis we have used the values in-\nferred when simulations with di\u000berent amounts of cool-\ning are used to calibrate the canonical and quantitative\nVOS model for string network evolution.",
        "page": 8,
        "link": "https://ui.adsabs.harvard.edu/link_gateway/2020PhRvD.102d3503C/EPRINT_PDF",
        "title": "Quantifying the effect of cooled initial conditions on cosmic string network evolution"
    },
    "2020PhRvD.102d3503C_page_9_chunk_1": {
        "text": "9\n0.5 0.6 0.7 0.8 0.9\nm0.10.20.30.40.50.60.7v\nCold initial conditions\nWarm initial conditions\nHot (standard) intial conditions\n0.5 0.6 0.7 0.8 0.9\nm0.100.150.200.250.300.350.40/\nCold initial conditions\nWarm initial conditions\nHot (standard) intial conditions\n0.2 0.3 0.4 0.5 0.6\nv0.20.40.60.81.01.21.4k(v)\nCold initial conditions\nWarm initial conditions\nHot (standard) intial conditions\n0.2 0.3 0.4 0.5 0.6\nv0.10.20.30.40.5F(v)\nCold initial conditions\nWarm initial conditions\nHot (standard) initial conditions\nFigure 3. Same as Figure 2, but including the uncertainty propagation described in the main text and with the solid line now\nbeing the prediction from the VOS model with the calibrated parameters listed in Table IV.\nCase d r \f k 0 q c Reference\nHot 0:20\u00060:01 2:06\u00060:13 1:54\u00060:06 1:38\u00060:02 2:38\u00060:03 0:35\u00060:01This work\nWarm 0:21\u00060:01 1:68\u00060:12 1:41\u00060:05 1:27\u00060:02 2:24\u00060:03 0:37\u00060:01This work\nCold 0:19\u00060:01 2:00\u00060:10 1:95\u00060:03 0:98\u00060:01 2:45\u00060:01 0:58\u00060:01This work\nTable IV. Same as Table ",
        "page": 9,
        "link": "https://ui.adsabs.harvard.edu/link_gateway/2020PhRvD.102d3503C/EPRINT_PDF",
        "title": "Quantifying the effect of cooled initial conditions on cosmic string network evolution"
    },
    "2020PhRvD.102d3503C_page_9_chunk_2": {
        "text": ":38\u00060:03 0:35\u00060:01This work\nWarm 0:21\u00060:01 1:68\u00060:12 1:41\u00060:05 1:27\u00060:02 2:24\u00060:03 0:37\u00060:01This work\nCold 0:19\u00060:01 2:00\u00060:10 1:95\u00060:03 0:98\u00060:01 2:45\u00060:01 0:58\u00060:01This work\nTable IV. Same as Table III, but including the uncertainty propagation described in the text.\nOur analysis shows that a modest amount of cooling\nwill have no statistically signi\fcant impact on the VOS\nmodel calibration, but a stronger (or, in practice, longer)\ndissipation period does have a noticeable e\u000bect. Physic-\nally this result is not surprising, but from the point of\nview of the VOS model itself it also con\frms the analysis\nin [13], in the sense that the model can indeed separ-\nate (in a statistical sense) energy losses due to loop pro-\nduction and radiation, since these have di\u000berent velocity\ndependencies. These velocity dependencies can therefore\nbe identi\fed (or, perhaps more accurately, reconstructed)\nby simulating cosmic string networks with many di\u000berent\nexpansion rates, since the expansion rate will ",
        "page": 9,
        "link": "https://ui.adsabs.harvard.edu/link_gateway/2020PhRvD.102d3503C/EPRINT_PDF",
        "title": "Quantifying the effect of cooled initial conditions on cosmic string network evolution"
    },
    "2020PhRvD.102d3503C_page_9_chunk_3": {
        "text": "se velocity dependencies can therefore\nbe identi\fed (or, perhaps more accurately, reconstructed)\nby simulating cosmic string networks with many di\u000berent\nexpansion rates, since the expansion rate will obviously\nimpact the string network velocities.The logical conclusion is that if the main purpose of\nsimulations is to reach scaling as fast as possible then an\nearly period of cooling is useful, but if the main purpose\nis to accurately calibrate an analytic model|or indeed\nstudy its energy loss mechanisms|then a cooling period\nis detrimental: one may have a slight gain in the fraction\nof the simulation time in which the network has reached\nscaling (as measured by the behaviour of the mean string\nseparation, though not necessarily by that of the average\nvelocity), but this gain is negligible when compared to the\nloss of information on the radiation in the box, which in\npractical terms helps to reduce the degeneracies between\nthe model parameters.\nWe have also taken this opportunity to test",
        "page": 9,
        "link": "https://ui.adsabs.harvard.edu/link_gateway/2020PhRvD.102d3503C/EPRINT_PDF",
        "title": "Quantifying the effect of cooled initial conditions on cosmic string network evolution"
    },
    "2020PhRvD.102d3503C_page_9_chunk_4": {
        "text": "hen compared to the\nloss of information on the radiation in the box, which in\npractical terms helps to reduce the degeneracies between\nthe model parameters.\nWe have also taken this opportunity to test and im-",
        "page": 9,
        "link": "https://ui.adsabs.harvard.edu/link_gateway/2020PhRvD.102d3503C/EPRINT_PDF",
        "title": "Quantifying the effect of cooled initial conditions on cosmic string network evolution"
    },
    "2020PhRvD.102d3503C_page_10_chunk_1": {
        "text": "10\nd = 0.20+0.03\n0.03\n1234rr = 2.11+0.50\n0.42\n1.21.51.82.1\n = 1.55+0.19\n0.18\n1.351.501.65k0\nk0 = 1.37+0.07\n0.06\n2.102.252.402.552.70q\nq = 2.38+0.08\n0.09\n0.12 0.18 0.24 0.30\nd0.10.20.30.4c\n1 2 3 4\nr\n1.2 1.5 1.8 2.1\n1.35 1.50 1.65\nk0\n2.10 2.25 2.40 2.55 2.70\nq0.1 0.2 0.3 0.4\ncc = 0.35+0.03\n0.04\nFigure 4. The corner plots for the posterior distributions in the Hot (standard case). Above the 1D histogram for each variable\nwe report the 50th quantile and use the 16th and 84th quantiles to compute and show uncertainties. These three quantiles\nare indicated by the dashed black lines. Contour plots between pairs of parameters are also shown. The blue lines (and dots)\nrepresent the value found via the bootstraping procedure.\nCase d r \f k 0 q c Reference\nHot 0:20+0 :03\n\u00000:032:11+0 :50\n\u00000:421:55+0 :19\n\u00000:181:37+0 :07\n\u00000:062:38+0 :08\n\u00000:090:35+0 :03\n\u00000:04This work\nWarm 0:21+0 :04\n\u00000:041:88+0 :79\n\u00000:531:42+0 :23\n\u00000:201:27+0 :09\n\u00000:072:24+0 :12\n\u00000:110:39+0 :05\n\u00000:07This work\nCold 0:37+0 :35\n\u00000:193:7",
        "page": 10,
        "link": "https://ui.adsabs.harvard.edu/link_gateway/2020PhRvD.102d3503C/EPRINT_PDF",
        "title": "Quantifying the effect of cooled initial conditions on cosmic string network evolution"
    },
    "2020PhRvD.102d3503C_page_10_chunk_2": {
        "text": "9\n\u00000:181:37+0 :07\n\u00000:062:38+0 :08\n\u00000:090:35+0 :03\n\u00000:04This work\nWarm 0:21+0 :04\n\u00000:041:88+0 :79\n\u00000:531:42+0 :23\n\u00000:201:27+0 :09\n\u00000:072:24+0 :12\n\u00000:110:39+0 :05\n\u00000:07This work\nCold 0:37+0 :35\n\u00000:193:74+1 :81\n\u00001:701:94+0 :31\n\u00000:270:98+0 :04\n\u00000:042:45+0 :13\n\u00000:140:59+0 :02\n\u00000:03This work\nTable V. Same as Tables III and IV, but using the Bayesien inference method described in the text. We always report the 50th\nquantile value, with the 16th and 84th being used for computing the uncertainties.",
        "page": 10,
        "link": "https://ui.adsabs.harvard.edu/link_gateway/2020PhRvD.102d3503C/EPRINT_PDF",
        "title": "Quantifying the effect of cooled initial conditions on cosmic string network evolution"
    },
    "2020PhRvD.102d3503C_page_11_chunk_1": {
        "text": "11\nd = 0.21+0.04\n0.04\n2345rr = 1.88+0.79\n0.53\n1.21.62.02.4\n = 1.42+0.23\n0.20\n1.201.351.50k0\nk0 = 1.27+0.09\n0.07\n2.102.252.402.552.70q\nq = 2.24+0.12\n0.11\n0.15 0.30 0.45\nd0.000.150.300.45c\n2 3 4 5\nr\n1.2 1.6 2.0 2.4\n1.20 1.35 1.50\nk0\n2.10 2.25 2.40 2.55 2.70\nq0.00 0.15 0.30 0.45\ncc = 0.39+0.05\n0.07\nFigure 5. Same as Fig. 4, for the Warm case.\nprove the robustness of our VOS calibration pipeline, spe-\nci\fcally by implementing a new MCMC based pipeline.\nA comparison of the results obtained with this pipeline\nto those from the pipeline used in our previous work\n(which relied on simpler bootstrap methods) shows that\nthe best-\ft values of the VOS model parameters are ac-\ncurately determined and agree in both pipelines (espe-\ncially in the Hot case where no cooling is applied), al-\nthough the previous pipeline did underestimate the un-\ncertainties in some of the VOS parameters. It is alsoreassuring that the three model parameters whose un-\ncertainties are in better agreement in both pipelines a",
        "page": 11,
        "link": "https://ui.adsabs.harvard.edu/link_gateway/2020PhRvD.102d3503C/EPRINT_PDF",
        "title": "Quantifying the effect of cooled initial conditions on cosmic string network evolution"
    },
    "2020PhRvD.102d3503C_page_11_chunk_2": {
        "text": "ous pipeline did underestimate the un-\ncertainties in some of the VOS parameters. It is alsoreassuring that the three model parameters whose un-\ncertainties are in better agreement in both pipelines are\nc,dandk0, which happen to be the ones with a more\ndirect physical interpretation (while the other three are\nmore phenomenological). The MCMC analysis is also\nuseful for identifying the degeneracies between the vari-\nous model parameters. This is useful for planning future\nsets of simulations, since the constraining power of simu-\nlations on various model parameters depends not only on\nthe volumes (in other words, box sizes) that can be sim-",
        "page": 11,
        "link": "https://ui.adsabs.harvard.edu/link_gateway/2020PhRvD.102d3503C/EPRINT_PDF",
        "title": "Quantifying the effect of cooled initial conditions on cosmic string network evolution"
    },
    "2020PhRvD.102d3503C_page_12_chunk_1": {
        "text": "12\nd = 0.37+0.35\n0.19\n2468rr = 3.74+1.81\n1.70\n1.52.02.53.0\n = 1.94+0.31\n0.27\n0.880.961.041.12k0\nk0 = 0.98+0.04\n0.04\n2.22.42.62.8q\nq = 2.45+0.13\n0.14\n0.2 0.4 0.6 0.8 1.0\nd0.420.480.540.600.66c\n2 4 6 8\nr\n1.5 2.0 2.5 3.0\n0.88 0.96 1.04 1.12\nk0\n2.2 2.4 2.6 2.8\nq0.42 0.48 0.54 0.60 0.66\ncc = 0.59+0.02\n0.03\nFigure 6. Same as Fig. 4, for the Cold case.\nulated but also on the expansion rates being simulated.\nAn interesting question related to the relative contri-\nbutions of energy losses from loop production and ra-\ndiation towards scaling, and how the VOS model may\ndescribe both. Clearly in Nambu-Goto simulations only\nthe former is relevant, while in \feld theory simulations\nboth may contribute, and their relative importance may\ndepend on various physical and numerical parameters.\nFrom a purely mathematical perspective the model can\nclearly describe both regimes (and scaling will be an at-tractor in either case), although it is not a prior clear,\nfor example, if the same model parameters shoul",
        "page": 12,
        "link": "https://ui.adsabs.harvard.edu/link_gateway/2020PhRvD.102d3503C/EPRINT_PDF",
        "title": "Quantifying the effect of cooled initial conditions on cosmic string network evolution"
    },
    "2020PhRvD.102d3503C_page_12_chunk_2": {
        "text": "thematical perspective the model can\nclearly describe both regimes (and scaling will be an at-tractor in either case), although it is not a prior clear,\nfor example, if the same model parameters should apply\nto Nambu-Goto and Abelian-Higgs calibrated models: it\nis conceivable that some parameters remain unchanged\nwhile others do change.\nNumerically, thus far we have used simulation boxes\nthat are relatively small and might conceivably not pos-\nsess the dynamic range necessary to achieve scaling sus-\ntained by massive radiation alone. This is one possible\ninterpretation of the results of [20] where 20483simula-",
        "page": 12,
        "link": "https://ui.adsabs.harvard.edu/link_gateway/2020PhRvD.102d3503C/EPRINT_PDF",
        "title": "Quantifying the effect of cooled initial conditions on cosmic string network evolution"
    },
    "2020PhRvD.102d3503C_page_13_chunk_1": {
        "text": "13\ntion boxes achieved smaller values of the loop chopping\nparameter than those that we report in this work, though\nit should also be noted that the analysis method therein\nis substantially di\u000berent from ours. Larger simulation\nboxes (allowing an increased dynamic range for scaling)\nand a more extensive exploration of the space of relev-\nant numerical simulation parameters will be necessary to\nfully assess the robustness of the model while improving\nour understanding of the underlying physics of scaling.\nOverall, our analysis shows that the calibration\npipeline is robust and can be applied to much larger\n\feld theory simulations, which are enabled by our highly\ne\u000ecient GPU-accelerated code. In particular, work on\n81923box simulations, which can now be done in high-\nperformance computing facilities, is in progress [27]. We\nexpect to report on the results of these in the near future.ACKNOWLEDGMENTS\nThis work was \fnanced by FEDER|Fundo Europeu\nde Desenvolvimento Regional funds through the ",
        "page": 13,
        "link": "https://ui.adsabs.harvard.edu/link_gateway/2020PhRvD.102d3503C/EPRINT_PDF",
        "title": "Quantifying the effect of cooled initial conditions on cosmic string network evolution"
    },
    "2020PhRvD.102d3503C_page_13_chunk_2": {
        "text": "ilities, is in progress [27]. We\nexpect to report on the results of these in the near future.ACKNOWLEDGMENTS\nThis work was \fnanced by FEDER|Fundo Europeu\nde Desenvolvimento Regional funds through the COM-\nPETE 2020|Operational Programme for Competit-\niveness and Internationalisation (POCI), and by Por-\ntuguese funds through FCT - Funda\u0018 c~ ao para a\nCi^ encia e a Tecnologia in the framework of the\nproject POCI-01-0145-FEDER-028987 and PTDC/FIS-\nAST/28987/2017. J.R.C. is supported by an FCT fel-\nlowship (SFRH/BD/130445/2017). We gratefully ac-\nknowledge the support of NVIDIA Corporation with the\ndonation of the Quadro P5000 GPU used for this re-\nsearch. J.R.C. acknowledges Jo~ ao Faria's Programmer's\nClub presentation for introducing him to MCMC and\nemcee usage. J.R.C. also acknowledges Luisa Maria Ser-\nrano's and Jo~ ao Camacho's assistance with MCMC and\ngeneral emcee usage.\n[1] T. W. B. Kibble, J. Phys. A9, 1387 (1976).\n[2] R. Jeannerot, J. Rocher, and M. Sakellariadou, Phys.\nRev. D68",
        "page": 13,
        "link": "https://ui.adsabs.harvard.edu/link_gateway/2020PhRvD.102d3503C/EPRINT_PDF",
        "title": "Quantifying the effect of cooled initial conditions on cosmic string network evolution"
    },
    "2020PhRvD.102d3503C_page_13_chunk_3": {
        "text": "sa Maria Ser-\nrano's and Jo~ ao Camacho's assistance with MCMC and\ngeneral emcee usage.\n[1] T. W. B. Kibble, J. Phys. A9, 1387 (1976).\n[2] R. Jeannerot, J. Rocher, and M. Sakellariadou, Phys.\nRev. D68, 103514 (2003), arXiv:hep-ph/0308134 [hep-\nph].\n[3] S. Sarangi and S. H. H. Tye, Phys. Lett. B536 , 185\n(2002), arXiv:hep-th/0204074 [hep-th].\n[4] B. P. Abbott et al. (Virgo, LIGO Scienti\fc), Phys. Rev.\nD97, 102002 (2018), arXiv:1712.01168 [gr-qc].\n[5] P. A. R. Ade et al. (Planck), Astron. Astrophys. 571,\nA25 (2014), arXiv:1303.5085 [astro-ph.CO].\n[6] F. Finelli et al. (CORE), JCAP 1804 , 016 (2018),\narXiv:1612.08270 [astro-ph.CO].\n[7] P. Binetruy, A. Bohe, C. Caprini, and J.-F. Dufaux,\nJCAP 1206 , 027 (2012), arXiv:1201.0983 [gr-qc].\n[8] P. Auclair et al. , JCAP 04, 034 (2020), arXiv:1909.00819\n[astro-ph.CO].\n[9] C. J. A. P. Martins and E. P. S. Shellard, Phys. Rev.\nD54, 2535 (1996), arXiv:hep-ph/9602271 [hep-ph].\n[10] C. J. A. P. Martins, Defect Evolution in Cosmology\nand Condensed Matt",
        "page": 13,
        "link": "https://ui.adsabs.harvard.edu/link_gateway/2020PhRvD.102d3503C/EPRINT_PDF",
        "title": "Quantifying the effect of cooled initial conditions on cosmic string network evolution"
    },
    "2020PhRvD.102d3503C_page_13_chunk_4": {
        "text": "819\n[astro-ph.CO].\n[9] C. J. A. P. Martins and E. P. S. Shellard, Phys. Rev.\nD54, 2535 (1996), arXiv:hep-ph/9602271 [hep-ph].\n[10] C. J. A. P. Martins, Defect Evolution in Cosmology\nand Condensed Matter: Quantitative Analysis with the\nVelocity-Dependent One-Scale Model (Springer, 2016).\n[11] J. N. Moore, E. P. S. Shellard, and C. J. A. P. Martins,\nPhys. Rev. D65, 023503 (2002), arXiv:hep-ph/0107171\n[hep-ph].\n[12] J. Correia and C. Martins, Astron. Comput. 32, 100388\n(2020), arXiv:1809.00995 [physics.comp-ph].\n[13] J. R. C. C. C. Correia and J. A. P. Martins, Phys. Rev.\nD100 , 103517 (2019), arXiv:1911.03163 [astro-ph.CO].\n[14] N. Bevis, M. Hindmarsh, M. Kunz, and J. Urrestilla,\nPhys. Rev. D75, 065015 (2007), arXiv:astro-ph/0605018\n[astro-ph].[15] M. Hindmarsh, J. Lizarraga, J. Urrestilla, D. Dav-\nerio, and M. Kunz, Phys. Rev. D96, 023525 (2017),\narXiv:1703.06696 [astro-ph.CO].\n[16] J. J. Blanco-Pillado, K. D. Olum, and B. Shlaer,\nPhys. Rev. D83, 083514 (2011), arXiv:1101.5173 [astro-\np",
        "page": 13,
        "link": "https://ui.adsabs.harvard.edu/link_gateway/2020PhRvD.102d3503C/EPRINT_PDF",
        "title": "Quantifying the effect of cooled initial conditions on cosmic string network evolution"
    },
    "2020PhRvD.102d3503C_page_13_chunk_5": {
        "text": "D. Dav-\nerio, and M. Kunz, Phys. Rev. D96, 023525 (2017),\narXiv:1703.06696 [astro-ph.CO].\n[16] J. J. Blanco-Pillado, K. D. Olum, and B. Shlaer,\nPhys. Rev. D83, 083514 (2011), arXiv:1101.5173 [astro-\nph.CO].\n[17] K. D. Olum and V. Vanchurin, Phys. Rev. D75, 063521\n(2007), astro-ph/0610419.\n[18] D. P. Bennett and F. R. Bouchet, Phys. Rev. D41, 2408\n(1990).\n[19] B. Allen and E. P. S. Shellard, Phys. Rev. Lett. 64, 119\n(1990).\n[20] V. B. Klaer and G. D. Moore, JCAP 06, 021 (2020),\narXiv:1912.08058 [hep-ph].\n[21] W. H. Press, B. S. Ryden, and D. N. Spergel, Astrophys.\nJ.347, 590 (1989).\n[22] K. Kajantie, M. Karjalainen, M. Laine, J. Peisa, and\nA. Rajantie, Phys. Lett. B428 , 334 (1998), arXiv:hep-\nph/9803367 [hep-ph].\n[23] C. Martins and E. Shellard, Phys. Rev. D 65, 043514\n(2002), arXiv:hep-ph/0003298.\n[24] C. J. A. P. Martins, I. Y. Rybak, A. Avgoustidis,\nand E. P. S. Shellard, Phys. Rev. D93, 043534 (2016),\narXiv:1602.01322 [hep-ph].\n[25] https://emcee.readthedocs.io/en/stable/ .\n[26] D.",
        "page": 13,
        "link": "https://ui.adsabs.harvard.edu/link_gateway/2020PhRvD.102d3503C/EPRINT_PDF",
        "title": "Quantifying the effect of cooled initial conditions on cosmic string network evolution"
    },
    "2020PhRvD.102d3503C_page_13_chunk_6": {
        "text": "/0003298.\n[24] C. J. A. P. Martins, I. Y. Rybak, A. Avgoustidis,\nand E. P. S. Shellard, Phys. Rev. D93, 043534 (2016),\narXiv:1602.01322 [hep-ph].\n[25] https://emcee.readthedocs.io/en/stable/ .\n[26] D. Foreman-Mackey, D. W. Hogg, D. Lang, and\nJ. Goodman, Publ. Astron. Soc. Pac. 125, 306 (2013),\narXiv:1202.3665 [astro-ph.IM].\n[27] J. Correia and C. Martins, (2020), arXiv:2005.14454\n[physics.comp-ph].",
        "page": 13,
        "link": "https://ui.adsabs.harvard.edu/link_gateway/2020PhRvD.102d3503C/EPRINT_PDF",
        "title": "Quantifying the effect of cooled initial conditions on cosmic string network evolution"
    }
}