{
    "2020PhRvD.101l3530E_page_1_chunk_1": {
        "text": "arXiv:1912.09343v2  [gr-qc]  6 Jul 2020Unique fermionic vacuum in de Sitter spacetime from hybrid q uantum cosmology\nBeatriz Elizaga Navascu´ es∗\nInstitute for Quantum Gravity, Friedrich-Alexander Unive rsity Erlangen-N¨ urnberg, Staudstraße 7, 91058 Erlangen, Germany\nGuillermo A. Mena Marug´ an†and Santiago Prado‡\nInstituto de Estructura de la Materia, IEM-CSIC, Serrano 12 1, 28006 Madrid, Spain\nIn this work we show how the criterion of asymptotic Hamilton ian diagonalization originated in\nhybrid quantum cosmology serves to pick out a unique vacuum f or the Dirac ﬁeld in de Sitter, in\nthe context of quantum ﬁeld theory in curved spacetimes. Thi s criterion is based on the dynamical\ndeﬁnition of annihilation and creationlike variables for t he fermionic ﬁeld, which obey the linearized\ndynamics of a Hamiltonian that has been diagonalized in a way that is adapted to its local spatial\nstructure. This leads to fermionic variables that possess a precise asymptotic expansion in the\nultraviol",
        "page": 1,
        "link": "https://ui.adsabs.harvard.edu/link_gateway/2020PhRvD.101l3530E/EPRINT_PDF",
        "title": "Unique fermionic vacuum in de Sitter spacetime from hybrid quantum cosmology"
    },
    "2020PhRvD.101l3530E_page_1_chunk_2": {
        "text": "mics of a Hamiltonian that has been diagonalized in a way that is adapted to its local spatial\nstructure. This leads to fermionic variables that possess a precise asymptotic expansion in the\nultraviolet limit of large wavenumbers. We explicitly show that, when the cosmological background\nisﬁxedas adeSittersolution, thisexpansion uniquelysele cts thechoice offermionic annihilation and\ncreationlike variables for all spatial scales, and thus pic ks out a uniqueprivileged Fock representation\nand vacuum state for the Dirac ﬁeld in de Sitter. The explicit form of the basis of solutions to the\nDirac equation associated with this vacuum is then computed .\nPACS numbers: 04.62.+v, 98.80.Qc, 04.60.Pp.\n∗beatriz.b.elizaga@gravity.fau.de\n†mena@iem.cfmac.csic.es\n‡santiago.prado@iem.cfmac.csic.es",
        "page": 1,
        "link": "https://ui.adsabs.harvard.edu/link_gateway/2020PhRvD.101l3530E/EPRINT_PDF",
        "title": "Unique fermionic vacuum in de Sitter spacetime from hybrid quantum cosmology"
    },
    "2020PhRvD.101l3530E_page_2_chunk_1": {
        "text": "2\nI. INTRODUCTION\nOne of the solutions of General Relativity (GR) that deserves spec ial attention in modern cosmology is de Sitter\nspacetime. This is because, in the context of primordial cosmology, this solution approximates quite well the expected\nbehaviour of an inﬂationary period in the evolution of the Universe. T he practical beneﬁts of this approximation are\nnumerous, amongwhichit isremarkablethe applicationtothequantu m ﬁeldtheory(QFT) descriptionofcosmological\nperturbations. Indeed, for cosmologicalinﬂationary models drive n by a spin-0 matter ﬁeld (the inﬂaton), the standard\ntheoretical guideline for the choice of an initial quantum state of th e inhomogeneous perturbations in the metric and\nthe inﬂaton at the onset of inﬂation is to select an analogue of the Bu nch-Davies (BD) vacuum [1, 2]. This is, in\nturn, the preferred Fock vacuum of a quantum scalar ﬁeld propag ating in de Sitter, that is picked out as the unique\nHadamard state among those that are invariant under the ",
        "page": 2,
        "link": "https://ui.adsabs.harvard.edu/link_gateway/2020PhRvD.101l3530E/EPRINT_PDF",
        "title": "Unique fermionic vacuum in de Sitter spacetime from hybrid quantum cosmology"
    },
    "2020PhRvD.101l3530E_page_2_chunk_2": {
        "text": "vacuum [1, 2]. This is, in\nturn, the preferred Fock vacuum of a quantum scalar ﬁeld propag ating in de Sitter, that is picked out as the unique\nHadamard state among those that are invariant under the isometr y group of de Sitter spacetime, that is maximally\nsymmetric [3–5]. Interestingly, the power spectra of cosmological perturbations that is predicted in GR with such a\nchoice of BD vacuum agrees, to a high degree of accuracy, with the current experimental observations of the Cosmic\nMicrowave Background [6–9].\nThe physical and mathematical properties of the BD vacuum (and it s associated Fock representation) for scalar\nﬁelds have been thoroughly studied in the literature (see e.g. Refs. [10–17]). For higher spin ﬁelds, and in particular\nfor the case of the spin-1 /2 Dirac ﬁeld, generalizations of the notion and features of the BD va cuum have also been\nwidely discussed in the literature [18–21], even though the uniquenes s of the resulting state might not be as broadly\nestablished as ",
        "page": 2,
        "link": "https://ui.adsabs.harvard.edu/link_gateway/2020PhRvD.101l3530E/EPRINT_PDF",
        "title": "Unique fermionic vacuum in de Sitter spacetime from hybrid quantum cosmology"
    },
    "2020PhRvD.101l3530E_page_2_chunk_3": {
        "text": "tions of the notion and features of the BD va cuum have also been\nwidely discussed in the literature [18–21], even though the uniquenes s of the resulting state might not be as broadly\nestablished as for scalar ﬁelds. The aim of this paper is to justify a ph ysically natural choice of Fock vacuum state in\nde Sitter spacetime, for a minimally coupled Dirac ﬁeld, that displays BD -like properties and that ﬁnds its motivation\nin the context of quantum cosmology. More speciﬁcally, we will explicit ly derive the unique Fock representation\nthat turns out to be selected by the criterion of asymptotic Hamilto nian diagonalization, recently introduced for the\nso-called hybrid approach to canonical quantum cosmology [22].\nHybrid quantum cosmology [23, 24] is an strategy for the canonical quantization of spacetimes that contain inho-\nmogeneities, but also possess some notion of symmetry. Such is the case, for instance, of the system formed by matter\nand metric perturbations over an otherwise homo",
        "page": 2,
        "link": "https://ui.adsabs.harvard.edu/link_gateway/2020PhRvD.101l3530E/EPRINT_PDF",
        "title": "Unique fermionic vacuum in de Sitter spacetime from hybrid quantum cosmology"
    },
    "2020PhRvD.101l3530E_page_2_chunk_4": {
        "text": "n of spacetimes that contain inho-\nmogeneities, but also possess some notion of symmetry. Such is the case, for instance, of the system formed by matter\nand metric perturbations over an otherwise homogeneous and isot ropic inﬂationary cosmology of the Friedmann-\nLemaˆ ıtre-Robertson-Walker (FLRW) type [25–30]. In particular, the quantization strategy is based on the use of\ndiﬀerent representation techniques for the canonical algebra th at describes the homogeneous degrees of freedom, on\nthe one hand, and for the algebra that contains the inhomogeneou s ﬁelds, on the other hand. The homogeneous\nalgebra is represented with techniques imported from a theory of q uantum gravity or quantum cosmology, e.g. loop\nquantum gravity[31], while the inhomogeneous ﬁelds are given a more c onventionalFock representation. From a theo-\nretical point of view, the ﬁrst important condition that one should r equire from this approach is that the combination\nof the two diﬀerent quantum representations consis",
        "page": 2,
        "link": "https://ui.adsabs.harvard.edu/link_gateway/2020PhRvD.101l3530E/EPRINT_PDF",
        "title": "Unique fermionic vacuum in de Sitter spacetime from hybrid quantum cosmology"
    },
    "2020PhRvD.101l3530E_page_2_chunk_5": {
        "text": " representation. From a theo-\nretical point of view, the ﬁrst important condition that one should r equire from this approach is that the combination\nof the two diﬀerent quantum representations consistently leads t o nicely deﬁned operator versions of the constraints\nof the gravitational system. To that end, it becomes necessary t o carry out a sensible choice of canonical splitting\nbetween the homogeneous and inhomogeneous sectors of phase s pace, in view of their posterior quantization, taking\ninto account the qualitatively diﬀerent quantum descriptions that a re going to be adopted for them.\nDeclaring which part of the phase space should correspond to the in homogeneous ﬁelds in hybrid quantum cos-\nmology has been the central point of several investigations. Actu ally, this ambiguity can be codiﬁed altogether with\nthe freedom in the choice of a Fock representation for them, by me ans of families of variables that are the classical\ncounterpartof the annihilation and creation operator",
        "page": 2,
        "link": "https://ui.adsabs.harvard.edu/link_gateway/2020PhRvD.101l3530E/EPRINT_PDF",
        "title": "Unique fermionic vacuum in de Sitter spacetime from hybrid quantum cosmology"
    },
    "2020PhRvD.101l3530E_page_2_chunk_6": {
        "text": "n be codiﬁed altogether with\nthe freedom in the choice of a Fock representation for them, by me ans of families of variables that are the classical\ncounterpartof the annihilation and creation operators, obtained through canonicaltransformationsin the entire phase\nspace that respect the basic symmetries of the homogeneous sec tor. The ﬁrst physical criterion for any admissible\nFock representation in hybrid quantum cosmology should then be th at, in the context of QFT in curved spacetimes\n(and hence regarding the homogeneous sector as classical), the a nnihilation and creation operators undergo an evo-\nlution that can be implemented by a quantum unitary transformation [32–40]. This criterion of choice has been\nfurther restricted in the context of fermionic perturbations in hy brid quantum cosmology, in such a way that certain\neﬀective backreaction to the Hamiltonian constraint does not deve lop divergences, without the need of introducing\nany regularization procedure [41]. Finally, and m",
        "page": 2,
        "link": "https://ui.adsabs.harvard.edu/link_gateway/2020PhRvD.101l3530E/EPRINT_PDF",
        "title": "Unique fermionic vacuum in de Sitter spacetime from hybrid quantum cosmology"
    },
    "2020PhRvD.101l3530E_page_2_chunk_7": {
        "text": "smology, in such a way that certain\neﬀective backreaction to the Hamiltonian constraint does not deve lop divergences, without the need of introducing\nany regularization procedure [41]. Finally, and motivated by these pr evious conditions, the most recent works on\nthe theoretical formulation of the hybrid quantization of both fer mionic and scalar cosmological perturbations have\nproposed an approach that aims to remove all the ambiguities (up to irrelevant phases) in the choice of the canonical\nalgebra associated with the perturbations, that is going to be quan tized ` a la Fock [22, 42]. The approach tries and\nconstructs a quantum description of the inhomogeneities such tha t the local structure of the Hamiltonian contains\nno self-interaction contributions in terms of the annihilation and cre ation operators, and thus it is asymptotically\ndiagonalized in the ultraviolet regime of short scales. Such a criterion turns out to completely ﬁx, in an asymptotic\nexpansion, the dynamical deﬁni",
        "page": 2,
        "link": "https://ui.adsabs.harvard.edu/link_gateway/2020PhRvD.101l3530E/EPRINT_PDF",
        "title": "Unique fermionic vacuum in de Sitter spacetime from hybrid quantum cosmology"
    },
    "2020PhRvD.101l3530E_page_2_chunk_8": {
        "text": " cre ation operators, and thus it is asymptotically\ndiagonalized in the ultraviolet regime of short scales. Such a criterion turns out to completely ﬁx, in an asymptotic\nexpansion, the dynamical deﬁnition of those operators, expansio n from which one may hope to uniquely determine\nthem globally. In the restricted context of QFT in a de Sitter backgr ound cosmology, this hope was actually realized\nfor the scalar perturbations, resulting in the speciﬁcation of the w ell-known BD vacuum [42]. In this paper, we show\nin detail how the criterion of asymptotic diagonalization also serves t o uniquely ﬁx the choice of vacuum in de Sitter\nfor fermionic perturbations of the Dirac type. The result provides a privileged Fock representation of the Dirac ﬁeld",
        "page": 2,
        "link": "https://ui.adsabs.harvard.edu/link_gateway/2020PhRvD.101l3530E/EPRINT_PDF",
        "title": "Unique fermionic vacuum in de Sitter spacetime from hybrid quantum cosmology"
    },
    "2020PhRvD.101l3530E_page_3_chunk_1": {
        "text": "3\nin de Sitter spacetime for which the selection criterion is univocally cha racterized and well understood.\nThe structure of this paper is as follows. In Sec. II we introduce th e fermionic perturbations for a general FLRW\ncosmological background, and the fermionic variables that are goin g to be promoted to annihilation and creation\noperatorsthat display a dynamicalevolution that is dictated by a dia gonalHamiltonian. We summarizethe procedure\nto construct these variables, that is basedon an asymptoticdiago nalization. In Sec. III we explicitly solvethe problem\nof ﬁnding the most general family of annihilation and creation operat ors that evolve without self-interaction in a ﬁxed\nde Sitter background. We then show how the method of asymptotic diagonalization of the Hamiltonian, adapted to\nits local structure, serves to ﬁx a unique set of annihilation and cre ation operators, and give the speciﬁc form of the\ncorresponding privileged Fock representation. Finally, in Sec. IV we summariz",
        "page": 3,
        "link": "https://ui.adsabs.harvard.edu/link_gateway/2020PhRvD.101l3530E/EPRINT_PDF",
        "title": "Unique fermionic vacuum in de Sitter spacetime from hybrid quantum cosmology"
    },
    "2020PhRvD.101l3530E_page_3_chunk_2": {
        "text": "o\nits local structure, serves to ﬁx a unique set of annihilation and cre ation operators, and give the speciﬁc form of the\ncorresponding privileged Fock representation. Finally, in Sec. IV we summarize our results.\nThroughout the text, we employ natural units, so that G=c=/planckover2pi1= 1.\nII. FERMIONIC VACUUM IN HYBRID QUANTUM COSMOLOGY\nIn this paper we focus our attention on a system that has been ext ensively studied in hybrid quantum cosmology: a\nspatially ﬂat homogeneous FLRW spacetime which is minimally coupled to a homogeneous scalar ﬁeld with a certain\npotential, as well as to an inhomogeneous Dirac ﬁeld. The spatial hyp ersurfaces of this cosmology are taken to be\ncompact, isomorphic to the three torus T3. The FLRW metric can be described in terms of a scale factor ˜ a. On\nthe other hand, we treat the Dirac ﬁeld entirely as a perturbation o f the system. Moreover, whenever we consider\ncanonical transformations that mix the fermionic degrees of free dom with the homogeneous b",
        "page": 3,
        "link": "https://ui.adsabs.harvard.edu/link_gateway/2020PhRvD.101l3530E/EPRINT_PDF",
        "title": "Unique fermionic vacuum in de Sitter spacetime from hybrid quantum cosmology"
    },
    "2020PhRvD.101l3530E_page_3_chunk_3": {
        "text": "ther hand, we treat the Dirac ﬁeld entirely as a perturbation o f the system. Moreover, whenever we consider\ncanonical transformations that mix the fermionic degrees of free dom with the homogeneous background, we adopt a\ntruncation scheme in which we only preserve contributions to the Ein stein-Dirac action that are at most quadratic in\nthe perturbations. The transformations are viewed as canonical within the framework of this perturbative truncation,\nincluding the symplectic structure of the system. Potentially, one m ay also introduce perturbations of the metric\nand the scalar ﬁeld, and work consistently within our truncation sch eme and a canonical framework for the entire\ncosmological system [28–30].\nFor the description of the Dirac ﬁeld ψ, we use the Weyl representation of the constant Cliﬀord algebra a ssociated\nwith the four-dimensional ﬂat metric,\nγ0=i/parenleftbigg\n0I\nI0/parenrightbigg\n, /vector γ=i/parenleftbigg\n0/vector σ\n−/vector σ0/parenrightbigg\n, (2.1)\nwhereIdenotes the",
        "page": 3,
        "link": "https://ui.adsabs.harvard.edu/link_gateway/2020PhRvD.101l3530E/EPRINT_PDF",
        "title": "Unique fermionic vacuum in de Sitter spacetime from hybrid quantum cosmology"
    },
    "2020PhRvD.101l3530E_page_3_chunk_4": {
        "text": "nt Cliﬀord algebra a ssociated\nwith the four-dimensional ﬂat metric,\nγ0=i/parenleftbigg\n0I\nI0/parenrightbigg\n, /vector γ=i/parenleftbigg\n0/vector σ\n−/vector σ0/parenrightbigg\n, (2.1)\nwhereIdenotes the identity matrix (here, in two dimensions), /vector γ= (γ1,γ2,γ3), and/vector σ= (σ1,σ2,σ3) is the triple\nformed by the three Pauli matrices. In addition, we ﬁx the gauge tim e direction of the tetrads so that it coincides\nwith the (future-directed) normal vector to the homogeneous s patial hypersurfaces, in order to simplify the Dirac\nbrackets of the ﬁeld [43] and so that, with respect to its local Lore ntz transformation properties, we can regard it as\ntwo representation spaces of SU(2), rather than SL(2,C) [39]. Then, we exploit the high symmetry and compactness\nof the ﬂat homogeneous spatial hypersurfaces in order to decom pose the Dirac ﬁeld in terms of a complete set of\nmodes [30, 39, 40],\nψ(t,/vector x) =/summationdisplay\n/vectork∈Z3/summationdisplay\nλ=±1ei2π/vectork/vector x/l0\n/ra",
        "page": 3,
        "link": "https://ui.adsabs.harvard.edu/link_gateway/2020PhRvD.101l3530E/EPRINT_PDF",
        "title": "Unique fermionic vacuum in de Sitter spacetime from hybrid quantum cosmology"
    },
    "2020PhRvD.101l3530E_page_3_chunk_5": {
        "text": "al hypersurfaces in order to decom pose the Dirac ﬁeld in terms of a complete set of\nmodes [30, 39, 40],\nψ(t,/vector x) =/summationdisplay\n/vectork∈Z3/summationdisplay\nλ=±1ei2π/vectork/vector x/l0\n/radicalbig\nl3\n0˜a3/parenleftBigg\nx/vectork,λ(t)ξλ(/vectork)\ny/vectork,λ(t)ξλ(/vectork)/parenrightBigg\n,−i/vector σ/vector∇/bracketleftBig\nξλ(/vectork)ei2π/vectork/vector x/l0/bracketrightBig\n=λωkξλ(/vectork)ei2π/vectork/vector x/l0.(2.2)\nHere,l0is the compactiﬁcation length of the torus, λωkare the eigenvalues of the Dirac operator −i/vector σ/vector∇onT3, where\nλ=±1 represents the helicity, the two-component objects ξλ(/vectork)exp(i2π/vectork/vector x/l0) are its eigenspinors, and ωk= 2π|/vectork|/l0\nwith/vectork∈Z3. In addition, we are imposing spatially periodic boundary conditions to the Dirac ﬁeld, restricting\nourselves in this way to the trivial choice of spin structure in T3[44]. The time-dependent coeﬃcients ( x/vectork,λ,y/vectork,λ)\nare Grassmann variables that only display non-va",
        "page": 3,
        "link": "https://ui.adsabs.harvard.edu/link_gateway/2020PhRvD.101l3530E/EPRINT_PDF",
        "title": "Unique fermionic vacuum in de Sitter spacetime from hybrid quantum cosmology"
    },
    "2020PhRvD.101l3530E_page_3_chunk_6": {
        "text": "rac ﬁeld, restricting\nourselves in this way to the trivial choice of spin structure in T3[44]. The time-dependent coeﬃcients ( x/vectork,λ,y/vectork,λ)\nare Grassmann variables that only display non-vanishing Dirac brack ets with their complex conjugates, each of these\nnon-trivial brackets being equal to −i.\nIn the truncation scheme that we have adopted, these fermionic v ariables contribute to the total Hamiltonian of\nthe system only through the zero-mode of the Hamiltonian constra int. Explicitly, this fermionic contribution to the\nHamiltonian is given by [30]\n˜HD=N0/summationdisplay\n/vectork,λ/bracketleftBig\nM/parenleftbig\n¯y/vectork,λx/vectork,λ+ ¯x/vectork,λy/vectork,λ/parenrightbig\n−˜a−1λωk/parenleftbig\n¯x/vectork,λx/vectork,λ−¯y/vectork,λy/vectork,λ/parenrightbig/bracketrightBig\n, (2.3)\nwhereMis the bare mass of the Dirac ﬁeld, N0is the lapse function of the homogeneous FLRW background, and an\noverbar indicates complex conjugation. We exclude from all of our c onsiderations and s",
        "page": 3,
        "link": "https://ui.adsabs.harvard.edu/link_gateway/2020PhRvD.101l3530E/EPRINT_PDF",
        "title": "Unique fermionic vacuum in de Sitter spacetime from hybrid quantum cosmology"
    },
    "2020PhRvD.101l3530E_page_3_chunk_7": {
        "text": ".3)\nwhereMis the bare mass of the Dirac ﬁeld, N0is the lapse function of the homogeneous FLRW background, and an\noverbar indicates complex conjugation. We exclude from all of our c onsiderations and sums the terms with /vectork= 0,",
        "page": 3,
        "link": "https://ui.adsabs.harvard.edu/link_gateway/2020PhRvD.101l3530E/EPRINT_PDF",
        "title": "Unique fermionic vacuum in de Sitter spacetime from hybrid quantum cosmology"
    },
    "2020PhRvD.101l3530E_page_4_chunk_1": {
        "text": "4\nnamely the fermionic zero-modes, since they contribute to the Ham iltonian in a slightly diﬀerent manner and can be\nisolated and quantized separately. For instance, one could directly adopt a standard holomorphic representation for\nthe (ﬁnitely many) anticommuting variables that describe these zer o-modes (for details on this type of quantization,\nsee e.g. Ref. [45]). On the other hand, let us notice that modes corr espondingto diﬀerent values of /vectorkandλcompletely\ndecouple in ˜HD, and that the coeﬃcients of the fermionic variables only depend on λωk, but not on the degeneracy of\nthese eigenvalues of the Dirac operator (i.e. they only depend on th e helicity and on the norm of /vectork). This is mostly\na manifestation of the spatial symmetries of the spatial sections, together with the conservation of the helicity of the\nﬁeld in FLRW cosmologies [40].\nThe freedom that exists in hybrid quantum cosmology in the way to sp lit the phase space into a homogeneous\nsector and an inhomoge",
        "page": 4,
        "link": "https://ui.adsabs.harvard.edu/link_gateway/2020PhRvD.101l3530E/EPRINT_PDF",
        "title": "Unique fermionic vacuum in de Sitter spacetime from hybrid quantum cosmology"
    },
    "2020PhRvD.101l3530E_page_4_chunk_2": {
        "text": "he conservation of the helicity of the\nﬁeld in FLRW cosmologies [40].\nThe freedom that exists in hybrid quantum cosmology in the way to sp lit the phase space into a homogeneous\nsector and an inhomogeneous sector can be captured in the choice of a background-dependent family of variables\nof annihilation and creation type for the description of the dynamica l Dirac ﬁeld, respecting the symmetries of the\nHamiltonian that we have commented in the above pragraph. These f amilies of variables are of the general form\n/parenleftbigga/vectork,λ¯b−/vectork,λ/parenrightbigg\n=/parenleftbigg\nfk,λ\n1fk,λ\n2\ngk,λ\n1gk,λ\n2/parenrightbigg/bracketleftbigg\nI−1−λ\n2(I−σ1)/bracketrightbigg/parenleftbiggx/vectork,λ\ny/vectork,λ/parenrightbigg\n. (2.4)\nAs we have indicated, the coeﬃcients fk,λ\nlandgk,λ\nl, withl= 1,2, are in principle allowed to depend on the canonical\nvariables that determine the homogeneous cosmological backgrou nd: the scale factor ˜ a, the homogeneous scalar ﬁeld,\nand their canonical momenta. ",
        "page": 4,
        "link": "https://ui.adsabs.harvard.edu/link_gateway/2020PhRvD.101l3530E/EPRINT_PDF",
        "title": "Unique fermionic vacuum in de Sitter spacetime from hybrid quantum cosmology"
    },
    "2020PhRvD.101l3530E_page_4_chunk_3": {
        "text": " are in principle allowed to depend on the canonical\nvariables that determine the homogeneous cosmological backgrou nd: the scale factor ˜ a, the homogeneous scalar ﬁeld,\nand their canonical momenta. These coeﬃcients are subject to th e following relations:\nfk,λ\n2=eiFk,λ\n2/radicalbigg\n1−/vextendsingle/vextendsingle/vextendsinglefk,λ\n1/vextendsingle/vextendsingle/vextendsingle2\n, gk,λ\n1=eiJk,λ¯fk,λ\n2, gk,λ\n2=−eiJk,λ¯fk,λ\n1, (2.5)\nthat ensure that the transformation of the pair ( x/vectork,λ,y/vectork,λ) to (a/vectork,λ,¯b−/vectork,λ) is canonical with respect to the symplectic\nstructure restricted to the fermionic sector of phase space. He re,Fk,λ\n2andJk,λare unspeciﬁed phases. The standard\nconvention is then to regard a/vectork,λas the pre-quantum version of annihilation operators of particles, and¯b/vectork,λas the\nvariables that are going to be promoted to creation operators of a ntiparticles. Every single speciﬁcation of such\nvariables for all wavevectors /vectorkdeﬁnes a diﬀerent F",
        "page": 4,
        "link": "https://ui.adsabs.harvard.edu/link_gateway/2020PhRvD.101l3530E/EPRINT_PDF",
        "title": "Unique fermionic vacuum in de Sitter spacetime from hybrid quantum cosmology"
    },
    "2020PhRvD.101l3530E_page_4_chunk_4": {
        "text": "cles, and¯b/vectork,λas the\nvariables that are going to be promoted to creation operators of a ntiparticles. Every single speciﬁcation of such\nvariables for all wavevectors /vectorkdeﬁnes a diﬀerent Fock quantization of the fermionic ﬁeld.\nWe notice that, since the coeﬃcients fk,λ\nlandgk,λ\nlthat deﬁne them depend generally on the homogeneous cos-\nmological background or, from a classical perspective, on time, th e Hamiltonian that dictates the linearized classical\ndynamics of these annihilation and creationlike variables is diﬀerent fr om˜HDin Eq. (2.3). In the linearized classical\nscenario, where the homogeneous background is ﬁxed as a cosmolo gical FLRW solution in GR, the diﬀerence between\nboth Hamiltonian functions is just the time derivative of the generat ing function of the canonical transformation\ngiven by Eqs. (2.4) and (2.5). This change in the Hamiltonian can be rea lized within the canonical framework of the\nentire system, that is employed in hybrid quantum cosmology, by co",
        "page": 4,
        "link": "https://ui.adsabs.harvard.edu/link_gateway/2020PhRvD.101l3530E/EPRINT_PDF",
        "title": "Unique fermionic vacuum in de Sitter spacetime from hybrid quantum cosmology"
    },
    "2020PhRvD.101l3530E_page_4_chunk_5": {
        "text": "l transformation\ngiven by Eqs. (2.4) and (2.5). This change in the Hamiltonian can be rea lized within the canonical framework of the\nentire system, that is employed in hybrid quantum cosmology, by com pleting our change of fermionic variables into\na canonical transformation for the full cosmology, that also includ es the homogeneous background. This is achieved,\nat the considered order of perturbative truncation, by correct ing the variables of the homogeneous sector with the\naddition of very speciﬁc terms that are quadratic in the fermionic pe rturbations. In particular, we denote by athe\nresulting new scale factor. We refer the reader to Refs. [22, 28, 30, 41] for the speciﬁc details of this procedure.\nExpressing the total Hamiltonian in terms of the new canonical set o f variables for the complete system gives rise to\nthe following contribution [22]:\nHD=N0/summationdisplay\n/vectork,λ/bracketleftBigg\n2hk,λ\nD/parenleftBig\n¯a/vectork,λa/vectork,λ+¯b/vectork,λb/vectork,λ/parenrightBig\n",
        "page": 4,
        "link": "https://ui.adsabs.harvard.edu/link_gateway/2020PhRvD.101l3530E/EPRINT_PDF",
        "title": "Unique fermionic vacuum in de Sitter spacetime from hybrid quantum cosmology"
    },
    "2020PhRvD.101l3530E_page_4_chunk_6": {
        "text": "the complete system gives rise to\nthe following contribution [22]:\nHD=N0/summationdisplay\n/vectork,λ/bracketleftBigg\n2hk,λ\nD/parenleftBig\n¯a/vectork,λa/vectork,λ+¯b/vectork,λb/vectork,λ/parenrightBig\n+/braceleftbig\nJk,λ,H|0/bracerightbig¯b/vectork,λb/vectork,λ+¯hk,λ\nIa/vectork,λb−/vectork,λ−h/vectork,(x,y)\nI¯a/vectork,λ¯b−/vectork,λ/bracketrightBigg\n,(2.6)\nwhere we have imposed normal ordering of the Grassmann variables , and\nhk,λ\nD=ωk\n2a/parenleftbigg/vextendsingle/vextendsingle/vextendsinglefk,λ\n2/vextendsingle/vextendsingle/vextendsingle2\n−/vextendsingle/vextendsingle/vextendsinglefk,λ\n1/vextendsingle/vextendsingle/vextendsingle2/parenrightbigg\n+MRe/parenleftBig\nfk,λ\n1¯fk,λ\n2/parenrightBig\n+i\n2/parenleftBig\n¯fk,λ\n1/braceleftBig\nfk,λ\n1,H|0/bracerightBig\n+¯fk,λ\n2/braceleftBig\nfk,λ\n2,H|0/bracerightBig/parenrightBig\n, (2.7)\nhk,λ\nI=e−iJk,λ/bracketleftbigg\nifk,λ\n1/braceleftBig\nfk,λ\n2,H|0/bracerightBig\n−ifk,λ\n2/braceleftBig\nfk,λ\n1,H|0/bracerightBig\n+2ωka−1fk,λ\n1fk,λ\n2+M/parenleftBig\nfk,λ\n1",
        "page": 4,
        "link": "https://ui.adsabs.harvard.edu/link_gateway/2020PhRvD.101l3530E/EPRINT_PDF",
        "title": "Unique fermionic vacuum in de Sitter spacetime from hybrid quantum cosmology"
    },
    "2020PhRvD.101l3530E_page_4_chunk_7": {
        "text": "racerightBig/parenrightBig\n, (2.7)\nhk,λ\nI=e−iJk,λ/bracketleftbigg\nifk,λ\n1/braceleftBig\nfk,λ\n2,H|0/bracerightBig\n−ifk,λ\n2/braceleftBig\nfk,λ\n1,H|0/bracerightBig\n+2ωka−1fk,λ\n1fk,λ\n2+M/parenleftBig\nfk,λ\n1/parenrightBig2\n−M/parenleftBig\nfk,λ\n2/parenrightBig2/bracketrightbigg\n.(2.8)\nIn all of these expressions,/braceleftbig\n.,H|0/bracerightbig\ndenotes the Poisson bracket with the Hamiltonian constraint H|0of the homo-\ngeneous FLRW inﬂationary cosmology, evaluated at the new backgr ound variables. For concreteness, let us note\nthat this is the cosmological model that can be obtained from ours b y ignoring or eliminating the perturbations. Its\nHamiltonian is given by N0H|0. Hence, the considered Poissonbracket is just the derivative with respect to the proper",
        "page": 4,
        "link": "https://ui.adsabs.harvard.edu/link_gateway/2020PhRvD.101l3530E/EPRINT_PDF",
        "title": "Unique fermionic vacuum in de Sitter spacetime from hybrid quantum cosmology"
    },
    "2020PhRvD.101l3530E_page_5_chunk_1": {
        "text": "5\ntime in the context of linearized classical cosmology. In addition, all t he functions of the background in Eq. (2.6)\nare functionally evaluated on the new canonical variables for the de scription of this homogeneous sector. The symbol\nRe(·) stands for the real part. Finally, in what follows we will restrict Jk,λto be constant, in order not to introduce\nany artiﬁcial asymmetry in the dynamics of the annihilation and creat ionlike variables for particles and antiparticles\n[see Eq. (2.6)].\nA. Asymptotic diagonalization\nA look at the Hamiltonian (2.6) immediately shows that, dynamically, the creation and annihilation of pairs of\nparticles and antiparticles is ruled by the function hk,λ\nIof the homogeneous background. Importantly, it is this\nself-interactive part of the fermionic Hamiltonian what can produce the most severe QFT-type of divergences in the\nquantum theory [30, 41]. The issue is directly related to the asympto tic behavior of this function, in the ultraviolet\nlimit of large ",
        "page": 5,
        "link": "https://ui.adsabs.harvard.edu/link_gateway/2020PhRvD.101l3530E/EPRINT_PDF",
        "title": "Unique fermionic vacuum in de Sitter spacetime from hybrid quantum cosmology"
    },
    "2020PhRvD.101l3530E_page_5_chunk_2": {
        "text": " what can produce the most severe QFT-type of divergences in the\nquantum theory [30, 41]. The issue is directly related to the asympto tic behavior of this function, in the ultraviolet\nlimit of large wavenumbers ωk. Remarkably, this ultraviolet behavior is greatly tamed by the criter ia put forward in\nhybrid quantum cosmology of (i) requiring that the fermionic annihilat ion and creation operators can evolve unitarily\nin the context of QFT in curved spacetimes [30, 40]; and (ii) asking tha t the Fock representation of the fermionic\ncontributiontotheHamiltonianconstraint(2.6)iswelldeﬁnedonthe vacuum, somethingthatactuallyguaranteesthat\ncertain backreaction eﬀects in the hybrid quantum theory are non -divergent without the need of any regularization\n[41]. Technically, these criteria succeed in eliminating the ﬁrst few dom inant asymptotic contributions of hk,λ\nI(in\npowers of the scale ωk). Furthermore, by imposing these criteria one derives the addition al beneﬁt of restricting the\nasymp",
        "page": 5,
        "link": "https://ui.adsabs.harvard.edu/link_gateway/2020PhRvD.101l3530E/EPRINT_PDF",
        "title": "Unique fermionic vacuum in de Sitter spacetime from hybrid quantum cosmology"
    },
    "2020PhRvD.101l3530E_page_5_chunk_3": {
        "text": "in eliminating the ﬁrst few dom inant asymptotic contributions of hk,λ\nI(in\npowers of the scale ωk). Furthermore, by imposing these criteria one derives the addition al beneﬁt of restricting the\nasymptotic form of the annihilation and creationlike variables (2.4), a nd thus the choice of their Fock representation.\nMotivated by these results, a more restrictive criterion, intended for the complete determination of the Fock quan-\ntization of the fermionic perturbations, has been recently propos ed [22]. It aims to diminish as much as possible the\ninteraction terms in their Hamiltonian, in the ultraviolet regime of large ωk. For that, one starts with annihilation and\ncreationlike variables that admit a unitarily implementable dynamics in QF T, within the unique family of unitarily\nequivalent representationsthat possess such property, adher ing to a standard conventionforparticles and antiparticles\n[40]. Then, an iterative procedure (that we call asymptotic diagona lization), applied order",
        "page": 5,
        "link": "https://ui.adsabs.harvard.edu/link_gateway/2020PhRvD.101l3530E/EPRINT_PDF",
        "title": "Unique fermionic vacuum in de Sitter spacetime from hybrid quantum cosmology"
    },
    "2020PhRvD.101l3530E_page_5_chunk_4": {
        "text": "representationsthat possess such property, adher ing to a standard conventionforparticles and antiparticles\n[40]. Then, an iterative procedure (that we call asymptotic diagona lization), applied order by order in inverse powers\nof the Fourier scale ωk, univocally leads to a complete asymptotic elimination of the interactio n termshk,λ\nI, requiring\nthat [22]\nfk,λ\n1=fk,λ\n2ϕk,λ, ϕ k,λ∼1\n2ωk∞/summationdisplay\nn=0/parenleftbigg\n−i\n2ωk/parenrightbiggn\nγn, (2.9)\nwhere\nγ0=Ma, γ n+1=a/braceleftbig\nH|0,γn/bracerightbig\n+Man−1/summationdisplay\nm=0γmγn−(m+1),∀n≥0. (2.10)\nWe note that, up to the phases Fk,λ\n2andJk,λ, relations(2.5), (2.9), and (2.10) uniquely provide asymptoticexpa nsions\nof the coeﬃcients that deﬁne the annihilation and creationlike variab les for the fermionic perturbations. Speciﬁcally,\nrelations (2.5) directly imply that\n/vextendsingle/vextendsingle/vextendsinglefk,λ\n2/vextendsingle/vextendsingle/vextendsingle2\n=1\n1+|ϕk,λ|2, (2.11)\nso, as an asymptotic expansion, fk,λ\n2/negatio",
        "page": 5,
        "link": "https://ui.adsabs.harvard.edu/link_gateway/2020PhRvD.101l3530E/EPRINT_PDF",
        "title": "Unique fermionic vacuum in de Sitter spacetime from hybrid quantum cosmology"
    },
    "2020PhRvD.101l3530E_page_5_chunk_5": {
        "text": "lly,\nrelations (2.5) directly imply that\n/vextendsingle/vextendsingle/vextendsinglefk,λ\n2/vextendsingle/vextendsingle/vextendsingle2\n=1\n1+|ϕk,λ|2, (2.11)\nso, as an asymptotic expansion, fk,λ\n2/negationslash= 0 in our characterization.\nThe actual hope in hybrid quantum cosmology is that, even if in the fo rm of as an asymptotic expansion, the\ndiagonalization explained above can be used to select (up to the ment ioned phases) a complete set of fermionic\nannihilation and creation operators for all wavevectors /vectork/negationslash= 0, and hence a speciﬁc Fock quantization of the fermionic\nexcitations. In fact, assuming that fk,λ\n2/negationslash= 0, as it is required by the standard convention of particles and ant iparticles\n[40], the elimination of interaction terms hk,λ\nIin the fermionic Hamiltonian for all ωk/negationslash= 0 is attained if and only if\na/braceleftbig\nϕk,λ,H|0/bracerightbig\n+2iωkϕk,λ+iaMϕ2\nk,λ−iaM= 0. (2.12)\nThis is a semilinear partial diﬀerential equation for ϕk,λ, an",
        "page": 5,
        "link": "https://ui.adsabs.harvard.edu/link_gateway/2020PhRvD.101l3530E/EPRINT_PDF",
        "title": "Unique fermionic vacuum in de Sitter spacetime from hybrid quantum cosmology"
    },
    "2020PhRvD.101l3530E_page_5_chunk_6": {
        "text": "miltonian for all ωk/negationslash= 0 is attained if and only if\na/braceleftbig\nϕk,λ,H|0/bracerightbig\n+2iωkϕk,λ+iaMϕ2\nk,λ−iaM= 0. (2.12)\nThis is a semilinear partial diﬀerential equation for ϕk,λ, and the current concern regarding the asymptotic diago-\nnalization criterion in hybrid quantum cosmology is whether the asymp totic expansion (2.9) uniquely characterizes a\nsolution. In the upcoming section, we argue that this is indeed the ca se when the homogeneous background describes",
        "page": 5,
        "link": "https://ui.adsabs.harvard.edu/link_gateway/2020PhRvD.101l3530E/EPRINT_PDF",
        "title": "Unique fermionic vacuum in de Sitter spacetime from hybrid quantum cosmology"
    },
    "2020PhRvD.101l3530E_page_6_chunk_1": {
        "text": "6\na de Sitter spacetime, and the fermionic perturbations are conside red within the linearized context of QFT in curved\nspacetimes.\nIII. UNIQUE VACUUM IN DE SITTER\nWe now restrict all our attention to the scenario of cosmological mo dels with negligible backreaction of the per-\nturbations on the homogeneous background, situation in which this background follows the classical dynamics of an\nFLRW spacetime fuelled with a homogeneous scalar ﬁeld. In practice, this means that the old and new variables that\ndescribe the homogeneous cosmology can be identiﬁed (in particular , we havea= ˜a), and that the Poisson bracket\na/braceleftbig\n.,H|0/bracerightbig\nis the derivative with respect to conformal time, η. The metric that describes the de Sitter spacetime is a\nparticular solution of the considered, classical ﬂat FLRW cosmologie s, expressed in coordinates that correspond to its\nﬂat slicing [2]. Speciﬁcally, this solution can be reached with a constant potential for the scalar ﬁeld. In conform",
        "page": 6,
        "link": "https://ui.adsabs.harvard.edu/link_gateway/2020PhRvD.101l3530E/EPRINT_PDF",
        "title": "Unique fermionic vacuum in de Sitter spacetime from hybrid quantum cosmology"
    },
    "2020PhRvD.101l3530E_page_6_chunk_2": {
        "text": "d, classical ﬂat FLRW cosmologie s, expressed in coordinates that correspond to its\nﬂat slicing [2]. Speciﬁcally, this solution can be reached with a constant potential for the scalar ﬁeld. In conformal\ntime, the scale factor then behaves as\na=−(ηHΛ)−1,−∞<η<0, (3.1)\nwhereHΛistheHubbleconstant. InthisdeSitterbackground,thegeneral condition(2.12)thatcancelstheinteraction\nterms in the fermionic Hamiltonian becomes the following Riccati equat ion\nϕ′\nk,λ+2iωkϕk,λ−iM(ηHΛ)−1ϕ2\nk,λ+iM(ηHΛ)−1= 0, (3.2)\nwhere the prime denotes the derivative with respect to η. In order to eventually ﬁnd the general solution to this\nequation, we introduce the standard change of variable\nϕk,λ=iηM−1HΛ(loguk,λ)′, (3.3)\nwhich leads to the second-order linear equation\nu′′\nk,λ+/parenleftbig\n2iωk+η−1/parenrightbig\nu′\nk,λ+/parenleftbig\nM−1HΛη/parenrightbig−2uk,λ= 0. (3.4)\nWe can bring this equation to a well-known ordinary diﬀerential equat ion if we redeﬁne uk,λ=eiMtvk,λ, wheretis\nthe comoving cosmological time, in term",
        "page": 6,
        "link": "https://ui.adsabs.harvard.edu/link_gateway/2020PhRvD.101l3530E/EPRINT_PDF",
        "title": "Unique fermionic vacuum in de Sitter spacetime from hybrid quantum cosmology"
    },
    "2020PhRvD.101l3530E_page_6_chunk_3": {
        "text": "arenleftbig\nM−1HΛη/parenrightbig−2uk,λ= 0. (3.4)\nWe can bring this equation to a well-known ordinary diﬀerential equat ion if we redeﬁne uk,λ=eiMtvk,λ, wheretis\nthe comoving cosmological time, in terms of which the scale factor is a= exp(HΛt). In this way, and introducing the\nmode-dependent complex time Tk=−2iωkη, we ﬁnally arrive at\nTkd2vk,λ\ndT2\nk+/parenleftbig\n1−2iMH−1\nΛ−Tk/parenrightbigdvk,λ\ndTk+iMH−1\nΛvk,λ= 0. (3.5)\nThis is a conﬂuent hypergeometric equation in the complex variable Tk[46]. Its general solution is given by the\nfollowing linear combination of convergent hypergeometric function s:\nvk,λ=A1F1/parenleftbig\n−iMH−1\nΛ;1−2iMH−1\nΛ;Tk/parenrightbig\n+BT2iMH−1\nΛ\nk 1F1/parenleftbig\niMH−1\nΛ;1+2iMH−1\nΛ;Tk/parenrightbig\n, (3.6)\nwhereAandBare arbitrary complex integration constants that may in general d epend onωkandλ, even if we have\nnot indicated explicitly this possibility. For concreteness, we recall t he deﬁnition of the hypergeometric function of\ntype (p,q), as a formal power s",
        "page": 6,
        "link": "https://ui.adsabs.harvard.edu/link_gateway/2020PhRvD.101l3530E/EPRINT_PDF",
        "title": "Unique fermionic vacuum in de Sitter spacetime from hybrid quantum cosmology"
    },
    "2020PhRvD.101l3530E_page_6_chunk_4": {
        "text": "may in general d epend onωkandλ, even if we have\nnot indicated explicitly this possibility. For concreteness, we recall t he deﬁnition of the hypergeometric function of\ntype (p,q), as a formal power series,\npFq(b1,...,bp;c1,...,cq;z) =∞/summationdisplay\nn=0(b1)n...(bp)n\n(c1)n...(cq)nzn\nn!, (b)n=/braceleftBigg\n1 if n= 0,\nb(b+1)...(b+n−1) ifn>0,(3.7)\nforbequal to any of the complex numbers b1,...,bp,c1,...,cq. Let us point out that this series converges absolutely\nfor allzifp≤q, while it has a vanishing radius of convergence if p>q+1 [46].\nA. Uniqueness from asymptotic diagonalization\nIn the de Sitter background, formula(3.6) can be used toobtain th e form ofthe generalsolution ϕk,λ=fk,λ\n1(fk,λ\n2)−1\ntoEq. (3.2)and, bymeansofrelation(2.11), thecoeﬃcientsforth edeﬁnitionoffermionicannihilationandcreationlike",
        "page": 6,
        "link": "https://ui.adsabs.harvard.edu/link_gateway/2020PhRvD.101l3530E/EPRINT_PDF",
        "title": "Unique fermionic vacuum in de Sitter spacetime from hybrid quantum cosmology"
    },
    "2020PhRvD.101l3530E_page_6_chunk_5": {
        "text": "andcreationlike",
        "page": 6,
        "link": "https://ui.adsabs.harvard.edu/link_gateway/2020PhRvD.101l3530E/EPRINT_PDF",
        "title": "Unique fermionic vacuum in de Sitter spacetime from hybrid quantum cosmology"
    },
    "2020PhRvD.101l3530E_page_7_chunk_1": {
        "text": "7\nvariables that display no dynamical self-interaction. In what follows , we show that the criterion of asymptotic\ndiagonalization, that leads to the asymptotic expansion given in Eqs. (2.9) and (2.10), uniquely determines a pair of\nintegration constants AandBin Eq. (3.6) (up to a global multiplicative factor), and hence a unique s olutionϕk,λ.\nLet us start by studying the iterative relation (2.10) for the coeﬃc ientsγnthat appear in the asymptotic diag-\nonalization expansion, for the classical de Sitter cosmological back ground. In the considered linearized context, it\nreads\nγ0=−M(HΛη)−1, γ n+1=−γ′\nn−M(HΛη)−1n−1/summationdisplay\nm=0γmγn−(m+1),∀n≥0. (3.8)\nIt is not hard to check that its solution leads to an asymptotic expan sion forϕk,λof the form\nϕk,λ∼iT−1\nk∞/summationdisplay\nn=0(−Tk)−nCn,\nC0=MH−1\nΛ, C n+1= (n+1)Cn+MH−1\nΛn−1/summationdisplay\nm=0CmCn−(m+1),∀n≥0. (3.9)\nWe do not need to solve the complicated iterative equation for these coeﬃcients, as all the relevant information is co",
        "page": 7,
        "link": "https://ui.adsabs.harvard.edu/link_gateway/2020PhRvD.101l3530E/EPRINT_PDF",
        "title": "Unique fermionic vacuum in de Sitter spacetime from hybrid quantum cosmology"
    },
    "2020PhRvD.101l3530E_page_7_chunk_2": {
        "text": "n,\nC0=MH−1\nΛ, C n+1= (n+1)Cn+MH−1\nΛn−1/summationdisplay\nm=0CmCn−(m+1),∀n≥0. (3.9)\nWe do not need to solve the complicated iterative equation for these coeﬃcients, as all the relevant information is con-\ntained in the associated expansion of vk,λ, that we explicitly determine below. In fact, the deduced expressio n greatly\nconstrains the asymptotic behavior of the corresponding, partic ular solution vk,λof the conﬂuent hypergeometric\nequation (3.5). Indeed, since\nϕk,λ= 1+iM−1HΛTkd\ndTk(logvk,λ), (3.10)\nthe asymptotic expansion in inverse powers of Tkthat we have obtained for ϕk,λimplies that, necessarily,\nvk,λ∼TiMH−1\nΛ\nk∞/summationdisplay\nn=0(−Tk)−nvn,withv1=/parenleftbig\nMH−1\nΛ/parenrightbig2v0. (3.11)\nThe imaginary power of Tkthat appears in the above expression in fact is needed to eliminate th e term of order 1\ninϕk,λ, so that the function Tkϕk,λdominantly behaves like iMH−1\nΛwhenωk→ ∞, as it is required by Eq. (3.9).\nIf we introduce this asymptotic expansion for vk,λin the conﬂuent ",
        "page": 7,
        "link": "https://ui.adsabs.harvard.edu/link_gateway/2020PhRvD.101l3530E/EPRINT_PDF",
        "title": "Unique fermionic vacuum in de Sitter spacetime from hybrid quantum cosmology"
    },
    "2020PhRvD.101l3530E_page_7_chunk_3": {
        "text": "ate th e term of order 1\ninϕk,λ, so that the function Tkϕk,λdominantly behaves like iMH−1\nΛwhenωk→ ∞, as it is required by Eq. (3.9).\nIf we introduce this asymptotic expansion for vk,λin the conﬂuent hypergeometric equation that it must satisfy, we\nﬁnd a recursion relation for its constant coeﬃcients vn,\nvn+1=/parenleftbig\nn+iMH−1\nΛ/parenrightbig/parenleftbig\nn−iMH−1\nΛ/parenrightbig\nn+1vn. (3.12)\nThe solution is clearly\nvn=v0\nn!/parenleftbig\niMH−1\nΛ/parenrightbig\nn/parenleftbig\n−iMH−1\nΛ/parenrightbig\nn(3.13)\nfor an arbitrary constant v0, and where we have used the notation introduced in Eq. (3.7). So, t he asymptotic\nexpansion selected for vk,λby our Hamiltonian diagonalization corresponds to the hypergeomet ric function\nvk,λ∼v0TiMH−1\nΛ\nk 2F0/parenleftbig\niMH−1\nΛ,−iMH−1\nΛ;−;−T−1\nk/parenrightbig\n, (3.14)\nthat has a vanishing radius of convergence. Here, the hyphen bet ween semicolons in the argument of the hypergeo-\nmetric function just indicates the case q= 0 of its deﬁnition, case for",
        "page": 7,
        "link": "https://ui.adsabs.harvard.edu/link_gateway/2020PhRvD.101l3530E/EPRINT_PDF",
        "title": "Unique fermionic vacuum in de Sitter spacetime from hybrid quantum cosmology"
    },
    "2020PhRvD.101l3530E_page_7_chunk_4": {
        "text": "htbig\n, (3.14)\nthat has a vanishing radius of convergence. Here, the hyphen bet ween semicolons in the argument of the hypergeo-\nmetric function just indicates the case q= 0 of its deﬁnition, case for which the denominator in Eq. (3.7) becom es\nthe factorial of n. Even though it is formally divergent, this is precisely the asymptotic expansion (up to the global\nfactorv0) of a very particular recessive solution of the conﬂuent equation, known as the Tricomi solution [46, 47]. We\nnow explicitly prove that this solution is actually the only one that admit s such an asymptotic behavior. To do so,\nwe ﬁrst need the asymptotic expansion of the general solution (3.6 ) for arbitrary constants AandB. Actually, for",
        "page": 7,
        "link": "https://ui.adsabs.harvard.edu/link_gateway/2020PhRvD.101l3530E/EPRINT_PDF",
        "title": "Unique fermionic vacuum in de Sitter spacetime from hybrid quantum cosmology"
    },
    "2020PhRvD.101l3530E_page_8_chunk_1": {
        "text": "8\n−π/2<arg(z)<3π/2, it holds that [47]\n1F1(b;c;z)∼Γ(c)\nΓ(c−b)z−beiπb2F0/parenleftbig\nb,1+b−c;−;−z−1/parenrightbig\n+Γ(c)\nΓ(b)zb−cez2F0/parenleftbig\nc−b,1−b;−;z−1/parenrightbig\n, (3.15)\nso the general solution (3.6) of our conﬂuent equation has the follo wing asymptotic expansion with respect to Tk:\nvk,λ∼TiMH−1\nΛ\nk 2F0/parenleftbig\niMH−1\nΛ,−iMH−1\nΛ;−;−T−1\nk/parenrightbig/bracketleftBigg\nAΓ/parenleftbig\n1−2iMH−1\nΛ/parenrightbig\nΓ/parenleftbig\n1−iMH−1\nΛ/parenrightbigeπMH−1\nΛ+BΓ/parenleftbig\n1+2iMH−1\nΛ/parenrightbig\nΓ/parenleftbig\n1+iMH−1\nΛ/parenrightbige−πMH−1\nΛ/bracketrightBigg\n(3.16)\n+eTkT−1+iMH−1\nΛ\nk 2F0/parenleftbig\n1−iMH−1\nΛ,1+iMH−1\nΛ;−;T−1\nk/parenrightbig/bracketleftBigg\nAΓ/parenleftbig\n1−2iMH−1\nΛ/parenrightbig\nΓ/parenleftbig\n−iMH−1\nΛ/parenrightbig+BΓ/parenleftbig\n1+2iMH−1\nΛ/parenrightbig\nΓ/parenleftbig\niMH−1\nΛ/parenrightbig/bracketrightBigg\n.\nThe two terms on the right-hand side of this expression clearly repr esent (even if only formally) two linearly inde-\npendent functions of Tk,",
        "page": 8,
        "link": "https://ui.adsabs.harvard.edu/link_gateway/2020PhRvD.101l3530E/EPRINT_PDF",
        "title": "Unique fermionic vacuum in de Sitter spacetime from hybrid quantum cosmology"
    },
    "2020PhRvD.101l3530E_page_8_chunk_2": {
        "text": "g\nΓ/parenleftbig\niMH−1\nΛ/parenrightbig/bracketrightBigg\n.\nThe two terms on the right-hand side of this expression clearly repr esent (even if only formally) two linearly inde-\npendent functions of Tk, whereas just one of them appears in the expansion (3.14) that is s elected by the asymptotic\ndiagonalization criterion. Therefore, a necessary condition impose d by this criterion is that\nB=−Γ/parenleftbig\niMH−1\nΛ/parenrightbig\nΓ/parenleftbig\n1−2iMH−1\nΛ/parenrightbig\nΓ/parenleftbig\n1+2iMH−1\nΛ/parenrightbig\nΓ/parenleftbig\n−iMH−1\nΛ/parenrightbigA. (3.17)\nIntroducing this value of Bin the general formula (3.16), and using the general property of t he Gamma function\nΓ(1+z) =zΓ(z), withz∈C[47], we obtain\nvk,λ∼ATiMH−1\nΛ\nk4cosh/parenleftbig\nπMH−1\nΛ/parenrightbigΓ/parenleftbig\n−2iMH−1\nΛ/parenrightbig\nΓ/parenleftbig\n−iMH−1\nΛ/parenrightbig2F0/parenleftbig\niMH−1\nΛ,−iMH−1\nΛ;−;−T−1\nk/parenrightbig\n. (3.18)\nComparing once again with the asymptotic expansion (3.14) of our de sired solution, we can deter",
        "page": 8,
        "link": "https://ui.adsabs.harvard.edu/link_gateway/2020PhRvD.101l3530E/EPRINT_PDF",
        "title": "Unique fermionic vacuum in de Sitter spacetime from hybrid quantum cosmology"
    },
    "2020PhRvD.101l3530E_page_8_chunk_3": {
        "text": "\nΓ/parenleftbig\n−iMH−1\nΛ/parenrightbig2F0/parenleftbig\niMH−1\nΛ,−iMH−1\nΛ;−;−T−1\nk/parenrightbig\n. (3.18)\nComparing once again with the asymptotic expansion (3.14) of our de sired solution, we can determine the value of\nA. In this way, we are univocally led to conclude that\nA=v0Γ/parenleftbig\n2iMH−1\nΛ/parenrightbig\nΓ/parenleftbig\niMH−1\nΛ/parenrightbig, B=v0Γ/parenleftbig\n−2iMH−1\nΛ/parenrightbig\nΓ/parenleftbig\n−iMH−1\nΛ/parenrightbig, (3.19)\nwhere we have employed the general identity [47]\n1\n4cosh(πy)=Γ(2iy)Γ(−2iy)\nΓ(iy)Γ(−iy), y∈R.\nWe have henceforth proven that, in a de Sitter background, our a symptotic characterization inspired by hybrid\nquantum cosmology uniquely picks out a particular solution of the con ﬂuent hypergeometric equation (3.5) (up to\nthe irrelevant factor v0), and therefore a particular function ϕk,λ[cf. Eq. (3.10)] that eliminates the self-interaction\nin the fermionic Hamiltonian for all /vectork/negationslash= 0. The speciﬁcation of ϕk,λ, in turn, corresponds to a prec",
        "page": 8,
        "link": "https://ui.adsabs.harvard.edu/link_gateway/2020PhRvD.101l3530E/EPRINT_PDF",
        "title": "Unique fermionic vacuum in de Sitter spacetime from hybrid quantum cosmology"
    },
    "2020PhRvD.101l3530E_page_8_chunk_4": {
        "text": "a particular function ϕk,λ[cf. Eq. (3.10)] that eliminates the self-interaction\nin the fermionic Hamiltonian for all /vectork/negationslash= 0. The speciﬁcation of ϕk,λ, in turn, corresponds to a precise choice of the\nfermionic annihilation and creationlike variables (2.4), up to the two ph asesFk,λ\n2andJk,λ, and thus to a unique Fock\nrepresentation (with its associated vacuum state) of the Dirac ﬁe ld. In particular, the selected solution vk,λis given\nby Eq. (3.6) after substituting the constant coeﬃcients AandBby the values given in Eq. (3.19). Up to the constant\nfactorv0, the result is then the recessive solution of the conﬂuent hyperge ometric equation commonly known as the\nTricomi function, usually expressed as U(−iMH−1\nΛ,1−2iMH−1\nΛ,Tk) [46, 47].\nB. Field decomposition\nIn this ﬁnal subsection we explicitly compute the basis of solutions of the Dirac equation in de Sitter cosmology\nthat is associated with the choice of Fock representation selected by the asymptotic diagonalization ",
        "page": 8,
        "link": "https://ui.adsabs.harvard.edu/link_gateway/2020PhRvD.101l3530E/EPRINT_PDF",
        "title": "Unique fermionic vacuum in de Sitter spacetime from hybrid quantum cosmology"
    },
    "2020PhRvD.101l3530E_page_8_chunk_5": {
        "text": "bsection we explicitly compute the basis of solutions of the Dirac equation in de Sitter cosmology\nthat is associated with the choice of Fock representation selected by the asymptotic diagonalization criterion. It is in\nterms of this basis that the quantum representation of the Dirac ﬁ eld, viewed as an operator valued distribution, can\nbe decomposed, and the coeﬃcients in such decomposition are the a nnihilation and creation operators for particles\nand antiparticles. The fermionic vacuum state in the resulting Fock s pace is then uniquely speciﬁed (up to a phase)\nas the state that vanishes upon the action of all of the annihilation o perators.",
        "page": 8,
        "link": "https://ui.adsabs.harvard.edu/link_gateway/2020PhRvD.101l3530E/EPRINT_PDF",
        "title": "Unique fermionic vacuum in de Sitter spacetime from hybrid quantum cosmology"
    },
    "2020PhRvD.101l3530E_page_9_chunk_1": {
        "text": "9\nIn order to obtain this ﬁeld decomposition, let us ﬁrst notice that, c ombining Eqs. (2.2), (2.4), and (2.5), one can\nexpress the Dirac ﬁeld in terms of any canonical set of annihilation an d creationlike variables. In the context of QFT\nin classical cosmological spacetimes, these variables obey the dyna mics dictated by the Hamiltonian (2.6)-(2.8) (where\nthe Poisson brackets must be replaced with the corresponding time derivatives). Then, for variables that display no\ndynamical self-interaction, namely for coeﬃcients fk,λ\n1andfk,λ\n2such that Eq. (2.12) holds, we can write the Dirac\nﬁeld as\nψ(η,/vector x) =/summationdisplay\n/vectork,λ/bracketleftBig\nu/vectork,λ(η,/vector x)A/vectork,λ+w/vectork,λ(η,/vector x)¯B/vectork,λ/bracketrightBig\n, (3.20)\nwhereA/vectork,λ=a/vectork,λ(η0) andB/vectork,λ=b/vectork,λ(η0) are the constant annihilation coeﬃcients for particles and antipar ticles (to\nbe promoted to the corresponding operators in the Schr¨ odinger picture) and η0is an arbitrary choic",
        "page": 9,
        "link": "https://ui.adsabs.harvard.edu/link_gateway/2020PhRvD.101l3530E/EPRINT_PDF",
        "title": "Unique fermionic vacuum in de Sitter spacetime from hybrid quantum cosmology"
    },
    "2020PhRvD.101l3530E_page_9_chunk_2": {
        "text": "ork,λ=b/vectork,λ(η0) are the constant annihilation coeﬃcients for particles and antipar ticles (to\nbe promoted to the corresponding operators in the Schr¨ odinger picture) and η0is an arbitrary choice of initial time\nemployed for their deﬁnition. In addition, the basis elements are\nu/vectork,λ(η,/vector x) =ei2π/vectork/vector x/l0\n/radicalbig\nl3\n0a3/bracketleftbigg\nI−1−λ\n2/parenleftbig\nI+iγ0/parenrightbig/bracketrightbigg\n¯fk,λ\n2e−iΩk(η,η0)/parenleftbigg\n¯ϕk,λ(η)ξλ(/vectork)\nξλ(/vectork)/parenrightbigg\n, (3.21)\nw/vectork,λ(η,/vector x) =−e−iJk,λ(η0)λγ2¯u/vectork,λ(η,/vector x), (3.22)\nwhere the integrated time-dependent “frequency” of the diagon al evolution of the annihilationlike variables is\nΩk(η,η0) = 2/integraldisplayη\nη0d˜ηa(˜η)hk,λ\nD(˜η). (3.23)\nAfter using the partial diﬀerential equation (2.12) and the relation (2.11), the canonical expression for this frequency\nis found to be given by\n2hk,λ\nD=a−1ωk+MRe(ϕk,λ)−/braceleftBig\nFk,λ\n2,H|0/bracerightBig\n. (3.24)\nIt is worth notici",
        "page": 9,
        "link": "https://ui.adsabs.harvard.edu/link_gateway/2020PhRvD.101l3530E/EPRINT_PDF",
        "title": "Unique fermionic vacuum in de Sitter spacetime from hybrid quantum cosmology"
    },
    "2020PhRvD.101l3530E_page_9_chunk_3": {
        "text": " equation (2.12) and the relation (2.11), the canonical expression for this frequency\nis found to be given by\n2hk,λ\nD=a−1ωk+MRe(ϕk,λ)−/braceleftBig\nFk,λ\n2,H|0/bracerightBig\n. (3.24)\nIt is worth noticing that this formula would hold as well in the full conte xt of hybrid quantum cosmology, employing\nthe perturbatively corrected variables for the homogeneous cos mological sector, once a solution of equation (2.12) had\nbeen constructed (ideally by following the criterion of asymptotic dia gonalization).\nIn the de Sitter cosmology under analysis, we recall that the funct ionϕk,λis obtained from the solution vk,λof the\nconﬂuent equation by means of Eq. (3.10), that involves the logarit hmic derivative of this solution with respect to the\nimaginary time Tk=−2iωkη. We have proven that the condition of asymptotic diagonalization, in spired by hybrid\nquantum cosmology, serves to select a unique vk,λ, given by the Tricomi function U/parenleftbig\n−iMH−1\nΛ,1−2iMH−1\nΛ,Tk/parenrightbig\nmultiplied by",
        "page": 9,
        "link": "https://ui.adsabs.harvard.edu/link_gateway/2020PhRvD.101l3530E/EPRINT_PDF",
        "title": "Unique fermionic vacuum in de Sitter spacetime from hybrid quantum cosmology"
    },
    "2020PhRvD.101l3530E_page_9_chunk_4": {
        "text": "on of asymptotic diagonalization, in spired by hybrid\nquantum cosmology, serves to select a unique vk,λ, given by the Tricomi function U/parenleftbig\n−iMH−1\nΛ,1−2iMH−1\nΛ,Tk/parenrightbig\nmultiplied by a constant factor v0. The derivatives of this function have been studied in detail [47], an d in our case\nwe have\ndvk,λ\ndTk=iv0MH−1\nΛU/parenleftbig\n1−iMH−1\nΛ,2−2iMH−1\nΛ,Tk/parenrightbig\n. (3.25)\nThis is a Tricomi function of the form U(¯µ+ 1/2,2¯µ+ 1,−2iz), withµ=iMH−1\nΛ+ 1/2 andz=ωkη. Tricomi\nfunctions of this special type satisfy the identity [47]\nU/parenleftbigg\nν+1\n2,2ν+1,−2iz/parenrightbigg\n=√π\n2iei(πν−z)(2z)−νH(1)\nν(z), (3.26)\nthat relates them to the Hankel function of the ﬁrst kind H(1)\nν. Applying this property to our solution, we get\ndvk,λ\ndTk=−iv0√π\n2MH−1\nΛeMH−1\nΛe−iωkη(2ωkη)µ−1H(1)\n1−µ(ωkη). (3.27)\nOn the other hand, the Tricomi function that appears as the deno minator of the logarithmic derivative of vk,λcan\nalso be expressed in terms of Hankel functions by using the recurs ",
        "page": 9,
        "link": "https://ui.adsabs.harvard.edu/link_gateway/2020PhRvD.101l3530E/EPRINT_PDF",
        "title": "Unique fermionic vacuum in de Sitter spacetime from hybrid quantum cosmology"
    },
    "2020PhRvD.101l3530E_page_9_chunk_5": {
        "text": ")\n1−µ(ωkη). (3.27)\nOn the other hand, the Tricomi function that appears as the deno minator of the logarithmic derivative of vk,λcan\nalso be expressed in terms of Hankel functions by using the recurs ive relation [47]\nU/parenleftbig\n−iMH−1\nΛ,1−2iMH−1\nΛ,Tk/parenrightbig\n=1\n2U/parenleftbig\n−iMH−1\nΛ,−2iMH−1\nΛ,Tk/parenrightbig\n+Tk\n2U/parenleftbig\n1−iMH−1\nΛ,2−2iMH−1\nΛ,Tk/parenrightbig\n.(3.28)",
        "page": 9,
        "link": "https://ui.adsabs.harvard.edu/link_gateway/2020PhRvD.101l3530E/EPRINT_PDF",
        "title": "Unique fermionic vacuum in de Sitter spacetime from hybrid quantum cosmology"
    },
    "2020PhRvD.101l3530E_page_10_chunk_1": {
        "text": "10\nThe two functions on the right-hand side are of the special form (3 .26), and hence we can write\nvk,λ(η)\nv0=√π\n4eMH−1\nΛe−iωkη(2ωkη)µ/bracketleftBig\nH(1)\n−µ(ωkη)+iH(1)\n1−µ(ωkη)/bracketrightBig\n. (3.29)\nIntroducing expressions (3.27) and (3.29) in the relation (3.10) bet weenvk,λandϕk,λ, we ﬁnd the explicit form of\nthis function selected by the asymptotic diagonalization criterion in d e Sitter,\nϕk,λ(η) =H(1)\n−µ(ωkη)−iH(1)\n1−µ(ωkη)\nH(1)\n−µ(ωkη)+iH(1)\n1−µ(ωkη). (3.30)\nIts complex conjugate, that directly appears in the basis decompo sition (3.20)-(3.22), is then simply\n¯ϕk,λ(η) =H(2)\nµ−1(ωkη)+iH(2)\nµ(ωkη)\nH(2)\nµ−1(ωkη)−iH(2)\nµ(ωkη), (3.31)\nwhereH(2)\nνis the Hankel function of the second kind and we have used that H(1)\nν(z) =H(2)\n¯ν(¯z) [47]. This function\nϕk,λ, in turn, contains all the information about the norm of fk,λ\n2as displayed in relation (2.11), that encodes the\ncanonical anticommutation algebra of the annihilation and creationlik e variables. Explicitly, we obtain the result\n",
        "page": 10,
        "link": "https://ui.adsabs.harvard.edu/link_gateway/2020PhRvD.101l3530E/EPRINT_PDF",
        "title": "Unique fermionic vacuum in de Sitter spacetime from hybrid quantum cosmology"
    },
    "2020PhRvD.101l3530E_page_10_chunk_2": {
        "text": "formation about the norm of fk,λ\n2as displayed in relation (2.11), that encodes the\ncanonical anticommutation algebra of the annihilation and creationlik e variables. Explicitly, we obtain the result\n/vextendsingle/vextendsingle/vextendsinglefk,λ\n2/vextendsingle/vextendsingle/vextendsingle2\n=πωkη\n8eπMH−1\nΛ/vextendsingle/vextendsingle/vextendsingleH(2)\nµ−1(ωkη)−iH(2)\nµ(ωkη)/vextendsingle/vextendsingle/vextendsingle2\n, (3.32)\nafter some algebraic manipulations and using the following identity for the Wronskian of Hankel functions [47]:\nH(1)\n1−ν(z)H(2)\nν(z)+H(1)\n−ν(z)H(2)\nν−1(z) =−4i\nπzeiπν.\nThe only quantity that remains to be determined in order to reach th e ﬁnal form of the decomposition (3.20)-(3.22)\nof the Dirac ﬁeld selected by our criterion is the time dependent freq uency Ω k(η,η0). If we particularize the formula\nfor the coeﬃcients 2 hk,λ\nDof the diagonal fermionic Hamiltonian, given in Eq. (3.24), to the cons idered case of a\nhomogeneous de Sitter background with no backreactio",
        "page": 10,
        "link": "https://ui.adsabs.harvard.edu/link_gateway/2020PhRvD.101l3530E/EPRINT_PDF",
        "title": "Unique fermionic vacuum in de Sitter spacetime from hybrid quantum cosmology"
    },
    "2020PhRvD.101l3530E_page_10_chunk_3": {
        "text": "If we particularize the formula\nfor the coeﬃcients 2 hk,λ\nDof the diagonal fermionic Hamiltonian, given in Eq. (3.24), to the cons idered case of a\nhomogeneous de Sitter background with no backreaction, and the functionϕk,λis identiﬁed as the speciﬁc one singled\nout by our criterion, we get that, up to an additive constant,\nΩk=θk−Fk,λ\n2, θ k(η) = arg/bracketleftBig\nH(1)\n−µ(ωkη)+iH(1)\n1−µ(ωkη)/bracketrightBig\n, (3.33)\nwhere arg[.] denotes the phase of its complex argument. Combining all our resu lts [cf. Eqs. (3.31), (3.32), and\n(3.33)], the basis of solutions that describes the particles associat ed with the Fock representation of the Dirac ﬁeld in\nde Sitter, uniquely picked out by the asymptotic diagonalization crite rion, reads\nu/vectork,λ(η,/vector x) =ei2π/vectork/vector x/l0\n/radicalbig\nl3\n0a3/bracketleftbigg\nI−1−λ\n2/parenleftbig\nI+iγ0/parenrightbig/bracketrightbigg/radicalbiggπωkη\n8eiΘ+πMH−1\nΛ/2/parenleftBigg\n[H(2)\nµ−1(ωkη)+iH(2)\nµ(ωkη)]ξλ(/vectork)\n[H(2)\nµ−1(ωkη)−iH(2)\nµ(ωkη)]ξλ",
        "page": 10,
        "link": "https://ui.adsabs.harvard.edu/link_gateway/2020PhRvD.101l3530E/EPRINT_PDF",
        "title": "Unique fermionic vacuum in de Sitter spacetime from hybrid quantum cosmology"
    },
    "2020PhRvD.101l3530E_page_10_chunk_4": {
        "text": "ig\nl3\n0a3/bracketleftbigg\nI−1−λ\n2/parenleftbig\nI+iγ0/parenrightbig/bracketrightbigg/radicalbiggπωkη\n8eiΘ+πMH−1\nΛ/2/parenleftBigg\n[H(2)\nµ−1(ωkη)+iH(2)\nµ(ωkη)]ξλ(/vectork)\n[H(2)\nµ−1(ωkη)−iH(2)\nµ(ωkη)]ξλ(/vectork)/parenrightBigg\n,(3.34)\nwhere Θ is a constant globalphase, that is irrelevantfor the deﬁnit ion ofthe vacuum. On the other hand, the solutions\nthat describe antiparticles are given by the charge conjugate of t hese ones, namely via Eq. (3.22). It is worth noticing\nthat the constant phase Θ includes all possible dependence of the b asis of solutions on the choice of initial time η0\nfor the deﬁnition of the annihilation and creationlike constant coeﬃc ients, and thus the vacuum that results from\nour approach is independent of that choice. We also note that, in th e asymptotic regime of large k, the leading time\ndependence of our basis of solutions determined by u/vectork,λfollows the behavior exp( −iωkη), up to multiplication by\na−3/2and a constant, something that is often required",
        "page": 10,
        "link": "https://ui.adsabs.harvard.edu/link_gateway/2020PhRvD.101l3530E/EPRINT_PDF",
        "title": "Unique fermionic vacuum in de Sitter spacetime from hybrid quantum cosmology"
    },
    "2020PhRvD.101l3530E_page_10_chunk_5": {
        "text": " large k, the leading time\ndependence of our basis of solutions determined by u/vectork,λfollows the behavior exp( −iωkη), up to multiplication by\na−3/2and a constant, something that is often required as a necessary p hysical feature of the corresponding Fock\nrepresentation of ﬁelds in conformally ﬂat spacetimes [19, 48, 49]. I n particular, the BD Hadamard vacuum for scalar\nﬁelds in de Sitter displays such a dominant plane wave behavior [2].\nIn order to establish more precisely the connection between our re sult and the statements available in the literature\nabout the choice of vacuum state for Dirac ﬁelds in de Sitter, we end this subsection by discussing the relation between\nthe mode decomposition of our solutions and the one assigned in Ref. [19] as corresponding to the BD state. First of\nall, for such a comparison we need to change from the Weyl represe ntation of the constant Cliﬀord algebra (employed\nhere) to the Dirac representation (used in Ref. [19]). They are re lated by a u",
        "page": 10,
        "link": "https://ui.adsabs.harvard.edu/link_gateway/2020PhRvD.101l3530E/EPRINT_PDF",
        "title": "Unique fermionic vacuum in de Sitter spacetime from hybrid quantum cosmology"
    },
    "2020PhRvD.101l3530E_page_10_chunk_6": {
        "text": " of\nall, for such a comparison we need to change from the Weyl represe ntation of the constant Cliﬀord algebra (employed\nhere) to the Dirac representation (used in Ref. [19]). They are re lated by a unitary change of the spinorial basis for",
        "page": 10,
        "link": "https://ui.adsabs.harvard.edu/link_gateway/2020PhRvD.101l3530E/EPRINT_PDF",
        "title": "Unique fermionic vacuum in de Sitter spacetime from hybrid quantum cosmology"
    },
    "2020PhRvD.101l3530E_page_11_chunk_1": {
        "text": "11\nthe Dirac ﬁeld, namely\nψW=TψD, T=1√\n2/parenleftbigg\nI−I\nI I/parenrightbigg\n, (3.35)\nwhere the superscripts WandDindicate objects in the Weyl and Dirac representations, respectiv ely. For our mode\ndecomposition, this change leads to a basis in the Dirac representat ion given (up to a global constant phase) by\nuD\n/vectork,λ(η,/vector x) =ei2π/vectork/vector x/l0\n/radicalbig\nl3\n0a3√πωkη\n2eπMH−1\nΛ/2/parenleftBigg\niλH(2)\nµ−1(ωkη)ξλ(/vectork)\nH(2)\nµ(ωkη)ξλ(/vectork)/parenrightBigg\n, (3.36)\ntogether with Eq. (3.22) for the charge conjugate counterpart . The resulting basis of solutions is exactly the same\nas that corresponding to the BD state in Ref. [19], after one inter changes the two (bidimensional) components of the\nspinor on the right-hand side. Actually, this diﬀerence can be attrib uted just to a change in the global sign of the\ntetrads that are employed in the two compared works, as we now br ieﬂy explain. With our ( −+++) convention for\nthe Minkowski metric, the Dirac equation is",
        "page": 11,
        "link": "https://ui.adsabs.harvard.edu/link_gateway/2020PhRvD.101l3530E/EPRINT_PDF",
        "title": "Unique fermionic vacuum in de Sitter spacetime from hybrid quantum cosmology"
    },
    "2020PhRvD.101l3530E_page_11_chunk_2": {
        "text": "d just to a change in the global sign of the\ntetrads that are employed in the two compared works, as we now br ieﬂy explain. With our ( −+++) convention for\nthe Minkowski metric, the Dirac equation is\neν\nbγbDνψ−Mψ= 0, (3.37)\nwhereγbare the generators of the constant Cliﬀord algebra in any represe ntation, and Dνis the spin covariant\nderivative [50]. Here, νdenotes a spacetime tensor index, whereas b= 0,...3 is an internal Lorentz index. The spin\ncovariantderivativecontainsaconnection one-formwhich depend s onthe tetrads eν\nband theirderivativesonlythrough\nquadratic and quartic products. It then follows that interchangin g two choices of tetrad that diﬀer only in a global\nmultiplicative sign has exclusively the net eﬀect of an apparent ﬂip of s ign in the mass term of the Dirac equation, in\nwhat concerns the choice of gauge for the Dirac ﬁeld as a solution to this equation. According to our comments in Sec.\nII, in the expanding ﬂat chart of de Sitter (in conformal time) we ha ve selecte",
        "page": 11,
        "link": "https://ui.adsabs.harvard.edu/link_gateway/2020PhRvD.101l3530E/EPRINT_PDF",
        "title": "Unique fermionic vacuum in de Sitter spacetime from hybrid quantum cosmology"
    },
    "2020PhRvD.101l3530E_page_11_chunk_3": {
        "text": "\nwhat concerns the choice of gauge for the Dirac ﬁeld as a solution to this equation. According to our comments in Sec.\nII, in the expanding ﬂat chart of de Sitter (in conformal time) we ha ve selected the tetrad as eν\nb=a−1δν\nb, where the\nscale factor ais given in Eq. (3.1). The choice employed in Ref. [19] is precisely the opp osite in sign, i.e., it is given\nby minus this tetrad. For both choices, if one then works, e.g., in the Dirac representation of the Cliﬀord algebra, the\nDirac equation can be recast as a second order Bessel diﬀerential equation in x=ωkηfor the time-dependent factor\nof the ﬁrst (bidimensional) component of η−2uD\n/vectork,λ. The second component is completely ﬁxed in terms of the ﬁrst one\nby means of the Dirac equation. The diﬀerence between the two con sidered conventions in the choice of tetrad (ours\nand that of Ref. [19]) is reﬂected in the order of the Bessel equatio n, that becomes, respectively, µ−1 andµ. The\nsolutions that have an asymptotic behavior with",
        "page": 11,
        "link": "https://ui.adsabs.harvard.edu/link_gateway/2020PhRvD.101l3530E/EPRINT_PDF",
        "title": "Unique fermionic vacuum in de Sitter spacetime from hybrid quantum cosmology"
    },
    "2020PhRvD.101l3530E_page_11_chunk_4": {
        "text": "entions in the choice of tetrad (ours\nand that of Ref. [19]) is reﬂected in the order of the Bessel equatio n, that becomes, respectively, µ−1 andµ. The\nsolutions that have an asymptotic behavior with a dominant time-dep endence proportional to x−1/2exp(−ix) are\nuniquely given, respectively, by H(2)\nµ−1(x) andH(2)\nµ(x) [47]. The secondcomponent of η−2uD\n/vectork,λthen results proportional\ntoH(2)\nµ(x) andH(2)\nµ−1(x), respectively. The remaining factors of the spinor (3.36) are det ermined by the normalization\nof the solutions [19]. We recall that the above Hankel functions are precisely the two parts that must be interchanged\nin Eq. (3.36) in order to identify the bases of solutions constructed in the two considered works, up to a global phase.\nTherefore, we conclude that the vacuum state for the Dirac ﬁeld r esulting from our analysis corresponds indeed to\nthe BD state deﬁned in Ref. [19], once the same choice of local Loren tz gauge is made.\nIV. CONCLUSIONS\nIn this paper we have shown",
        "page": 11,
        "link": "https://ui.adsabs.harvard.edu/link_gateway/2020PhRvD.101l3530E/EPRINT_PDF",
        "title": "Unique fermionic vacuum in de Sitter spacetime from hybrid quantum cosmology"
    },
    "2020PhRvD.101l3530E_page_11_chunk_5": {
        "text": "or the Dirac ﬁeld r esulting from our analysis corresponds indeed to\nthe BD state deﬁned in Ref. [19], once the same choice of local Loren tz gauge is made.\nIV. CONCLUSIONS\nIn this paper we have shown how the criterion of asymptotic diagona lization, originated in the framework of hybrid\nquantum cosmology, can serve to single out a privileged Fock repres entation of the Dirac ﬁeld in de Sitter spacetime,\nwithin the context of QFT in curved spacetimes. The explicit basis of s olutions to the Dirac equation associated with\nthat choice of representation has also been computed, in terms of Hankel functions of the ﬁrst and second kind, and\nin coordinates associated with the conformal ﬂat slicing of de Sitter . Furthermore, the canonical expression for the\nresulting diagonal Hamiltonian that dictates the linearized dynamics o f the annihilation and creationlike variables\nselected by our criterion has been found, exclusively in terms of the m and functions of the homogeneous variables that\nde",
        "page": 11,
        "link": "https://ui.adsabs.harvard.edu/link_gateway/2020PhRvD.101l3530E/EPRINT_PDF",
        "title": "Unique fermionic vacuum in de Sitter spacetime from hybrid quantum cosmology"
    },
    "2020PhRvD.101l3530E_page_11_chunk_6": {
        "text": "tates the linearized dynamics o f the annihilation and creationlike variables\nselected by our criterion has been found, exclusively in terms of the m and functions of the homogeneous variables that\ndescribe the cosmological background. In particular, the derived formula (3.24) could be of potential use in hybrid\nquantum cosmology, if the asymptotic diagonalization problem is solve d for more general cosmological backgrounds\nthan de Sitter.\nThe hybrid approachto quantum FLRW cosmologywith perturbation s contemplates the natural freedom of making\na dynamical splitting between the spatially homogeneous, global, deg rees of freedom of the system and the inhomo-\ngeneous perturbations. When these perturbations consist of a D irac ﬁeld, such freedom can be encoded in choices\nof annihilation and creationlike variables, given by linear transformat ions of the ﬁeld mode coeﬃcients that depend",
        "page": 11,
        "link": "https://ui.adsabs.harvard.edu/link_gateway/2020PhRvD.101l3530E/EPRINT_PDF",
        "title": "Unique fermionic vacuum in de Sitter spacetime from hybrid quantum cosmology"
    },
    "2020PhRvD.101l3530E_page_11_chunk_7": {
        "text": "reationlike variables, given by linear transformat ions of the ﬁeld mode coeﬃcients that depend",
        "page": 11,
        "link": "https://ui.adsabs.harvard.edu/link_gateway/2020PhRvD.101l3530E/EPRINT_PDF",
        "title": "Unique fermionic vacuum in de Sitter spacetime from hybrid quantum cosmology"
    },
    "2020PhRvD.101l3530E_page_12_chunk_1": {
        "text": "12\nexplicitly on the homogeneous background. These transformation s can be completed so that they become canonical\nfor the entire cosmological system, truncated at quadratic pert urbative order in the action, a procedure that leads\nto a fermionic contribution to the total Hamiltonian that dictates th e linearized dynamics of the annihilation and\ncreationlike variables. The criterion of asymptotic diagonalization co nsists in restricting almost all the freedom in the\nselection of these variables, and with it the aforementioned dynamic al splitting, together with the Fock quantization\nof the fermionic degrees of freedom, so that the fermionic Hamilton ian gets diagonalized in a way that is adapted to\nits local structure. This strategy provides a very precise asympt otic expansion of the functions of the background\nthat deﬁne the annihilation and creationlike variables. In turn, this d etermines the expansion of at least one solution\nof the partial diﬀerential equation (2.12), that arises",
        "page": 12,
        "link": "https://ui.adsabs.harvard.edu/link_gateway/2020PhRvD.101l3530E/EPRINT_PDF",
        "title": "Unique fermionic vacuum in de Sitter spacetime from hybrid quantum cosmology"
    },
    "2020PhRvD.101l3530E_page_12_chunk_2": {
        "text": "tions of the background\nthat deﬁne the annihilation and creationlike variables. In turn, this d etermines the expansion of at least one solution\nof the partial diﬀerential equation (2.12), that arises from the ge neral demand that the Hamiltonian become diagonal.\nIf one disregards all backreaction eﬀects of the perturbations o n the homogeneous background, and considers that\nthis cosmologicalbackgroundisjust asolution ofthe classicalFLRW spacetime, the possible deﬁnitions ofannihilation\nand creationlike variables compatible with the requirements of hybrid quantum cosmology can directly be understood\nas diﬀerent choices of Fock representations of the Dirac ﬁeld in the context of QFT in curved spacetimes. We have\nrestricted our attention to this situation and, furthermore, we h ave particularized the FLRW background, identifying\nit with adeSitter solution. Then, wehaveshownthat theasymptotic expansionselectedbythe criterionofasymptotic\ndiagonalization indeed picks out a uniquefunction am",
        "page": 12,
        "link": "https://ui.adsabs.harvard.edu/link_gateway/2020PhRvD.101l3530E/EPRINT_PDF",
        "title": "Unique fermionic vacuum in de Sitter spacetime from hybrid quantum cosmology"
    },
    "2020PhRvD.101l3530E_page_12_chunk_3": {
        "text": "rized the FLRW background, identifying\nit with adeSitter solution. Then, wehaveshownthat theasymptotic expansionselectedbythe criterionofasymptotic\ndiagonalization indeed picks out a uniquefunction among those that deﬁne annihilation and creationlike variab les\nthat follow a diagonal evolution for all spatial scales. The basis of so lutions to the Dirac equation associated with the\nresulting Fock representation of the ﬁeld can be speciﬁed complete ly and in an analytical way.\nOur result is potentially relevant within QFT, as well as in the context o f quantum cosmology. On the one hand,\nwe have explicitly provided a unique fermionic vacuum in de Sitter space time selected by a very well characterized\ncriterion, that has its original motivation in hybrid quantum cosmolog y. This sheds further light on the question of\nwhich is the natural analog of the BD vacuum for a Dirac ﬁeld. In this c ontext, our analysis precisely leads to the\nbasis of solutions for the ﬁeld that has been assigned ",
        "page": 12,
        "link": "https://ui.adsabs.harvard.edu/link_gateway/2020PhRvD.101l3530E/EPRINT_PDF",
        "title": "Unique fermionic vacuum in de Sitter spacetime from hybrid quantum cosmology"
    },
    "2020PhRvD.101l3530E_page_12_chunk_4": {
        "text": "er light on the question of\nwhich is the natural analog of the BD vacuum for a Dirac ﬁeld. In this c ontext, our analysis precisely leads to the\nbasis of solutions for the ﬁeld that has been assigned to correspon d to such a fermionic BD state in the literature\n[19]. In particular, it displays the ultraviolet behavior expected to gu arantee Hadamard-like properties. This result\nsupports the potential robustness of our criterion to select a pr ivileged fermionic vacuum state in FLRW cosmologies,\nspecially considering that the very same criterion of asymptotic diag onalization has succeeded in predicting the BD\nvacuum for the well-known cases of scalar and tensor perturbatio ns [42]. On the other hand, our work shows that,\nat least in certain cases, the criterion employed in hybrid quantum co smology to i) determine a dynamical splitting\nbetween the homogeneous and inhomogeneous sectors in phase sp ace, and ii) select a Fock representation for the\ninhomogeneities, can indeed result into ",
        "page": 12,
        "link": "https://ui.adsabs.harvard.edu/link_gateway/2020PhRvD.101l3530E/EPRINT_PDF",
        "title": "Unique fermionic vacuum in de Sitter spacetime from hybrid quantum cosmology"
    },
    "2020PhRvD.101l3530E_page_12_chunk_5": {
        "text": "o smology to i) determine a dynamical splitting\nbetween the homogeneous and inhomogeneous sectors in phase sp ace, and ii) select a Fock representation for the\ninhomogeneities, can indeed result into a complete removal of both t ypes of ambiguities, even when this criterion was\ninitially based solely on ultraviolet considerations.\nACKNOWLEDGMENTS\nThis work was supported by Project. No. MINECO FIS2017-86497 -C2-2-P from Spain.\n[1] T.S. Bunch and P. Davies, Quantum ﬁeld theory in de Sitter space: renormalization by p oint splitting , Proc. R. Soc. Lond.\nA360, 117 (1978).\n[2] V. Mukhanov, Physical Foundations of Cosmology (Cambridge University Press, Cambridge, England, 2005).\n[3] B. Allen, Vacuum states in de Sitter space , Phys. Rev. D 32, 3136 (1985).\n[4] N.D. Birrell and P.C.W. Davies, Quantum Fields in Curved Space (Cambridge University Press, Cambridge, England,\n1982).\n[5] B.S. Kay and R.M. Wald, Theorems on the uniqueness and thermal properties of statio nary, nonsingular, quasifre",
        "page": 12,
        "link": "https://ui.adsabs.harvard.edu/link_gateway/2020PhRvD.101l3530E/EPRINT_PDF",
        "title": "Unique fermionic vacuum in de Sitter spacetime from hybrid quantum cosmology"
    },
    "2020PhRvD.101l3530E_page_12_chunk_6": {
        "text": "antum Fields in Curved Space (Cambridge University Press, Cambridge, England,\n1982).\n[5] B.S. Kay and R.M. Wald, Theorems on the uniqueness and thermal properties of statio nary, nonsingular, quasifree states\non spacetimes with a bifurcate Killing horizon , Phys. Rep. 207, 49 (1991).\n[6] P.A.R. Ade et al. (Planck Collaboration), Planck 2015 results. XIII. Cosmological parameters , Astron. Astrophys. 594,\nA13 (2016).\n[7] P.A.R. Ade et al. (Planck Collaboration), Planck 2015 results. XX. Constraints on inﬂation , Astron. Astrophys. 594, A20\n(2016).\n[8] N. Aghanim et al. (Planck Collaboration), Planck 2018 results. VI. Cosmological parameters , arXiv:1807.06209 (2018).\n[9] Y. Akrami et al. (Planck Collaboration), Planck 2018 results. X. Constraints on inﬂation , arXiv:1807.06211 (2018).\n[10] N.A. Chernikov and E.A. Tagirov, Quantum theory of scalar ﬁelds in de Sitter space-time , Annales de l’ I.H.P. A9, 109\n(1968).\n[11] E.A. Tagirov, Consequences of ﬁeld quantization in de Sitter type co",
        "page": 12,
        "link": "https://ui.adsabs.harvard.edu/link_gateway/2020PhRvD.101l3530E/EPRINT_PDF",
        "title": "Unique fermionic vacuum in de Sitter spacetime from hybrid quantum cosmology"
    },
    "2020PhRvD.101l3530E_page_12_chunk_7": {
        "text": "N.A. Chernikov and E.A. Tagirov, Quantum theory of scalar ﬁelds in de Sitter space-time , Annales de l’ I.H.P. A9, 109\n(1968).\n[11] E.A. Tagirov, Consequences of ﬁeld quantization in de Sitter type cosmolo gical models , Ann. Phys. (N.Y.) 76, 561 (1973).\n[12] G.W. Gibbons and S.W. Hawking, Cosmological event horizons, thermodynamics and particle creation, Phys. Rev. D 15,\n2738 (1977).\n[13] E. Mottola, Particle creation in de Sitter space , Phys. Rev. D 31, 754 (1985).",
        "page": 12,
        "link": "https://ui.adsabs.harvard.edu/link_gateway/2020PhRvD.101l3530E/EPRINT_PDF",
        "title": "Unique fermionic vacuum in de Sitter spacetime from hybrid quantum cosmology"
    },
    "2020PhRvD.101l3530E_page_13_chunk_1": {
        "text": "13\n[14] L.H. Ford and A. Vilenkin, Global symmetry breaking in two-dimensional ﬂat spacetime and in de Sitter spacetime , Phys.\nRev. D33, 2833 (1986).\n[15] B. Allen and A. Folacci, Massless minimally coupled scalar ﬁeld in de Sitter space , Phys. Rev. D 35, 3771 (1987).\n[16] M. Sasaki, T. Tanaka, and K. Yamamoto, Euclidean vacuum mode functions for a scalar ﬁeld on open de S itter space ,\nPhys. Rev. D 51, 2979 (1995).\n[17] J. Cortez, D. Mart´ ın-de Blas, G.A. Mena Marug´ an, and J . Velhinho, Massless scalar ﬁeld in de Sitter spacetime: unitary\nquantum time evolution , Class. Quantum Grav. 30, 075015 (2013).\n[18] B. Allen and C.A. L¨ utken, Spinor two-point functions in maximally symmetric spaces , Commun. Math. Phys. 106, 201\n(1986).\n[19] H. Collins, Fermionic α-vacua, Phys. Rev. D 71, 024002 (2005).\n[20] S. Kano, M. Sasaki, and T. Tanaka, Vacuum state of the Dirac ﬁeld in de Sitter space and entangle ment entropy , JHEP\n03(2017) 068.\n[21] I.I. Cotaescu, Canonical quantization of the ",
        "page": 13,
        "link": "https://ui.adsabs.harvard.edu/link_gateway/2020PhRvD.101l3530E/EPRINT_PDF",
        "title": "Unique fermionic vacuum in de Sitter spacetime from hybrid quantum cosmology"
    },
    "2020PhRvD.101l3530E_page_13_chunk_2": {
        "text": "4002 (2005).\n[20] S. Kano, M. Sasaki, and T. Tanaka, Vacuum state of the Dirac ﬁeld in de Sitter space and entangle ment entropy , JHEP\n03(2017) 068.\n[21] I.I. Cotaescu, Canonical quantization of the covariant ﬁelds on de Sitter s pace-times , Int. J. Mod. Phys. A 33, 1830007\n(2018).\n[22] B. Elizaga Navascu´ es, G.A. Mena Marug´ an, and S. Prado ,Asymptotic diagonalization of the fermionic Hamiltonian i n\nhybrid loop quantum cosmology , Phys. Rev. D 99, 063535 (2019).\n[23] M. Mart´ ın-Benito, L.J. Garay, and G.A. Mena Marug´ an, Hybrid quantum Gowdy cosmology: combining loop and Fock\nquantizations , Phys. Rev. D 78, 083516 (2008).\n[24] G.A. Mena Marug´ an and M. Mart´ ın-Benito, Hybrid quantum cosmology: combining Loop and Fock quantiza tions, Int. J.\nMod. Phys. A 24, 2820 (2009).\n[25] M. Fern´ andez-M´ endez, G.A. Mena Marug´ an, and J. Olme do,Hybrid quantization of an inﬂationary universe , Phys. Rev.\nD86, 024003 (2012).\n[26] M. Fern´ andez-M´ endez, G.A. Mena Marug´ an, and J. Olme",
        "page": 13,
        "link": "https://ui.adsabs.harvard.edu/link_gateway/2020PhRvD.101l3530E/EPRINT_PDF",
        "title": "Unique fermionic vacuum in de Sitter spacetime from hybrid quantum cosmology"
    },
    "2020PhRvD.101l3530E_page_13_chunk_3": {
        "text": "Fern´ andez-M´ endez, G.A. Mena Marug´ an, and J. Olme do,Hybrid quantization of an inﬂationary universe , Phys. Rev.\nD86, 024003 (2012).\n[26] M. Fern´ andez-M´ endez, G.A. Mena Marug´ an, and J. Olme do,Hybrid quantization of an inﬂationary model: the ﬂat case ,\nPhys. Rev. D 88, 044013 (2013).\n[27] L. Castell´ o Gomar, M. Fern´ andez-M´ endez, G.A. Mena M arug´ an, and J. Olmedo, Cosmological perturbations in hybrid loop\nquantum cosmology: Mukhanov–Sasaki variables , Phys. Rev. D 90, 064015 (2014).\n[28] L. Castell´ o Gomar, M. Mart´ ın-Benito, and G.A. Mena Ma rug´ an,Gauge-invariant perturbations in hybrid quantum cos-\nmology, JCAP06(2015) 045.\n[29] F. Ben´ ıtez Mart´ ınez and J. Olmedo, Primordial tensor modes of the early universe , Phys. Rev. D 93, 124008 (2016).\n[30] B. Elizaga Navascu´ es, M. Mart´ ın-Benito, and G.A. Men a Marug´ an, Fermions in hybrid loop quantum cosmology , Phys.\nRev. D96, 044023 (2017).\n[31] T. Thiemann, Modern Canonical Quantum General Relativity (Cambridg",
        "page": 13,
        "link": "https://ui.adsabs.harvard.edu/link_gateway/2020PhRvD.101l3530E/EPRINT_PDF",
        "title": "Unique fermionic vacuum in de Sitter spacetime from hybrid quantum cosmology"
    },
    "2020PhRvD.101l3530E_page_13_chunk_4": {
        "text": "cu´ es, M. Mart´ ın-Benito, and G.A. Men a Marug´ an, Fermions in hybrid loop quantum cosmology , Phys.\nRev. D96, 044023 (2017).\n[31] T. Thiemann, Modern Canonical Quantum General Relativity (Cambridge University Press, Cambridge, England, 2007).\n[32] A. Corichi, J. Cortez, G.A. Mena Marug´ an, and J.M. Velh inho,Quantum Gowdy T3model: a uniqueness result , Class.\nQuantum Grav. 23, 6301 (2006).\n[33] J. Cortez, G.A. Mena Marug´ an, and J.M. Velhinho, Uniqueness of the Fock quantization of the Gowdy T3model, Phys.\nRev. D75, 084027 (2007).\n[34] J. Cortez, G.A. Mena Marug´ an, J. Olmedo, and J.M. Velhi nho,A uniqueness criterion for the Fock quantization of scalar\nﬁelds with time-dependent mass , Class. Quantum Grav. 28, 172001 (2011).\n[35] J. Cortez, G.A. Mena Marug´ an, J. Olmedo, and J.M. Velhi nho,Criteria for the determination of time dependent scalings\nin the Fock quantization of scalar ﬁelds with a time dependen t mass in ultrastatic spacetimes , Phys. Rev. D 86, 104003\n(2012).\n[36]",
        "page": 13,
        "link": "https://ui.adsabs.harvard.edu/link_gateway/2020PhRvD.101l3530E/EPRINT_PDF",
        "title": "Unique fermionic vacuum in de Sitter spacetime from hybrid quantum cosmology"
    },
    "2020PhRvD.101l3530E_page_13_chunk_5": {
        "text": "elhi nho,Criteria for the determination of time dependent scalings\nin the Fock quantization of scalar ﬁelds with a time dependen t mass in ultrastatic spacetimes , Phys. Rev. D 86, 104003\n(2012).\n[36] L. Castell´ o Gomar, J. Cortez, D. Mart´ ın-de Blas, G.A. Mena Marug´ an, and J.M. Velhinho, Uniqueness of the Fock\nquantization of scalar ﬁelds in spatially ﬂat cosmological spacetimes , JCAP11(2012) 001.\n[37] M.Fern´ andez-M´ endez, G.A.MenaMarug´ an, J.Olmedo, andJ.M. Velhinho, Unique Fock quantization of scalar cosmological\nperturbations , Phys. Rev. D 85, 103525 (2012).\n[38] J. Cortez, G.A. Mena Marug´ an, and J.M. Velhinho, Quantum unitary dynamics in cosmological spacetimes , Ann. Phys.\n(N.Y.)363, 36 (2015).\n[39] J. Cortez, B. Elizaga Navascu´ es, M. Mart´ ın-Benito, G .A. Mena Marug´ an, and J.M. Velhinho, Unique Fock quantization of\na massive fermion ﬁeld in a cosmological scenario , Phys. Rev. D 93, 084053 (2016).\n[40] J. Cortez, B. Elizaga Navascu´ es, M. Mart´ ın-Benito, G .A.",
        "page": 13,
        "link": "https://ui.adsabs.harvard.edu/link_gateway/2020PhRvD.101l3530E/EPRINT_PDF",
        "title": "Unique fermionic vacuum in de Sitter spacetime from hybrid quantum cosmology"
    },
    "2020PhRvD.101l3530E_page_13_chunk_6": {
        "text": "an, and J.M. Velhinho, Unique Fock quantization of\na massive fermion ﬁeld in a cosmological scenario , Phys. Rev. D 93, 084053 (2016).\n[40] J. Cortez, B. Elizaga Navascu´ es, M. Mart´ ın-Benito, G .A. Mena Marug´ an, and J.M. Velhinho, Dirac ﬁelds in ﬂat FLRW\ncosmology: uniqueness of the Fock quantization , Ann. Phys. (N.Y.) 376, 76 (2017).\n[41] B. Elizaga Navascu´ es, G.A. Mena Marug´ an, and S. Prado Loy,Backreaction of fermionic perturbations in the Hamiltonia n\nof hybrid loop quantum cosmology , Phys. Rev. D 98, 063535 (2018).\n[42] B. Elizaga Navascu´ es, G.A. Mena Marug´ an, and T. Thiem ann,Hamiltonian diagonalization in hybrid quantum cosmology ,\nClass. Quantum Grav. 36, 185010 (2019).\n[43] J.E. Nelson and C. Teitelboim, Hamiltonian formulation of the theory of interacting gravi tational and electron ﬁelds , Ann.\nPhys. (N. Y.) 116, 86 (1978).\n[44] Th. Friedrich, Zur Abh¨ angigkeit des Dirac-operators von der Spin-Struktu r, Colloq. Mathematicum 48, 57 (1984).\n[45] P.D. D’Eath an",
        "page": 13,
        "link": "https://ui.adsabs.harvard.edu/link_gateway/2020PhRvD.101l3530E/EPRINT_PDF",
        "title": "Unique fermionic vacuum in de Sitter spacetime from hybrid quantum cosmology"
    },
    "2020PhRvD.101l3530E_page_13_chunk_7": {
        "text": "ional and electron ﬁelds , Ann.\nPhys. (N. Y.) 116, 86 (1978).\n[44] Th. Friedrich, Zur Abh¨ angigkeit des Dirac-operators von der Spin-Struktu r, Colloq. Mathematicum 48, 57 (1984).\n[45] P.D. D’Eath and J.J. Halliwell, Fermions in quantum cosmology , Phys. Rev. D 35, 1100 (1987).\n[46] G.E. Andrews, R. Askey, and R. Roy, Special Functions (Cambridge University Press, Cambridge, England, 1999).\n[47] M. Abramovitz and I.A. Stegun, Handbook of Mathematical Functions with Formulas, Graphs, and Mathematical Tables ,\nNatl. Bur. Stand. Appl. Math. Ser. No. 55, revised 9th ed. (U. S. Govt. Print. Oﬀ., Washington D.C., 1970).\n[48] M.J. Radzikowski, Micro-local approach to the Hadamard condition in quantum ﬁ eld theory on curved space-time , Commun.\nMath. Phys. 179, 529 (1996).",
        "page": 13,
        "link": "https://ui.adsabs.harvard.edu/link_gateway/2020PhRvD.101l3530E/EPRINT_PDF",
        "title": "Unique fermionic vacuum in de Sitter spacetime from hybrid quantum cosmology"
    },
    "2020PhRvD.101l3530E_page_14_chunk_1": {
        "text": "14\n[49] H. Sahlmann and R. Verch, Microlocal spectrum condition and Hadamard form for vector -valued quantum ﬁelds in curved\nspacetime , Rev. Math. Phys. 13, 1203 (2001).\n[50] H.B. Lawson and M.L. Michelson, Spin Geometry (Princeton University Press, Princeton, 1989).",
        "page": 14,
        "link": "https://ui.adsabs.harvard.edu/link_gateway/2020PhRvD.101l3530E/EPRINT_PDF",
        "title": "Unique fermionic vacuum in de Sitter spacetime from hybrid quantum cosmology"
    }
}