{
    "2021PTEP.2021h3F01I_page_1_chunk_1": {
        "text": "Prog. Theor. Exp. Phys. 2015 , 00000 (14 pages)\nDOI: 10.1093 =ptep/0000000000\nDevelopment of Convolutional Neural Networks\nfor an Electron-Tracking Compton Camera\nTomonori Ikeda1, Atsushi Takada1, Mitsuru Abe1, Kei Yoshikawa1, Masaya Tsuda1,\nShingo Ogio1, Shinya Sonoda1, Yoshitaka Mizumura2, Yura Yoshida1, and Toru\nTanimori1\n1Graduate School of Science, Kyoto University, Kitashirakawa Oiwakecho, Sakyo,\nKyoto, Kyoto, 606-8502, Japan\n\u0003E-mail: ikeda.tomonori.2s@kyoto-u.ac.jp\n2Scienti\fc balloon, Institute of Space and Astronautical Science, Japan Aerospace\nExploration Agency, Yoshinodai 3-1-1, Chuou, Sagamihara, Kanagawa, 252-5210,\nJapan\n. . . . . . . . . . . . . . . . . . . . . . . . . . . . . . . . . . . . . . . . . . . . . . . . . . . . . . . . . . . . . . . . . . . . . . . . . . . . . . .\nElectron-tracking Compton camera, which is a complete Compton camera with tracking\nCompton scattering electron by a gas micro time projection chamber, is expected to open\nup MeV gamma-ray astronomy. T",
        "page": 1,
        "link": "https://ui.adsabs.harvard.edu/link_gateway/2021PTEP.2021h3F01I/EPRINT_PDF",
        "title": "Development of convolutional neural networks for an electrontracking Compton camera"
    },
    "2021PTEP.2021h3F01I_page_1_chunk_2": {
        "text": "Electron-tracking Compton camera, which is a complete Compton camera with tracking\nCompton scattering electron by a gas micro time projection chamber, is expected to open\nup MeV gamma-ray astronomy. The technical challenge for achieving several degrees of\nthe point spread function is the precise determination of the electron-recoil direction and\nthe scattering position from track images. We attempted to reconstruct these parameters\nusing convolutional neural networks. Two network models were designed to predict the\nrecoil direction and the scattering position. These models marked 41 degrees of the\nangular resolution and 2.1 mm of the position resolution for 75 keV electron simulation\ndata in Argon-based gas at 2 atm pressure. In addition, the point spread function of\nETCC was improved to 15 degrees from 22 degrees for experimental data of 662 keV\ngamma-ray source. These performances greatly surpassed that using the traditional\nanalysis.\n. . . . . . . . . . . . . . . . . . . . . . . . .",
        "page": 1,
        "link": "https://ui.adsabs.harvard.edu/link_gateway/2021PTEP.2021h3F01I/EPRINT_PDF",
        "title": "Development of convolutional neural networks for an electrontracking Compton camera"
    },
    "2021PTEP.2021h3F01I_page_1_chunk_3": {
        "text": "5 degrees from 22 degrees for experimental data of 662 keV\ngamma-ray source. These performances greatly surpassed that using the traditional\nanalysis.\n. . . . . . . . . . . . . . . . . . . . . . . . . . . . . . . . . . . . . . . . . . . . . . . . . . . . . . . . . . . . . . . . . . . . . . . . . . . . . . . . . . . . . . . . . . . . . .\nSubject Index MeV gamma-ray, MPGD, TPC, Deep learning\n1. Introduction\nGamma-ray observations in the low-energy gamma-ray band from a hundred keV to sev-\neral MeV address various astrophysical phenomena; the nucleosynthesis and the explosion\nmechanism in the supernovae [1{3], the particle acceleration process in the active galactic\nnuclei or the gamma-ray bursts [4{7] and electron-positron annihilation line in the Galactic\ncenter region [8{10]. However, the observation in this energy band remains poorly explored\ncompared to that of X-ray, GeV and TeV band, known as \\MeV gap\". Even now, COMP-\nTEL [11], onboard Compton Gamma Ray Observatory launched in 199",
        "page": 1,
        "link": "https://ui.adsabs.harvard.edu/link_gateway/2021PTEP.2021h3F01I/EPRINT_PDF",
        "title": "Development of convolutional neural networks for an electrontracking Compton camera"
    },
    "2021PTEP.2021h3F01I_page_1_chunk_4": {
        "text": "observation in this energy band remains poorly explored\ncompared to that of X-ray, GeV and TeV band, known as \\MeV gap\". Even now, COMP-\nTEL [11], onboard Compton Gamma Ray Observatory launched in 1991, is the most sensitive\nobservation of the MeV sky. The causes of stagnant in MeV observation are huge gamma-ray\nbackgrounds from the atmosphere (albedo) and generated in the instruments by cosmic-\nray interactions. In addition, conventional Compton cameras like COMPTEL have unclean\nimages according to the Compton circle due to the lack of the direction information of the\nrecoil electron. Such pseudo imaging is not capable of background rejection and does not\nkeep quantitative imaging [12]. Thus, it was pointed out that conventional Compton cameras\n©The Author(s) 2012. Published by Oxford University Press on behalf of the Physical Society of Japan.\nThis is an Open Access article distributed under the terms of the Creative Commons Attribution License\n(http://creativecommons.org/licenses/by",
        "page": 1,
        "link": "https://ui.adsabs.harvard.edu/link_gateway/2021PTEP.2021h3F01I/EPRINT_PDF",
        "title": "Development of convolutional neural networks for an electrontracking Compton camera"
    },
    "2021PTEP.2021h3F01I_page_1_chunk_5": {
        "text": "versity Press on behalf of the Physical Society of Japan.\nThis is an Open Access article distributed under the terms of the Creative Commons Attribution License\n(http://creativecommons.org/licenses/by-nc/3.0), which permits unrestricted use,\ndistribution, and reproduction in any medium, provided the original work is properly cited.arXiv:2105.02512v5  [hep-ex]  2 Jul 2021",
        "page": 1,
        "link": "https://ui.adsabs.harvard.edu/link_gateway/2021PTEP.2021h3F01I/EPRINT_PDF",
        "title": "Development of convolutional neural networks for an electrontracking Compton camera"
    },
    "2021PTEP.2021h3F01I_page_2_chunk_1": {
        "text": "need the additional parameters of the recoil direction of the Compton electron in order to\nreduce backgrounds [13].\nElectron-Tracking Compton Camera (ETCC) is a complete Compton camera with track-\ning recoil electrons. It can record all information on Compton kinematics for overcoming\nthe problem of conventional Compton cameras. Hence ETCC determines a unique incident\ngamma-ray direction [12]. A key device of ETCC is the tracking detector to detect the recoil\nelectron since the point-spread function (PSF) is highly dependent on the determination\naccuracy of the recoil direction and the scattering position [14]. Thus, the SMILE group\n(Sub-MeV gamma-ray Imaging Loaded-on-ballon Experiment) developed the gas time pro-\njection chamber (TPC) based on \u0016-PIC [15], which is one of the micro-pattern gas detectors.\nAlthough the gas TPC gives us the precise track information for low energy electrons, these\nelectrons are in\ruenced by the multiple scattering and make complex track images. The\ntechn",
        "page": 2,
        "link": "https://ui.adsabs.harvard.edu/link_gateway/2021PTEP.2021h3F01I/EPRINT_PDF",
        "title": "Development of convolutional neural networks for an electrontracking Compton camera"
    },
    "2021PTEP.2021h3F01I_page_2_chunk_2": {
        "text": "n gas detectors.\nAlthough the gas TPC gives us the precise track information for low energy electrons, these\nelectrons are in\ruenced by the multiple scattering and make complex track images. The\ntechnical challenge is the development of the analysis method with an exact determination\nof the scattering position and the recoil direction from these track images.\nThe feature extraction from images is the \feld of computer vision. Neural Networks (CNNs)\nhave achieved great success in image classi\fcations. Since 2010, many architectures like\nAlexNet [16], VGG [17], GoogLeNet [18], and ResNet [19] were proposed in the ImageNet\nLarge Scale Visual Recognition Challenge [20] and achieved dramatic progress. In parti-\ncle physics and astrophysics experiments, modern machine learning techniques have been\nactively applied and developed. There are several purposes of signal-background recogni-\ntion, particle identi\fcation, and event reconstruction. Machine learning showed signi\fcant\nperformance improv",
        "page": 2,
        "link": "https://ui.adsabs.harvard.edu/link_gateway/2021PTEP.2021h3F01I/EPRINT_PDF",
        "title": "Development of convolutional neural networks for an electrontracking Compton camera"
    },
    "2021PTEP.2021h3F01I_page_2_chunk_3": {
        "text": "n\nactively applied and developed. There are several purposes of signal-background recogni-\ntion, particle identi\fcation, and event reconstruction. Machine learning showed signi\fcant\nperformance improvements than the traditional way based on domain knowledge. In the gas\nTPC application, the CNN was developed for the polarization extraction from photoelec-\ntron track images taken with X-ray polarimeters and improved the polarization sensitivity\nby 10%{20% [21]. The NEXT experiment, searching for neutrinoless double-beta decay, uti-\nlized CNN to identify electron-positron pair production from the topological signature. Then\nthe signal e\u000eciency was improved compared to non-CNN-based analysis [22]. In our case,\nCNN would also be a promising approach.\nIn this paper, we describe the design of CNNs to predict the scattering position and the\nelectron-recoil direction from track images taken by the TPC. In addition, we evaluate the\nimaging performance of the simulation and experiment data, and c",
        "page": 2,
        "link": "https://ui.adsabs.harvard.edu/link_gateway/2021PTEP.2021h3F01I/EPRINT_PDF",
        "title": "Development of convolutional neural networks for an electrontracking Compton camera"
    },
    "2021PTEP.2021h3F01I_page_2_chunk_4": {
        "text": "s to predict the scattering position and the\nelectron-recoil direction from track images taken by the TPC. In addition, we evaluate the\nimaging performance of the simulation and experiment data, and compare with a traditional\nway.\n2. Electron-Tracking Compton Camera\nThe dominant interaction process of MeV gamma-rays and materials is the Compton scatter-\ning. The schematic view of the Compton kinematics is described in Fig. 1. The conventional\nCompton camera obtains the information of scattering gamma-ray energy E\r, the absorp-\ntion position of scattering gamma-ray Pabs, the scattering position of gamma-ray Psct, and\nthe electron-recoil energy Keother than the electron-recoil direction ~ e. Then, the scattering\nangle\u001eis written as follows,\ncos\u001e= 1\u0000mec2\nE\r+KeKe\nE\r: (1)\nThe conventional Compton cameras are insu\u000ecient to resolve the kinematic equation of\nCompton scattering due to the lack of the electron-recoil direction. While the incident gamma\ndirection~ sis only reconstructed as a Comp",
        "page": 2,
        "link": "https://ui.adsabs.harvard.edu/link_gateway/2021PTEP.2021h3F01I/EPRINT_PDF",
        "title": "Development of convolutional neural networks for an electrontracking Compton camera"
    },
    "2021PTEP.2021h3F01I_page_2_chunk_5": {
        "text": "on cameras are insu\u000ecient to resolve the kinematic equation of\nCompton scattering due to the lack of the electron-recoil direction. While the incident gamma\ndirection~ sis only reconstructed as a Compton circle, the overlapping of many Compton\n2/14",
        "page": 2,
        "link": "https://ui.adsabs.harvard.edu/link_gateway/2021PTEP.2021h3F01I/EPRINT_PDF",
        "title": "Development of convolutional neural networks for an electrontracking Compton camera"
    },
    "2021PTEP.2021h3F01I_page_3_chunk_1": {
        "text": "circles determines the source location. In the conventional Compton camera, the PSF is only\nde\fned by the angular resolution measure (ARM). The ARM means the angular distance\nfrom the reconstructed Compton circle to the known source location or the determination\naccuracy of Compton scattering angle \u001e. The ARM depends on the determination accuracies\nof the absorption point and the scattering point of gamma-ray, and the energy resolution.\nCOMPEL was incredibly successful via Compton imaging techniques. However, the\nachieved sensitivity was modest. One of the most important things we learned from COMP-\nTEL is that the huge gamma-ray backgrounds are generated in the satellite itself by cosmic\nrays. Under such backgrounds, the sensitivity is overestimated if we only use the ARM.\nSch onfelder reported the conceivable background in COMPTEL and concluded that the most\nsensitive tool to increase the sensitivity is to reduce the instrumental background rate [13].\nHe also proposed the measuremen",
        "page": 3,
        "link": "https://ui.adsabs.harvard.edu/link_gateway/2021PTEP.2021h3F01I/EPRINT_PDF",
        "title": "Development of convolutional neural networks for an electrontracking Compton camera"
    },
    "2021PTEP.2021h3F01I_page_3_chunk_2": {
        "text": "eported the conceivable background in COMPTEL and concluded that the most\nsensitive tool to increase the sensitivity is to reduce the instrumental background rate [13].\nHe also proposed the measurement of recoil electrons in order to suppress the background.\nFrom this e\u000bort, we developed ETCC as the next generation Compton telescope.\nThe ETCC provides all parameters of Compton scattering including the electron-recoil\ndirection by the tracking detector. Figure 1(a) shows a schematic view of the ETCC on\nthe SMILE-2+ experiment, which is our second balloon experiment to observe the celestial\nobjects at the high altitudes [23]. The ETCC completely resolves the Compton kinematics\nand determines the unique incident gamma-ray direction ~ susing the following equation,\n~ s=E\r\nE\r+Ke~ \r+p\nKe(Ke+ 2mec2)\nE\r+K~ e: (2)\nThe ETCC gives the complete PSF from the ARM and the Scattering Plane Deviation\n(SPD) [12], which is the accuracy of the determining the scattering plane. The ETCC can\nachieve high ba",
        "page": 3,
        "link": "https://ui.adsabs.harvard.edu/link_gateway/2021PTEP.2021h3F01I/EPRINT_PDF",
        "title": "Development of convolutional neural networks for an electrontracking Compton camera"
    },
    "2021PTEP.2021h3F01I_page_3_chunk_3": {
        "text": "c2)\nE\r+K~ e: (2)\nThe ETCC gives the complete PSF from the ARM and the Scattering Plane Deviation\n(SPD) [12], which is the accuracy of the determining the scattering plane. The ETCC can\nachieve high background-rejection power by localizing the arrival direction on the Compton\ncircle thanks to the SPD.\nThe ETCC of the SMILE-2+ experiment consists of pixel scintillator arrays (PSAs) and\na gas TPC based on a micro pattern gas detector \u0016-PIC [15]. The 36 PSAs with a thickness\nof 26 mm and the 18 \u00024 PSAs with a thickness of 13 mm are arranged bottom and side\nof TPC, respectively. Each PSA is made of GSO (Gd 2SiO5:Ce) scintillators of 8 \u00028 pixels\nwith a pixel size of 6 \u00026 mm2. PSAs are deployed as absorbers to detect the energy E\r\nand the position Pabsof the scattering gamma-ray. The TPC is \flled with argon-based gas\n(95% Ar + 3% CF 4+ 2% C 4H10at a pressure of 2 atm) as a Compton-scattering target and\nhas a drift length of 30 cm. The electron track and energy information was detected by \u0016-PI",
        "page": 3,
        "link": "https://ui.adsabs.harvard.edu/link_gateway/2021PTEP.2021h3F01I/EPRINT_PDF",
        "title": "Development of convolutional neural networks for an electrontracking Compton camera"
    },
    "2021PTEP.2021h3F01I_page_3_chunk_4": {
        "text": " with argon-based gas\n(95% Ar + 3% CF 4+ 2% C 4H10at a pressure of 2 atm) as a Compton-scattering target and\nhas a drift length of 30 cm. The electron track and energy information was detected by \u0016-PIC,\nwhich has 768\u0002768 strips with a pitch of 400 \u0016m; the detection volume 30 \u000230\u000230 cm3.\nIn order to reduce the power consumption, every two strips of \u0016-PIC are grouped. Thus, the\nreadout strip pitch is 800 \u0016m in the SMILE-2+ experiment.\nThe anode and cathode strips of \u0016-PIC are linearly arranged in the X and Y directions,\nrespectively. The Z direction is reconstructed by the measured drift velocity and drift time.\nThus two-dimension images (XZ and YZ) are obtained. The strip signals are processed\nin FE2009bal CMOS ASIC chips [24] including preampli\fers, shapers, and comparators.\nEach ampli\fed signal is compared to the threshold voltage and synchronized with 100 MHz\n(10 ns) clocks. Finally, the addresses of \u0016-PIC strips with the time-over-threshold (TOT)\nare recorded. Figure 1(b) shows the ",
        "page": 3,
        "link": "https://ui.adsabs.harvard.edu/link_gateway/2021PTEP.2021h3F01I/EPRINT_PDF",
        "title": "Development of convolutional neural networks for an electrontracking Compton camera"
    },
    "2021PTEP.2021h3F01I_page_3_chunk_5": {
        "text": "signal is compared to the threshold voltage and synchronized with 100 MHz\n(10 ns) clocks. Finally, the addresses of \u0016-PIC strips with the time-over-threshold (TOT)\nare recorded. Figure 1(b) shows the schematic image of the TOT. The TOT is the time\nbetween rising and falling edges crossing the threshold voltage, which is correlated with the\nconvolution of the charge information and the track-length along the z-axis on each strip.\n3/14",
        "page": 3,
        "link": "https://ui.adsabs.harvard.edu/link_gateway/2021PTEP.2021h3F01I/EPRINT_PDF",
        "title": "Development of convolutional neural networks for an electrontracking Compton camera"
    },
    "2021PTEP.2021h3F01I_page_4_chunk_1": {
        "text": "ARMSPD\nPSAsXYZTPC!\"#$%\n\"&'#(a)(c)\n50100150X (mm)50100150Z (mm)50100150Y (mm)50100150Anode imageCathode image(b)TimeVoltageTOT(=10×𝑖ns)VthAnode (or cathode)strip signalFig. 1 (a) Schematic view of the ETCC on the SMILE-2+ experiment. The incident\ngamma-ray coming from the source location ~ r\rundergoes Compton scattering into the TPC\n\flled with argon-based gas. The energy, scattering position Psctand direction ~ reof the recoil\nelectron are reconstructed by the TPC based on \u0016-PIC. Finally, the scattering gamma-ray\n~ r\r0is absorbed at Pabswith PSAs. (b) Schematic image of the TOT. (c) Track images of\nrecoil electron with 160 keV from \u0016-PIC anode and cathode strips.\nSince the TOT is measured by the comparator with 100 MHz, it is digitized with 10 ns.\nFigure 1(c) shows a typical example of the electron track obtained by \u0016-PIC. The length of\ngray pixels along the Z-axis on each strip is corresponding to the TOT multiplied by the\ndrift velocity. The low density scatter medium and the \fne inte",
        "page": 4,
        "link": "https://ui.adsabs.harvard.edu/link_gateway/2021PTEP.2021h3F01I/EPRINT_PDF",
        "title": "Development of convolutional neural networks for an electrontracking Compton camera"
    },
    "2021PTEP.2021h3F01I_page_4_chunk_2": {
        "text": "electron track obtained by \u0016-PIC. The length of\ngray pixels along the Z-axis on each strip is corresponding to the TOT multiplied by the\ndrift velocity. The low density scatter medium and the \fne interval read-out detector \u0016-PIC\nprovides \fne track images. The scattering position Psctand electron-recoil direction ~ eare\nreconstructed from these two images.\nThe traditional method to determine the scattering position is to utilize the skewness of\nTOTs, which relies on the fact that the stopping power of electron recoil depends on their\nresidual energy, and the end-point of the track has large TOTs. The skewness is written by\nthe following equation,\nS=\u00163\n\u00163=2\n2=h(x\u0000hxi)3i\nh(x\u0000hxi)2i3=2:\nIt is represented as the dimensionless ratio between the third and second moments of the\nTOTs. The skewness provides the information on whether the endpoint or the start point\nis on the right or left side of the image. Consequently, the maximum or minimum of track\nimage is adopted as a scattering position. ",
        "page": 4,
        "link": "https://ui.adsabs.harvard.edu/link_gateway/2021PTEP.2021h3F01I/EPRINT_PDF",
        "title": "Development of convolutional neural networks for an electrontracking Compton camera"
    },
    "2021PTEP.2021h3F01I_page_4_chunk_3": {
        "text": "provides the information on whether the endpoint or the start point\nis on the right or left side of the image. Consequently, the maximum or minimum of track\nimage is adopted as a scattering position. After calculating the scattering position, the\nrecoil direction is determined by the linear \ftting algorithm using TOTs within 4 mm of the\nreconstructed scattering point to prevent multiple scattering e\u000bects. This method is suitable\nfor relatively straight tracks, while it is less accurate for curved tracks by the multiple\nscattering.\n4/14",
        "page": 4,
        "link": "https://ui.adsabs.harvard.edu/link_gateway/2021PTEP.2021h3F01I/EPRINT_PDF",
        "title": "Development of convolutional neural networks for an electrontracking Compton camera"
    },
    "2021PTEP.2021h3F01I_page_5_chunk_1": {
        "text": "3. Convolutional Neural Network\nCNN is one of the arti\fcial neural networks. It has an input layer, hidden layers, and an\noutput layer. The hidden layer is generally composed of a combination of the convolutional\nlayer, the pooling layer, and a fully connected layer. The convolutional layer, which is the\nmost important element in the CNN, automatically extract features from the image by a\nweighting matrix, called a \flter or kernel. The pooling layer is used to down-sampling the\nfeature maps extracted in the convolutional layer by taking an average or maximum. In a\nfully connected layer, all nodes are connected to all activations in the previous layer. A deep\nhierarchical structure of the convolutional layer and pooling layer has expressive capacity; a\nshallow layer learns low-level features or local correlations, and a deep layer learns high-level\nfeatures or global correlations. Thus, general CNNs are made up of stacks of the convolutional\nlayer and pooling layer.\nWe implemented two i",
        "page": 5,
        "link": "https://ui.adsabs.harvard.edu/link_gateway/2021PTEP.2021h3F01I/EPRINT_PDF",
        "title": "Development of convolutional neural networks for an electrontracking Compton camera"
    },
    "2021PTEP.2021h3F01I_page_5_chunk_2": {
        "text": "s or local correlations, and a deep layer learns high-level\nfeatures or global correlations. Thus, general CNNs are made up of stacks of the convolutional\nlayer and pooling layer.\nWe implemented two independent network models to predict the scattering position and\nthe electron-recoil direction using the Keras/Tensor\row framework [25]. The common point\nin both network models is that the input layer takes two-channel images of 256 \u0002512 pixels\ncorresponding to 204.8 \u0002194.56 mm2in XZ and YZ dimensions. Thus, the size of the\ninput parameter ( \u001e, cos\u0012) is 2\u0002256\u0002512 (=262144). In this section, we describe the\ncharacteristics of these network models.\n3.1. Network model to predict the electron-recoil direction\nIn 2014, the Visual Geometry Group (VGG [17]) model was received high praise in the clas-\nsi\fcation category of the image recognition competition. This architecture simply increases\nthe number of layers by connecting the convolution layer and the fully connected layer. The\nfeature is that",
        "page": 5,
        "link": "https://ui.adsabs.harvard.edu/link_gateway/2021PTEP.2021h3F01I/EPRINT_PDF",
        "title": "Development of convolutional neural networks for an electrontracking Compton camera"
    },
    "2021PTEP.2021h3F01I_page_5_chunk_3": {
        "text": "\nsi\fcation category of the image recognition competition. This architecture simply increases\nthe number of layers by connecting the convolution layer and the fully connected layer. The\nfeature is that the reduction of the \flter size enables to implement a deeper network and\nlearn high-level features. We have designed a network model based on the VGG to predict\nthe electron-recoil direction.\nThe schematic view of the network model is shown in Fig. 2. This model has two output\nlayers to predict the cosine of zenith angle cos \u0012and azimuth angle \u001eof electron recoil direc-\ntion. The prediction of each angle is divided into 36 classes, each having a width of 0.055 and\n10 degrees, respectively. Thus, the size of the output parameter is 2 \u000236. Output layers are\nactivated by softmax functions to compute each of the probability distribution. The hidden\nlayer is a hierarchical representation of convolutional layers and pooling layers. All convolu-\ntional layers have a \flter size of 3 \u00023 and strid",
        "page": 5,
        "link": "https://ui.adsabs.harvard.edu/link_gateway/2021PTEP.2021h3F01I/EPRINT_PDF",
        "title": "Development of convolutional neural networks for an electrontracking Compton camera"
    },
    "2021PTEP.2021h3F01I_page_5_chunk_4": {
        "text": "mpute each of the probability distribution. The hidden\nlayer is a hierarchical representation of convolutional layers and pooling layers. All convolu-\ntional layers have a \flter size of 3 \u00023 and stride 1. All pooling layers takes the maximum\nvalue with the \flter size of 2 \u00022 and stride 2. In addition, three dropout layers, in which\nsome number of layer outputs are randomly ignored, are deployed to prevent over-\ftting. In\nthe \fnal stage, two-dimensional feature maps are converted to a one-dimensional vector in\n\ratten layer and connected to the fully connected layer with 512 nodes. All layers except for\npooling layers and output layers are activated by the recti\fed linear unit (ReLU [26]).\n3.2. Network model to predict the scattering position\nThe accuracy of the scattering position is expected to be the pixel size resolution. While\nthe VGG model is able to learn high-level feature with the deep layer, the detail position\ninformation is lost at the same time as the size of feature maps ar",
        "page": 5,
        "link": "https://ui.adsabs.harvard.edu/link_gateway/2021PTEP.2021h3F01I/EPRINT_PDF",
        "title": "Development of convolutional neural networks for an electrontracking Compton camera"
    },
    "2021PTEP.2021h3F01I_page_5_chunk_5": {
        "text": "ed to be the pixel size resolution. While\nthe VGG model is able to learn high-level feature with the deep layer, the detail position\ninformation is lost at the same time as the size of feature maps are reduced. For spatially\ndense predictions like semantic segmentation, which is the process of separating image into\n5/14",
        "page": 5,
        "link": "https://ui.adsabs.harvard.edu/link_gateway/2021PTEP.2021h3F01I/EPRINT_PDF",
        "title": "Development of convolutional neural networks for an electrontracking Compton camera"
    },
    "2021PTEP.2021h3F01I_page_6_chunk_1": {
        "text": "size: 2x256x512\n3x3 Conv, 643x3 Conv, 322x2 Pooling2x2 PoolingDropout3x3 Conv, 1282x2 PoolingDropout3x3 Conv, 1282x2 Pooling3x3 Conv, 1282x2 PoolingFlattenDropoutFC, 512Output, 36Output, 36Inputsize: 2x36Fig. 2 Network model to predict the electron-recoil direction. White and green boxes are\ninput and output layer, respectively. Orange boxes represent convolution layers with stride\n1, which are denoted as (\flter size) Conv, (number of \flters). Blue boxes are maximum\npooling layer with the \flter size of 2 \u00022 and stride 2. Purple boxes are dropout layers with\nthe rate set to 20%. Pink boxes represent full connected or \ratten layers.\nsome object of interest with pixel-level, Fully Convolutional Networks (FCN [27]), and U-\nNet [28] were developed. These architectures have an encoder part followed by a decoder\npart. The encoder part is the typical classi\fer network like the VGG. The decoder part\nexpands the feature map and projects onto high-resolution images. In order to predict the\nscatte",
        "page": 6,
        "link": "https://ui.adsabs.harvard.edu/link_gateway/2021PTEP.2021h3F01I/EPRINT_PDF",
        "title": "Development of convolutional neural networks for an electrontracking Compton camera"
    },
    "2021PTEP.2021h3F01I_page_6_chunk_2": {
        "text": "wed by a decoder\npart. The encoder part is the typical classi\fer network like the VGG. The decoder part\nexpands the feature map and projects onto high-resolution images. In order to predict the\nscattering position, we built the network model upon the U-Net architecture.\nThe schematic view of the network model is depicted in Fig. 3. In order to predict the\nscattering positions ( x,y,z), this model has three output layers, which have linear activation\nfunctions. The size of the output parameter is 3 \u00021. The scattering position is predicted on a\nregression problem. The hidden layer is comprised of the encoder and decoder part. The \frst\nencoder section extracts features at di\u000berent scale sizes with down-sampling as well as the\nnetwork to predict the electron-recoil direction. Convolutional layers have 3 \u00023 kernesl with\nstride 1, and pooling layers are maxpooling operation and stride 2. In the second decoder\nsection, pooling layers are replaced with unpooling layers as up-sampling and expan",
        "page": 6,
        "link": "https://ui.adsabs.harvard.edu/link_gateway/2021PTEP.2021h3F01I/EPRINT_PDF",
        "title": "Development of convolutional neural networks for an electrontracking Compton camera"
    },
    "2021PTEP.2021h3F01I_page_6_chunk_3": {
        "text": "ers have 3 \u00023 kernesl with\nstride 1, and pooling layers are maxpooling operation and stride 2. In the second decoder\nsection, pooling layers are replaced with unpooling layers as up-sampling and expands feature\nmaps. We deploy the convolution transpose layer as unpooling operation with the \flter size of\n2\u00022 and stride 2. In addition, up-sampling images are connected by down-sampling images\nin concatenation layers and recovered the high spatial resolution. The \fnal up-sampling layer\nis \rattened and connected to output layers. All layers except for pooling layers and output\nlayers are activated by the ReLU.\n4. Training and validating network via a monte calro simulation\n4.1. Preparing a training and validating data set\nThe training and validating data are prepared by the Monte Carlo (MC) simulation package\nof the SMILE experiment based on the Geant4 [29]. In order to reproduce experimental\nimages, the following procedures are taken.\n\u000eThe full detector geometry is constructed in Geant4. E",
        "page": 6,
        "link": "https://ui.adsabs.harvard.edu/link_gateway/2021PTEP.2021h3F01I/EPRINT_PDF",
        "title": "Development of convolutional neural networks for an electrontracking Compton camera"
    },
    "2021PTEP.2021h3F01I_page_6_chunk_4": {
        "text": "ulation package\nof the SMILE experiment based on the Geant4 [29]. In order to reproduce experimental\nimages, the following procedures are taken.\n\u000eThe full detector geometry is constructed in Geant4. Electron beams are generated in\nTPC volume with the uniform position and direction. Then, the interaction points and\nthe deposit energies are recorded.\n6/14",
        "page": 6,
        "link": "https://ui.adsabs.harvard.edu/link_gateway/2021PTEP.2021h3F01I/EPRINT_PDF",
        "title": "Development of convolutional neural networks for an electrontracking Compton camera"
    },
    "2021PTEP.2021h3F01I_page_7_chunk_1": {
        "text": "Encoder partDecoder partInput3x3 Conv, 322x2 Pooling3x3 Conv, 642x2 PoolingDropout3x3 Conv, 1282x2 PoolingDropout3x3 Conv, 2562x2 Pooling3x3 Conv, 5122x2 UnpoolingConcatenation3x3 Conv, 2562x2 UnpoolingConcatenation3x3 Conv, 1282x2 UnpoolingConcatenation3x3 Conv, 642x2 UnpoolingConcatenation3x3 Conv, 321x1 Conv, 2FlattenOutput, 1Output, 1Output, 1size: 2x256x512size: 3x1Fig. 3 Network model to predict the scattering position. White and green boxes are input\nand output layer, respectively. Orange boxes represent convolution layers with stride 1, which\nare denoted as (\flter size) Conv, (number of \flters). Blue boxes are maximum pooling layers\nwith a \flter size of 2 \u00022 and stride 2. Purple boxes are dropout layers with the rate set\nto 20%. Yellow boxes are unpooling layers. Pink box describes a \ratten layer. Black dotted\narrows indicate concatenation operation to combine the output of the convolution layers in\nthe encoder part to the decoder part.\n\u000eFrom the deposit energies, the number of",
        "page": 7,
        "link": "https://ui.adsabs.harvard.edu/link_gateway/2021PTEP.2021h3F01I/EPRINT_PDF",
        "title": "Development of convolutional neural networks for an electrontracking Compton camera"
    },
    "2021PTEP.2021h3F01I_page_7_chunk_2": {
        "text": " a \ratten layer. Black dotted\narrows indicate concatenation operation to combine the output of the convolution layers in\nthe encoder part to the decoder part.\n\u000eFrom the deposit energies, the number of ionized electrons is calculated considering the\nfano factor. In addition, the collected positions of ionized electrons on \u0016-PIC strips are\nobtained according to the di\u000busion e\u000bect simulated by MAGBOLTZ [30].\n\u000eWaveforms of \u0016-PIC strips are represented by overlapping waveform templates, which are\ncalculated from the simulated \u0016-PIC pulse signal using Gar\fled++ [31]. These wave-\nforms are digitized and TOTs are obtained by comparing to the threshold. Finally,\ncalculated TOTs are encoded to the experimental data format.\nWe analyze simulated data and make XZ and YZ images of 256 \u0002512 pixels so that the\ntracks are in the center of the images like Fig. 1(b). The 630k and 70k MC events for 5{\n200 keV, which were fully contained in the TPC volume, were generated for the training and\nvalidating dat",
        "page": 7,
        "link": "https://ui.adsabs.harvard.edu/link_gateway/2021PTEP.2021h3F01I/EPRINT_PDF",
        "title": "Development of convolutional neural networks for an electrontracking Compton camera"
    },
    "2021PTEP.2021h3F01I_page_7_chunk_3": {
        "text": "t the\ntracks are in the center of the images like Fig. 1(b). The 630k and 70k MC events for 5{\n200 keV, which were fully contained in the TPC volume, were generated for the training and\nvalidating data sets, respectively. Also, each class has almost the same number of samples;\none class has about 17500 samples for the training data set.\n4.2. Training and validating network\nWe trained the networks and optimized learnable parameters by minimizing the loss function\nbetween the ground truth and the prediction. Training the model to predict the electron-\nrecoil direction, the ground truth is expressed by the one-hot vector ~ p. For example, the i-th\nclass constitutes angles \u001eranging from \u0019i=18\u0000\u0019to\u0019(i+ 1)=18\u0000\u0019. Then, the i-th label\nis one \\1\" and the rest is zero \\0\" in the one-hot vector. We employed the cross-entropy\nloss, which is a typical loss function in the classi\fcation task, represented by H(p;q) =\n\u0000\u0006ipilogqi, wherepiis thei-th label of the ground truth and qiis the predicted one. O",
        "page": 7,
        "link": "https://ui.adsabs.harvard.edu/link_gateway/2021PTEP.2021h3F01I/EPRINT_PDF",
        "title": "Development of convolutional neural networks for an electrontracking Compton camera"
    },
    "2021PTEP.2021h3F01I_page_7_chunk_4": {
        "text": "ployed the cross-entropy\nloss, which is a typical loss function in the classi\fcation task, represented by H(p;q) =\n\u0000\u0006ipilogqi, wherepiis thei-th label of the ground truth and qiis the predicted one. On\nthe other hand, we employed the mean square root as a loss function to train the model to\npredict the scattering position. In both cases, an Adam optimizer was used to minimize loss\nfunction with a learning rate of 0.0001. A batch size of 4 was chosen. We trained models for\n7/14",
        "page": 7,
        "link": "https://ui.adsabs.harvard.edu/link_gateway/2021PTEP.2021h3F01I/EPRINT_PDF",
        "title": "Development of convolutional neural networks for an electrontracking Compton camera"
    },
    "2021PTEP.2021h3F01I_page_8_chunk_1": {
        "text": "ten epochs where validation losses saturated. The huge amount of calculations was done by\nNVIDIA Geforce GTX 2070 super graphics processing units (GPU).\nFigure 4 shows confusion matrices at the \u001eand cos\u0012class predictions of several energies.In\n5{10 keV of \u001e, CNN almost misclassi\fes and outputs two indexes in any true \u001e. We con\frmed\nthat such a high bias prediction appears when the highest predicted probability is very low.\nTherefore, the angle \u001eis determined by random uniformly in such a case. As the highest\npredicted probability exceeds a certain threshold, the predicted angle \u001eis calculated as\nfollows:\n\u001e= atan2 Nc\u00001X\ni=0pisin\u001ei;Nc\u00001X\ni=0picos\u001ei!\n; (3)\nwherepiis the predicted probability in i-th class,\u001eiis the center angle of the i-th class and\nNcis the number of class. The correlation matrix between the calculated angle \u001eand the\ntrue angle\u001eare shown in Fig. 5. The high bias prediction in 5{10 keV was reduced due to\nthe uniform random. On the other hand, some bias prediction or the no",
        "page": 8,
        "link": "https://ui.adsabs.harvard.edu/link_gateway/2021PTEP.2021h3F01I/EPRINT_PDF",
        "title": "Development of convolutional neural networks for an electrontracking Compton camera"
    },
    "2021PTEP.2021h3F01I_page_8_chunk_2": {
        "text": "trix between the calculated angle \u001eand the\ntrue angle\u001eare shown in Fig. 5. The high bias prediction in 5{10 keV was reduced due to\nthe uniform random. On the other hand, some bias prediction or the nonuniform angular\nresponse remains in 10{200 keV. In order to remove the nonuniform response, adding the\nnonuniform penalty term to the loss function is valuable as discussed in Ref. [21]. We will\ndeploy such an advanced method in our future work. The angle \u0012is calculated by the same\nway. The confusion matrices and correlation matrices of cos \u0012is described in the bottom\npanels of Fig. 4 and Fig. 5, respectively.\nFig. 4 Confusion matrices at the \u001e(top panel) and cos \u0012(bottom panel) class predictions.\nWe de\fne the two evaluated values. First one is the angular error of cos \u0012err=~Vt\u0001~Vp,\nwhere~Vtand~Vpare the true recoil vector and the predicted recoil vector, respectively.\nSecond one is the position error of Rerr=j~Pt\u0000~Ppj, where~Ptand~Ppare the true scattering\nposition and the predicted scat",
        "page": 8,
        "link": "https://ui.adsabs.harvard.edu/link_gateway/2021PTEP.2021h3F01I/EPRINT_PDF",
        "title": "Development of convolutional neural networks for an electrontracking Compton camera"
    },
    "2021PTEP.2021h3F01I_page_8_chunk_3": {
        "text": "nd~Vpare the true recoil vector and the predicted recoil vector, respectively.\nSecond one is the position error of Rerr=j~Pt\u0000~Ppj, where~Ptand~Ppare the true scattering\nposition and the predicted scattering position, respectively. We obtained these distributions\nby calculating for 70k validating data. The angular and position resolutions are de\fned by\nthese 50% area value. In the traditional method, these values are calculated in the same way.\nThe several reconstructed examples on images are depicted in Fig. 6. Using the traditional\nmethod, the high-energy recoil events like the bottom \fgures could not reconstruct with\nhigh precision due to the multiple scattering e\u000bect. On the other hand, the CNN succeeded\nin resolving the scattering point and recoil direction for such events.\n8/14",
        "page": 8,
        "link": "https://ui.adsabs.harvard.edu/link_gateway/2021PTEP.2021h3F01I/EPRINT_PDF",
        "title": "Development of convolutional neural networks for an electrontracking Compton camera"
    },
    "2021PTEP.2021h3F01I_page_9_chunk_1": {
        "text": "Fig. 5 Top panel shows the correlation matrices between the calculated angle \u001eand the\ntrue angle\u001e. Bottom panel is the correlation matrices between the calculated cos \u0012and the\ntrue cos\u0012\nFigures 7(a) and (b) show the energy dependence of the angular resolution and the position\nresolution comparing to the traditional method. The CNN method is better than the tradi-\ntional method above 20 keV. In particular, it achieved excellent performance above 50 keV.\nThe angular resolution of 75 keV is 41 degrees. For predicting the scattering position, the\nCNN method indicates better performance in all energy. The position resolution of 75 keV\nis 2.1 mm.\n80\n90 100110 120 X (mm)\n80859095100105110115120Z (mm)Energy = 42.3 keVTrue\nPredict\n80\n90 100110 120 Y (mm)\n8085909510010511011512060\n80 100120 140 X (mm)\n60708090100110120130140Z (mm)Energy = 68.6 keVTrue\nPredict\n60\n80 100120 140 Y (mm)\n6070809010011012013014050\n100 150 X (mm)\n406080100120140160Z (mm)Energy = 186.3 keVTrue\nPredict\n50\n100 150 Y (mm)\n",
        "page": 9,
        "link": "https://ui.adsabs.harvard.edu/link_gateway/2021PTEP.2021h3F01I/EPRINT_PDF",
        "title": "Development of convolutional neural networks for an electrontracking Compton camera"
    },
    "2021PTEP.2021h3F01I_page_9_chunk_2": {
        "text": "m)\n60708090100110120130140Z (mm)Energy = 68.6 keVTrue\nPredict\n60\n80 100120 140 Y (mm)\n6070809010011012013014050\n100 150 X (mm)\n406080100120140160Z (mm)Energy = 186.3 keVTrue\nPredict\n50\n100 150 Y (mm)\n40608010012014016050\n100 150 X (mm)\n406080100120140160Z (mm)Energy = 194.1 keVTrue\nPredict\n50\n100 150 Y (mm)\n406080100120140160\nFig. 6 Four track images with the predicted scattering positions and recoil directions. Red\npoints and arrows are true scattering points and recoil directions. Blue squares and arrows\nare predictions using the CNN.\n9/14",
        "page": 9,
        "link": "https://ui.adsabs.harvard.edu/link_gateway/2021PTEP.2021h3F01I/EPRINT_PDF",
        "title": "Development of convolutional neural networks for an electrontracking Compton camera"
    },
    "2021PTEP.2021h3F01I_page_10_chunk_1": {
        "text": "(a)(b)\n050100150200Electron energy (keV)020406080100 (degree)errqTraditional methodCNN methodMultiple scattering\n050100150200Electron energy (keV)0246810 (mm)errRTraditional methodCNN methodFig. 7 (a) Angular resolution of the CNN method comparing to the traditional method\nusing the simulation data. Red and blue points indicate the CNN method and the tradi-\ntional method, respectively. Black dashed line is a principle limit of multiple scatterings\nwith 0.8 mm pitch readout. (b) Position resolution of the CNN method comparing to the\ntraditional method. Red and blue point are the CNN method and the traditional method,\nrespectively.\n5. Performance of ETCC using the CNN method\nWe conducted the calibration measurement of ETCC for the SMILE-2+ instrument on the\nground. In order to investigate several energy response, calibration data of133Ba (mainly\n356 keV),22Na (511 keV),137Cs (662 keV) and60Co (1173 keV and 1332 keV) were taken.\nIn addition, the137Cs source was placed on several zenith po",
        "page": 10,
        "link": "https://ui.adsabs.harvard.edu/link_gateway/2021PTEP.2021h3F01I/EPRINT_PDF",
        "title": "Development of convolutional neural networks for an electrontracking Compton camera"
    },
    "2021PTEP.2021h3F01I_page_10_chunk_2": {
        "text": "veral energy response, calibration data of133Ba (mainly\n356 keV),22Na (511 keV),137Cs (662 keV) and60Co (1173 keV and 1332 keV) were taken.\nIn addition, the137Cs source was placed on several zenith positions separate to 183 cm\nfrom the center of ETCC. We reanalyzed these calibration data with the CNN method and\nevaluated the performance of the experimental ETCC data.\n5.1. Event selection\nIn the calibration measurement, there are not only direct incident gamma-rays from the\nsource but also backgrounds of ambient gamma-rays and cosmic-rays. Therefore, we adopted\nthe following event selection to extract direct incident gamma-rays from the sources.\n\u000e1 Hit event : We require one track in the TPC and one hit pixel signal in the PSA,\nwhich removed most accidental coincidence events.\n\u000eFiducial volume : We require that an electron track is contained within the \fducial\nvolume of 25 :72\u000225:72\u000229:8 cm3. At the boundary of the detection area, the electric\n\feld is distorted due to the supply voltage",
        "page": 10,
        "link": "https://ui.adsabs.harvard.edu/link_gateway/2021PTEP.2021h3F01I/EPRINT_PDF",
        "title": "Development of convolutional neural networks for an electrontracking Compton camera"
    },
    "2021PTEP.2021h3F01I_page_10_chunk_3": {
        "text": "ume : We require that an electron track is contained within the \fducial\nvolume of 25 :72\u000225:72\u000229:8 cm3. At the boundary of the detection area, the electric\n\feld is distorted due to the supply voltage of the PMT of the PSA around the TPC.\nSuch events which do not retain the original track information are eliminated.\n\u000eFully contain electron : The dE=dx distribution or the correlation between the track-\nlength and the energy deposit of the track in the TPC distinguishes the fully contained\nelectrons, escaped electrons from the TPC, and cosmic-ray muons. The dE=dx of the\nfully contained electron is empirically proportional to E1:72[32] of the recoil electron\n10/14",
        "page": 10,
        "link": "https://ui.adsabs.harvard.edu/link_gateway/2021PTEP.2021h3F01I/EPRINT_PDF",
        "title": "Development of convolutional neural networks for an electrontracking Compton camera"
    },
    "2021PTEP.2021h3F01I_page_11_chunk_1": {
        "text": "energy. We determined the fully contained electron band by \ftting with Gaussian func-\ntion every energy bin with a width of 10 keV, and the region within the \u00063\u001bquantiles\nwas chosen. More details can be found in Ref [14].\n\u000eCompton kinematic test : The angle between the recoil electron direction and the scat-\ntering gamma direction is de\fned as Compton \u000bangle and geometrically calculated by\nthe following equation,\ncos\u000bgeo=~ g\u0001~ e: (4)\nIn addition, this angle is derived by the Compton scattering kinematics:\ncos\u000bkin=\u0012\n1\u0000mec2\nE\r\u0013r\nKe\nKe+ 2mec2: (5)\nTherefore, \u0001 cos \u000b(= cos\u000bgeo\u0000cos\u000bkin) nearly zero ensures that the reconstructed\nevents are true Compton-scattering events. We limited as j\u0001 cos\u000bj<0:5 in order to\nextract Compton scattering events.\n\u000eEnergy selection : Events, which reconstructed energy is within two times of FWHM for\nthe source energy, are used to extract the direct components.\nAfter the event selection, the e\u000bective area of experiment and simulation data for 662 keV\nwere 2:3\u000210",
        "page": 11,
        "link": "https://ui.adsabs.harvard.edu/link_gateway/2021PTEP.2021h3F01I/EPRINT_PDF",
        "title": "Development of convolutional neural networks for an electrontracking Compton camera"
    },
    "2021PTEP.2021h3F01I_page_11_chunk_2": {
        "text": "rgy is within two times of FWHM for\nthe source energy, are used to extract the direct components.\nAfter the event selection, the e\u000bective area of experiment and simulation data for 662 keV\nwere 2:3\u000210\u00001cm2and 2:1\u000210\u00001cm2, respectively.\n5.2. Imaging performance\nThe incident gamma-ray direction is reconstructed by Eq. (2). To evaluate the reconstruction\naccuracy, we de\fned the error angle cos \u0012between the reconstructed vector and the source\nvector. The PSF is the angular resolution of \u0012. Thus, we calculated the half area value of\nthe cos\u0012distribution as the PSF. Figure 8 shows the ARM, SPD, and cos \u0012distribution\nusing the CNN method with the traditional method as the137Cs calibration source was\nset at the zenith=0. The ARM using the CNN method is 10 degrees and is not di\u000berent\nfrom the traditional method. We con\frmed that the supply voltage of PSAs around TPC\ndistorted the electric \feld, and it dominated the uncertainty of the scattering position. On\nthe other hand, the SPD was highly im",
        "page": 11,
        "link": "https://ui.adsabs.harvard.edu/link_gateway/2021PTEP.2021h3F01I/EPRINT_PDF",
        "title": "Development of convolutional neural networks for an electrontracking Compton camera"
    },
    "2021PTEP.2021h3F01I_page_11_chunk_3": {
        "text": "tional method. We con\frmed that the supply voltage of PSAs around TPC\ndistorted the electric \feld, and it dominated the uncertainty of the scattering position. On\nthe other hand, the SPD was highly improved thanks to reducing the angular resolution of\nthe recoil direction. We obtained 59 degrees (FWHM) of SPD by \ftting Gaussian function.\nThis bene\ft gave the sharp cos \u0012distribution and improved the PSF to 15 degrees.\nFigure 9(a) and (b) show the dependencies of PSF on gamma-ray energy and the incident\nzenith-angle, respectively. For every gamma-ray energy and incident zenith-angle, the CNN\nmethod marked better performance than the traditional method.\nReconstructed source images of137Cs for several zenith angles are shown in Fig. 10 using\nequal-solid-angle projection, such as Lambert projection. The bright points representing\nsources were observed, and the more focused images were con\frmed in the CNN method.\n6. Discussion\nSince the scattering position resolution is smaller than the PSA ",
        "page": 11,
        "link": "https://ui.adsabs.harvard.edu/link_gateway/2021PTEP.2021h3F01I/EPRINT_PDF",
        "title": "Development of convolutional neural networks for an electrontracking Compton camera"
    },
    "2021PTEP.2021h3F01I_page_11_chunk_4": {
        "text": "tion. The bright points representing\nsources were observed, and the more focused images were con\frmed in the CNN method.\n6. Discussion\nSince the scattering position resolution is smaller than the PSA position uncertainty, fur-\nther improvement in scattering points cannot be expected to improve PSF. On the other\nhand, SPD remains improvement potential. Although the recoil direction was dramatically\nimproved using CNN, the physical limit of the multiple scattering has not been reached\nyet. As the angular resolutions of the azimuth and the zenith angles were calculated sep-\narately for 50 keV electrons at the 4 mm distance from the scattering points, 29 degrees\n11/14",
        "page": 11,
        "link": "https://ui.adsabs.harvard.edu/link_gateway/2021PTEP.2021h3F01I/EPRINT_PDF",
        "title": "Development of convolutional neural networks for an electrontracking Compton camera"
    },
    "2021PTEP.2021h3F01I_page_12_chunk_1": {
        "text": "100-50-050100ARM (deg)00.10.20.3Arb.CNN methodTraditional method\n100-0100SPD (deg)00.050.10.15Arb.CNN methodTraditional method\n0.40.60.81qcos00.10.20.30.40.5Arb.CNN methodTraditional method(a)(b)(c)Fig. 8 (a) ARM, (b) SPD and (c) cos \u0012distributions of the experiment data. Red and Blue\nhistograms, which are normalized by the total areas, indicate the CNN and the traditional\nmethod, respectively.\n020406080100Incident zenith angle (degree)01020304050PSF (degree)CNN exp.Traditional exp.CNN sim.Traditional sim.Cs137\n050010001500Energy (keV)01020304050PSF (degree)CNN exp.Traditional exp.CNN sim.Traditional sim.Ba133Na22Cs137Co60(a)(b)\nFig. 9 (a) Gamma-ray energy dependence and (b) incident zenith-angle dependence of\nPSF. Red and blue lines indicate the experiment data using the CNN method and the\ntraditional method, respectively. Gray dots and triangles are the simulation data using the\nCNN method and the traditional method, respectively.\nand 35 degrees were obtained, respectively. This indi",
        "page": 12,
        "link": "https://ui.adsabs.harvard.edu/link_gateway/2021PTEP.2021h3F01I/EPRINT_PDF",
        "title": "Development of convolutional neural networks for an electrontracking Compton camera"
    },
    "2021PTEP.2021h3F01I_page_12_chunk_2": {
        "text": "e\ntraditional method, respectively. Gray dots and triangles are the simulation data using the\nCNN method and the traditional method, respectively.\nand 35 degrees were obtained, respectively. This indicates that the zenith angular resolution\nmainly determines a 3-D angular resolution. The Z-direction position resolution has a width\ncorresponding to the TOT. From a rough calculation, the drift speed of 38 mm/ \u0016s and TOT\nwidth of 80 ns corresponding to 0.5 pC input charge give 3.0 mm position resolution. It is\n3.8 times worse than the 800 \u0016m read-out pitch of X and Y directions. This is the cause of\nsmearing the track information for low energy electrons, as can be seen from the image of\n42.3 keV in the upper left of Fig. 6. Improvement can be expected by using a short shaping\ntime ampli\fer. Also, waveforms taken by the \rush ADC have the Z-direction information [33].\nTherefore, utilizing the waveform images in CNNs would be a good approach. Regarding the\nazimuth direction, it is adequate ",
        "page": 12,
        "link": "https://ui.adsabs.harvard.edu/link_gateway/2021PTEP.2021h3F01I/EPRINT_PDF",
        "title": "Development of convolutional neural networks for an electrontracking Compton camera"
    },
    "2021PTEP.2021h3F01I_page_12_chunk_3": {
        "text": "Also, waveforms taken by the \rush ADC have the Z-direction information [33].\nTherefore, utilizing the waveform images in CNNs would be a good approach. Regarding the\nazimuth direction, it is adequate to make the read-out pitch more acceptable and increase\n12/14",
        "page": 12,
        "link": "https://ui.adsabs.harvard.edu/link_gateway/2021PTEP.2021h3F01I/EPRINT_PDF",
        "title": "Development of convolutional neural networks for an electrontracking Compton camera"
    },
    "2021PTEP.2021h3F01I_page_13_chunk_1": {
        "text": "CNNTraditionalFig. 10 Reconstructed source images of137Cs set at zenith angles of 0, 30, 60, and 90\ndegrees for the experiment data. The top and bottom columns are the CNN and traditional\nmethods, respectively.\nthe track information using such as the three projections read-out system [34, 35]. We con-\n\frmed that the three-projections read-out system with 480 \u0016m pitch achieved 50 degrees of\nthe 3-D angular resolution from the simulation.\nIn this research, a network based on VGG was used as a demonstration. However, residual\nnetwork [19] (ResNet) is mainly used to realize a deeper layer in recent research. In the\nfuture, we will incorporate this technology to improve the neural network aspect.\n7. Conclusion\nWe designed two CNNs based on the VGG and U-Net models to predict the scattering\nposition and the electron-recoil direction from track images taken by ETCC. The angular\nresolution and scattering position resolution utilizing CNNs are obtained as 41 degrees and\n2.1 mm for 75 keV in sim",
        "page": 13,
        "link": "https://ui.adsabs.harvard.edu/link_gateway/2021PTEP.2021h3F01I/EPRINT_PDF",
        "title": "Development of convolutional neural networks for an electrontracking Compton camera"
    },
    "2021PTEP.2021h3F01I_page_13_chunk_2": {
        "text": "tion and the electron-recoil direction from track images taken by ETCC. The angular\nresolution and scattering position resolution utilizing CNNs are obtained as 41 degrees and\n2.1 mm for 75 keV in simulation data. As we adopted the CNN analysis to experimental\ncalibration data, the resulting PSF was improved by 32% compared with the traditional\nanalysis and achieved 15 degrees. The CNN analysis surpassed the traditional analysis, and\nsuch improved ETCC has the potential to reveal the MeV gamma-ray sky.\nAcknowledgment\nThis work was partly supported by JSPS (Japan Society for the promotion of Science)\nKAKENHI (Grant-in-Aids for Scienti\fc Research) (grant nos. 20K20428).\nReferences\n[1] S.M. Matz, G.H. Share, M.D. Leising, E.L. Chupp, W.T. Vestrandt, W.R. Purcell, M.S. Strickman,\nand C. Reppin, Nature, 331(6155), 416{418 (1988).\n[2] Diehl, R. et al., Astronomy & Astrophysics, 411(1), 451{455 (2003).\n[3] E. Churazov et al., The Astrophysical Journal, 812, 62 (2015).\n13/14",
        "page": 13,
        "link": "https://ui.adsabs.harvard.edu/link_gateway/2021PTEP.2021h3F01I/EPRINT_PDF",
        "title": "Development of convolutional neural networks for an electrontracking Compton camera"
    },
    "2021PTEP.2021h3F01I_page_13_chunk_3": {
        "text": ", Nature, 331(6155), 416{418 (1988).\n[2] Diehl, R. et al., Astronomy & Astrophysics, 411(1), 451{455 (2003).\n[3] E. Churazov et al., The Astrophysical Journal, 812, 62 (2015).\n13/14",
        "page": 13,
        "link": "https://ui.adsabs.harvard.edu/link_gateway/2021PTEP.2021h3F01I/EPRINT_PDF",
        "title": "Development of convolutional neural networks for an electrontracking Compton camera"
    },
    "2021PTEP.2021h3F01I_page_14_chunk_1": {
        "text": "[4] M. Chiaberge, A. Capetti, and A. Celotti, Monthly Notices of the Royal Astronomical Society, 324(4),\n33{37 (2001).\n[5] L. Ballo et al., The Astrophysical Journal, 567(1), 50 (2002).\n[6] M.S. Briggs et al., The Astrophysical Journal, 524(1), 82 (1999).\n[7] R.D. Preece, M.S. Briggs, R.S. Mallozzi, G.N. Pendleton, W.S. Paciesas, and D.L. Ban, The\nAstrophysical Journal, 126(1), 19{36 (2000).\n[8] W.R. Purcell et al., The Astrophysical Journal, 491(2), 725 (1997).\n[9] T. Siegert, R. Diehl, G. Khachatryan, M.G.H. Krause, F. Guglielmetti, J. Greiner, A.W. Strong, and\nX. Zhang, Astronomy & Astrophysics, 586, A84 (2016).\n[10] C.A. Kierans et al., The Astrophysical Journal, 895(1), 44 (2020).\n[11] Sch onfelder, V. et al., Astronomy and Astrophysics Supplement Series, 143(2), 145{179 (2000).\n[12] T. Tanimori et al., Scienti\fc Reports, 7(1), 41511 (2017).\n[13] V. Sch onfelder, New Astronomy Reviews, 48(1), 193{198 (2004).\n[14] T. Tanimori et al., The Astrophysical Journal, 810(1), 28 (2015).\n",
        "page": 14,
        "link": "https://ui.adsabs.harvard.edu/link_gateway/2021PTEP.2021h3F01I/EPRINT_PDF",
        "title": "Development of convolutional neural networks for an electrontracking Compton camera"
    },
    "2021PTEP.2021h3F01I_page_14_chunk_2": {
        "text": " T. Tanimori et al., Scienti\fc Reports, 7(1), 41511 (2017).\n[13] V. Sch onfelder, New Astronomy Reviews, 48(1), 193{198 (2004).\n[14] T. Tanimori et al., The Astrophysical Journal, 810(1), 28 (2015).\n[15] A. Takada et al., Nuclear Instruments and Methods in Physics Research Section A: Accelerators,\nSpectrometers, Detectors and Associated Equipment, 573(1), 195{199 (2007).\n[16] A. Krizhevsky, I. Sutskever, and G.E. Hinton, NIPS'12: Proceedings of the 25th International\nConference on Neural Information Processing Systems, 1, 1097{1105 (2012).\n[17] S. Karen and Z. Andrew (2015), arXiv:1409.1556.\n[18] C. Szegedy, W. Liu, Y. Jia, P. Sermanet, S. Reed, D. Anguelov, D. Erhan, V. Vanhoucke, and\nA. Rabinovich (2014), arXiv:1409.4842.\n[19] K. He, X. Zhang, S. Ren, and J. Sun, 2016 IEEE Conference on Computer Vision and Pattern\nRecognition (CVPR), pages 770{778 (2016).\n[20] O. Russakovsky et al. (2015), arXiv:1409.0575.\n[21] T. Kitaguchi et al., Nuclear Instruments and Methods in Physics Research",
        "page": 14,
        "link": "https://ui.adsabs.harvard.edu/link_gateway/2021PTEP.2021h3F01I/EPRINT_PDF",
        "title": "Development of convolutional neural networks for an electrontracking Compton camera"
    },
    "2021PTEP.2021h3F01I_page_14_chunk_3": {
        "text": " Computer Vision and Pattern\nRecognition (CVPR), pages 770{778 (2016).\n[20] O. Russakovsky et al. (2015), arXiv:1409.0575.\n[21] T. Kitaguchi et al., Nuclear Instruments and Methods in Physics Research Section A: Accelerators,\nSpectrometers, Detectors and Associated Equipment, 942, 162389 (2019).\n[22] M. Kekic et al., Journal of High Energy Physics, 2021 (1), 189 (2021).\n[23] T. Tanimori et al., J. Phys.: Conv. Ser., 1468 , 012046 (2020).\n[24] T. Mizumoto et al., Nuclear Instruments and Methods in Physics Research Section A: Accelerators,\nSpectrometers, Detectors and Associated Equipment, 800, 40{50 (2015).\n[25] M. Abadi et al. (2016), arXiv:1603.04467.\n[26] V. Nair and G. E. Hinton, ICML'10: Proceedings of the 27th International Conference on International\nConference on Machine Learning, pages 807{814 (2010).\n[27] E. Shelhamer, J. Long, and T. Darrell, IEEE Transactions on Pattern Analysis and Machine Intelligence,\n39(4), 640{651 (2017).\n[28] O. Ronneberger, P. Fischer, and T. Brox, Me",
        "page": 14,
        "link": "https://ui.adsabs.harvard.edu/link_gateway/2021PTEP.2021h3F01I/EPRINT_PDF",
        "title": "Development of convolutional neural networks for an electrontracking Compton camera"
    },
    "2021PTEP.2021h3F01I_page_14_chunk_4": {
        "text": "ages 807{814 (2010).\n[27] E. Shelhamer, J. Long, and T. Darrell, IEEE Transactions on Pattern Analysis and Machine Intelligence,\n39(4), 640{651 (2017).\n[28] O. Ronneberger, P. Fischer, and T. Brox, Medical Image Computing and Computer-Assisted Interven-\ntion (MICCAI), 9351 , 234{241 (2015).\n[29] S. Agostinelli et al., Nuclear Instruments and Methods in Physics Research Section A: Accelerators,\nSpectrometers, Detectors and Associated Equipment, 506(3), 250{303 (2003).\n[30] S.F. Biagi, Nuclear Instruments and Methods in Physics Research Section A: Accelerators, Spectrom-\neters, Detectors and Associated Equipment, 283(3), 716{722 (1989).\n[31] A. Takada et al., Journal of Instrumentation, 8(10), C10023{C10023 (2013).\n[32] F. Sauli, CERN-77-09 (2004).\n[33] J.B.R. Battat et al., Journal of Instrumentation, 11, P10019 (2016).\n[34] F. Sauli, T. Meinschad, L. Musa, and L. Ropelewski, IEEE Symposium Conference Record Nuclear\nScience 2004, 1, 12{15 (2004).\n[35] M. Diwan, M. Potekhin, V. Viren, X.",
        "page": 14,
        "link": "https://ui.adsabs.harvard.edu/link_gateway/2021PTEP.2021h3F01I/EPRINT_PDF",
        "title": "Development of convolutional neural networks for an electrontracking Compton camera"
    },
    "2021PTEP.2021h3F01I_page_14_chunk_5": {
        "text": "umentation, 11, P10019 (2016).\n[34] F. Sauli, T. Meinschad, L. Musa, and L. Ropelewski, IEEE Symposium Conference Record Nuclear\nScience 2004, 1, 12{15 (2004).\n[35] M. Diwan, M. Potekhin, V. Viren, X. Qian, and C. Zhang, Journal of Physics: Conference Series, 762,\n012033 (2016).\n14/14",
        "page": 14,
        "link": "https://ui.adsabs.harvard.edu/link_gateway/2021PTEP.2021h3F01I/EPRINT_PDF",
        "title": "Development of convolutional neural networks for an electrontracking Compton camera"
    }
}