{
    "2021PhRvD.104l3537S_page_1_chunk_1": {
        "text": "Gravitational Waves and Primordial Black Holes from\nSupersymmetric Hybrid Inﬂation\nVassilis C. Spanos and Ioanna D. Stamou\nNational and Kapodistrian University of Athens, Department of Physics,\nSection of Nuclear &Particle Physics, GR–15784 Athens, Greece\nAbstract\nWe study the eﬀect of supergravity corrections due to a linear and a squared term\nin the Kähler potential, in the context of a supersymmetric hybrid inﬂation model.\nBy appropriate choice of the parameters associated to these terms, we are able to\nsatisfy the main cosmological constraints for the spectral index nsand the tensor-\nto-scalar ratio r. In addition, this model predicts primordial black hole abundance\nenough to account for the whole dark matter of the Universe and gravitational wave\nspectra within the reach of future detection experiments. The predictions of the\nmodel can be made compatible to the NANOGrav reported signal, at the cost of\nsigniﬁcantly lower primordial black hole abundance.arXiv:2108.05671v2  [astro-ph",
        "page": 1,
        "link": "https://ui.adsabs.harvard.edu/link_gateway/2021PhRvD.104l3537S/EPRINT_PDF",
        "title": "Gravitational waves and primordial black holes from supersymmetric hybrid inflation"
    },
    "2021PhRvD.104l3537S_page_1_chunk_2": {
        "text": "ection experiments. The predictions of the\nmodel can be made compatible to the NANOGrav reported signal, at the cost of\nsigniﬁcantly lower primordial black hole abundance.arXiv:2108.05671v2  [astro-ph.CO]  13 Nov 2021",
        "page": 1,
        "link": "https://ui.adsabs.harvard.edu/link_gateway/2021PhRvD.104l3537S/EPRINT_PDF",
        "title": "Gravitational waves and primordial black holes from supersymmetric hybrid inflation"
    },
    "2021PhRvD.104l3537S_page_2_chunk_1": {
        "text": "1 Introduction\nAn important milestone in Cosmology was the detection of Gravitational Waves (GWs) by\nLIGOandVirgocollaborations[1–3]. Thedetectionofsuchsignals, relatedtothemerging\nof black holes or neutron stars, triggered numerous studies, exploring the possibility that\nthe primordial black holes (PBHs) constitute a signiﬁcant part or the whole of the Dark\nMatter (DM) of the Universe. In addition, recently, it was reported strong evidence for\nstochastic common-spectrum process by the NANOGrav collaboration [4–6]. Needless\nto say, that analogous and more precise detection signals for GWs are expected from\nfuturespace-basedGWinterferometerssuchasLISA,BBO,DECIGO,SKAandTianquin,\n[7–12].\nAs a result, many theoretical studies have appeared in the literature [13–40], which\nexplain the production of PBH as a fraction of DM of the Universe. This PBH production\nduring the radiation dominance epoch, can be associated to a signiﬁcant enhancement of\nthe scalar power spectrum. Many of these models",
        "page": 2,
        "link": "https://ui.adsabs.harvard.edu/link_gateway/2021PhRvD.104l3537S/EPRINT_PDF",
        "title": "Gravitational waves and primordial black holes from supersymmetric hybrid inflation"
    },
    "2021PhRvD.104l3537S_page_2_chunk_2": {
        "text": "n of PBH as a fraction of DM of the Universe. This PBH production\nduring the radiation dominance epoch, can be associated to a signiﬁcant enhancement of\nthe scalar power spectrum. Many of these models are based on single ﬁeld inﬂation and\nespecially on models with a near inﬂection point in the eﬀective scalar potential [13–22].\nThe required enhancement factor of the power spectrum is calculated to be seven order of\nmagnitudes [13–22]. A severe drawback of these models, is the high level of the necessary\nﬁne-tuning, in order to achieve such a big ampliﬁcation of the power spectrum. For this\nreason, alternative methods have been proposed to alleviate the issue of the ﬁne-tuning,\nfor example the multi-ﬁeld inﬂation models [25–30] or models with a step behavior in the\neﬀective scalar potential [23,24,41,42].\nInthispaperwefollowadiﬀerentavenueinordertoexplainthegenerationofGWsand\ntheproductionofPBHs. Speciﬁcally, westudythecaseofahybridinﬂationmodel[43,44],\nincluding supergravity (SUGRA) co",
        "page": 2,
        "link": "https://ui.adsabs.harvard.edu/link_gateway/2021PhRvD.104l3537S/EPRINT_PDF",
        "title": "Gravitational waves and primordial black holes from supersymmetric hybrid inflation"
    },
    "2021PhRvD.104l3537S_page_2_chunk_3": {
        "text": " [23,24,41,42].\nInthispaperwefollowadiﬀerentavenueinordertoexplainthegenerationofGWsand\ntheproductionofPBHs. Speciﬁcally, westudythecaseofahybridinﬂationmodel[43,44],\nincluding supergravity (SUGRA) corrections. The main advantage of the hybrid models,\nis that the required ﬁne-tuning is signiﬁcantly smaller than in models where the PBHs are\nproduced due to an inﬂection point in the scalar potential. The characteristic feature of\na hybrid model, is that the minimum of the scalar eﬀective potential corresponds to the\nfalse vacuum with non-vanishing energy density [43,45]. This false vacuum dominates and\nbecomes unstable, when the inﬂaton ﬁeld acquires a critical value [45]. Needless to say,\nthat the inﬂationary predictions from the hybrid false vacuum models are quite diﬀerent\nthan the true vacuum models. Speciﬁcally, in the true vacuum models inﬂation ends with\noscillations in the minimum of the potential, which designate the reheating. Moreover,\nit appears that the inﬂation scale in tru",
        "page": 2,
        "link": "https://ui.adsabs.harvard.edu/link_gateway/2021PhRvD.104l3537S/EPRINT_PDF",
        "title": "Gravitational waves and primordial black holes from supersymmetric hybrid inflation"
    },
    "2021PhRvD.104l3537S_page_2_chunk_4": {
        "text": "acuum models. Speciﬁcally, in the true vacuum models inﬂation ends with\noscillations in the minimum of the potential, which designate the reheating. Moreover,\nit appears that the inﬂation scale in true vacuum models diﬀers from this in the false\nvacuum. In particular, in the false vacuum models inﬂation occurs far below the Planck\nscale, therefore they are similar to the embedded SUGRA models [45]. On the contrary,\nthe inﬂation scale in the true vacuum models is predicted to be usually high.\nThe main drawback of hybrid inﬂationary models was their prediction for the spectral\nindexns&1[45–47], value excluded by the Planck data [48,49]. In [50,51] introduced\none-loop radiative corrections in order to achieve a reduction to ns, although during the\n1",
        "page": 2,
        "link": "https://ui.adsabs.harvard.edu/link_gateway/2021PhRvD.104l3537S/EPRINT_PDF",
        "title": "Gravitational waves and primordial black holes from supersymmetric hybrid inflation"
    },
    "2021PhRvD.104l3537S_page_3_chunk_1": {
        "text": "last years alternative methods have been proposed [52–65]. Speciﬁcally, in the context\nof no-scale SUGRA hybrid models, a reduced value for nscan be predicted [66–68]. In\nthe context of hybrid models the production of PBHs has already be studied [69–72], also\nwith small values for ns. This PBH production obtained by an appropriate enhancement\nof the power spectrum of the scalar perturbations. In addition, the production of GWs\ncan be obtained by this enhancement [73–81].\nIn thiswork we presenta pure hybrid model, where weachievecosmologically accepted\nvalues forns<1:0due to SUGRA corrections. These corrections are related to a linear\nand a squared term, added in the Kähler potential. The enhancement of the power\nspectrum in hybrid models, such as shown in Ref. [70], occurs during the mild waterfall\nphase. Speciﬁcally, thesemodelsarebasedonatwo-ﬁeldinﬂationscenario, whereoneﬁeld\nacquires tachyonic solution in the critical point and the other, which plays the role of the\ninﬂaton, becomes",
        "page": 3,
        "link": "https://ui.adsabs.harvard.edu/link_gateway/2021PhRvD.104l3537S/EPRINT_PDF",
        "title": "Gravitational waves and primordial black holes from supersymmetric hybrid inflation"
    },
    "2021PhRvD.104l3537S_page_3_chunk_2": {
        "text": "waterfall\nphase. Speciﬁcally, thesemodelsarebasedonatwo-ﬁeldinﬂationscenario, whereoneﬁeld\nacquires tachyonic solution in the critical point and the other, which plays the role of the\ninﬂaton, becomes unstable. Thus, the analysis of the background dynamics is decomposed\nin two phases: a slow-roll phase until the critical point and a second waterfall phase till\nthe end of the inﬂation. The evaluation of the inﬂationary observables during these phases\nhas been performed analytically in the slow-roll approximation [70,82]. For comparison\nwe have performed also a numerical solution of the background equations as well as the\nperturbations.\nIn the context of our model we have chose two representative sets of parameters for the\nextra Kähler terms. In any case we are able to satisfy the main cosmological constraints\nfor the spectral index nsand the tensor-to-scalar ratio r. Moreover, this model predicts\nPBH abundance enough to account for the total DM of the Universe and GW spectra that\ncan be",
        "page": 3,
        "link": "https://ui.adsabs.harvard.edu/link_gateway/2021PhRvD.104l3537S/EPRINT_PDF",
        "title": "Gravitational waves and primordial black holes from supersymmetric hybrid inflation"
    },
    "2021PhRvD.104l3537S_page_3_chunk_3": {
        "text": "logical constraints\nfor the spectral index nsand the tensor-to-scalar ratio r. Moreover, this model predicts\nPBH abundance enough to account for the total DM of the Universe and GW spectra that\ncan be detected in the future experiments like LISA, DELIGO etc. With an appropriate\nchoiceoftheparameters, theGWspectrumcanbemadecompatibletoNANOGravsignal,\nbut in this case the PBH abundance is much smaller, due to the SUBARU constraints.\nThe layout of the paper is as follows: In Section 2 we introduce the hybrid model with\nthe SUGRA correction as discussed before, in order to derive acceptable values for the\nspectral index nsand the tensor-to-scalar ratio r. In Section 3 we present the background\ndynamicsofthewaterfallaswellastheperturbationoftheﬁelds. Wecalculateanalytically\nthe scalar power spectrum based on the slow-roll approximation and for comparison we\nevaluate also the spectrum using a numerical solution. In Section 4 we evaluate the energy\ndensity of the GWs and we show that the mode",
        "page": 3,
        "link": "https://ui.adsabs.harvard.edu/link_gateway/2021PhRvD.104l3537S/EPRINT_PDF",
        "title": "Gravitational waves and primordial black holes from supersymmetric hybrid inflation"
    },
    "2021PhRvD.104l3537S_page_3_chunk_4": {
        "text": "ctrum based on the slow-roll approximation and for comparison we\nevaluate also the spectrum using a numerical solution. In Section 4 we evaluate the energy\ndensity of the GWs and we show that the model yields detectable spectra for the future\nexperiments, like LISA, but also can explain the reported signal from the NANOGrav\ncollaboration. In Section 5 we evaluate the fractional abundance of PBHs, which for\na particular choice of the parameters, can account for the whole DM of the Universe.\nFurthermore, in Section 6 we estimate the amount of the required ﬁne-tuning and we\npresent our concluding remarks.\n2",
        "page": 3,
        "link": "https://ui.adsabs.harvard.edu/link_gateway/2021PhRvD.104l3537S/EPRINT_PDF",
        "title": "Gravitational waves and primordial black holes from supersymmetric hybrid inflation"
    },
    "2021PhRvD.104l3537S_page_4_chunk_1": {
        "text": "2 The Hybrid Model\nThe hybrid model [43,45,50] results from the globally supersymmetric renormalizable\nsuperpotential\nW=\u0014S(\t1\t2\u0000m2); (2.1)\nwhere \t1;\t2are chiral superﬁelds, the scalar component of the superﬁeld, Sis the gauge\nsinglet inﬂaton ﬁeld, \u0014is a dimensionless coupling constant and mis a mass. It is\nimportant to notice that this superpotential is symmetric under R-symmetry1, or in other\nwords, transformations of the ﬁeld such as X!ei!Xlead to the transformation of the\nsuperpotential W!ei!W. This symmetry removes the undesirable self-couplings of the\ninﬂaton ﬁeld S, and it is the only symmetry which treats the false vacuum in a natural\nway [50].\nThe scalar potential in SUSY is given from the following expression\nVSUSY\nF =X\ni\f\f\f\f@W\n@Fi\f\f\f\f2\n(2.2)\nwhereFiindicates the superﬁelds: \t1;\t2andS. In the case of superpotential (2.1), one\ngets we have:\nVSUSY\nF =\f\f\u0014(\t1\t2\u0000m2)\f\f2+j\u0014S\t1j2+j\u0014S\t2j2(2.3)\nWe consider the following form of the Kähler potential:\nK=S\u0016S+ \t 1\u0016\t1+ \t 2\u0016\t2 (2.4)\nFor the c",
        "page": 4,
        "link": "https://ui.adsabs.harvard.edu/link_gateway/2021PhRvD.104l3537S/EPRINT_PDF",
        "title": "Gravitational waves and primordial black holes from supersymmetric hybrid inflation"
    },
    "2021PhRvD.104l3537S_page_4_chunk_2": {
        "text": "andS. In the case of superpotential (2.1), one\ngets we have:\nVSUSY\nF =\f\f\u0014(\t1\t2\u0000m2)\f\f2+j\u0014S\t1j2+j\u0014S\t2j2(2.3)\nWe consider the following form of the Kähler potential:\nK=S\u0016S+ \t 1\u0016\t1+ \t 2\u0016\t2 (2.4)\nFor the choice of Eq. (2.4) we have the following Kähler metric\nKi\u0016j=@2K\n@Fi@F\u0016j=0\n@1 0 0\n0 1 0\n0 0 11\nA: (2.5)\nSo the kinetic term of the Langrangian is given\nLkin=Ki\u0016j@\u0016Fi@\u0016F\u0016j(2.6)\nHence the scalar potential is given from\nVSUSY\nF = \u0003\"\u0012\n1\u0000 2\nM2\u00132\n+2\u001e2 2\nM4#\n; (2.7)\nwhere we have assumed \u0003 =\u00142m4andM2\u00112m2. In order to ﬁx the non-canonical\nkinetic term we have jSj=\u001e=p\n2andj\t1j=j\t2j= =p\n2[45,56]. The potential is ﬂat\n1For the charges of the superﬁelds in the global R-symmetry we consider that the ﬁeld ShasU(1)R\nequals to 1 and the ﬁelds \t1;\t2hasU(1)Requals to 0 [56].\n3",
        "page": 4,
        "link": "https://ui.adsabs.harvard.edu/link_gateway/2021PhRvD.104l3537S/EPRINT_PDF",
        "title": "Gravitational waves and primordial black holes from supersymmetric hybrid inflation"
    },
    "2021PhRvD.104l3537S_page_5_chunk_1": {
        "text": "along the direction  = 0,j\u001ej>j\u001ecj=mp\n2and is given by a constant value for the\nenergy density V=\u00142m4. One the other hand, the ﬁeld  develops tachyonic solutions if\n\u00142(\u00002m2+\u001e2+ 3 2)<0; (2.8)\nAlong the ﬂat direction this condition becomes,\n\u001e2<\u001e2\nc= 2m2\u0011M2; (2.9)\nwhere\u001ecis the critical value of the ﬁeld \u001e, after which this ﬁeld  becomes tachyonic.\nThe main phenomenological issue of this model is that the predicted spectral index, ns, is\nalmost equal to unity, value rejected by the Planck data [48]. It has been proposed that\nincorporating the one-loop radiative corrections, leads to a red spectral index [50].\nHowever, there is an alternative way to ﬁx this problematic feature. By incorporating\nSUGRA corrections, one maintains the basic characteristics of the model, such as the\nwaterfall behavior or the false vacuum inﬂation, and predicts ns.1. Speciﬁcally we\nconsider a Kähler potential like\nK=S\u0016S+b1(S+\u0016S) +b2(S+\u0016S)2+ \t 1\u0016\t1+ \t 2\u0016\t2 (2.10)\nwhereb1is a dimensionful parameter with mass dimens",
        "page": 5,
        "link": "https://ui.adsabs.harvard.edu/link_gateway/2021PhRvD.104l3537S/EPRINT_PDF",
        "title": "Gravitational waves and primordial black holes from supersymmetric hybrid inflation"
    },
    "2021PhRvD.104l3537S_page_5_chunk_2": {
        "text": "or or the false vacuum inﬂation, and predicts ns.1. Speciﬁcally we\nconsider a Kähler potential like\nK=S\u0016S+b1(S+\u0016S) +b2(S+\u0016S)2+ \t 1\u0016\t1+ \t 2\u0016\t2 (2.10)\nwhereb1is a dimensionful parameter with mass dimensions and b2is dimensionless. As\nfor the origin of these parameters here we will remain agnostic, but their role and their\nphenomenologicallypreferredvalueswillbediscussedinthefollowing. ThisformofKähler\npotential is similar to Eq. (2.4) plus a shift-symmetric term [83].\nWe calculate the F-term of the scalar potential using its general form is SUGRA\nmodels [84]\nVSUGRA\nF =eK=M P2\u0014\u0000\nK\u00001\u0001i\n\u0016j\u0012\nW\u0016j+WK\u0016j\nMP2\u0013\u0012\n\u0016Wi+\u0016WKi\nMP2\u0013\n\u00003jWj2\nMP2\u0015\n;(2.11)\nwhere (K\u00001)i\n\u0016jis the inverse Kähler metric, Ki=@K\n@FiandWi=@W\n@Fi.MPis the reduced\nPlanck mass2. The indices i;jin this equation and thereafter, run over the chiral super-\nﬁeldsS,\t1and\t2and with bar we denote the conjugate pair of each superﬁeld. For\nthe superpotential, we use the (2.1). In order to calculate the corrections in the eﬀective\nscalar potenti",
        "page": 5,
        "link": "https://ui.adsabs.harvard.edu/link_gateway/2021PhRvD.104l3537S/EPRINT_PDF",
        "title": "Gravitational waves and primordial black holes from supersymmetric hybrid inflation"
    },
    "2021PhRvD.104l3537S_page_5_chunk_3": {
        "text": " chiral super-\nﬁeldsS,\t1and\t2and with bar we denote the conjugate pair of each superﬁeld. For\nthe superpotential, we use the (2.1). In order to calculate the corrections in the eﬀective\nscalar potential we expand the exponential in Eq. (2.11) as\neK=M2\nP= 1 +K\nM2\nP+K2\n2M4\nP+O\u00121\nM6\nP\u0013\n: (2.12)\nThe Kähler metric for the Kähler potential (2.10) takes the form\nKi\u0016j=0\n@1 + 2b20 0\n0 1 0\n0 0 11\nA: (2.13)\n2In the following we keep MPas dimensionful parameter, in order to clarify the SUGRA limiting\nbehavior.\n4",
        "page": 5,
        "link": "https://ui.adsabs.harvard.edu/link_gateway/2021PhRvD.104l3537S/EPRINT_PDF",
        "title": "Gravitational waves and primordial black holes from supersymmetric hybrid inflation"
    },
    "2021PhRvD.104l3537S_page_6_chunk_1": {
        "text": "Figure 1: The quantity ln\u0000V\n\u0003\u0001\n, using Eq. (2.16) with b1= 3:506\u000210\u00004MP,b2=\n\u00003:5\u000210\u00003andm= 0:05MP. The ﬁelds \u001eand are measured in MPunits. The black\nbullet denotes the position of the critical point.\nUsing in (2.11), the Eqs. (2.1), (2.10), (2.12) and (2.13), the scalar potential reads as\nVSUGRA\nF =\u00142(M4\u00002M2 2+ 2 2\u001e2+ 4)\n4 + 8b2+A1\nM2\nP+A2\nM4\nP+O\u00121\nM6\nP\u0013\n;(2.14)\nwhere we have assumed that j\t1j=j\t2j= =p\n2, as before. For the superﬁeld S, we\nneed to ﬁx the non-canonical kinetic term by considering the Kähler metric in Eq. (2.13).\nHence we have considered the following redeﬁnition of the ﬁeld\nS=\u001ep2 + 4b2: (2.15)\nTheA1;2are functions of M;\u001e; with mass dimensions 6 and 8, respectively. Detailed\nexpression for these can be found in Appendix A in Eqs. (A.7) and (A.8). One can notice\nthat the ﬁrst term in (2.14) is VSUSY\nF=(1 + 2b2). In the limit MP!1andb2!0\napparently one derives the SUSY potential as in Eq. (2.7). Therefore, the total eﬀective\nscalar potential is\nV\u0011VSUGRA\nF = \u0003\"\u0012\n1\u0000 2\nM2\u00132\n+",
        "page": 6,
        "link": "https://ui.adsabs.harvard.edu/link_gateway/2021PhRvD.104l3537S/EPRINT_PDF",
        "title": "Gravitational waves and primordial black holes from supersymmetric hybrid inflation"
    },
    "2021PhRvD.104l3537S_page_6_chunk_2": {
        "text": " term in (2.14) is VSUSY\nF=(1 + 2b2). In the limit MP!1andb2!0\napparently one derives the SUSY potential as in Eq. (2.7). Therefore, the total eﬀective\nscalar potential is\nV\u0011VSUGRA\nF = \u0003\"\u0012\n1\u0000 2\nM2\u00132\n+2\u001e2 2\nM4+~Vcorrection\nF#\n; (2.16)\nwhereVcorrection\nF =VSUGRA\nF\u0000VSUSY\nFfromEqs.(2.7)and(2.14)and ~Vcorrection\nF =Vcorrection\nF=\u0003.\nIf we expand this expression around the critical value of \u001ewe derive [70,85]\n~Vcorrection\nF =a0+a1(\u001e\u0000\u001ec) +a2(\u001e\u0000\u001ec)2+a3(\u001e\u0000\u001ec)3+a4(\u001e\u0000\u001ec)4:(2.17)\nIn this expansion, terms up to a2are related to A1in (2.14), where these up to a4are\nrelated to A2. The numerical calculation reveals that the terms which appear in (2.14),\nsuﬃce to approximate the VSUGRA\nFin (2.11). More details can be found in the Appendix.\n5",
        "page": 6,
        "link": "https://ui.adsabs.harvard.edu/link_gateway/2021PhRvD.104l3537S/EPRINT_PDF",
        "title": "Gravitational waves and primordial black holes from supersymmetric hybrid inflation"
    },
    "2021PhRvD.104l3537S_page_7_chunk_1": {
        "text": "In Fig. 1 we present the eﬀective scalar potential in Eq. (2.16). As one can notice, the\ninﬂaton ﬁeld moves through the valley until it reaches the critical point. After that the\nother ﬁeld, which is called waterfall, acquires tachyonic solution and the inﬂaton moves\nthrough the waterfall. Finally, the inﬂation ends in false vacuum. We can show that the\nprediction of the nsin this model is indeed compatible with the Planck cosmological data.\nIn the slow-roll limit it is known that\nns= 1 + 2\u0011V\u00006\u000fV; (2.18)\nwith\n\"V=M2\nP\n2\u0012V0\nV\u00132\n; \u0011V=M2\nPV00\nV: (2.19)\nPrime denotes derivation with respect to the ﬁelds. It is worth noting that in this model\nwe getns= 0:965, consistent with the current data. For the tensor-to-scalar ratio we use\nthe corresponding slow-roll expression\nr= 16\"V: (2.20)\nDetailed phenomenological analysis delineating values for b1;2compatible with the exper-\nimental constraints for nsandrwill be discussed in the following section.\n3 BackgroundDynamicsAndPerturbationsAlongThe\nWat",
        "page": 7,
        "link": "https://ui.adsabs.harvard.edu/link_gateway/2021PhRvD.104l3537S/EPRINT_PDF",
        "title": "Gravitational waves and primordial black holes from supersymmetric hybrid inflation"
    },
    "2021PhRvD.104l3537S_page_7_chunk_2": {
        "text": "enomenological analysis delineating values for b1;2compatible with the exper-\nimental constraints for nsandrwill be discussed in the following section.\n3 BackgroundDynamicsAndPerturbationsAlongThe\nWaterfall\nIn the hybrid inﬂation models two scalar ﬁelds are required: the inﬂaton ﬁeld \u001eand the\nwaterfall ﬁeld  . The ﬁeld  becomes tachyonic at some critical value \u001e=\u001ec, where its\nmass squared gets negative values. In this section we discuss the background dynamics\nfor both\u001eand ﬁelds. In addition, we present the evaluation of scalar power spectrum\nwith analytical and numerical tools, adopting methods from Refs [70,82].\nModelM(MP)b1(10\u00004MP)b2(10\u00003)\u0003(10\u000020M4\nP)nsr\nset 1 0:05 3:506\u00003:5 4:9 0:9651 1:55\u000210\u000012\nset 2 0:10 8:918\u00005:0 140 0:9684 1:54\u000210\u000010\nTable 1: The prediction for the spectral index nsand ratio tensor-to-scalar rfor two\nrepresentative sets of the parameters b1;2.\nFirst we calculate the evolution of the ﬁelds with respect to the cosmic time, as\ndescribed from the potential (2.16). ",
        "page": 7,
        "link": "https://ui.adsabs.harvard.edu/link_gateway/2021PhRvD.104l3537S/EPRINT_PDF",
        "title": "Gravitational waves and primordial black holes from supersymmetric hybrid inflation"
    },
    "2021PhRvD.104l3537S_page_7_chunk_3": {
        "text": "sand ratio tensor-to-scalar rfor two\nrepresentative sets of the parameters b1;2.\nFirst we calculate the evolution of the ﬁelds with respect to the cosmic time, as\ndescribed from the potential (2.16). Consequently, we evaluate the spectral index ns\nand the tensor-to-scalar ratio rusing the Eqs. (2.18) and (2.20), respectively. Our results\nfor two sets for the parametres b1;2are shown in Table 13. We notice that the additional\n3The numerical value of the parameter \u0003is ﬁxed by the requirement PR= 2:1\u000210\u00009at the CMB\nscale.\n6",
        "page": 7,
        "link": "https://ui.adsabs.harvard.edu/link_gateway/2021PhRvD.104l3537S/EPRINT_PDF",
        "title": "Gravitational waves and primordial black holes from supersymmetric hybrid inflation"
    },
    "2021PhRvD.104l3537S_page_8_chunk_1": {
        "text": " 0 0.02 0.04 0.06 0.08 0.1 0.12 0.14\n 0.94  0.95  0.96  0.97  0.98  0.99  1r\nnsFigure 2: The predictions of our models for nsandrplotted against the Planck 2018\nconstraints [48]. Triangle corresponds to set 1 and bullet to set 2, as given in Table 1.\nterms, that depend on b1;2are found to be numerically at least three orders of magnitude\nsmaller than the dominant M-term. On the other hand, their presence is important\nin order to satisfy the cosmological constraints. This can be understood, because the\nsubdominant terms contribute in the derivatives of the potential Vand through these to\nns. In Fig. 2 we plot these predictions for the observables nsandralong with the current\nallowed regions by the Planck 2018 collaboration [48].\nThe background dynamics is described by the Friedmann-Lemaître equation\nH2=1\n3M2\nP\u0010_\u001e2\n2+_ 2\n2+V(\u001e; )\u0011\n(3.1)\nand the Klein-Gordon equations\n\u001e+ 3H_\u001e+@V\n@\u001e= 0\n + 3H_ +@V\n@ = 0;(3.2)\nwhere the dots denote diﬀerentiation with respect to cosmic time. In Fig. 3 we d",
        "page": 8,
        "link": "https://ui.adsabs.harvard.edu/link_gateway/2021PhRvD.104l3537S/EPRINT_PDF",
        "title": "Gravitational waves and primordial black holes from supersymmetric hybrid inflation"
    },
    "2021PhRvD.104l3537S_page_8_chunk_2": {
        "text": " equation\nH2=1\n3M2\nP\u0010_\u001e2\n2+_ 2\n2+V(\u001e; )\u0011\n(3.1)\nand the Klein-Gordon equations\n\u001e+ 3H_\u001e+@V\n@\u001e= 0\n + 3H_ +@V\n@ = 0;(3.2)\nwhere the dots denote diﬀerentiation with respect to cosmic time. In Fig. 3 we display\nthe full solution of the (3.2) for the ﬁelds \u001eand . As initial conditions for the solution\nwe assume those of the critical point. Speciﬁcally, we assume \u001eic=\u001ec= 0:05MPand\n ic= 1:3\u000210\u000010MPand we calculate the background equations until the end of inﬂation,\nor equivalently until the parameter \"=\u0000_H=H2reaches the value 1.\nThe potential, we proposed in Eq. (2.16), gives signiﬁcant enhancement in the power\nspectrum, almostbysevenorderofmagnitude, duetothewaterfallbehavior, asithasbeen\npointed out in [70]. In the following we present the analytical calculation of the power\nspectrum based on the slow-roll approximation and for comparison the corresponding\nnumerical result based on the integration of curvature perturbations of the ﬁelds.\n7",
        "page": 8,
        "link": "https://ui.adsabs.harvard.edu/link_gateway/2021PhRvD.104l3537S/EPRINT_PDF",
        "title": "Gravitational waves and primordial black holes from supersymmetric hybrid inflation"
    },
    "2021PhRvD.104l3537S_page_8_chunk_3": {
        "text": "he slow-roll approximation and for comparison the corresponding\nnumerical result based on the integration of curvature perturbations of the ﬁelds.\n7",
        "page": 8,
        "link": "https://ui.adsabs.harvard.edu/link_gateway/2021PhRvD.104l3537S/EPRINT_PDF",
        "title": "Gravitational waves and primordial black holes from supersymmetric hybrid inflation"
    },
    "2021PhRvD.104l3537S_page_9_chunk_1": {
        "text": "Figure 3: The ﬁelds \u001e, as functions of the number of e-folds NinMPunits, starting\nfrom the critical point. We evaluate them solving the full background Eqs. (3.2) using\nthe scalar potential (2.16).\n3.1 The slow-roll approximation\nThe equations of motion (3.2) can be solved numerically. However, it is possible to derive\nanalytical solutions by considering the usual slow-roll approximation [70,82,86]. In this\nsubsection we derive the analytical solution and we use these results in order to evaluate\nthe scalar power spectrum [70].\nThe equations of motion in slow-roll approximation, ignoring the seconds derivatives\nin (3.2), are\n3H_\u001e=\u0000@V\n@\u001e\n3H_ =\u0000@V\n@ (3.3)\nand the Friedmann-Lemaître equation is\nH2=\u0003\n3M2\nP: (3.4)\nWe consider the potential as in Eq. (2.16) with the SUGRA corrections cas in Eq. (2.17).\nExpanding the ﬁeld \u001ein a Taylor series around the critical point, the potential takes the\nform\nV= \u0003\"\u0012\n1\u0000 2\nM2\u00132\n+2\u001e2 2\nM4+a0+a1(\u001e\u0000\u001ec) +a2(\u001e\u0000\u001ec)2+a3(\u001e\u0000\u001ec)3+a4(\u001e\u0000\u001ec)4#\n;\n(3.5)\nwherea0= 0:0070736",
        "page": 9,
        "link": "https://ui.adsabs.harvard.edu/link_gateway/2021PhRvD.104l3537S/EPRINT_PDF",
        "title": "Gravitational waves and primordial black holes from supersymmetric hybrid inflation"
    },
    "2021PhRvD.104l3537S_page_9_chunk_2": {
        "text": "(2.17).\nExpanding the ﬁeld \u001ein a Taylor series around the critical point, the potential takes the\nform\nV= \u0003\"\u0012\n1\u0000 2\nM2\u00132\n+2\u001e2 2\nM4+a0+a1(\u001e\u0000\u001ec) +a2(\u001e\u0000\u001ec)2+a3(\u001e\u0000\u001ec)3+a4(\u001e\u0000\u001ec)4#\n;\n(3.5)\nwherea0= 0:00707364 ,a1= 4:331\u000210\u00007M\u00001\nP,a2=\u00000:0088M\u00002\nP,a3= 0:0242M\u00003\nP\nanda4= 0:118M\u00004\nP. These values correspond to the parameters M= 0:05MP,b1=\n3:506\u000210\u00004MPandb2=\u00003:5\u000210\u00003, as in the set 1.\n8",
        "page": 9,
        "link": "https://ui.adsabs.harvard.edu/link_gateway/2021PhRvD.104l3537S/EPRINT_PDF",
        "title": "Gravitational waves and primordial black holes from supersymmetric hybrid inflation"
    },
    "2021PhRvD.104l3537S_page_10_chunk_1": {
        "text": "Evaluating the potential derivatives, the equations of motion read as\n3H_\u001e=\u0000\u0003a1\u0012\n1 +4 2\u001e\nM4a1\u0013\n(3.6)\n3H_ =\u00004 \u0003\nM2\u0012\u001e2\u0000M2\nM2+ 2\nM2\u0013\n: (3.7)\nIn order to solve analytically these equations, we follow the standard procedure to divide\nthe inﬂationary period into three phases [70,82,86]. In the so-called phase 0, we neglect\nthesecondtermofrhsofEq.(3.6)andtheﬁrsttermofrhsofEq.(3.7). Consequentlyinthe\nphase 1 the ﬁrst term of rhs of Eq.(3.6) as well as the ﬁrst term of Eq.(3.7) are dominant.\nFinally in the phase 2 the dominant terms are the second term of rhs of Eq.(3.6) and the\nﬁrst term of rhs of Eq.(3.7). We omit the terms proportional to a2,a3anda4in Eq. (3.6)\nbecause in phases 0 and 1 \u001evaries quite slowly with respect to \u001ec. Moreover, in phase 2\nthis term does not contribute. As it is shown in Refs. [82,86], the duration of the phase\n0 is small. Therefore, we consider only phases 1 and 2.\nFor convenience we introduce two new variable \u0018;\u001f, which are related to \u001e; as:\n\u001e=\u001ece\u0018\n = 0e\u001f:(3.8)\nDur",
        "page": 10,
        "link": "https://ui.adsabs.harvard.edu/link_gateway/2021PhRvD.104l3537S/EPRINT_PDF",
        "title": "Gravitational waves and primordial black holes from supersymmetric hybrid inflation"
    },
    "2021PhRvD.104l3537S_page_10_chunk_2": {
        "text": " Refs. [82,86], the duration of the phase\n0 is small. Therefore, we consider only phases 1 and 2.\nFor convenience we introduce two new variable \u0018;\u001f, which are related to \u001e; as:\n\u001e=\u001ece\u0018\n = 0e\u001f:(3.8)\nDuring the waterfall, as long as the slow-roll approximation is valid ( j\u001fj\u001c1), we use the\napproximation \u001e'\u001ec(1 +\u0018). Moreover, in Eq. (2.9), we assume that the value of the\ncritical point is \u001ec=M.\nThe equations of motion (3.6) and (3.7) during the two phases, phase 1 and phase 2\nget the form\n•Phase 1:\n3H_\u0018=\u0000\u0003a1\nM;\n3H_\u001f=\u00004\u0003\nM2(2\u0018);(3.9)\n•Phase 2:\n3H_\u0018=\u0000\u0003\u00124 2\nM4\u0013\n;\n3H_\u001f=\u00004\u0003\nM2(2\u0018):(3.10)\nThus, the ﬁeld trajectory through the phase 1, is governed by Eqs.(3.9):d\u0018\nd\u001f4\nM2(2\u0018) =\na1\nM, so2\u0018d\u0018=Ma1\n4d\u001fwith solution\n\u00182=Ma 1\n4\u001f: (3.11)\n9",
        "page": 10,
        "link": "https://ui.adsabs.harvard.edu/link_gateway/2021PhRvD.104l3537S/EPRINT_PDF",
        "title": "Gravitational waves and primordial black holes from supersymmetric hybrid inflation"
    },
    "2021PhRvD.104l3537S_page_11_chunk_1": {
        "text": "The number ofe-folds during phase 1 of inﬂation can be evaluated from Eqs. (3.9). Hence,\none gets\nN1(\u0018) =\u0000\u0018M\na1M2\nP: (3.12)\nAssuming that there is exact match between phase 1 and 2, we get for the ﬁeld \u001f\n\u001f2= ln\u0010M3=2pa1\n2 0\u0011\n: (3.13)\nHence from the second equation of (3.9), we derive:\nN1=\u001f1=2\n2M3=2\n2M2\nppa1; (3.14)\nwhich gives the total number of e-folds during phase 1. This number of e-folds is valid, if\n\u001f2>m2a1=8[82].\nAs for the phase 2 the solution of (3.10) is\n\u00182=\u00182\n2+Ma 1\n4(e2(\u001f\u0000\u001f2)\u00001) (3.15)\nand from Eq. (3.11)\n\u00182=\u0000pa1\u001f2M\n2; (3.16)\nwhere we match the phase 1 with phase 2. The total number of efolds during phase 2 is\ngiven to a good approximation by [70,82,86]:\nN2=M\u001ec1=2\n4M2\nPa1=2\n1x1=2\n2: (3.17)\nFor the evaluation of the scalar power spectrum we have in the \u000eNformalism [86–88]:\nPR=H2\n4\u00192\u0010\nN2\n; +N2\n;\u001e\u0011\n; (3.18)\nwhereN;\u001e=N1;\u001e+N2;\u001eandN; =N1; +N2; are the partial derivatives with respect\nto ﬁelds and\u001e. The subscripts 1;2denote the phases 1 and 2 respectively. It has been\nshown [86] th",
        "page": 11,
        "link": "https://ui.adsabs.harvard.edu/link_gateway/2021PhRvD.104l3537S/EPRINT_PDF",
        "title": "Gravitational waves and primordial black holes from supersymmetric hybrid inflation"
    },
    "2021PhRvD.104l3537S_page_11_chunk_2": {
        "text": "4\u00192\u0010\nN2\n; +N2\n;\u001e\u0011\n; (3.18)\nwhereN;\u001e=N1;\u001e+N2;\u001eandN; =N1; +N2; are the partial derivatives with respect\nto ﬁelds and\u001e. The subscripts 1;2denote the phases 1 and 2 respectively. It has been\nshown [86] that the partial derivatives in phase 2 do not have a signiﬁcant contribution.\nHence we neglect them and we evaluate those in phase 1. For the derivatives we get:\nN;\u001e=\u00001\na1M2\nP; N; =\u0000M2\n8M2\nP\u00182 k: (3.19)\nSo the power spectrum in the slow-roll approximation is\nPR=1\n4\u00192\u0003\n3M2\nP\u00121\na2\n1M4\nP+M4\n64M4\nP\u00182\n2 2\nk\u0013\n\u00191\n4\u00192\u0003\n3M2\nPM4\n64M4\nP 2\nk\u00182\n2; (3.20)\n10",
        "page": 11,
        "link": "https://ui.adsabs.harvard.edu/link_gateway/2021PhRvD.104l3537S/EPRINT_PDF",
        "title": "Gravitational waves and primordial black holes from supersymmetric hybrid inflation"
    },
    "2021PhRvD.104l3537S_page_12_chunk_1": {
        "text": "where, as it has pointed out in [86], in a good approximation we have also neglected the\ntermN;\u001e[86]. With kwe denote the following quantity\n k= 0e\u001fk; (3.21)\nwhere\n\u001fk=4a1M4\nP\nM3(N1+N2\u0000N)2: (3.22)\nEventually, the analytical expression for the power spectrum we use is\nPR=\u0003M3\n192\u00192a1M6\nPx2 2\nk: (3.23)\n3.2 Numerical solution beyond the slow-roll\nIn orderto check our analyticalcalculation forthe scalar power spectrum, we alsoevaluate\nit numerically. Thus, in this section we present this numerical evaluation for the pertur-\nbation of the ﬁelds and the power spectrum. This way we will check that the previous\nanalytical calculation can be regarded as a good approximation.\nThe perturbed metric is given by\nds2=a2\u0014\n\u0000(1 + 2\b)d\u001c2+\u0012\n(1\u00002\t)\u000eij+1\n2hij\u0013\ndxidxj\u0015\n(3.24)\nwherehijare the tensor perturbations. With \band\twe denote the Bardeen potentials\nwhich are equal in the conformal-Newtonian gauge.\nFor evaluating the scalar perturbations, which are denoted as 'i+\u000e'i, we assume the\nlinear equations\n\u000e'00\ni",
        "page": 12,
        "link": "https://ui.adsabs.harvard.edu/link_gateway/2021PhRvD.104l3537S/EPRINT_PDF",
        "title": "Gravitational waves and primordial black holes from supersymmetric hybrid inflation"
    },
    "2021PhRvD.104l3537S_page_12_chunk_2": {
        "text": "With \band\twe denote the Bardeen potentials\nwhich are equal in the conformal-Newtonian gauge.\nFor evaluating the scalar perturbations, which are denoted as 'i+\u000e'i, we assume the\nlinear equations\n\u000e'00\ni+ (3\u0000\u000f)\u000e'0\ni+X 1\nH2@2V\n@'i@'j\u000e'i+k2\na2H2\u000e'i= 4\b0'0\ni\u00002\b\nH2@V\n@'i;(3.25)\nwhere the subscript irefers to the ﬁelds \u001e; and the Bardeen potential \bis given by the\nsolution of equation\n\b00+ (7\u0000\u000f)\b0+\u0012\n2V\nH2+k2\na2H2\u0013\n\b =\u0000V;'\nH2: (3.26)\nWithkwedenotethecomovingwavenumberandbothEqs.(3.25)and(3.26)areexpressed\nin terms of the number of e-folds. Primes denote derivatives in e-fold time. Integrating\nthis equation, we evaluate the scalar power spectrum using the expression\nPR=k3\n2\u00192jRkj2; (3.27)\n11",
        "page": 12,
        "link": "https://ui.adsabs.harvard.edu/link_gateway/2021PhRvD.104l3537S/EPRINT_PDF",
        "title": "Gravitational waves and primordial black holes from supersymmetric hybrid inflation"
    },
    "2021PhRvD.104l3537S_page_13_chunk_1": {
        "text": "whereRkis the comoving curvature perturbation:\nRk= \b +\u000e'\n'0: (3.28)\nThe initial conditions of these equations as well as the numerical treatment of them are\nfound in Ref. [89].\n10-1010-910-810-710-610-510-410-310-210-1100\n10-2101104107101010131016101910221025 0 5 10 15 20 25 30 35 40 45 50 55 60 65\nLyman-alphamu-\ndistortionacoustic-\nreheatingPR\nk(Mpc-1)N\nset 1\nset 2\nFigure 4: The power specta in the slow-roll approximation (solid lines) and using the\nexact equation (3.27) of perturbations (dashed lines). Purple line corresponds to the set\n1 and orange line to set 2, given in Table 1. Details are on main text.\nIn Fig. 4 we present the exact (numerical) and analytical (in the slow-roll approxima-\ntion) power spectrum for the potential (2.16). In this plot we also depict for comparison\nreasons the current bounds from the Lyman-alpha forest [90], the mu-distortion [91] and\nthe acoustic-reheating bound [92,93]. The exact results are plotted as dashed lines and\nthe slow-roll analytical resul",
        "page": 13,
        "link": "https://ui.adsabs.harvard.edu/link_gateway/2021PhRvD.104l3537S/EPRINT_PDF",
        "title": "Gravitational waves and primordial black holes from supersymmetric hybrid inflation"
    },
    "2021PhRvD.104l3537S_page_13_chunk_2": {
        "text": "s the current bounds from the Lyman-alpha forest [90], the mu-distortion [91] and\nthe acoustic-reheating bound [92,93]. The exact results are plotted as dashed lines and\nthe slow-roll analytical results as solid lines. For the analytical expression we use the\nEq. (3.23) and for the numerical expression we use the Eq. (3.27). For the numerical eval-\nuation we follow the analysis described in Refs. [70,86]. Speciﬁcally, we solve numerically\nthe background equations (3.2), the ﬁelds’ perturbation (3.25) and the Bardeen potential\n(3.26) simultaneously until the end of inﬂation (the parameter \"reaches value 1) starting\nfrom the critical point as initial condition. We obtain at around 27 efold, as it is shown\nin Fig.3. We integrate again the system of the diﬀerent equations, (3.2), 3.25) and (3.26),\nuntilk= 0:05Mpc\u00001and we ﬁnd the initial conditions and we obtain the rest number of\nefold. Finally, we integrate again the system from the new initial conditions until the end\nof inﬂation. We not",
        "page": 13,
        "link": "https://ui.adsabs.harvard.edu/link_gateway/2021PhRvD.104l3537S/EPRINT_PDF",
        "title": "Gravitational waves and primordial black holes from supersymmetric hybrid inflation"
    },
    "2021PhRvD.104l3537S_page_13_chunk_3": {
        "text": "26),\nuntilk= 0:05Mpc\u00001and we ﬁnd the initial conditions and we obtain the rest number of\nefold. Finally, we integrate again the system from the new initial conditions until the end\nof inﬂation. We notice that the analytical and the numerical results are very similar, as\n12",
        "page": 13,
        "link": "https://ui.adsabs.harvard.edu/link_gateway/2021PhRvD.104l3537S/EPRINT_PDF",
        "title": "Gravitational waves and primordial black holes from supersymmetric hybrid inflation"
    },
    "2021PhRvD.104l3537S_page_14_chunk_1": {
        "text": "it is expected [70]. Therefore for convenience we shall use the analytical slow-roll solution\nhereinafter.\n4 Gravitational Waves Production\nIn the previous sections, we have presented a mechanism in the context of a SUGRA based\nhybrid model, that can produce a signiﬁcant enhancement in the scalar power spectrum.\nTheamountofGWsisevaluatedbythesecond-order(tensor)perturbations, whichappear\nashijin Eq. (3.24). However, the tensor second-order perturbations can be related to\nthe scalar ﬁrst-order perturbations, and hence to the scalar power spectrum [94–100]. In\nthis section we show that the enhancement of the power spectrum can be interpreted as\na source of GWs created during the radiation dominance era.\n10-1810-1610-1410-1210-1010-8\n10-1010-810-610-410-2100102LISA\nDECIGO\nBBOETSKA\nNANOGravΩGW h2\nf(Hz)set 1\nset 2\nFigure 5: The energy density of gravitational waves for the analytical expression\nEq. (3.23). Purple curves correspond to set 1 and the orange to set 2, as given in Table 1.\nDetai",
        "page": 14,
        "link": "https://ui.adsabs.harvard.edu/link_gateway/2021PhRvD.104l3537S/EPRINT_PDF",
        "title": "Gravitational waves and primordial black holes from supersymmetric hybrid inflation"
    },
    "2021PhRvD.104l3537S_page_14_chunk_2": {
        "text": " h2\nf(Hz)set 1\nset 2\nFigure 5: The energy density of gravitational waves for the analytical expression\nEq. (3.23). Purple curves correspond to set 1 and the orange to set 2, as given in Table 1.\nDetailed description of the various curve shapes can be found in the main text.\nThe present-day energy density of the GWs is [101]\n\nGW(k) =1\n24\u0012k\naH\u00132\nPh(\u001c;k); (4.1)\nwherePhis the tensor perturbation and the over-line denotes the average over the time.\nIn terms of scalar power spectrum this expression reads as [98]:\n\nGW(k) =cg\nr\n36Z 1p\n3\n0ddZ1\n1p\n3ds\u0014(s2\u00001=3)(d2\u00001=3)\ns2+d2\u00152\nPR(kx)PR(ky)(I2\nc+I2\ns):(4.2)\n13",
        "page": 14,
        "link": "https://ui.adsabs.harvard.edu/link_gateway/2021PhRvD.104l3537S/EPRINT_PDF",
        "title": "Gravitational waves and primordial black holes from supersymmetric hybrid inflation"
    },
    "2021PhRvD.104l3537S_page_15_chunk_1": {
        "text": "The radiation density \nrgets its measured present day value \nr= 5:4\u000210\u00005andcg= 0:4\nin the case of Standard Model (SM) spectrum, while cg= 0:3in the Minimal Supersym-\nmetric SM (MSSM). The variables xandyare:\nx=p\n3\n2(s+d); y =p\n3\n2(s\u0000d): (4.3)\nFinally, the functions IcandIsare given by the equations\nIc=\u000036\u0019(s2+d2\u00002)2\n(s2\u0000d2)3\u0002(s\u00001) (4.4)\nIs=\u000036(s2+d2\u00002)2\n(s2\u0000d2)2\"\n(s2+d2\u00002)\n(s2\u0000d2)ln\f\f\f\fd2\u00001\ns2\u00001\f\f\f\f+ 2#\n: (4.5)\nUsing that 1 Mpc\u00001= 0:97154\u000210\u000014s\u00001andk= 2\u0019f, we can evaluate the energy\ndensity of the GWs as a function of the frequency.\nInFig.5weplottheenergydensityofGWsusingtheanalyticalexpressioninEq.(3.23).\nPurple curves correspond to set 1 and the orange to set 2, as given in Table 1. Moreover,\nthesolid(dashed, dashed-doubledot)purplelinecorrespondto a1= 4:33(a1= 5,a1= 6),\nin units 10\u00007=MP. The parameter a1is deﬁned in (2.17). As can be seen from the ﬁgure,\nthe predicted GW spectra for these parameter choices, in the context of our hybrid model,\nlie well within the detection range of ",
        "page": 15,
        "link": "https://ui.adsabs.harvard.edu/link_gateway/2021PhRvD.104l3537S/EPRINT_PDF",
        "title": "Gravitational waves and primordial black holes from supersymmetric hybrid inflation"
    },
    "2021PhRvD.104l3537S_page_15_chunk_2": {
        "text": "P. The parameter a1is deﬁned in (2.17). As can be seen from the ﬁgure,\nthe predicted GW spectra for these parameter choices, in the context of our hybrid model,\nlie well within the detection range of the future GW experiments, like LISA, DESIGO,\nBBO, SKA and ET [7–10,12]. Interestingly enough, we notice that the recently reported\nNANOGrav [4–6] signal of can be interpreted in the context of this model (purple lines).\nIn this ﬁgure we display the NANOGrav 12.5 yrs region.\n5 Primordial Black Holes Abundance\nThe signiﬁcant enhancement of scalar power spectrum not only can explain the energy\ndensity of GWs, as it is was discussed in the previous section, but also the production of\nthe PBHs. A main result of Ref. [102] is that the GWs spectrum , which is compatible to\nthe NANOGrav region, can be related to a particular prediction for the PBH abundance.\nIn this section we evaluate the mass of PBHs and their fractional abundances. As usual\nit is assumed that the PBH are formed in the radiatio",
        "page": 15,
        "link": "https://ui.adsabs.harvard.edu/link_gateway/2021PhRvD.104l3537S/EPRINT_PDF",
        "title": "Gravitational waves and primordial black holes from supersymmetric hybrid inflation"
    },
    "2021PhRvD.104l3537S_page_15_chunk_3": {
        "text": "e related to a particular prediction for the PBH abundance.\nIn this section we evaluate the mass of PBHs and their fractional abundances. As usual\nit is assumed that the PBH are formed in the radiation dominated epoch, as the GWs.\nThe fractional abundance of PBHs, \nPBH=\nDM, can be evaluated as a function of the\nPBH mass using that\n\nPBH\n\nDM(MPBH) =\f(MPBH)\n8\u000210\u000016\u0010\r\n0:2\u00113=2\u0012g\u0003(Tf)\n106:75\u0013\u00001=4\u0012MPBH\n10\u000018grams\u0013\u00001=2\n;(5.1)\nwhere we assume that the DM abundance is \nDM'0:26. With\rwe denote a factor\nwhich depends on the gravitation collapse and we choose \r= 0:2[103]. With \fwe denote\n14",
        "page": 15,
        "link": "https://ui.adsabs.harvard.edu/link_gateway/2021PhRvD.104l3537S/EPRINT_PDF",
        "title": "Gravitational waves and primordial black holes from supersymmetric hybrid inflation"
    },
    "2021PhRvD.104l3537S_page_16_chunk_1": {
        "text": "the mass fraction of Universe collapsing in PBH mass. The Tfdenotes the temperature of\nPBH formation and the g\u0003(Tf)are the eﬀective degrees of freedom during this formation.\nIn order to evaluate the abundance of PBHs, we integrate the expression in Eq. (5.1) as\nfPBH =ZdMPBH\nMPBH\nPBH\n\nDM: (5.2)\nThe mass of PBHs, which are created after the inﬂation when the scales reenter the\nhorizon is related to the mass inside the Hubble horizon. Speciﬁcally, the mass of PBHs\nis\nMPBH=\r4\u0019\u001a\n3H\u00003; (5.3)\nwhere\u001ais the energy density of Universe during collapse. If we consider that the PBHs\nare formed during the radiation epoch, their mass is [13]\nMPBH=\r4\u0019\u001a\n3H\u00003\nm\u0000r\u0012g(Tf)\ng(Tm\u0000r)\u00131=2\u0012gs(Tf)\ngs(Tm\u0000r)\u0013\u00002=3\u0012k\nkm\u0000r\u0013\u00002\n;(5.4)\nwhere the subscript m\u0000rrefers to the time of equality of matter and radiation domi-\nnation and gsrefers to the entropy density. The equation above arises from the entropy\nconservation d(gs(T)T3a3)=dt= 0between the epoch of the reentry of the comoving\nwavenumbers and the epoch of radiation-",
        "page": 16,
        "link": "https://ui.adsabs.harvard.edu/link_gateway/2021PhRvD.104l3537S/EPRINT_PDF",
        "title": "Gravitational waves and primordial black holes from supersymmetric hybrid inflation"
    },
    "2021PhRvD.104l3537S_page_16_chunk_2": {
        "text": " and gsrefers to the entropy density. The equation above arises from the entropy\nconservation d(gs(T)T3a3)=dt= 0between the epoch of the reentry of the comoving\nwavenumbers and the epoch of radiation-matter equality. Thus we can express the mass\nof PBHs as a function of the comoving wavenumber k\nMPBH(k) = 1018\u0010\r\n0:2\u0011\u0012g\u0003(Tf)\n106:75\u0013\u00001=6\u0012k\n7\u00021013Mpc\u00001\u0013\u00002\nin grams;(5.5)\nwhereweusetheapproximation g(T) =gs(T)[13]. Assumingthatthespectrumoftheour\nmodel is like the SM, we can use g\u0003(T) = 106:75. On the other hand assuming a spectrum\nlike the MSSM, we get g\u0003(T) = 228:75. Thus the PBH fractional abundance in the SM\nis 1.13 times larger than in the MSSM. This relative factor to a good approximation can\nbe ignored.\nThemassfraction \fisevaluatedusingthePress-Schechterapproach. Inthisapproach,\nthe mass fraction \fis calculated assuming that the overdensity \u000efollows a gaussian\nprobability, with a threshold of collapse \u000ec. So the mass fraction is given from the integral\n\f(MPBH) =1p\n2\u0019\u001b2(MPBH)Z1\n\u000ecd\u000eex",
        "page": 16,
        "link": "https://ui.adsabs.harvard.edu/link_gateway/2021PhRvD.104l3537S/EPRINT_PDF",
        "title": "Gravitational waves and primordial black holes from supersymmetric hybrid inflation"
    },
    "2021PhRvD.104l3537S_page_16_chunk_3": {
        "text": " fraction \fis calculated assuming that the overdensity \u000efollows a gaussian\nprobability, with a threshold of collapse \u000ec. So the mass fraction is given from the integral\n\f(MPBH) =1p\n2\u0019\u001b2(MPBH)Z1\n\u000ecd\u000eexp\u0012\n\u0000\u000e2\n2\u001b2(MPBH)\u0013\n; (5.6)\nwhere\u001bis the variance of curvature perturbation, related to the comoving wavenumber\nas\n\u001b2(MPBH(k)) =16\n81Zdk0\nk0\u0012k0\nk\u00134\nPR(k0)~W\u0012k0\nk\u0013\n: (5.7)\n15",
        "page": 16,
        "link": "https://ui.adsabs.harvard.edu/link_gateway/2021PhRvD.104l3537S/EPRINT_PDF",
        "title": "Gravitational waves and primordial black holes from supersymmetric hybrid inflation"
    },
    "2021PhRvD.104l3537S_page_17_chunk_1": {
        "text": "10-710-610-510-410-310-210-1100\n10-1810-1610-1410-1210-1010-810-610-410-2100102104101510191023102710311035\nHSCEROS/MACHO/OGLEKeplerΩPBH / ΩDM\nMPBH(MSUN)MPBH(g)\nset 1\nset 2EGγRadio\nCMBUFDFigure 6: The fractional abundance of PBHs as a function of mass. As before, the purple\nline corresponds to set 1 and orange line to set 2 given in Table 1.\nwhere ~W(x)isawindowfunction. WeconsidertheGaussiandistributionforthisfunction:\n~W(x) =e\u0000x2=2. For\u000ec, following recent studies [104–111], we consider values in the range\nbetween 0.4 and 0.6.\nIn Fig. 6 we plot the fractional abundance of PBHs from Eq. (5.1). We use the\nanalytical expression for the scalar power spectrum from Eq. (3.23). In this plot we use\nthe value of the \u000ec= 0:50for the set 1 (purple curve) and \u000ec= 0:43for the set 2 (orange\ncurve). In both cases, a signiﬁcant fractional abundance of PBHs is obtained. To form an\nidea of the allowed parameter space, in the Fig. 6 we also display the disallowed regions\ndue to various observational gro",
        "page": 17,
        "link": "https://ui.adsabs.harvard.edu/link_gateway/2021PhRvD.104l3537S/EPRINT_PDF",
        "title": "Gravitational waves and primordial black holes from supersymmetric hybrid inflation"
    },
    "2021PhRvD.104l3537S_page_17_chunk_2": {
        "text": "both cases, a signiﬁcant fractional abundance of PBHs is obtained. To form an\nidea of the allowed parameter space, in the Fig. 6 we also display the disallowed regions\ndue to various observational groups and studies [112–123].\nSpeciﬁcally, we notice a tension between the NANOGrav data for the GW spectrum\nand the SUBARU HSC experiment exclusion limit for the PBH fraction. As a result of\nthis, for the set 1 (purple curve) the calculated abundance of PBHs from Eq. (5.2) is\nfPBH'0:01, while for set 2 (orange line) we get fPBH'1. That is, in former case PBH\ncan account just for the 1%of the DM of the Universe, while in the latter can be almost\n100%. In order to understand this one has to compare Fig. 6 with Fig. 5. In particular,\nin Fig. 5 the frequency fis proportional to comoving wavenumber k, but theMPBHin\nFig. 6 is proportional to k\u00002. Thus, to fulﬁl the NANOGrav region result to move the\nGW spectrum to the right close to the disallowed regions. In any case, the hybrid model\nunder consi",
        "page": 17,
        "link": "https://ui.adsabs.harvard.edu/link_gateway/2021PhRvD.104l3537S/EPRINT_PDF",
        "title": "Gravitational waves and primordial black holes from supersymmetric hybrid inflation"
    },
    "2021PhRvD.104l3537S_page_17_chunk_3": {
        "text": ", but theMPBHin\nFig. 6 is proportional to k\u00002. Thus, to fulﬁl the NANOGrav region result to move the\nGW spectrum to the right close to the disallowed regions. In any case, the hybrid model\nunder consideration can be regarded as proper candidate to explain the whole DM in the\nUniverse. Finally, hybrid models can also explain the production of PBHs in a wide range\nof masses.\n16",
        "page": 17,
        "link": "https://ui.adsabs.harvard.edu/link_gateway/2021PhRvD.104l3537S/EPRINT_PDF",
        "title": "Gravitational waves and primordial black holes from supersymmetric hybrid inflation"
    },
    "2021PhRvD.104l3537S_page_18_chunk_1": {
        "text": "6 Fine-tuning estimation and Conclusions\nA drawback of the models, where an enhancement of scalar power spectrum is produced\ndue to a modiﬁcation of the potential, is the high level of required ﬁne-tuning of the pa-\nrameters involved in this modiﬁcation. In particular, models, where an inﬂection point in\neﬀective scalar potential is developed, demand a signiﬁcant amount of ﬁne -tuning [20,21].\nIn this section we perform an analogous study for the hybrid model under consideration\nand we show that the corresponding amount of the ﬁne-tuning is much smaller, at least\nby 3 or 4 orders of magnitudes.\nAs discussed in Section 2, the basis of our hybrid model is the original hybrid model\nintroduced in [43], with the addition of extra SUGRA terms, that correct the value of\nthe spectral index ns. Hence, we have had two extra parameters, b1andb2. Generally\nspeaking, using the parameter b2we decreased the value of the nsto be in accordance\nwith the observable constraints, while the other parameter ",
        "page": 18,
        "link": "https://ui.adsabs.harvard.edu/link_gateway/2021PhRvD.104l3537S/EPRINT_PDF",
        "title": "Gravitational waves and primordial black holes from supersymmetric hybrid inflation"
    },
    "2021PhRvD.104l3537S_page_18_chunk_2": {
        "text": "ce, we have had two extra parameters, b1andb2. Generally\nspeaking, using the parameter b2we decreased the value of the nsto be in accordance\nwith the observable constraints, while the other parameter b1is used for explaining the\nenhancement in power spectrum and then the production of GWs and PBHs.\nIn order to have a measure of the required ﬁne-tuning in this model, we calculate the\nquantity \u0001p, as discussed in [124], for the parameter b1.\u0001pis the maximum value of the\nlogarithmic derivative of the peak value of the power spectrum, with respect to b1\n\u0001p= Max\f\f\f\f\f@ln\u0000\nPPEAK\nR\u0001\n@ln(b1)\f\f\f\f\f: (6.1)\nThe larger the \u0001p, the larger the amount of the required ﬁne-tuning. Evaluating numeri-\ncally \u0001pfrom Eq. (6.1), for the function P(peak)\nR (b1)we ﬁnd that \u0001p\u0018100, if we demand\na peak of power spectrum at around 5\u000210\u00002. Thus, we conclude that the amount of\nthe ﬁne -tuning is signiﬁcantly smaller, by almost four orders of magnitude in the case of\nthis hybrid model, compared to the single ﬁeld inﬂa",
        "page": 18,
        "link": "https://ui.adsabs.harvard.edu/link_gateway/2021PhRvD.104l3537S/EPRINT_PDF",
        "title": "Gravitational waves and primordial black holes from supersymmetric hybrid inflation"
    },
    "2021PhRvD.104l3537S_page_18_chunk_3": {
        "text": "um at around 5\u000210\u00002. Thus, we conclude that the amount of\nthe ﬁne -tuning is signiﬁcantly smaller, by almost four orders of magnitude in the case of\nthis hybrid model, compared to the single ﬁeld inﬂation models, where an inﬂection point\nis the source for producing PBHs [20]. Finally, we notice here that the ﬁne-tuning for\nan acceptable values for the nsis mainly based on the parameter b2and this issue. For\nanalogous equation of Eq. (6.1) we obtain a quantity at \u0001p\u001810in the range near to b2.\nConcluding, in this work we presented a two-ﬁeld inﬂationary model based on the orig-\ninal simple hybrid model, in order to explain the generation of both GWs and PBHs. The\neﬀective scalar potentials derived by hybrid models have the advantage that they do not\nrequire a high level of ﬁne-tuning of the parameters in order to describe an ampliﬁcation\nin scalar power spectrum. As the issue of ﬁne-tuning is regarded as a main problematic\nfeature in many proposed models, studying hybrid models should be",
        "page": 18,
        "link": "https://ui.adsabs.harvard.edu/link_gateway/2021PhRvD.104l3537S/EPRINT_PDF",
        "title": "Gravitational waves and primordial black holes from supersymmetric hybrid inflation"
    },
    "2021PhRvD.104l3537S_page_18_chunk_4": {
        "text": "parameters in order to describe an ampliﬁcation\nin scalar power spectrum. As the issue of ﬁne-tuning is regarded as a main problematic\nfeature in many proposed models, studying hybrid models should be a plausible scenario\nin order to describe enhancement in scalar power spectrum. A disadvantage of these mod-\nels is that they cannot predict acceptable values for the spectral index ns. For this reason\nwe introduced speciﬁc SUGRA-type corrections in the inﬂaton ﬁeld, where we evaluated\nthe prediction for the cosmological constraints. In our proposed model we have achieved\nacceptable values for both spectral index and tensor-to-scalar ratio.\n17",
        "page": 18,
        "link": "https://ui.adsabs.harvard.edu/link_gateway/2021PhRvD.104l3537S/EPRINT_PDF",
        "title": "Gravitational waves and primordial black holes from supersymmetric hybrid inflation"
    },
    "2021PhRvD.104l3537S_page_19_chunk_1": {
        "text": "Hybrid models can explain the production of GWs and PBHs due to the ampliﬁcation\nof the scalar power spectrum. This enhancement occurs because of the mild waterfall of\none of the two ﬁelds. We presented an analytical procedure for evaluating the scalar power\nspectrum of our proposed model based on slow-roll approximation. For comparison, we\nevaluated numerically the exact equations of perturbations by using the exact proposed\npotential. We conclude that the results for analytical and numerical procedure are quite\nsimilar, since they diﬀer up to 10%.\nHaving calculated the scalar power spectrum we evaluated the amount of the produced\nGWs in the radiation dominated epoch. To facilitate the phenomenological analysis of\nour model we have chose two representative sets of the two parameters for the extra terms\nin the Kähler potential. The ﬁrst set corresponds to a model that predicts GW spectra\nthat lie within the NANOGrav detection region. Unfortunately the associated factional\nabundance of ",
        "page": 19,
        "link": "https://ui.adsabs.harvard.edu/link_gateway/2021PhRvD.104l3537S/EPRINT_PDF",
        "title": "Gravitational waves and primordial black holes from supersymmetric hybrid inflation"
    },
    "2021PhRvD.104l3537S_page_19_chunk_2": {
        "text": "he extra terms\nin the Kähler potential. The ﬁrst set corresponds to a model that predicts GW spectra\nthat lie within the NANOGrav detection region. Unfortunately the associated factional\nabundance of PBHs is restricted by the SUBARU HSC exclusion region. As a result in\nthis case only 1% of DM can be interpreted by PBHs. On the other hand, in the second\nset we relax the NANOGrav constrain. This way we are able to increase the factional\nabundance of PBHs up to 100%.\nA Appendix\nInordertoevaluatetheSUGRAcorrectionsinthescalarpotential, weconsidertheKähler\npotential:\nK=S\u0016S+b1(S+\u0016S) +b2(S+\u0016S)2+ \t 1\u0016\t1+ \t 2\u0016\t2 (A.1)\nand we assume that the superpotential is given from\nW=\u0014S(\t1\t2\u0000M2\n2) (A.2)\nWe calculate the F-term of scalar potential from Eq. (2.11) and we ﬁnd\nVSUGRA\nF =\u00142\n4MP4exp\"\n1\nM2\nP0\n@b1\u001eq\nb2+1\n2+b2\u001e2\nb2+1\n2+\u001e2\n4b2+ 2+ 21\nA#\n\u0002\"\n(M2\u0000 2)2\u0000\nb1p4b2+ 2\u001e+ (4b2+ 2)MP2+ (4b2+ 1)\u001e2\u00012\n4(2b2+ 1)3\n+\u001e2 2\u0000\n\u0000M2+ 2MP2+ 2\u00012\n4b2+ 2\u00003MP2\u001e2(M2\u0000 2)2\n4b2+ 2#(A.3)\nwhere we have ﬁx the non-canonical kinetic term",
        "page": 19,
        "link": "https://ui.adsabs.harvard.edu/link_gateway/2021PhRvD.104l3537S/EPRINT_PDF",
        "title": "Gravitational waves and primordial black holes from supersymmetric hybrid inflation"
    },
    "2021PhRvD.104l3537S_page_19_chunk_3": {
        "text": "+1\n2+b2\u001e2\nb2+1\n2+\u001e2\n4b2+ 2+ 21\nA#\n\u0002\"\n(M2\u0000 2)2\u0000\nb1p4b2+ 2\u001e+ (4b2+ 2)MP2+ (4b2+ 1)\u001e2\u00012\n4(2b2+ 1)3\n+\u001e2 2\u0000\n\u0000M2+ 2MP2+ 2\u00012\n4b2+ 2\u00003MP2\u001e2(M2\u0000 2)2\n4b2+ 2#(A.3)\nwhere we have ﬁx the non-canonical kinetic terms by the deﬁnition of the chiral ﬁelds\nS=\u001ep2 + 4b2;j\t1j=j\t2j= =p\n2: (A.4)\n18",
        "page": 19,
        "link": "https://ui.adsabs.harvard.edu/link_gateway/2021PhRvD.104l3537S/EPRINT_PDF",
        "title": "Gravitational waves and primordial black holes from supersymmetric hybrid inflation"
    },
    "2021PhRvD.104l3537S_page_20_chunk_1": {
        "text": "Moreover, we derive the scalar potential using the general form\nVSUGRA\nF =\u0012\n1 +K\nM2\nP+K2\n2M4\nP+K3\n6M6\nP\u0013\n\u0002\u0014\u0000\nK\u00001\u0001i\n\u0016j\u0012\nW\u0016j+WK\u0016j\nMP2\u0013\u0012\n\u0016Wi+\u0016WKi\nMP2\u0013\n\u00003jWj2\nMP2\u0015 (A.5)\nand we have\nVSUGRA\nF =\u00142(M4\u00002M2 2+ 2 2\u001e2+ 4)\n4 + 8b2+A1\nM2\nP+A2\nM4\nP+A3\nM6\nP+O\u00121\nM8\nP\u0013\n(A.6)\nIn the limit MP!1we derive the SUSY scalar potential. The SUGRA corrections A1,\nA2andA3are calculated as\nA1=\u00142\n4(2b2+ 1)5=2h\n2p\n2b1(2b2+ 1)\u001e\u0000\nM4\u00002m2 2+\u001e2 2+ 4\u0001\n+\n+2p\n2b1(2b2+ 1)\u001e\u0000\nM4\u00002M2 2+\u001e2 2+ 4\u0001\n+\n+b2\u0010\nM4\u0000\n3\u001e2+ 2 2\u0001\n+ 2M2 2\u0000\n\u00005\u001e2\u00002 2+ 2M2\nP\u0001\n+\n+ 2\u0000\n4\u001e4+ 11\u001e2 2\u00002M2\nP\u0000\n2\u001e2+ 3 2\u0001\n+ 2 4\u0001\u0011i(A.7)\nA2=\u00142\n32(2b2+ 1)7=2h\n4b12(2b2+ 1)3=2\u001e2\u0000\n7M4\u000014M2 2+ 4\u001e2 2+ 7 4\u0001\n+\n+8p\n2b1\u001e\u0010\u0000\n8b22+ 6b2+ 1\u0001\n\u001e4 2+ 5\u0000\n6b22+ 5b2+ 1\u0001\n\u001e2 4+\n+(2b2+ 1)M4\u0000\n(7b2+ 1)\u001e2+ 2(2b2+ 1) 2\u0001\n\u0000\n\u00002(2b2+ 1)M2 2\u0000\n(9b2+ 2)\u001e2+ 2(2b2+ 1) 2\u0001\n+ 2(2b2+ 1)2 6\u0011\n+\n+p\n2b2+ 1\u0010\nM4\u0002\u0000\n64b22+ 20b2+ 1\u0001\n\u001e4+\n+4\u0000\n16b22+ 10b2+ 1\u0001\n\u001e2 2+ 4(2b2+ 1)2 4\u0003\n\u0000\n\u00002M2 2\u0002\u0000\n96b22+ 44b2+ 5\u0001\n\u001e4+ 12\u0000\n8b22+ 6b2+ 1\u0001\n\u001e2 2\u0000\n\u00008(2b2+ 1)2MP4+ 4(2b2+ 1)2 4\u0003\n+\n+ 2\u0002\u0000\n192b22+ 116b2+ 17\u0001\n\u001e4 2+ 4\u0000\n40b22+ 34b2+ 7\u0001\n\u001e2 4\u0000\n\u00008(2b2+ ",
        "page": 20,
        "link": "https://ui.adsabs.harvard.edu/link_gateway/2021PhRvD.104l3537S/EPRINT_PDF",
        "title": "Gravitational waves and primordial black holes from supersymmetric hybrid inflation"
    },
    "2021PhRvD.104l3537S_page_20_chunk_2": {
        "text": "+ 1\u0001\n\u001e4+\n+4\u0000\n16b22+ 10b2+ 1\u0001\n\u001e2 2+ 4(2b2+ 1)2 4\u0003\n\u0000\n\u00002M2 2\u0002\u0000\n96b22+ 44b2+ 5\u0001\n\u001e4+ 12\u0000\n8b22+ 6b2+ 1\u0001\n\u001e2 2\u0000\n\u00008(2b2+ 1)2MP4+ 4(2b2+ 1)2 4\u0003\n+\n+ 2\u0002\u0000\n192b22+ 116b2+ 17\u0001\n\u001e4 2+ 4\u0000\n40b22+ 34b2+ 7\u0001\n\u001e2 4\u0000\n\u00008(2b2+ 1)2MP4\u0000\n2\u001e2+ 3 2\u0001\n+ 2(4b2+ 1)2\u001e6+ 4(2b2+ 1)2 6\u0003\u0011i(A.8)\n19",
        "page": 20,
        "link": "https://ui.adsabs.harvard.edu/link_gateway/2021PhRvD.104l3537S/EPRINT_PDF",
        "title": "Gravitational waves and primordial black holes from supersymmetric hybrid inflation"
    },
    "2021PhRvD.104l3537S_page_21_chunk_1": {
        "text": "A3=\u00142\n96(2b2+ 1)9=2h\n4p\n2b13(2b2+ 1)2\u001e3\u0000\n11M4\u000022M2 2+ 4\u001e2 2+ 11 4\u0001\n+\n+6b12p\n2b2+ 1\u001e2\u0010\n4\u0000\n8b22+ 6b2+ 1\u0001\n\u001e4 2+ 5\u0000\n32b22+ 26b2+ 5\u0001\n\u001e2 4+\n+(2b2+ 1)M4\u0000\n(48b2+ 9)\u001e2+ 14(2b2+ 1) 2\u0001\n\u0000\n\u00002(2b2+ 1)M2 2\u0002\n(56b2+ 13)\u001e2+ 14(2b2+ 1) 2\u0001\n+ 14(2b2+ 1)2 6\u0011\n+\n+6p\n2b1\u001e\u0010\n2M4\u0000\u0000\n56b23+ 50b22+ 13b2+ 1\u0001\n\u001e4+\n+(16b2+ 3)\u001e2(2b2 + )2+ 2(2b2+ 1)3 4\u0003\n\u0000\n\u00004M2 2\u0000\u0000\n72b23+ 70b22+ 21b2+ 2\u0001\n\u001e4+ 5(4b2+ 1)\u001e2(2b2 + )2+ 2(2b2+ 1)3 4\u0001\n+\n+10\u0000\n24b23+ 26b22+ 9b2+ 1\u0001\n\u001e4 4+ (2b2+ 1)\u001e6(4b2 + )2+\n+2(28b2+ 9) 6(2b2\u001e+\u001e)2+ 4(2b2+ 1)3 8\u0011\n+\n+p\n2b2+ 1\u0010\nM4\u0002\n3\u0000\n160b23+ 144b22+ 38b2+ 3\u0001\n\u001e4 2+ (4b2+ 1)2(17b2+ 2)\u001e6+\n+12(5b2+ 1) 4(2b2\u001e+\u001e)2+ 4(2b2+ 1)3 6\u0003\n+\n+ 2\u0002\n3\u0000\n352b23+ 384b22+ 134b2+ 15\u0001\n\u001e4 4\u0000\n\u000024(2b2+ 1)3MP6\u0000\n2\u001e2+ 3 2\u0001\n+ (4b2+ 1)3\u001e8+\n+(41b2+ 14)\u001e6(4b2 + )2+ 4(31b2+ 11) 6(2b2\u001e+\u001e)2+ 4(2b2+ 1)3 8\u0003\n\u0000\n\u00002M2 2\u0002\n\u000024(2b2+ 1)3MP6+ (4b2+ 1)2(23b2+ 5)\u001e6+\n+21(2b2+ 1)\u001e4(4b2 + )2+ 12(7b2+ 2) 4(2b2\u001e+\u001e)2+ 4(2b2+ 1)3 6\u0003\u0011i\n(A.9)\nwe derive that around the critical point \u001ec= 0:05MPthe numerical values of the cor-\nrections are: A1=MP6\u00142\u001910\u00009,A2=MP8\u00142\u001910\u000010andA3=MP12\u0014",
        "page": 21,
        "link": "https://ui.adsabs.harvard.edu/link_gateway/2021PhRvD.104l3537S/EPRINT_PDF",
        "title": "Gravitational waves and primordial black holes from supersymmetric hybrid inflation"
    },
    "2021PhRvD.104l3537S_page_21_chunk_2": {
        "text": "2+ 1)\u001e4(4b2 + )2+ 12(7b2+ 2) 4(2b2\u001e+\u001e)2+ 4(2b2+ 1)3 6\u0003\u0011i\n(A.9)\nwe derive that around the critical point \u001ec= 0:05MPthe numerical values of the cor-\nrections are: A1=MP6\u00142\u001910\u00009,A2=MP8\u00142\u001910\u000010andA3=MP12\u00142\u001910\u000012. Moreover\nfor these parameters, the spectral index is ns= 0:96505. If we consider corrections up to\nO(1=Mp2)we derivens= 0:9577. Therefore, it is essential for the precise nscalculation\nto include corrections up to O(1=Mp4).\nAcknowledgments\nTheauthorswouldliketothankMarcosA.G.Garciaforhelpfuldiscussions. Thisresearch\nwork was supported by the Hellenic Foundation for Research and Innovation (H.F.R.I.)\nunder the “First Call for H.F.R.I. Research Projects to support Faculty members and Re-\nsearchers and the procurement of high-cost research equipment grant” (Project Number:\n824).\n20",
        "page": 21,
        "link": "https://ui.adsabs.harvard.edu/link_gateway/2021PhRvD.104l3537S/EPRINT_PDF",
        "title": "Gravitational waves and primordial black holes from supersymmetric hybrid inflation"
    },
    "2021PhRvD.104l3537S_page_22_chunk_1": {
        "text": "References\n[1] B. Abbott et al.[LIGO Scientiﬁc and Virgo], Phys. Rev. Lett. 116(2016) no.6, 061102\ndoi:10.1103/PhysRevLett.116.061102 [arXiv:1602.03837 [gr-qc]].\n[2] B. P. Abbott et al.[LIGO Scientiﬁc and Virgo], Phys. Rev. Lett. 116(2016) no.24,\n241103 doi:10.1103/PhysRevLett.116.241103 [arXiv:1606.04855 [gr-qc]].\n[3] B. Abbott et al.[LIGO Scientiﬁc and Virgo], Phys. Rev. Lett. 119(2017) no.14,\n141101 doi:10.1103/PhysRevLett.119.141101 [arXiv:1709.09660 [gr-qc]].\n[4] Z. Arzoumanian et al.[NANOGrav], Astrophys. J. Lett. 905(2020) no.2, L34\ndoi:10.3847/2041-8213/abd401 [arXiv:2009.04496 [astro-ph.HE]].\n[5] Z. Arzoumanian et al.[NANOGRAV], Astrophys. J. 859(2018) no.1, 47\ndoi:10.3847/1538-4357/aabd3b [arXiv:1801.02617 [astro-ph.HE]].\n[6] K. Aggarwal, Z. Arzoumanian, P. T. Baker, A. Brazier, M. R. Brinson, P. R. Brook,\nS. Burke-Spolaor, S. Chatterjee, J. M. Cordes and N. J. Cornish, et al.Astrophys. J.\n880(2019), 2 doi:10.3847/1538-4357/ab2236 [arXiv:1812.11585 [astro-ph.GA]].\n[7] P. Amar",
        "page": 22,
        "link": "https://ui.adsabs.harvard.edu/link_gateway/2021PhRvD.104l3537S/EPRINT_PDF",
        "title": "Gravitational waves and primordial black holes from supersymmetric hybrid inflation"
    },
    "2021PhRvD.104l3537S_page_22_chunk_2": {
        "text": "M. R. Brinson, P. R. Brook,\nS. Burke-Spolaor, S. Chatterjee, J. M. Cordes and N. J. Cornish, et al.Astrophys. J.\n880(2019), 2 doi:10.3847/1538-4357/ab2236 [arXiv:1812.11585 [astro-ph.GA]].\n[7] P. Amaro-Seoane et al.[LISA], [arXiv:1702.00786 [astro-ph.IM]].\n[8] S. Sato, S. Kawamura, M. Ando, T. Nakamura, K. Tsubono, A. Araya, I. Funaki,\nK. Ioka, N. Kanda and S. Moriwaki, et al.J. Phys. Conf. Ser. 840(2017) no.1, 012010\ndoi:10.1088/1742-6596/840/1/012010\n[9] B. S. Sathyaprakash and B. F. Schutz, Living Rev. Rel. 12(2009), 2 doi:10.12942/lrr-\n2009-2 [arXiv:0903.0338 [gr-qc]].\n[10] K. Yagi and N. Seto, Phys. Rev. D 83(2011), 044011 [erratum: Phys. Rev. D\n95(2017) no.10, 109901] doi:10.1103/PhysRevD.83.044011 [arXiv:1101.3940 [astro-\nph.CO]].\n[11] J.Luo et al.[TianQin], Class.Quant.Grav. 33(2016)no.3, 035010doi:10.1088/0264-\n9381/33/3/035010 [arXiv:1512.02076 [astro-ph.IM]].\n[12] W. Zhao, Y. Zhang, X. P. You and Z. H. Zhu, Phys. Rev. D 87(2013) no.12, 124012\ndoi:10.1103/PhysRevD.87.124012 [",
        "page": 22,
        "link": "https://ui.adsabs.harvard.edu/link_gateway/2021PhRvD.104l3537S/EPRINT_PDF",
        "title": "Gravitational waves and primordial black holes from supersymmetric hybrid inflation"
    },
    "2021PhRvD.104l3537S_page_22_chunk_3": {
        "text": "6)no.3, 035010doi:10.1088/0264-\n9381/33/3/035010 [arXiv:1512.02076 [astro-ph.IM]].\n[12] W. Zhao, Y. Zhang, X. P. You and Z. H. Zhu, Phys. Rev. D 87(2013) no.12, 124012\ndoi:10.1103/PhysRevD.87.124012 [arXiv:1303.6718 [astro-ph.CO]].\n[13] G. Ballesteros and M. Taoso, Phys. Rev. D 97(2018) no.2, 023501\ndoi:10.1103/PhysRevD.97.023501 [arXiv:1709.05565 [hep-ph]].\n[14] T. Gao and Z. Guo, Phys. Rev. D 98(2018) no.6, 063526\ndoi:10.1103/PhysRevD.98.063526 [arXiv:1806.09320 [hep-ph]].\n21",
        "page": 22,
        "link": "https://ui.adsabs.harvard.edu/link_gateway/2021PhRvD.104l3537S/EPRINT_PDF",
        "title": "Gravitational waves and primordial black holes from supersymmetric hybrid inflation"
    },
    "2021PhRvD.104l3537S_page_23_chunk_1": {
        "text": "[15] M. Cicoli, V. A. Diaz and F. G. Pedro, JCAP 06(2018), 034 doi:10.1088/1475-\n7516/2018/06/034 [arXiv:1803.02837 [hep-th]].\n[16] I. Dalianis, A. Kehagias and G. Tringas, JCAP 01(2019), 037 doi:10.1088/1475-\n7516/2019/01/037 [arXiv:1805.09483 [astro-ph.CO]].\n[17] J. Garcia-Bellido and E. Ruiz Morales, Phys. Dark Univ. 18(2017), 47-54\ndoi:10.1016/j.dark.2017.09.007 [arXiv:1702.03901 [astro-ph.CO]].\n[18] J. M. Ezquiaga, J. Garcia-Bellido and E. Ruiz Morales, Phys. Lett. B 776(2018),\n345-349 doi:10.1016/j.physletb.2017.11.039 [arXiv:1705.04861 [astro-ph.CO]].\n[19] D. V. Nanopoulos, V. C. Spanos and I. D. Stamou, Phys. Rev. D 102(2020) no.8,\n083536 doi:10.1103/PhysRevD.102.083536 [arXiv:2008.01457 [astro-ph.CO]].\n[20] I. D. Stamou, Phys. Rev. D 103(2021) no.8, 083512\ndoi:10.1103/PhysRevD.103.083512 [arXiv:2104.08654 [hep-ph]].\n[21] M. P. Hertzberg and M. Yamada, Phys. Rev. D 97(2018) no.8, 083509\ndoi:10.1103/PhysRevD.97.083509 [arXiv:1712.09750 [astro-ph.CO]].\n[22] G. Ballesteros, J. Rey",
        "page": 23,
        "link": "https://ui.adsabs.harvard.edu/link_gateway/2021PhRvD.104l3537S/EPRINT_PDF",
        "title": "Gravitational waves and primordial black holes from supersymmetric hybrid inflation"
    },
    "2021PhRvD.104l3537S_page_23_chunk_2": {
        "text": ".083512 [arXiv:2104.08654 [hep-ph]].\n[21] M. P. Hertzberg and M. Yamada, Phys. Rev. D 97(2018) no.8, 083509\ndoi:10.1103/PhysRevD.97.083509 [arXiv:1712.09750 [astro-ph.CO]].\n[22] G. Ballesteros, J. Rey and F. Rompineve, JCAP 06(2020), 014 doi:10.1088/1475-\n7516/2020/06/014 [arXiv:1912.01638 [astro-ph.CO]].\n[23] K. Kefala, G. P. Kodaxis, I. D. Stamou and N. Tetradis, [arXiv:2010.12483 [astro-\nph.CO]].\n[24] I. Dalianis, G. P. Kodaxis, I. D. Stamou, N. Tetradis and A. Tsigkas-Kouvelis,\n[arXiv:2106.02467 [astro-ph.CO]].\n[25] M. Braglia, D. K. Hazra, L. Sriramkumar and F. Finelli, JCAP 08(2020), 025\ndoi:10.1088/1475-7516/2020/08/025 [arXiv:2004.00672 [astro-ph.CO]].\n[26] M.Braglia, D.K.Hazra, F.Finelli, G.F.Smoot, L.SriramkumarandA.A.Starobin-\nsky, JCAP 08(2020), 001 doi:10.1088/1475-7516/2020/08/001 [arXiv:2005.02895\n[astro-ph.CO]].\n[27] M. Braglia, X. Chen and D. K. Hazra, JCAP 03(2021), 005 doi:10.1088/1475-\n7516/2021/03/005 [arXiv:2012.05821 [astro-ph.CO]].\n[28] G. A. Palma, S. Sypsas an",
        "page": 23,
        "link": "https://ui.adsabs.harvard.edu/link_gateway/2021PhRvD.104l3537S/EPRINT_PDF",
        "title": "Gravitational waves and primordial black holes from supersymmetric hybrid inflation"
    },
    "2021PhRvD.104l3537S_page_23_chunk_3": {
        "text": "8/001 [arXiv:2005.02895\n[astro-ph.CO]].\n[27] M. Braglia, X. Chen and D. K. Hazra, JCAP 03(2021), 005 doi:10.1088/1475-\n7516/2021/03/005 [arXiv:2012.05821 [astro-ph.CO]].\n[28] G. A. Palma, S. Sypsas and C. Zenteno, Phys. Rev. Lett. 125(2020) no.12, 121301\ndoi:10.1103/PhysRevLett.125.121301 [arXiv:2004.06106 [astro-ph.CO]].\n[29] J. Fumagalli, S. Renaux-Petel, J. W. Ronayne and L. T. Witkowski,\n[arXiv:2004.08369 [hep-th]].\n22",
        "page": 23,
        "link": "https://ui.adsabs.harvard.edu/link_gateway/2021PhRvD.104l3537S/EPRINT_PDF",
        "title": "Gravitational waves and primordial black holes from supersymmetric hybrid inflation"
    },
    "2021PhRvD.104l3537S_page_24_chunk_1": {
        "text": "[30] A. Gundhi, S. V. Ketov and C. F. Steinwachs, Phys. Rev. D 103(2021) no.8, 083518\ndoi:10.1103/PhysRevD.103.083518 [arXiv:2011.05999 [hep-th]].\n[31] M. Khlopov, Symmetry 7(2015) no.2, 815-842 doi:10.3390/sym7020815\n[arXiv:1505.08077 [astro-ph.CO]].\n[32] S. V. Ketov and M. Y. Khlopov, Symmetry 11(2019) no.4, 511\ndoi:10.3390/sym11040511\n[33] S. Mukherjee and J. Silk, doi:10.1093/mnras/stab1932 [arXiv:2105.11139 [gr-qc]].\n[34] S. Mukherjee, M. S. P. Meinema and J. Silk, [arXiv:2107.02181 [astro-ph.CO]].\n[35] S. Vagnozzi, Mon. Not. Roy. Astron. Soc. 502(2021) no.1, L11-L15\ndoi:10.1093/mnrasl/slaa203 [arXiv:2009.13432 [astro-ph.CO]].\n[36] S. Pi, Y. l. Zhang, Q. G. Huang and M. Sasaki, JCAP 05(2018), 042\ndoi:10.1088/1475-7516/2018/05/042 [arXiv:1712.09896 [astro-ph.CO]].\n[37] R. G. Cai, Z. K. Guo, J. Liu, L. Liu and X. Y. Yang, JCAP 06(2020), 013\ndoi:10.1088/1475-7516/2020/06/013 [arXiv:1912.10437 [astro-ph.CO]].\n[38] K. Kohri and T. Terada, Phys. Lett. B 813(2021), 136040\ndoi:10.1016/j.p",
        "page": 24,
        "link": "https://ui.adsabs.harvard.edu/link_gateway/2021PhRvD.104l3537S/EPRINT_PDF",
        "title": "Gravitational waves and primordial black holes from supersymmetric hybrid inflation"
    },
    "2021PhRvD.104l3537S_page_24_chunk_2": {
        "text": " Guo, J. Liu, L. Liu and X. Y. Yang, JCAP 06(2020), 013\ndoi:10.1088/1475-7516/2020/06/013 [arXiv:1912.10437 [astro-ph.CO]].\n[38] K. Kohri and T. Terada, Phys. Lett. B 813(2021), 136040\ndoi:10.1016/j.physletb.2020.136040 [arXiv:2009.11853 [astro-ph.CO]].\n[39] A. Ashoorioon, A. Rostami and J. T. Firouzjaee, JHEP 07(2021), 087\ndoi:10.1007/JHEP07(2021)087 [arXiv:1912.13326 [astro-ph.CO]].\n[40] A. Ashoorioon, A. Rostami and J. T. Firouzjaee, Phys. Rev. D 103(2021), 123512\ndoi:10.1103/PhysRevD.103.123512 [arXiv:2012.02817 [astro-ph.CO]].\n[41] J. A. Adams, B. Cresswell and R. Easther, Phys. Rev. D 64(2001), 123514\ndoi:10.1103/PhysRevD.64.123514 [arXiv:astro-ph/0102236 [astro-ph]].\n[42] D. K. Hazra, M. Aich, R. K. Jain, L. Sriramkumar and T. Souradeep, JCAP 10\n(2010), 008 doi:10.1088/1475-7516/2010/10/008 [arXiv:1005.2175 [astro-ph.CO]].\n[43] A. D. Linde, Phys. Rev. D 49(1994), 748-754 doi:10.1103/PhysRevD.49.748\n[arXiv:astro-ph/9307002 [astro-ph]].\n[44] A. D. Linde, Phys. Lett. B 259(1991), 3",
        "page": 24,
        "link": "https://ui.adsabs.harvard.edu/link_gateway/2021PhRvD.104l3537S/EPRINT_PDF",
        "title": "Gravitational waves and primordial black holes from supersymmetric hybrid inflation"
    },
    "2021PhRvD.104l3537S_page_24_chunk_3": {
        "text": "0/10/008 [arXiv:1005.2175 [astro-ph.CO]].\n[43] A. D. Linde, Phys. Rev. D 49(1994), 748-754 doi:10.1103/PhysRevD.49.748\n[arXiv:astro-ph/9307002 [astro-ph]].\n[44] A. D. Linde, Phys. Lett. B 259(1991), 38-47 doi:10.1016/0370-2693(91)90130-I\n[45] E. J. Copeland, A. R. Liddle, D. H. Lyth, E. D. Stewart and D. Wands, Phys.\nRev. D 49(1994), 6410-6433 doi:10.1103/PhysRevD.49.6410 [arXiv:astro-ph/9401011\n[astro-ph]].\n23",
        "page": 24,
        "link": "https://ui.adsabs.harvard.edu/link_gateway/2021PhRvD.104l3537S/EPRINT_PDF",
        "title": "Gravitational waves and primordial black holes from supersymmetric hybrid inflation"
    },
    "2021PhRvD.104l3537S_page_25_chunk_1": {
        "text": "[46] S. Mollerach, S. Matarrese and F. Lucchin, Phys. Rev. D 50(1994), 4835-4841\ndoi:10.1103/PhysRevD.50.4835 [arXiv:astro-ph/9309054 [astro-ph]].\n[47] A. D. Linde and A. Riotto, Phys. Rev. D 56(1997), R1841-R1844\ndoi:10.1103/PhysRevD.56.R1841 [arXiv:hep-ph/9703209 [hep-ph]].\n[48] Y. Akrami et al.[Planck], Astron. Astrophys. 641(2020), A10 doi:10.1051/0004-\n6361/201833887 [arXiv:1807.06211 [astro-ph.CO]].\n[49] P. Ade et al.[Planck], Astron. Astrophys. 594(2016), A20 doi:10.1051/0004-\n6361/201525898 [arXiv:1502.02114 [astro-ph.CO]].\n[50] G. R. Dvali, Q. Shaﬁ and R. K. Schaefer, Phys. Rev. Lett. 73(1994), 1886-1889\ndoi:10.1103/PhysRevLett.73.1886 [arXiv:hep-ph/9406319 [hep-ph]].\n[51] M. Bastero-Gil, S. F. King and Q. Shaﬁ, Phys. Lett. B 651(2007), 345-351\ndoi:10.1016/j.physletb.2006.06.085 [arXiv:hep-ph/0604198 [hep-ph]].\n[52] S. Dimopoulos, G. R. Dvali and R. Rattazzi, Phys. Lett. B 410(1997), 119-124\ndoi:10.1016/S0370-2693(97)00970-2 [arXiv:hep-ph/9705348 [hep-ph]].\n[53] G. R. Dvali, G",
        "page": 25,
        "link": "https://ui.adsabs.harvard.edu/link_gateway/2021PhRvD.104l3537S/EPRINT_PDF",
        "title": "Gravitational waves and primordial black holes from supersymmetric hybrid inflation"
    },
    "2021PhRvD.104l3537S_page_25_chunk_2": {
        "text": "arXiv:hep-ph/0604198 [hep-ph]].\n[52] S. Dimopoulos, G. R. Dvali and R. Rattazzi, Phys. Lett. B 410(1997), 119-124\ndoi:10.1016/S0370-2693(97)00970-2 [arXiv:hep-ph/9705348 [hep-ph]].\n[53] G. R. Dvali, G. Lazarides and Q. Shaﬁ, Phys. Lett. B 424(1998), 259-264\ndoi:10.1016/S0370-2693(98)00145-2 [arXiv:hep-ph/9710314 [hep-ph]].\n[54] C. Panagiotakopoulos and N. Tetradis, Phys. Rev. D 59(1999), 083502\ndoi:10.1103/PhysRevD.59.083502 [arXiv:hep-ph/9710526 [hep-ph]].\n[55] N. Tetradis, Phys. Rev. D 57(1998), 5997-6002 doi:10.1103/PhysRevD.57.5997\n[arXiv:astro-ph/9707214 [astro-ph]].\n[56] G. Lazarides and N. Tetradis, Phys. Rev. D 58(1998), 123502\ndoi:10.1103/PhysRevD.58.123502 [arXiv:hep-ph/9802242 [hep-ph]].\n[57] S. Clesse, Phys. Rev. D 83(2011), 063518 doi:10.1103/PhysRevD.83.063518\n[arXiv:1006.4522 [gr-qc]].\n[58] C.Pallis, JCAP 04(2009), 024doi:10.1088/1475-7516/2009/04/024[arXiv:0902.0334\n[hep-ph]].\n[59] R. Armillis and C. Pallis, [arXiv:1211.4011 [hep-ph]].\n[60] C. Pallis and Q. Shaﬁ, Phys. ",
        "page": 25,
        "link": "https://ui.adsabs.harvard.edu/link_gateway/2021PhRvD.104l3537S/EPRINT_PDF",
        "title": "Gravitational waves and primordial black holes from supersymmetric hybrid inflation"
    },
    "2021PhRvD.104l3537S_page_25_chunk_3": {
        "text": "2 [gr-qc]].\n[58] C.Pallis, JCAP 04(2009), 024doi:10.1088/1475-7516/2009/04/024[arXiv:0902.0334\n[hep-ph]].\n[59] R. Armillis and C. Pallis, [arXiv:1211.4011 [hep-ph]].\n[60] C. Pallis and Q. Shaﬁ, Phys. Lett. B 725(2013), 327-333\ndoi:10.1016/j.physletb.2013.07.029 [arXiv:1304.5202 [hep-ph]].\n[61] C. Pallis and Q. Shaﬁ, Phys. Lett. B 736(2014), 261-266\ndoi:10.1016/j.physletb.2014.07.031 [arXiv:1405.7645 [hep-ph]].\n24",
        "page": 25,
        "link": "https://ui.adsabs.harvard.edu/link_gateway/2021PhRvD.104l3537S/EPRINT_PDF",
        "title": "Gravitational waves and primordial black holes from supersymmetric hybrid inflation"
    },
    "2021PhRvD.104l3537S_page_26_chunk_1": {
        "text": "[62] K. Dimopoulos and C. Owen, JCAP 10(2016), 020 doi:10.1088/1475-\n7516/2016/10/020 [arXiv:1606.06677 [hep-ph]].\n[63] K. Kadota, T. Kobayashi and K. Sumita, JCAP 11(2017), 033 doi:10.1088/1475-\n7516/2017/11/033 [arXiv:1707.00813 [hep-ph]].\n[64] M. U. Rehman, Q. Shaﬁ and J. R. Wickman, Phys. Lett. B 683(2010), 191-195\ndoi:10.1016/j.physletb.2009.12.010 [arXiv:0908.3896 [hep-ph]].\n[65] M. Yamaguchi and J. Yokoyama, Phys. Rev. D 70(2004), 023513\ndoi:10.1103/PhysRevD.70.023513 [arXiv:hep-ph/0402282 [hep-ph]].\n[66] L.Wu, S. Hu and T. Li, Eur. Phys. J. C 77(2017) no.3, 168 doi:10.1140/epjc/s10052-\n017-4741-9 [arXiv:1605.00735 [hep-ph]].\n[67] A. Moursy, JHEP 02(2021), 230 doi:10.1007/JHEP02(2021)230 [arXiv:2009.14149\n[hep-ph]].\n[68] S. Antusch, K. Dutta and P. M. Kostka, Phys. Lett. B 677(2009), 221-225\ndoi:10.1016/j.physletb.2009.05.043 [arXiv:0902.2934 [hep-ph]].\n[69] D. H. Lyth, [arXiv:1107.1681 [astro-ph.CO]].\n[70] S. Clesse and J. García-Bellido, Phys. Rev. D 92(2015) no.2, 023524\ndoi:",
        "page": 26,
        "link": "https://ui.adsabs.harvard.edu/link_gateway/2021PhRvD.104l3537S/EPRINT_PDF",
        "title": "Gravitational waves and primordial black holes from supersymmetric hybrid inflation"
    },
    "2021PhRvD.104l3537S_page_26_chunk_2": {
        "text": ", 221-225\ndoi:10.1016/j.physletb.2009.05.043 [arXiv:0902.2934 [hep-ph]].\n[69] D. H. Lyth, [arXiv:1107.1681 [astro-ph.CO]].\n[70] S. Clesse and J. García-Bellido, Phys. Rev. D 92(2015) no.2, 023524\ndoi:10.1103/PhysRevD.92.023524 [arXiv:1501.07565 [astro-ph.CO]].\n[71] T. Kanazawa, M. Kawasaki and T. Yanagida, Phys. Lett. B 482(2000), 174-182\ndoi:10.1016/S0370-2693(00)00499-8 [arXiv:hep-ph/0002236 [hep-ph]].\n[72] K. Y. Choi, S. b. Kang and R. N. Raveendran, JCAP 06(2021), 054\ndoi:10.1088/1475-7516/2021/06/054 [arXiv:2102.02461 [astro-ph.CO]].\n[73] J. Garcia-Bellido and D. G. Figueroa, Phys. Rev. Lett. 98(2007), 061302\ndoi:10.1103/PhysRevLett.98.061302 [arXiv:astro-ph/0701014 [astro-ph]].\n[74] M. Civiletti, M. U. Rehman, Q. Shaﬁ and J. R. Wickman, Phys. Rev. D 84(2011),\n103505 doi:10.1103/PhysRevD.84.103505 [arXiv:1104.4143 [astro-ph.CO]].\n[75] M. Kawasaki, K. Saikawa and N. Takeda, Phys. Rev. D 87(2013) no.10, 103521\ndoi:10.1103/PhysRevD.87.103521 [arXiv:1208.4160 [astro-ph.CO]].\n[76] G. L",
        "page": 26,
        "link": "https://ui.adsabs.harvard.edu/link_gateway/2021PhRvD.104l3537S/EPRINT_PDF",
        "title": "Gravitational waves and primordial black holes from supersymmetric hybrid inflation"
    },
    "2021PhRvD.104l3537S_page_26_chunk_3": {
        "text": "evD.84.103505 [arXiv:1104.4143 [astro-ph.CO]].\n[75] M. Kawasaki, K. Saikawa and N. Takeda, Phys. Rev. D 87(2013) no.10, 103521\ndoi:10.1103/PhysRevD.87.103521 [arXiv:1208.4160 [astro-ph.CO]].\n[76] G. Lazarides, M. U. Rehman, Q. Shaﬁ and F. K. Vardag, Phys. Rev. D 103(2021)\nno.3, 035033 doi:10.1103/PhysRevD.103.035033 [arXiv:2007.01474 [hep-ph]].\n[77] G. Lazarides and C. Panagiotakopoulos, Phys. Rev. D 92(2015) no.12, 123502\ndoi:10.1103/PhysRevD.92.123502 [arXiv:1505.04926 [hep-ph]].\n25",
        "page": 26,
        "link": "https://ui.adsabs.harvard.edu/link_gateway/2021PhRvD.104l3537S/EPRINT_PDF",
        "title": "Gravitational waves and primordial black holes from supersymmetric hybrid inflation"
    },
    "2021PhRvD.104l3537S_page_27_chunk_1": {
        "text": "[78] R. g. Cai, S. Pi and M. Sasaki, Phys. Rev. Lett. 122(2019) no.20, 201101\ndoi:10.1103/PhysRevLett.122.201101 [arXiv:1810.11000 [astro-ph.CO]].\n[79] R. G. Cai, S. Pi, S. J. Wang and X. Y. Yang, JCAP 05(2019), 013 doi:10.1088/1475-\n7516/2019/05/013 [arXiv:1901.10152 [astro-ph.CO]].\n[80] G. Domènech, V. Takhistov and M. Sasaki, [arXiv:2105.06816 [astro-ph.CO]]. LaTeX\n(EU)\n[81] S. Pi and M. Sasaki, JCAP 09(2020), 037 doi:10.1088/1475-7516/2020/09/037\n[arXiv:2005.12306 [gr-qc]].\n[82] H. Kodama, K. Kohri and K. Nakayama, Prog. Theor. Phys. 126(2011), 331-350\ndoi:10.1143/PTP.126.331 [arXiv:1102.5612 [astro-ph.CO]].\n[83] S. V. Ketov and T. Terada, Eur. Phys. J. C 76(2016) no.8, 438\ndoi:10.1140/epjc/s10052-016-4283-6 [arXiv:1606.02817 [hep-th]].\n[84] E. Cremmer, B. Julia, J. Scherk, S. Ferrara, L. Girardello and P. van\nNieuwenhuizen Nuclear Physics B, Volume 147, Issues 1–2, 1979, Pages 105-131,\ndoi://doi.org/10.1016/0550-3213(79)90417-6.\n[85] H. Bernardo and H. Nastase, JHEP 09(2016), 071 ",
        "page": 27,
        "link": "https://ui.adsabs.harvard.edu/link_gateway/2021PhRvD.104l3537S/EPRINT_PDF",
        "title": "Gravitational waves and primordial black holes from supersymmetric hybrid inflation"
    },
    "2021PhRvD.104l3537S_page_27_chunk_2": {
        "text": " L. Girardello and P. van\nNieuwenhuizen Nuclear Physics B, Volume 147, Issues 1–2, 1979, Pages 105-131,\ndoi://doi.org/10.1016/0550-3213(79)90417-6.\n[85] H. Bernardo and H. Nastase, JHEP 09(2016), 071 doi:10.1007/JHEP09(2016)071\n[arXiv:1605.01934 [hep-th]].\n[86] S. Clesse, B. Garbrecht and Y. Zhu, Phys. Rev. D 89(2014) no.6, 063519\ndoi:10.1103/PhysRevD.89.063519 [arXiv:1304.7042 [astro-ph.CO]].\n[87] M. Sasaki and E. D. Stewart, Prog. Theor. Phys. 95(1996), 71-78\ndoi:10.1143/PTP.95.71 [arXiv:astro-ph/9507001 [astro-ph]].\n[88] T. Fujita, M. Kawasaki and Y. Tada, JCAP 10(2014), 030 doi:10.1088/1475-\n7516/2014/10/030 [arXiv:1405.2187 [astro-ph.CO]].\n[89] C.Ringeval, Lect.NotesPhys. 738(2008), 243-273doi:10.1007/978-3-540-74353-8_7\n[arXiv:astro-ph/0703486 [astro-ph]].\n[90] S. Bird, H.V. Peiris, M. Viel , L. Verde MNRAS, May 2011,Vol 413, Issue 3, 1717–\n1728 doi:10.1111/j.1365-2966.2011.18245.x [arXiv:1010.1519 [astro-ph.CO]].\n[91] D. J. Fixsen, E. S. Cheng, J. M. Gales, J. C. Mather, R. A. S",
        "page": 27,
        "link": "https://ui.adsabs.harvard.edu/link_gateway/2021PhRvD.104l3537S/EPRINT_PDF",
        "title": "Gravitational waves and primordial black holes from supersymmetric hybrid inflation"
    },
    "2021PhRvD.104l3537S_page_27_chunk_3": {
        "text": "M. Viel , L. Verde MNRAS, May 2011,Vol 413, Issue 3, 1717–\n1728 doi:10.1111/j.1365-2966.2011.18245.x [arXiv:1010.1519 [astro-ph.CO]].\n[91] D. J. Fixsen, E. S. Cheng, J. M. Gales, J. C. Mather, R. A. Shafer and E. L. Wright,\nAstrophys.J. 473(1996), 576doi:10.1086/178173[arXiv:astro-ph/9605054[astro-ph]].\n[92] T. Nakama, T. Suyama and J. Yokoyama, Phys. Rev. Lett. 113(2014), 061302\ndoi:10.1103/PhysRevLett.113.061302 [arXiv:1403.5407 [astro-ph.CO]].\n26",
        "page": 27,
        "link": "https://ui.adsabs.harvard.edu/link_gateway/2021PhRvD.104l3537S/EPRINT_PDF",
        "title": "Gravitational waves and primordial black holes from supersymmetric hybrid inflation"
    },
    "2021PhRvD.104l3537S_page_28_chunk_1": {
        "text": "[93] D. Jeong, J. Pradler, J. Chluba and M. Kamionkowski, Phys. Rev. Lett. 113(2014),\n061301 doi:10.1103/PhysRevLett.113.061301 [arXiv:1403.3697 [astro-ph.CO]].\n[94] V. Acquaviva, N. Bartolo, S. Matarrese and A. Riotto, Nucl. Phys. B 667(2003),\n119-148 doi:10.1016/S0550-3213(03)00550-9 [arXiv:astro-ph/0209156 [astro-ph]].\n[95] S. Mollerach, D. Harari and S. Matarrese, Phys. Rev. D 69(2004), 063002\ndoi:10.1103/PhysRevD.69.063002 [arXiv:astro-ph/0310711 [astro-ph]].\n[96] K. N. Ananda, C. Clarkson and D. Wands, Phys. Rev. D 75(2007), 123518\ndoi:10.1103/PhysRevD.75.123518 [arXiv:gr-qc/0612013 [gr-qc]].\n[97] D. Baumann, P. J. Steinhardt, K. Takahashi and K. Ichiki, Phys. Rev. D 76(2007),\n084019 doi:10.1103/PhysRevD.76.084019 [arXiv:hep-th/0703290 [hep-th]].\n[98] J. R. Espinosa, D. Racco and A. Riotto, JCAP 09(2018), 012 doi:10.1088/1475-\n7516/2018/09/012 [arXiv:1804.07732 [hep-ph]].\n[99] K. Kohri and T. Terada, Phys. Rev. D 97(2018) no.12, 123532\ndoi:10.1103/PhysRevD.97.123532 [arXiv:1804.0",
        "page": 28,
        "link": "https://ui.adsabs.harvard.edu/link_gateway/2021PhRvD.104l3537S/EPRINT_PDF",
        "title": "Gravitational waves and primordial black holes from supersymmetric hybrid inflation"
    },
    "2021PhRvD.104l3537S_page_28_chunk_2": {
        "text": "Riotto, JCAP 09(2018), 012 doi:10.1088/1475-\n7516/2018/09/012 [arXiv:1804.07732 [hep-ph]].\n[99] K. Kohri and T. Terada, Phys. Rev. D 97(2018) no.12, 123532\ndoi:10.1103/PhysRevD.97.123532 [arXiv:1804.08577 [gr-qc]].\n[100] S. Matarrese, S. Mollerach and M. Bruni, Phys. Rev. D 58(1998), 043504\ndoi:10.1103/PhysRevD.58.043504 [arXiv:astro-ph/9707278 [astro-ph]].\n[101] M. Maggiore, Phys. Rept. 331(2000), 283-367 doi:10.1016/S0370-1573(99)00102-7\n[arXiv:gr-qc/9909001 [gr-qc]].\n[102] V. De Luca, G. Franciolini and A. Riotto, Phys. Rev. Lett. 126(2021) no.4, 041303\ndoi:10.1103/PhysRevLett.126.041303 [arXiv:2009.08268 [astro-ph.CO]].\n[103] B. J. Carr, Astrophys. J. 201(1975), 1-19 doi:10.1086/153853\n[104] T. Harada, C. M. Yoo and K. Kohri, Phys. Rev. D 88(2013) no.8, 084051\n[erratum: Phys. Rev. D 89(2014) no.2, 029903] doi:10.1103/PhysRevD.88.084051\n[arXiv:1309.4201 [astro-ph.CO]].\n[105] I. Musco, J. C. Miller and A. G. Polnarev, Class. Quant. Grav. 26(2009), 235001\ndoi:10.1088/0264-9381/26/23/2",
        "page": 28,
        "link": "https://ui.adsabs.harvard.edu/link_gateway/2021PhRvD.104l3537S/EPRINT_PDF",
        "title": "Gravitational waves and primordial black holes from supersymmetric hybrid inflation"
    },
    "2021PhRvD.104l3537S_page_28_chunk_3": {
        "text": "(2014) no.2, 029903] doi:10.1103/PhysRevD.88.084051\n[arXiv:1309.4201 [astro-ph.CO]].\n[105] I. Musco, J. C. Miller and A. G. Polnarev, Class. Quant. Grav. 26(2009), 235001\ndoi:10.1088/0264-9381/26/23/235001 [arXiv:0811.1452 [gr-qc]].\n[106] I. Musco, J. C. Miller and L. Rezzolla, Class. Quant. Grav. 22(2005), 1405-1424\ndoi:10.1088/0264-9381/22/7/013 [arXiv:gr-qc/0412063 [gr-qc]].\n[107] I. Musco and J. C. Miller, Class. Quant. Grav. 30(2013), 145009 doi:10.1088/0264-\n9381/30/14/145009 [arXiv:1201.2379 [gr-qc]].\n[108] I.Musco, Phys.Rev.D 100(2019)no.12, 123524doi:10.1103/PhysRevD.100.123524\n[arXiv:1809.02127 [gr-qc]].\n27",
        "page": 28,
        "link": "https://ui.adsabs.harvard.edu/link_gateway/2021PhRvD.104l3537S/EPRINT_PDF",
        "title": "Gravitational waves and primordial black holes from supersymmetric hybrid inflation"
    },
    "2021PhRvD.104l3537S_page_29_chunk_1": {
        "text": "[109] A. Escrivà, C. Germani and R. K. Sheth, Phys. Rev. D 101(2020) no.4, 044022\ndoi:10.1103/PhysRevD.101.044022 [arXiv:1907.13311 [gr-qc]].\n[110] A. Escrivà, C. Germani and R. K. Sheth, JCAP 01(2021), 030 doi:10.1088/1475-\n7516/2021/01/030 [arXiv:2007.05564 [gr-qc]].\n[111] I. Musco, V. De Luca, G. Franciolini and A. Riotto, Phys. Rev. D 103(2021) no.6,\n063538 doi:10.1103/PhysRevD.103.063538 [arXiv:2011.03014 [astro-ph.CO]].\n[112] B. J. Carr, K. Kohri, Y. Sendouda and J. Yokoyama, Phys. Rev. D 81(2010),\n104019 doi:10.1103/PhysRevD.81.104019 [arXiv:0912.5297 [astro-ph.CO]].\n[113] Y. Inoue and A. Kusenko, JCAP 10(2017), 034 doi:10.1088/1475-\n7516/2017/10/034 [arXiv:1705.00791 [astro-ph.CO]].\n[114] P. Montero-Camacho, X. Fang, G. Vasquez, M. Silva and C. M. Hirata, JCAP 08\n(2019), 031 doi:10.1088/1475-7516/2019/08/031 [arXiv:1906.05950 [astro-ph.CO]].\n[115] A. Katz, J. Kopp, S. Sibiryakov and W. Xue, JCAP 12(2018), 005\ndoi:10.1088/1475-7516/2018/12/005 [arXiv:1807.11495 [astro-ph.CO]].\n[",
        "page": 29,
        "link": "https://ui.adsabs.harvard.edu/link_gateway/2021PhRvD.104l3537S/EPRINT_PDF",
        "title": "Gravitational waves and primordial black holes from supersymmetric hybrid inflation"
    },
    "2021PhRvD.104l3537S_page_29_chunk_2": {
        "text": ".1088/1475-7516/2019/08/031 [arXiv:1906.05950 [astro-ph.CO]].\n[115] A. Katz, J. Kopp, S. Sibiryakov and W. Xue, JCAP 12(2018), 005\ndoi:10.1088/1475-7516/2018/12/005 [arXiv:1807.11495 [astro-ph.CO]].\n[116] V. Poulin, P. D. Serpico, F. Calore, S. Clesse and K. Kohri, Phys. Rev. D 96(2017)\nno.8, 083524 doi:10.1103/PhysRevD.96.083524 [arXiv:1707.04206 [astro-ph.CO]].\n[117] F. Capela, M. Pshirkov and P. Tinyakov, Phys. Rev. D 87(2013) no.12, 123524\ndoi:10.1103/PhysRevD.87.123524 [arXiv:1301.4984 [astro-ph.CO]].\n[118] H. Niikura, M. Takada, N. Yasuda, R. H. Lupton, T. Sumi, S. More, T. Kurita,\nS. Sugiyama, A. More and M. Oguri, et al.Nature Astron. 3(2019) no.6, 524-534\ndoi:10.1038/s41550-019-0723-1 [arXiv:1701.02151 [astro-ph.CO]].\n[119] L. Wyrzykowski, J. Skowron, S. Kozlowski, A. Udalski, M. K. Szymanski, M. Ku-\nbiak, G. Pietrzynski, I. Soszynski, O. Szewczyk and K. Ulaczyk, et al.Mon. Not. Roy.\nAstron. Soc. 416(2011), 2949 doi:10.1111/j.1365-2966.2011.19243.x [arXiv:1106.2925\n[astro-ph.G",
        "page": 29,
        "link": "https://ui.adsabs.harvard.edu/link_gateway/2021PhRvD.104l3537S/EPRINT_PDF",
        "title": "Gravitational waves and primordial black holes from supersymmetric hybrid inflation"
    },
    "2021PhRvD.104l3537S_page_29_chunk_3": {
        "text": "K. Szymanski, M. Ku-\nbiak, G. Pietrzynski, I. Soszynski, O. Szewczyk and K. Ulaczyk, et al.Mon. Not. Roy.\nAstron. Soc. 416(2011), 2949 doi:10.1111/j.1365-2966.2011.19243.x [arXiv:1106.2925\n[astro-ph.GA]].\n[120] K. Griest, A. M. Cieplak and M. J. Lehner, Phys. Rev. Lett. 111(2013) no.18,\n181302 doi:10.1103/PhysRevLett.111.181302\n[121] P. Tisserand et al.[EROS-2], Astron. Astrophys. 469(2007), 387-404\ndoi:10.1051/0004-6361:20066017 [arXiv:astro-ph/0607207 [astro-ph]].\n[122] Y. Ali-Haïmoud and M. Kamionkowski, Phys. Rev. D 95(2017) no.4, 043534\ndoi:10.1103/PhysRevD.95.043534 [arXiv:1612.05644 [astro-ph.CO]].\n28",
        "page": 29,
        "link": "https://ui.adsabs.harvard.edu/link_gateway/2021PhRvD.104l3537S/EPRINT_PDF",
        "title": "Gravitational waves and primordial black holes from supersymmetric hybrid inflation"
    },
    "2021PhRvD.104l3537S_page_30_chunk_1": {
        "text": "[123] D. Gaggero, G. Bertone, F. Calore, R. M. T. Connors, M. Lovell,\nS. Markoﬀ and E. Storm, Phys. Rev. Lett. 118(2017) no.24, 241101\ndoi:10.1103/PhysRevLett.118.241101 [arXiv:1612.00457 [astro-ph.HE]].\n[124] R. Barbieri and G. F. Giudice, Nucl. Phys. B 306(1988), 63-76 doi:10.1016/0550-\n3213(88)90171-X\n29",
        "page": 30,
        "link": "https://ui.adsabs.harvard.edu/link_gateway/2021PhRvD.104l3537S/EPRINT_PDF",
        "title": "Gravitational waves and primordial black holes from supersymmetric hybrid inflation"
    }
}