{
    "2021arXiv210506414K_page_1_chunk_1": {
        "text": "Prepared for submission to JCAP\nA study of an energy-dependent\nanisotropy of cosmic rays beyond the\nGZK cut-o\u000b with deep neural\nnetworks\nOleg Kalashev,a;bMaxim Pshirkov,a;c;dMikhail Zotove\naInstitute for Nuclear Research of the Russian Academy of Sciences, Moscow, 117312, Russia\nbMoscow Institute for Physics and Technology, 9 Institutskiy per., Dolgoprudny, Moscow\nRegion, 141701 Russia\ncSternberg Astronomical Institute, Lomonosov Moscow State University, Moscow, 119992,\nRussia\ndLebedev Physical Institute, Pushchino Radio Astronomy Observatory, 142290, Russia\neSkobeltsyn Institute of Nuclear Physics, Lomonosov Moscow State University, Moscow,\n119991, Russia\nE-mail: kalashev@inr.ac.ru, pshirkov@sai.msu.ru, zotov@eas.sinp.msu.ru\nAbstract. In this letter, we present an update of a method for analysing arrival directions of\nultra-high-energy cosmic rays (UHECRs) above the Greisen{Zatsepin{Kuz'min cut-o\u000b with a\ndeep convolutional neural network developed originally in Kalashev, Pshirkov, Zot",
        "page": 1,
        "link": "https://ui.adsabs.harvard.edu/link_gateway/2021arXiv210506414K/EPRINT_PDF",
        "title": "A study of an energydependent anisotropy of cosmic rays beyond the GZK cutoff with deep neural networks"
    },
    "2021arXiv210506414K_page_1_chunk_2": {
        "text": "nalysing arrival directions of\nultra-high-energy cosmic rays (UHECRs) above the Greisen{Zatsepin{Kuz'min cut-o\u000b with a\ndeep convolutional neural network developed originally in Kalashev, Pshirkov, Zotov (2020).\nNamely, we introduce energy as another variable employed in the analysis. This allows us\nto take into account the intrinsic uncertainties in energy of primary cosmic rays present in\nany experiment, which were not taken into account in the previous study, without any loss\nof quality of the classi\fer. We present the architecture of the new neural network, results of\nits application to mock maps of UHECR arrival directions and outline possible directions of\na further improvement of the method.\nKeywords: ultra-high-energy cosmic rays, anisotropy, active galactic nuclei, cosmic ray\nexperiments, deep learning, convolutional neural network, simulationsarXiv:2105.06414v1  [astro-ph.HE]  13 May 2021",
        "page": 1,
        "link": "https://ui.adsabs.harvard.edu/link_gateway/2021arXiv210506414K/EPRINT_PDF",
        "title": "A study of an energydependent anisotropy of cosmic rays beyond the GZK cutoff with deep neural networks"
    },
    "2021arXiv210506414K_page_1_chunk_3": {
        "text": "iments, deep learning, convolutional neural network, simulationsarXiv:2105.06414v1  [astro-ph.HE]  13 May 2021",
        "page": 1,
        "link": "https://ui.adsabs.harvard.edu/link_gateway/2021arXiv210506414K/EPRINT_PDF",
        "title": "A study of an energydependent anisotropy of cosmic rays beyond the GZK cutoff with deep neural networks"
    },
    "2021arXiv210506414K_page_2_chunk_1": {
        "text": "Contents\n1 Introduction 1\n2 Method 2\n3 Conclusions 5\n1 Introduction\nOrigin of the cosmic rays of the highest energies ( E&50 EeV, ultra-high-energy cosmic rays,\nUHECRs) remains one of the biggest mysteries of the high-energy astrophysics. Interaction\nwith the photon backround limits the distance of CR propagation to \u0018100 Mpc at these\nenergies. It is natural to expect that CR sources trace to a certain degree the non-uniform\nlocal matter distribution, and thus the distribution of UHECR arrival directions should be\nanisotropic. An investigation of this anisotropy and its properties is one of the main avenues\nin the UHECR research as it could strongly constrain the characteristics of their sources.\nIn this paper, we continue our studies of methods for probing a large-scale anisotropy\narising from a presence of a nearby source, which we began in [1, 2] (Papers 1 and 2 in what\nfollows). As a representative of a broader class of models we used a particular model for\ncosmic rays by Kachelrie\u0019",
        "page": 2,
        "link": "https://ui.adsabs.harvard.edu/link_gateway/2021arXiv210506414K/EPRINT_PDF",
        "title": "A study of an energydependent anisotropy of cosmic rays beyond the GZK cutoff with deep neural networks"
    },
    "2021arXiv210506414K_page_2_chunk_2": {
        "text": "from a presence of a nearby source, which we began in [1, 2] (Papers 1 and 2 in what\nfollows). As a representative of a broader class of models we used a particular model for\ncosmic rays by Kachelrie\u0019, Kalashev, Ostapchenko and Semikoz (KKOS in what follows) [3].\nThe model assumes that UHECRs are accelerated by (a subclass of) active galactic nuclei\n(AGN) with the energy spectra of nuclei following a power-law with a rigidity-dependent\ncut-o\u000b after the acceleration phase. The model successfully reproduces the energy spectrum\nof cosmic rays with energies beyond 1017eV registered with the Pierre Auger Observatory\nand the spectrum of high-energy neutrinos registered by IceCube, as well as data on the\ndepth of maximum of air showers Xmaxand RMS(Xmax). One of the consequences of the\nmodel is the existence of a nearby (within \u001820 Mpc) AGN acting as a source of UHECRs.\nPresence of such an accelerator would inevitably lead to deviations from isotropy at some\nlevel.\nIn Paper 1, we investigated ",
        "page": 2,
        "link": "https://ui.adsabs.harvard.edu/link_gateway/2021arXiv210506414K/EPRINT_PDF",
        "title": "A study of an energydependent anisotropy of cosmic rays beyond the GZK cutoff with deep neural networks"
    },
    "2021arXiv210506414K_page_2_chunk_3": {
        "text": "e existence of a nearby (within \u001820 Mpc) AGN acting as a source of UHECRs.\nPresence of such an accelerator would inevitably lead to deviations from isotropy at some\nlevel.\nIn Paper 1, we investigated imprints that this deviation would leave on the angular\npower spectrum (APS) of the UHECR \rux depending on the contribution from the strongest\nindividual source. We assumed that the source of UHECRs is one of \fve close AGNs (Cen\nA, M82, M87, Fornax A, NGC 253), which are the most probable candidates in our scenario.\nWe demonstrated that an observation of &200{300 events with energies &57 EeV would\nbe necessary to reject the hypothesis of isotropy with a high level of statistical signi\fcance if\nthe fraction of events from any of these sources is '10{15% of the total \rux.\nIn our next paper, we decided to develop another approach to an analysis of anisotropy\nbecause the APS calculation mostly destroys information about the characteristic shape\nand size of a region with events coming from a so",
        "page": 2,
        "link": "https://ui.adsabs.harvard.edu/link_gateway/2021arXiv210506414K/EPRINT_PDF",
        "title": "A study of an energydependent anisotropy of cosmic rays beyond the GZK cutoff with deep neural networks"
    },
    "2021arXiv210506414K_page_2_chunk_4": {
        "text": "ecided to develop another approach to an analysis of anisotropy\nbecause the APS calculation mostly destroys information about the characteristic shape\nand size of a region with events coming from a source, thus somehow decreasing sensitivity\nto a sought signal. In Paper 2, we exploited full information about arrival directions of\nUHECRs by using methods of machine learning, namely, a convolutional neural network\n(CNN) classi\fer. As arrival directions were distributed across the celestial sphere, the CNNs\nwere trained on a HEALPix grid [4]. This approach considerably increased sensitivity, as now\nthe number of events needed for establishing a large-scale anisotropy produced by UHECRs\narriving from a nearby source was \u00184 times smaller than in the case of the traditional APS\n{ 1 {",
        "page": 2,
        "link": "https://ui.adsabs.harvard.edu/link_gateway/2021arXiv210506414K/EPRINT_PDF",
        "title": "A study of an energydependent anisotropy of cosmic rays beyond the GZK cutoff with deep neural networks"
    },
    "2021arXiv210506414K_page_3_chunk_1": {
        "text": "analysis. For a \fxed sample size, the CNN strongly decreased the fraction of CRs arriving\nfrom the source necessary for a robust detection of an anisotropy. It is important to mention\nthat the KKOS model provides a heavy mass composition of UHECRs at energies above\n57 EeV thus resulting in much more fuzzy patterns of arrival directions if compared with\nthe case of a light (mostly proton and helium) composition. In this sense, our results were\nconservative since having more compact patterns will allow obtaining less restrictive demands\non the minimal number of from-source events needed to reject the isotropy hypothesis.\nHowever, we only used information about arrival directions of UHECRs while there is\nanother observable, energy. Besides this, we did not take into account the intrinsic uncer-\ntainties in the energy of primary cosmic rays arriving to Earth, which made samples used\nfor training and testing the CNNs more accurate than in any experiment. Less energetic\nparticles would be de",
        "page": 3,
        "link": "https://ui.adsabs.harvard.edu/link_gateway/2021arXiv210506414K/EPRINT_PDF",
        "title": "A study of an energydependent anisotropy of cosmic rays beyond the GZK cutoff with deep neural networks"
    },
    "2021arXiv210506414K_page_3_chunk_2": {
        "text": "r-\ntainties in the energy of primary cosmic rays arriving to Earth, which made samples used\nfor training and testing the CNNs more accurate than in any experiment. Less energetic\nparticles would be de\rected by larger angles generally, populating the periphery of the re-\ngion \flled with CRs arriving from a particular nearby source. It is natural to expect that\ntaking this uncertainty into account would diminish our results making them less relevant\nfor experimental data. This motivated us to to make the next step in the development of a\ndeep-learning-based approach to anisotropy studies of UHECRs by incorporating information\nabout energies and taking into account the above mentioned uncertainty. The preliminary\nresults of this study are presented in the letter.\n2 Method\nOur analysis employs mock maps of UHECR arrival directions that we generate using the\nKKOS scenario as the starting point. We considered \fve nearby active galactic nuclei Cen-\ntaurus A, M82, NGC 253, M87 and Fornax A as ",
        "page": 3,
        "link": "https://ui.adsabs.harvard.edu/link_gateway/2021arXiv210506414K/EPRINT_PDF",
        "title": "A study of an energydependent anisotropy of cosmic rays beyond the GZK cutoff with deep neural networks"
    },
    "2021arXiv210506414K_page_3_chunk_3": {
        "text": " mock maps of UHECR arrival directions that we generate using the\nKKOS scenario as the starting point. We considered \fve nearby active galactic nuclei Cen-\ntaurus A, M82, NGC 253, M87 and Fornax A as possible sources of UHECRs. In our scenario,\nall of them share the same injection spectrum and composition. However, these properties\nevolve during propagation of nuclei from the source to the Milky Way, and we take this into\naccount by using the TransportCR code [5], considering only UHECRs of the energies above\n56 EeV. This allowed us to neglect de\rections in extragalactic magnetic \felds [6] and to\nassume that UHECRs arrive to the Milky Way within \u00061\u000efrom the source position. Propa-\ngation from the Galactic boundary to the Earth was simulated using the CRPropa 3 code [7].\nThe calculations were performed on the HEALPix grid with Nside= 512. This allowed us to\nmap accurately arrival directions of UHECRs of di\u000berent rigidities at the Galactic boundary\nto arrival directions observed at Earth",
        "page": 3,
        "link": "https://ui.adsabs.harvard.edu/link_gateway/2021arXiv210506414K/EPRINT_PDF",
        "title": "A study of an energydependent anisotropy of cosmic rays beyond the GZK cutoff with deep neural networks"
    },
    "2021arXiv210506414K_page_3_chunk_4": {
        "text": "re performed on the HEALPix grid with Nside= 512. This allowed us to\nmap accurately arrival directions of UHECRs of di\u000berent rigidities at the Galactic boundary\nto arrival directions observed at Earth using the method of backpropagation.\nA mock map with Nevents was generated as follows. One takes the propagated spec-\ntrum at the Galactic boundary calculated with TransportCR for a source located at a given\ndistance from the Galaxy and samples it Nsrctimes, each time extracting some nuclei with an\nenergyEand charge Z. An observed arrival direction of a cosmic ray is found then for each\n(E;Z) pair (or, equivalently, for each rigidity) using the mapping obtained with CRPropa\nby backpropagation. The remaining N\u0000Nsrcevents are generated following the isotropic\ndistribution. The whole process is repeated many times in order to generate a su\u000eciently\nlarge number of maps for each source.\nIn Paper 1, we analysed these mock maps by calculating the angular power spectrum\nof CR arrival directions f",
        "page": 3,
        "link": "https://ui.adsabs.harvard.edu/link_gateway/2021arXiv210506414K/EPRINT_PDF",
        "title": "A study of an energydependent anisotropy of cosmic rays beyond the GZK cutoff with deep neural networks"
    },
    "2021arXiv210506414K_page_3_chunk_5": {
        "text": "repeated many times in order to generate a su\u000eciently\nlarge number of maps for each source.\nIn Paper 1, we analysed these mock maps by calculating the angular power spectrum\nof CR arrival directions following a method suggested by the IceCube and the Pierre Auger\nObservatory collaborations [8, 9]. The APS was calculated using maps of the relative intensity\nof the CR \rux obtained from these mock maps. After that, we calculated an estimator that\nquanti\fed di\u000berence between our APS and an APS of the isotropic \rux. It was assumed as\nthe null hypothesis H0that arrival directions of a mixed sample of UHECRs obey an isotropic\n{ 2 {",
        "page": 3,
        "link": "https://ui.adsabs.harvard.edu/link_gateway/2021arXiv210506414K/EPRINT_PDF",
        "title": "A study of an energydependent anisotropy of cosmic rays beyond the GZK cutoff with deep neural networks"
    },
    "2021arXiv210506414K_page_4_chunk_1": {
        "text": "distribution. We adopted the value of the error of the second kind (the probability not to\nreject the null hypothesis when it is false) \f= 0:05 and searched for a minimal fraction \u0011of\nfrom-source events in the total \rux such that the error of the \frst kind (the probability to\nreject the true null hypothesis) \u000b.0:01.\nEventually, the problem of source identi\fcation could be reformulated as as pattern\nrecognition task. Nowadays, tasks of this kind are often solved using Convolutional Neural\nNetworks (CNNs), a widely used subclass of feed-forward neural networks [10]. We applied\nthis approach for anisotropy analysis in our Paper 2. CNNs use local feature maps at di\u000berent\nscales to extract valuable information and perform a classi\fcation task. In the simplest case,\nit answers a question whether a map belongs to an \\isotropic\" or \\with source\" class. CNNs\nare routinely implemented for many programming languages and platforms, but mostly for\n\rat images only. In cosmic ray physics, one needs t",
        "page": 4,
        "link": "https://ui.adsabs.harvard.edu/link_gateway/2021arXiv210506414K/EPRINT_PDF",
        "title": "A study of an energydependent anisotropy of cosmic rays beyond the GZK cutoff with deep neural networks"
    },
    "2021arXiv210506414K_page_4_chunk_2": {
        "text": " a map belongs to an \\isotropic\" or \\with source\" class. CNNs\nare routinely implemented for many programming languages and platforms, but mostly for\n\rat images only. In cosmic ray physics, one needs to study an \\image\" on a sphere, so these\nimplementations could not be used straightforwardly. Some implementations of spherical\nCNNs were proposed recently [11{13]. We employed the publicly available code developed by\nKrachmalnico\u000b and Tomasi [13] with minor additions. This code implements the convolution\nand pooling (down-sampling) operations on the HEALPix grid data with the help of Keras\ndeep learning library [14]. The convolution operation on the HEALPix grid is parameterized\nby 9 adjustable weights per feature map. The CNN developed in Paper 2 takes 1 feature\nmap in the HEALPix grid with Nside= 32 as an input.1\nIn the present work, we developed a natural extension of the above approach by increas-\ning the number of feature maps analyzed by the convolutional neural network. We split th",
        "page": 4,
        "link": "https://ui.adsabs.harvard.edu/link_gateway/2021arXiv210506414K/EPRINT_PDF",
        "title": "A study of an energydependent anisotropy of cosmic rays beyond the GZK cutoff with deep neural networks"
    },
    "2021arXiv210506414K_page_4_chunk_3": {
        "text": "Nside= 32 as an input.1\nIn the present work, we developed a natural extension of the above approach by increas-\ning the number of feature maps analyzed by the convolutional neural network. We split the\nenergy range of interest to bins of size \u0001 bin lgEscale and calculate expected event density\nmaps for each energy bin before sampling individual events. The from-source event density\nmap calculation procedure is slightly di\u000berent from the one used in Paper II. As before we\ntake the propagated spectrum calculated with TransportCR for a source located at a given\ndistance from the Galaxy and sample it Nini= 100;000 times, each time extracting some\nnuclei with an energy Eand charge Z. An observed arrival direction of a cosmic ray is then\nfound for each ( E;Z) pair using the previously calculated mapping obtained with CRPropa\ncode by backpropagation. Due to the uncertainty in energy determination, each sampled\n(E;Z) pair contributes to several neighbour energy bins with a weight given by the ",
        "page": 4,
        "link": "https://ui.adsabs.harvard.edu/link_gateway/2021arXiv210506414K/EPRINT_PDF",
        "title": "A study of an energydependent anisotropy of cosmic rays beyond the GZK cutoff with deep neural networks"
    },
    "2021arXiv210506414K_page_4_chunk_4": {
        "text": " mapping obtained with CRPropa\ncode by backpropagation. Due to the uncertainty in energy determination, each sampled\n(E;Z) pair contributes to several neighbour energy bins with a weight given by the normal\ndistribution integral taken with the limits de\fned by the bin boundaries:\nwi=ZlgEi+\u0001 b\nlgEiN(E;\u0006lgE);\nwhere \u0006 lgEis proportional to the relative energy determination uncertainty:\n\u0006lgE'1\nln 10\u0001E\nE:\nMaps generated this way are used then to sample Nsrcfrom-source events, characterized by\nHEALPix angular coordinates and energy bin. The remaining N\u0000Nsrcevents are generated\nfollowing the isotropic distribution assuming the same model energy spectrum, with the\nsampling procedure accounting for the energy determination error in the same way. The\nevent sampling process is repeated multiple times as it was done before in order to generate\na su\u000eciently large number of maps for each source. Note that although we impose the lower\n1Nside= 32 corresponds to the sphere divided into 12,288 cells wit",
        "page": 4,
        "link": "https://ui.adsabs.harvard.edu/link_gateway/2021arXiv210506414K/EPRINT_PDF",
        "title": "A study of an energydependent anisotropy of cosmic rays beyond the GZK cutoff with deep neural networks"
    },
    "2021arXiv210506414K_page_4_chunk_5": {
        "text": " as it was done before in order to generate\na su\u000eciently large number of maps for each source. Note that although we impose the lower\n1Nside= 32 corresponds to the sphere divided into 12,288 cells with the angular size of 1 :83\u000e, which is of\nthe order of the angular resolution of UHECR experiments.\n{ 3 {",
        "page": 4,
        "link": "https://ui.adsabs.harvard.edu/link_gateway/2021arXiv210506414K/EPRINT_PDF",
        "title": "A study of an energydependent anisotropy of cosmic rays beyond the GZK cutoff with deep neural networks"
    },
    "2021arXiv210506414K_page_5_chunk_1": {
        "text": "Input ( Nside=3 2 ,n=1 5 )\nConv n=7 6\nMaxPool\nNside=1 6 ,n=7 6\nConv n=7 6\nMaxPool\nNside=1,n=7 6\nFlatten ( n=9 1 2 )\nDense ( n=1 6 )\nDense ( n=1 6 )\nPerceptron\nOutput ( n=1 )⇥4Figure 1 . Architecture of the CNN developed in this work. Blue boxes are used to show feature\nvectors and maps. Yellow boxes show operations.\ncutE > 56 EeV on the observed event energies as in Paper 2, this time we self-consistently\naccount for the in\ruence of the lower energy part of the model on the analysis because of\nthe non-vanishing energy determination uncertainty. This is one of the major advantages of\nthe new approach. We assume the value of 20% for the energy determination uncertainty\n\u0001E=E , which follows an estimate for the POEMMA mission [15].\nThe classi\fer neural network architecture has been modi\fed to take as an input a\ncollection of maps instead of single map. We also had to repeat the model meta-parameter\noptimization procedure. As before, we tried to adjust the HEALPix grid size along with\nnumbe",
        "page": 5,
        "link": "https://ui.adsabs.harvard.edu/link_gateway/2021arXiv210506414K/EPRINT_PDF",
        "title": "A study of an energydependent anisotropy of cosmic rays beyond the GZK cutoff with deep neural networks"
    },
    "2021arXiv210506414K_page_5_chunk_2": {
        "text": "take as an input a\ncollection of maps instead of single map. We also had to repeat the model meta-parameter\noptimization procedure. As before, we tried to adjust the HEALPix grid size along with\nnumber of \flters and convolutions. Besides this, we found it useful to add two extra dense\nlayers after the sequence of convolutions. The log energy bin size \u0001 bwas also one of the\nfree parameters being optimized. Among the three values probed, 1 =5, 1=10 and 1=20,\nthe smallest one was found to be optimal, which results in 15 energy bins in the range\n56<E= EeV<315 EeV. The classi\fer neural network architecture which we found optimal\nis shown in \fgure 1.\nThe CNN developed in this work takes 15 feature maps in the HEALPix grid with\nNside= 32 as an input. 76 feature maps are built at the \frst step using the convolution\noperation with 76 \u00029\u000215 free parameters and max-pooling the image to Nside= 16. The\nsequence of convolutions and max-pooling operations is repeated until reaching Nside= 1\nwith the ",
        "page": 5,
        "link": "https://ui.adsabs.harvard.edu/link_gateway/2021arXiv210506414K/EPRINT_PDF",
        "title": "A study of an energydependent anisotropy of cosmic rays beyond the GZK cutoff with deep neural networks"
    },
    "2021arXiv210506414K_page_5_chunk_3": {
        "text": "ng the convolution\noperation with 76 \u00029\u000215 free parameters and max-pooling the image to Nside= 16. The\nsequence of convolutions and max-pooling operations is repeated until reaching Nside= 1\nwith the persistent number of feature maps, which means that each intermediate convolution\n{ 4 {",
        "page": 5,
        "link": "https://ui.adsabs.harvard.edu/link_gateway/2021arXiv210506414K/EPRINT_PDF",
        "title": "A study of an energydependent anisotropy of cosmic rays beyond the GZK cutoff with deep neural networks"
    },
    "2021arXiv210506414K_page_6_chunk_1": {
        "text": "Table 1 . Percentage of UHECRs arriving from the candidate sources in samples of sizes N=\n50;100;:::; 500 such that the error of the \frst kind \u000b.0:01 for the null hypothesis of isotropy H0\nproviding the second kind error \f= 0:05, obtained with the new binned convolutional neural network\nclassi\fer (BCNN) shown in \fgure 1 and with the previous convolutional neural network (CNN) model.\nOne source at a time was considered.\nSource Method 50 100 200 300 400 500\nNGC 253 BCNN 12 8 5 4 3.25 3.2\nCNN 12 7 4.5 3.67 3 2.6\nCen A BCNN 16 10 7 5.67 4.75 4.2\nCNN 16 11 7 5.67 5 4.4\nM 82 BCNN 20 14 8.5 6.67 5 4.4\nCNN 20 12 7 6 4.75 4.2\nM 87 BCNN 22 15 11.5 7 6.25 5.4\nCNN 22 14 9 8 6.25 5.2\nFornax A BCNN 16 10 6 5 4.5 3.8\nCNN 16 9 6 5 4.5 3.8\noperation has 76\u000276\u00029 trainable weights. The recti\fed linear activation function (ReLU)\nis used for all intermediate layers. Finally, 76 feature maps with Nside= 1 are \rattened and\nprocessed by a multilayer-layer perceptron with two inner layers of size 16 followed b",
        "page": 6,
        "link": "https://ui.adsabs.harvard.edu/link_gateway/2021arXiv210506414K/EPRINT_PDF",
        "title": "A study of an energydependent anisotropy of cosmic rays beyond the GZK cutoff with deep neural networks"
    },
    "2021arXiv210506414K_page_6_chunk_2": {
        "text": "tion function (ReLU)\nis used for all intermediate layers. Finally, 76 feature maps with Nside= 1 are \rattened and\nprocessed by a multilayer-layer perceptron with two inner layers of size 16 followed by single\nneuron output with sigmoid activation.\nTo avoid over\ftting, we used an early-stop technique. Namely, we trained our model\nfor at most 100 epochs with 10,000 map samples per epoch and interrupted training in case\naccuracy on validation data was not improving for 10 epochs. Each batch of training set was\ngenerated randomly which helped to prevent ove\ftting. For this reason we did not use any\nother regularization techniques, such as dropout and the L2 regularization. The validation\nset consisted of 10,000 samples generated using di\u000berent random seed. The weights were\noptimized using the Adadelta adaptive learning rate method [16]. Finally we evaluated our\nmodel on the test set consisting of 50,000 map samples. The output of the classi\fer, a number\nbetween 0 and 1 was used as the test",
        "page": 6,
        "link": "https://ui.adsabs.harvard.edu/link_gateway/2021arXiv210506414K/EPRINT_PDF",
        "title": "A study of an energydependent anisotropy of cosmic rays beyond the GZK cutoff with deep neural networks"
    },
    "2021arXiv210506414K_page_6_chunk_3": {
        "text": "Adadelta adaptive learning rate method [16]. Finally we evaluated our\nmodel on the test set consisting of 50,000 map samples. The output of the classi\fer, a number\nbetween 0 and 1 was used as the test statistic.\nThe minimal fractions \u0011of from-source UHECRs needed to reject the null hypothesis\nof an isotropic \rux with the same demands on \u000band\fas above, are presented in table 1.\nResults obtained in Paper 2 are included for comparison. It is clearly seen that opposite\nto the expectations, the results obtained for the binned classi\fer are essentially the same\nas for the CNN developed earlier despite of the more fuzzy patterns of arrival directions of\nUHECRs coming from a particular source.\n3 Conclusions\nWe demonstrated in Paper 2 how one can strongly improve the e\u000eciency of an analysis of\narrival directions of UHECRs by introducing a deep convolutional neural network trained on a\nHEALPix grid. The basic idea was to train a classi\fer which discriminates samples generated\nassuming null (isot",
        "page": 6,
        "link": "https://ui.adsabs.harvard.edu/link_gateway/2021arXiv210506414K/EPRINT_PDF",
        "title": "A study of an energydependent anisotropy of cosmic rays beyond the GZK cutoff with deep neural networks"
    },
    "2021arXiv210506414K_page_6_chunk_4": {
        "text": "val directions of UHECRs by introducing a deep convolutional neural network trained on a\nHEALPix grid. The basic idea was to train a classi\fer which discriminates samples generated\nassuming null (isotropy) and alternative (anisotropy) hypotheses and to use the classi\fer\noutput as a test statistic. An application of models that involve pattern recognition such as\nthe suggested CNN gave a qualitative enhancement in terms of sensitivity to deviations from\nan isotropic distribution of arrival directions. It was shown in particular that the method\n{ 5 {",
        "page": 6,
        "link": "https://ui.adsabs.harvard.edu/link_gateway/2021arXiv210506414K/EPRINT_PDF",
        "title": "A study of an energydependent anisotropy of cosmic rays beyond the GZK cutoff with deep neural networks"
    },
    "2021arXiv210506414K_page_7_chunk_1": {
        "text": "allows decreasing the minimal number of events necessary to reject the null hypothesis by\n\u00184 times. This reduces technical demands and the required total exposure of an UHECR\nexperiment drastically.\nHowever, the model considered was a simpli\fed one since it did not take into account\nuncertainties in the energy of detected UHECRs, which in\ruence the spectrum and thus the\nshape of patterns formed by nuclei arriving from a source. As a result, our estimates could\nbe too optimistic. We addressed the problem in the present work by introducing a binned\nclassi\fer by modifying the neural network developed in Paper 2. It was demonstrated that\neven under conditions of a 20% uncertainty in the energy resolution (which is higher than\nin contemporary ground experiments), the quality of the new classi\fer did not decrease.\nMore than this, an introduction of energy as a new observable opens a way for an improve-\nment of the e\u000ecacy of discriminating samples generated assuming isotropy and anisotropy\nhy",
        "page": 7,
        "link": "https://ui.adsabs.harvard.edu/link_gateway/2021arXiv210506414K/EPRINT_PDF",
        "title": "A study of an energydependent anisotropy of cosmic rays beyond the GZK cutoff with deep neural networks"
    },
    "2021arXiv210506414K_page_7_chunk_2": {
        "text": "r did not decrease.\nMore than this, an introduction of energy as a new observable opens a way for an improve-\nment of the e\u000ecacy of discriminating samples generated assuming isotropy and anisotropy\nhypotheses. This will be studied in more details elsewhere.\nThe source code and supplemental materials for this work, including trained classi\fer\nmodels, can be downloaded from the project web page [17].\nAcknowledgments\nThe research has made use of the NASA/IPAC Extragalactic Database (NED), which is\noperated by the Jet Propulsion Laboratory, California Institute of Technology, under contract\nwith the National Aeronautics and Space Administration, and of the SIMBAD database,\noperated at CDS, Strasbourg, France [18]. Some of the results in this paper were obtained\nusing the HEALPix package [4]. The development of the classi\fcation method and the\narchitecture of the corresponding deep convolutional neural network is supported by the\nRussian Science Foundation grant 17-72-20291. The authors ack",
        "page": 7,
        "link": "https://ui.adsabs.harvard.edu/link_gateway/2021arXiv210506414K/EPRINT_PDF",
        "title": "A study of an energydependent anisotropy of cosmic rays beyond the GZK cutoff with deep neural networks"
    },
    "2021arXiv210506414K_page_7_chunk_3": {
        "text": "he development of the classi\fcation method and the\narchitecture of the corresponding deep convolutional neural network is supported by the\nRussian Science Foundation grant 17-72-20291. The authors acknowledge support of the\nInterdisciplinary Scienti\fc and Educational School of Lomonosov Moscow State University\n\\Fundamental and Applied Space Research.\"\nReferences\n[1] O. Kalashev, M. Pshirkov and M. Zotov, Prospects of detecting a large-scale anisotropy of\nultra-high-energy cosmic rays from a nearby source with the K-EUSO orbital telescope ,Journal\nof Cosmology and Astroparticle Physics 2019 (2019) 034.\n[2] O. Kalashev, M. Pshirkov and M. Zotov, Identifying nearby sources of ultra-high-energy cosmic\nrays with deep learning ,JCAP 11(2020) 005 [ 1912.00625 ].\n[3] M. Kachelrie\u0019, O. Kalashev, S. Ostapchenko and D. V. Semikoz, Minimal model for\nextragalactic cosmic rays and neutrinos ,Phys. Rev. D96 (2017) 083006 [ 1704.06893 ].\n[4] K. M. G\u0013 orski, E. Hivon, A. J. Banday, B. D. Wandelt, F. K.",
        "page": 7,
        "link": "https://ui.adsabs.harvard.edu/link_gateway/2021arXiv210506414K/EPRINT_PDF",
        "title": "A study of an energydependent anisotropy of cosmic rays beyond the GZK cutoff with deep neural networks"
    },
    "2021arXiv210506414K_page_7_chunk_4": {
        "text": " Ostapchenko and D. V. Semikoz, Minimal model for\nextragalactic cosmic rays and neutrinos ,Phys. Rev. D96 (2017) 083006 [ 1704.06893 ].\n[4] K. M. G\u0013 orski, E. Hivon, A. J. Banday, B. D. Wandelt, F. K. Hansen, M. Reinecke et al.,\nHEALPix: A framework for high-resolution discretization and fast analysis of data distributed\non the sphere ,Astrophys. J. 622(2005) 759 [ astro-ph/0409513 ].\n[5] O. E. Kalashev and E. Kido, Simulations of ultra high energy cosmic rays propagation ,J. Exp.\nTheor. Phys. 120(2015) 790 [ 1406.0735 ].\n[6] M. S. Pshirkov, P. G. Tinyakov and F. R. Urban, New limits on extragalactic magnetic \felds\nfrom rotation measures ,Phys. Rev. Lett. 116(2016) 191302 [ 1504.06546 ].\n[7] R. Alves Batista, A. Dundovic, M. Erdmann, K.-H. Kampert, D. Kuempel, G. M uller et al.,\nCRPropa 3|a public astrophysical simulation framework for propagating extraterrestrial\n{ 6 {",
        "page": 7,
        "link": "https://ui.adsabs.harvard.edu/link_gateway/2021arXiv210506414K/EPRINT_PDF",
        "title": "A study of an energydependent anisotropy of cosmic rays beyond the GZK cutoff with deep neural networks"
    },
    "2021arXiv210506414K_page_7_chunk_5": {
        "text": "|a public astrophysical simulation framework for propagating extraterrestrial\n{ 6 {",
        "page": 7,
        "link": "https://ui.adsabs.harvard.edu/link_gateway/2021arXiv210506414K/EPRINT_PDF",
        "title": "A study of an energydependent anisotropy of cosmic rays beyond the GZK cutoff with deep neural networks"
    },
    "2021arXiv210506414K_page_8_chunk_1": {
        "text": "ultra-high energy particles ,Journal of Cosmology and Astroparticle Physics 1605 (2016) 038\n[1603.07142 ].\n[8] J. H ulss and C. Wiebusch, Search for signatures of extra-terrestrial neutrinos with a multipole\nanalysis of the AMANDA-II sky-map , inProceedings, 30th International Cosmic Ray\nConference (ICRC 2007): Merida, Mexico, July 3{11 2007 , 2007, 0711.0353 .\n[9]Pierre Auger collaboration, Multi-resolution anisotropy studies of ultrahigh-energy cosmic\nrays detected at the Pierre Auger Observatory ,Journal of Cosmology and Astroparticle Physics\n1706 (2017) 026 [ 1611.06812 ].\n[10] Y. LeCun, B. Boser, J. S. Denker, D. Henderson, R. E. Howard, W. Hubbard et al.,\nBackpropagation applied to handwritten zip code recognition ,Neural Computation 1(1989) 541.\n[11] T. S. Cohen, M. Geiger, J. Koehler and M. Welling, Spherical CNNs , inInternational\nConference on Learning Representations , p. 542, 2018, 1801.10130 .\n[12] N. Perraudin, M. De\u000berrard, T. Kacprzak and R. Sgier, DeepSphere: E\u000ecient ",
        "page": 8,
        "link": "https://ui.adsabs.harvard.edu/link_gateway/2021arXiv210506414K/EPRINT_PDF",
        "title": "A study of an energydependent anisotropy of cosmic rays beyond the GZK cutoff with deep neural networks"
    },
    "2021arXiv210506414K_page_8_chunk_2": {
        "text": "ler and M. Welling, Spherical CNNs , inInternational\nConference on Learning Representations , p. 542, 2018, 1801.10130 .\n[12] N. Perraudin, M. De\u000berrard, T. Kacprzak and R. Sgier, DeepSphere: E\u000ecient spherical\nconvolutional neural network with HEALPix sampling for cosmological applications ,Astron.\nComput. 27(2019) 130 [ 1810.12186 ].\n[13] N. Krachmalnico\u000b and M. Tomasi, Convolutional neural networks on the HEALPix sphere: a\npixel-based algorithm and its application to CMB data analysis ,Astron. Astrophys. 628(2019)\nA129 [ 1902.04083 ].\n[14] F. Chollet et al., \\Keras.\" https://keras.io , 2015.\n[15] A. V. Olinto et al., The POEMMA (Probe of Extreme Multi-Messenger Astrophysics)\nObservatory ,2012.07945 .\n[16] M. D. Zeiler, ADADELTA: an adaptive learning rate method ,CoRR (2012) [ 1212.5701 ].\n[17] O. Kalashev, M. Pshirkov and M. Zotov, \\Supplemental materials and source code for this\nwork.\" https://github.com/okolo/ml_cr_aniso , 2020.\n[18] M. Wenger, F. Ochsenbein, D. Egret, P. Dubois, F",
        "page": 8,
        "link": "https://ui.adsabs.harvard.edu/link_gateway/2021arXiv210506414K/EPRINT_PDF",
        "title": "A study of an energydependent anisotropy of cosmic rays beyond the GZK cutoff with deep neural networks"
    },
    "2021arXiv210506414K_page_8_chunk_3": {
        "text": ".\n[17] O. Kalashev, M. Pshirkov and M. Zotov, \\Supplemental materials and source code for this\nwork.\" https://github.com/okolo/ml_cr_aniso , 2020.\n[18] M. Wenger, F. Ochsenbein, D. Egret, P. Dubois, F. Bonnarel, S. Borde et al., The SIMBAD\nastronomical database. The CDS reference database for astronomical objects ,Astronomy and\nAstrophysics Supplement 143(2000) 9 [ astro-ph/0002110 ].\n{ 7 {",
        "page": 8,
        "link": "https://ui.adsabs.harvard.edu/link_gateway/2021arXiv210506414K/EPRINT_PDF",
        "title": "A study of an energydependent anisotropy of cosmic rays beyond the GZK cutoff with deep neural networks"
    }
}