{
    "2021EPJC...81..553C_page_1_chunk_1": {
        "text": "arXiv:2102.12100v1  [gr-qc]  24 Feb 2021Quantum theory of redshift in de Sitter\nexpanding universe\nIon I. Cot˘ aescu\nWest University of Timi¸ soara,\nV. Pˆ arvan Ave. 4, RO-1900 Timi¸ soara, Romania\nFebruary 25, 2021\nAbstract\nThe quantum theory of the Maxwell free ﬁeld in Coulomb\ngauge on the de Sitter expanding universe is completed with t he\ntechnical elements needed for buildinga coherent quantum t heory\nof redshift. Paying a special attention to the conserved obs erv-\nables and deﬁning the projection operator selecting the det ected\nmomenta it is shown that the expectation values of the energi es of\nthe emitted and detected photons comply with the Lemaˆ ıtre r ule\nof Hubble’slaw. Moreover, thequantumcorrections tothedi sper-\nsions of the principal observables and new uncertainty rela tions\nare derived.\nPacs: 04.62.+v\nKeywords: deSitterspacetime; Maxwellﬁeld; Coulombgauge; cano n-\nical quantization; one-particle operators; quantum redshift; dis persions;\nuncertainty relations.\n1",
        "page": 1,
        "link": "https://ui.adsabs.harvard.edu/link_gateway/2021EPJC...81..553C/EPRINT_PDF",
        "title": "Quantum theory of redshift in de Sitter expanding universe"
    },
    "2021EPJC...81..553C_page_1_chunk_2": {
        "text": "ons\nare derived.\nPacs: 04.62.+v\nKeywords: deSitterspacetime; Maxwellﬁeld; Coulombgauge; cano n-\nical quantization; one-particle operators; quantum redshift; dis persions;\nuncertainty relations.\n1",
        "page": 1,
        "link": "https://ui.adsabs.harvard.edu/link_gateway/2021EPJC...81..553C/EPRINT_PDF",
        "title": "Quantum theory of redshift in de Sitter expanding universe"
    },
    "2021EPJC...81..553C_page_2_chunk_1": {
        "text": "1 Introduction\nAnimportantsourceofempiricaldataintheobservationalastrop hysics is\nthe light emitted by diﬀerent cosmic objects whose redshifts encap sulate\ninformation about the cosmic expansion and possible peculiar velocity of\nthe observed objects [1]. For understanding these two contribut ions one\ncombined so fartheLemaˆ ıtrerule[2, 3] ofHubble’s law[4], describing t he\ncosmological eﬀect [5], with the usual theory of the Doppler eﬀect o f spe-\ncial relativity. Recently we proposed an improvement of this approa ch\nreplacing the special relativity with our de Sitter relativity [6, 7]. We\nobtained thus a rdshift formula having a new term combining the cosm o-\nlogical and kinetic contributions in a non-trivial manner [8]. Moreove r,\nwe related the black hole shadow and redshift for the Schwarzschild [9]\nand Reissner-Nordstrom [10] black holes moving freely in the de Sitte r\nexpanding universe.\nThe next step might be the quantum theory of redshift but this was\nnever considered because o",
        "page": 2,
        "link": "https://ui.adsabs.harvard.edu/link_gateway/2021EPJC...81..553C/EPRINT_PDF",
        "title": "Quantum theory of redshift in de Sitter expanding universe"
    },
    "2021EPJC...81..553C_page_2_chunk_2": {
        "text": "warzschild [9]\nand Reissner-Nordstrom [10] black holes moving freely in the de Sitte r\nexpanding universe.\nThe next step might be the quantum theory of redshift but this was\nnever considered because of the real or presumed diﬃculties in con struct-\ning the quantum theory of light in curved backgrounds. In fact the re is\nnothingmuchinitsincewehavealreadytheclassicalandquantumthe ory\nof the free Maxwell ﬁeld on the de Sitter expanding universe [11] inclu d-\ning the de Sitter QED in the ﬁrst order of perturbations [12]. Theref ore,\nwe may build a quantum theory of redshift exploiting this framework\nand solving the speciﬁc diﬃculties of this problem. We devote this pa-\nper to this goal constructing step by step the redshift theory fr om the\nclassical level up to a new quantum approach able to reveal the qua ntum\ncorrections and the uncertainty relations related to this eﬀect.\nThecornerstonehereistheconformalcovarianceoftheMaxwell equa-\ntions in Coulomb gauge allowing us to take over the al",
        "page": 2,
        "link": "https://ui.adsabs.harvard.edu/link_gateway/2021EPJC...81..553C/EPRINT_PDF",
        "title": "Quantum theory of redshift in de Sitter expanding universe"
    },
    "2021EPJC...81..553C_page_2_chunk_3": {
        "text": "reveal the qua ntum\ncorrections and the uncertainty relations related to this eﬀect.\nThecornerstonehereistheconformalcovarianceoftheMaxwell equa-\ntions in Coulomb gauge allowing us to take over the all the results of\nspecial relativity in the co-moving local charts (called here frames) with\nconformal coordinates of the de Sitter expanding universe [11]. In these\nframes the quantisation of the Maxwell ﬁeld can be done in canonical\nmanner as in special relativity. The diﬀerence is that there is a richer\nalgebra of isometry generators giving rise to more conserved quan tities\nof the classical theory that become conserved one-particle oper ators af-\nter quantization [11]. Of a special interest is the energy operator w hich\ndoes not commute with the components of the conserved momentu m\ngenerating new uncertainty relations [13].\nOn the other hand, the conformal coordinates are diﬀerent from the\nphysical ones which are of the Painlev´ e type [14] being related to t he\nconformal ones through ",
        "page": 2,
        "link": "https://ui.adsabs.harvard.edu/link_gateway/2021EPJC...81..553C/EPRINT_PDF",
        "title": "Quantum theory of redshift in de Sitter expanding universe"
    },
    "2021EPJC...81..553C_page_2_chunk_4": {
        "text": "ing new uncertainty relations [13].\nOn the other hand, the conformal coordinates are diﬀerent from the\nphysical ones which are of the Painlev´ e type [14] being related to t he\nconformal ones through coordinate transformations depending on time.\nHowever, in the quantum theory these transformations change t he time\n2",
        "page": 2,
        "link": "https://ui.adsabs.harvard.edu/link_gateway/2021EPJC...81..553C/EPRINT_PDF",
        "title": "Quantum theory of redshift in de Sitter expanding universe"
    },
    "2021EPJC...81..553C_page_3_chunk_1": {
        "text": "evolution picture as we have shown in Refs. [15–17]. Therefore, for\navoiding this diﬃculty, we restrict ourselves to the conformal coor dinates\nsetting theinitialconditions atthetime t0when thescale factor a(t0) = 1\nand the physical and conformal space coordinates coincide. Unde r such\ncircumstances the physical eﬀects may be studied by using exclusiv ely\nthe conserved one-particle operators.\nIn addition, we pay attention to a pair of sensitive technical prob-\nlems which are crucial in our approach. The ﬁrst one is related to the\nmomentum dependent phase of the plane wave solutions of the Maxw ell\nequations which determines the form of the energy operator. Her e we\nset for the ﬁrst time the phase which guarantees the correct ﬂat limit\nof our theory. The second problem is related to the detector meas uring\nthe redshift which has to select only the radiation emitted by a remot e\nsource. For doing so we assume that the detector ﬁlters the mome nta\nin a desired domain of the momentum space",
        "page": 3,
        "link": "https://ui.adsabs.harvard.edu/link_gateway/2021EPJC...81..553C/EPRINT_PDF",
        "title": "Quantum theory of redshift in de Sitter expanding universe"
    },
    "2021EPJC...81..553C_page_3_chunk_2": {
        "text": "ector meas uring\nthe redshift which has to select only the radiation emitted by a remot e\nsource. For doing so we assume that the detector ﬁlters the mome nta\nin a desired domain of the momentum space whose associated projec tion\noperator helps us to derive the expectation values and dispersions of the\nmeasured observables.\nWe obtain thus a complete quantum theory of the redshift observe d\nin the radiation emitted by a remote source without peculiar velocity.\nWe show that the expectations values of the energies of the emitte d\nand detected photons comply with the Lemaˆ ıtre rule of Hubble’s law\nwhile the dispersions get new quantum corrections involved in a set of\nnew uncertainty relations. However, it is less probable to identify su ch\ncorrections in the astrophysical observations since these are ve ry small in\nouractualexpanding universe. Nevertheless, themethodsdeve lopedhere\nare important as these can be adapted to any spatially ﬂat Friedman -\nLemaˆ ıtre-Robertson-Walker (FLRW) spa",
        "page": 3,
        "link": "https://ui.adsabs.harvard.edu/link_gateway/2021EPJC...81..553C/EPRINT_PDF",
        "title": "Quantum theory of redshift in de Sitter expanding universe"
    },
    "2021EPJC...81..553C_page_3_chunk_3": {
        "text": "hese are ve ry small in\nouractualexpanding universe. Nevertheless, themethodsdeve lopedhere\nare important as these can be adapted to any spatially ﬂat Friedman -\nLemaˆ ıtre-Robertson-Walker (FLRW) space-time including those s tudied\nin the cosmology of early universe.\nWe start in the second section with a brief review of the de Sitter\ngeometrydeﬁningtheconservedquantitiesandintroducingtheco nformal\nand physical coordinates. In the next section we revisit the classic al\ntheory of redshift pointing out the role of the conserved quantitie s in\nderiving the Lemaˆ ıtre equation. The fourth section is devoted to t he\nclassical theory of the Maxwell ﬁeld showing how by ﬁxing a convenien t\nphasewe assurethecorrect ﬂatlimit andderiving theprincipal cons erved\nquantities which become one-particle operators after the quantiz ation\nperformed in the next section. In the last part of this section we sh ow\nhow the wave packets can be measured by choosing a suitable proje ction\noperator for selecting ",
        "page": 3,
        "link": "https://ui.adsabs.harvard.edu/link_gateway/2021EPJC...81..553C/EPRINT_PDF",
        "title": "Quantum theory of redshift in de Sitter expanding universe"
    },
    "2021EPJC...81..553C_page_3_chunk_4": {
        "text": "erators after the quantiz ation\nperformed in the next section. In the last part of this section we sh ow\nhow the wave packets can be measured by choosing a suitable proje ction\noperator for selecting the momenta of the modes which contribute to\nthe expectation values of the principal conserved observables. T he next\nsection is devoted to the quantum redshift for which we derive the n ew\n3",
        "page": 3,
        "link": "https://ui.adsabs.harvard.edu/link_gateway/2021EPJC...81..553C/EPRINT_PDF",
        "title": "Quantum theory of redshift in de Sitter expanding universe"
    },
    "2021EPJC...81..553C_page_4_chunk_1": {
        "text": "quantum corrections and uncertainty relations. Finally we present some\nconcluding remarks.\nAs here we develop a quantum approach, we introduce a special no-\ntation denoting by ωH=/radicalBig\nΛ\n3cthe de Sitter Hubble constant (frequency)\nsinceHis reserved for the energy or Hamiltonian operator [13]. More-\nover, the Hubble time tH=1\nωHand the Hubble length lH=c\nωHwill have\nthe same form in the natural Planck units with c=/planckover2pi1=G= 1 we use\nhere.\n2 de Sitter expanding universe\nThe manifold in which we would like to study the quantum theory of\nredshiftistheexpandingportion M+ofthedeSitterspace-time Mknown\nas the de Sitter expanding universe. The manifold Mmay be deﬁned as\nthe hyperboloid of radius 1 /ωHin the ﬁve-dimensional ﬂat spacetime\n(M5,η5) of coordinates zA(labelled by the indices A, B,...= 0,1,2,3,4)\nhaving the pseudo-Euclidean metric η5= diag(1 ,−1,−1,−1,−1). The\nframes{x}of coordinates xµ(of natural indices α,µ,ν,... = 0,1,2,3)can\nbe introduced on MorM+giving the set of ",
        "page": 4,
        "link": "https://ui.adsabs.harvard.edu/link_gateway/2021EPJC...81..553C/EPRINT_PDF",
        "title": "Quantum theory of redshift in de Sitter expanding universe"
    },
    "2021EPJC...81..553C_page_4_chunk_2": {
        "text": "ces A, B,...= 0,1,2,3,4)\nhaving the pseudo-Euclidean metric η5= diag(1 ,−1,−1,−1,−1). The\nframes{x}of coordinates xµ(of natural indices α,µ,ν,... = 0,1,2,3)can\nbe introduced on MorM+giving the set of functions zA(x) which solve\nthe hyperboloid equation,\nη5\nABzA(x)zB(x) =−1\nω2\nH, (1)\nwhereωHis the Hubble de Sitter constant (frequency) in our notations.\nIn what follows we consider the co-moving frames with two sets of\nlocal coordinates, the conformal pseudo-Euclidean ones, {tc,xc}, and the\nphysical de Sitter-Painlev´ e coordinates, {t,x}. The conformal time tc\nand the conformal Cartesian spaces coordinates xi\nc(i,j,k,... = 1,2,3)\nare deﬁned by the functions\nz0(xc) =−1\n2ω2\nHtc/bracketleftbig\n1−ω2\nH(tc2−x2\nc)/bracketrightbig\n,\nzi(xc) =−1\nωHtxi\nc, (2)\nz4(xc) =−1\n2ω2\nHtc/bracketleftbig\n1+ω2\nH(tc2−x2\nc)/bracketrightbig\n,\nwritten with the vector notation, xc= (x1\nc,x2\nc,x3\nc)∈R3⊂M5. These\nframes cover the expanding portion M+fortc∈(−∞,0) andxc∈R3\n4",
        "page": 4,
        "link": "https://ui.adsabs.harvard.edu/link_gateway/2021EPJC...81..553C/EPRINT_PDF",
        "title": "Quantum theory of redshift in de Sitter expanding universe"
    },
    "2021EPJC...81..553C_page_4_chunk_3": {
        "text": "2−x2\nc)/bracketrightbig\n,\nwritten with the vector notation, xc= (x1\nc,x2\nc,x3\nc)∈R3⊂M5. These\nframes cover the expanding portion M+fortc∈(−∞,0) andxc∈R3\n4",
        "page": 4,
        "link": "https://ui.adsabs.harvard.edu/link_gateway/2021EPJC...81..553C/EPRINT_PDF",
        "title": "Quantum theory of redshift in de Sitter expanding universe"
    },
    "2021EPJC...81..553C_page_5_chunk_1": {
        "text": "while the collapsing part M−is covered by similar charts with tc>0. In\nboth these cases we have the same conformal ﬂat line element,\nds2=η5\nABdzA(xc)dzB(xc)\n=gµν(xc)dxµ\ncdxν\nc=1\nω2\nHtc2/parenleftbig\ndtc2−dxc·dxc/parenrightbig\n.(3)\nHere we restrict ourselves to the expanding portion M+which is a plau-\nsible model of our expanding universe.\nThe de Sitter-Painlev´ e coordinates {t,x}on the expanding portion\ncan be introduced directly by substituting\ntc=−1\nωHe−ωHt,xc=xe−ωHt, (4)\nwheret∈(−∞,∞)istheproperorcosmictimewhile xiarethe’physical’\nCartesian space coordinates. Then the line element reads\nds2=gµν(x)dxµdxν= (1−ω2\nHx2)dt2+2ωHx·dxdt−dx·dx.(5)\nNoticethatthischartisuseful inapplicationssince intheﬂatlimit (whe n\nωH→0)itscoordinatesbecomejust theCartesianonesoftheMinkowsk i\nspacetime. In the charts with combined coordinates {t,xc}the metric\ntakes the FLRW form\nds2=dt2−a(t)2dxc·dxc, a(t) =eωHt, (6)\nwherea(t) is the scale factor of the expanding portion which can be\nrewritten in the conforma",
        "page": 5,
        "link": "https://ui.adsabs.harvard.edu/link_gateway/2021EPJC...81..553C/EPRINT_PDF",
        "title": "Quantum theory of redshift in de Sitter expanding universe"
    },
    "2021EPJC...81..553C_page_5_chunk_2": {
        "text": "harts with combined coordinates {t,xc}the metric\ntakes the FLRW form\nds2=dt2−a(t)2dxc·dxc, a(t) =eωHt, (6)\nwherea(t) is the scale factor of the expanding portion which can be\nrewritten in the conformal chart,\na(tc)≡a[t(tc)] =−1\nωHtc, (7)\nas a function deﬁned for tc<0.\nThe de Sitter space-time is a hyperbolic manifold with the maximal\nsymmetry whose isometry group is just the gauge group SO(1,4) of the\nembedding manifold M5that leave invariant itsmetric andimplicitly Eq.\n(1). Therefore, given a system of coordinates deﬁned by the fun ctions\nz=z(x), each transformation g∈SO(1,4) deﬁnes an isometry, x→\nx′=φg(x), derived from the system of equations\nz[φg(x)] =gz(x). (8)\nThe frames related through such isometries play the role of the iner tial\nframes similar of special relativity. Each isometry x→x′=φg(ξ)(x),\n5",
        "page": 5,
        "link": "https://ui.adsabs.harvard.edu/link_gateway/2021EPJC...81..553C/EPRINT_PDF",
        "title": "Quantum theory of redshift in de Sitter expanding universe"
    },
    "2021EPJC...81..553C_page_5_chunk_3": {
        "text": " x→x′=φg(ξ)(x),\n5",
        "page": 5,
        "link": "https://ui.adsabs.harvard.edu/link_gateway/2021EPJC...81..553C/EPRINT_PDF",
        "title": "Quantum theory of redshift in de Sitter expanding universe"
    },
    "2021EPJC...81..553C_page_6_chunk_1": {
        "text": "depending on the group parameter ξ, gives rise to an associated Killing\nvector,k=∂ξφξ|ξ=0. In a canonical parametrization of the SO(1,4)\ngroup with real skew-symmetric parameters ξAB=−ξBA, any inﬁnitesi-\nmal isometry,\nφµ\ng(ξ)(x) =xµ+ξABkµ\n(AB)(x)+.... (9)\ndepend on the components\nk(AB)µ=zA∂µzB−zB∂µzA, zA=ηABzB, (10)\nof the Killing vectors associated to the parameters ξAB.\nThe classical conserved quantities along geodesics have the gener al\nformK(AB)(x,P) =ωHk(AB)µpµwhere the four-momentum components\npµ=dxµ(s)\ndλare the derivatives with respect to the aﬁne parameter λ\nwhich satisﬁes ds=mdλsuch that gµνpµpν=m2. The conserved quan-\ntities with physical meaning [13] are, the energy E=ωHk(04)µpµ, the an-\ngular momentum components, Li=1\n2εijkk(jk)µpµ, and the components\nKi=k(0i)µpµandRi=k(i4)µpµof two vectors related to the conserved\nmomentum Pand its associated dual momentum Qas, [13]\nP=−ωH(R+K),Q=ωH(K−R). (11)\nsatisfying the identity\nE2−ω2\nHL2−P·Q=m2, (12)\ncorresponding to the ﬁrst Casimir",
        "page": 6,
        "link": "https://ui.adsabs.harvard.edu/link_gateway/2021EPJC...81..553C/EPRINT_PDF",
        "title": "Quantum theory of redshift in de Sitter expanding universe"
    },
    "2021EPJC...81..553C_page_6_chunk_2": {
        "text": "of two vectors related to the conserved\nmomentum Pand its associated dual momentum Qas, [13]\nP=−ωH(R+K),Q=ωH(K−R). (11)\nsatisfying the identity\nE2−ω2\nHL2−P·Q=m2, (12)\ncorresponding to the ﬁrst Casimir invariant of the so(1,4) algebra [13].\nIn the ﬂat limit, ωH→0 and−ωHtc→1, we have Q→Psuch that this\nidentity becomes just the usual null mass-shell condition E2−P2=m2\nof special relativity. The conserved quantities K(AB)transform as a ﬁve-\ndimensional skew-symmetric tensor under the SO(1,4) transformations\ngenerating the de Sitter isometries.\nThesimple isometries we meet herearethe translations ofparamete rs\nd= (d1,d2,d3) that act as\ntc=t′\nc\nxc=x′\nc+d→t=t′\nx=x′+deωHt. (13)\nHereby we can derive the Killing vector of components\nk0\nj= 0, ki\nj=∂xi\nc\n∂dj/vextendsingle/vextendsingle/vextendsingle/vextendsingle\nd=0=δi\nj=ωH/parenleftbig\nki\n(0,j)+ki\n(i,4)/parenrightbig\n,(14)\nwhereki\n(AB)=gij(xc)k(AB)jresult from Eq. (10). This give rise to\nthe conserved momentum of the classical approach and to th",
        "page": 6,
        "link": "https://ui.adsabs.harvard.edu/link_gateway/2021EPJC...81..553C/EPRINT_PDF",
        "title": "Quantum theory of redshift in de Sitter expanding universe"
    },
    "2021EPJC...81..553C_page_6_chunk_3": {
        "text": "extendsingle\nd=0=δi\nj=ωH/parenleftbig\nki\n(0,j)+ki\n(i,4)/parenrightbig\n,(14)\nwhereki\n(AB)=gij(xc)k(AB)jresult from Eq. (10). This give rise to\nthe conserved momentum of the classical approach and to the mom en-\ntum operator of the quantum theory. We shall see in the next sect ion\nthat these isometries transform the energy, angular momentum a nd dual\nmomentum but preserving the conserved momentum.\n6",
        "page": 6,
        "link": "https://ui.adsabs.harvard.edu/link_gateway/2021EPJC...81..553C/EPRINT_PDF",
        "title": "Quantum theory of redshift in de Sitter expanding universe"
    },
    "2021EPJC...81..553C_page_7_chunk_1": {
        "text": "3 Null geodesics and redshift\nWe consider now the null geodesics of the photons (with m= 0) denoting\nthe conserved quantities along these geodesics with capital letter s. In\nthe conformal chart the four-momentum components, denoted now by\nkµ\nc=dxµ\nc\ndλ, satisfy the identity\ngµν(xc)kµ\nckν\nc=a(tc)2/bracketleftbig\nk0\nc(tc)2−kc(tc)2/bracketrightbig\n= 0, (15)\nresulted from the line element (3). In addition, we may consider the\ncomponents\nPi=−gjk(xc)kj\nidxk\nc\ndλ=a(tc)2dxj\nc\ndλ, (16)\nof theconserved momentum P=nPP(P=|P|). Then by using the\nprime integrals (15) and (16) we derive the energyandcovariant momen-\ntum in this frame as\nk0\nc(tc) =dtc\ndλ=P\na(tc)2=ω2\nHt2\ncP , (17)\nkc(tc) =dxc\ndλ=P\na(tc)2=ω2\nHt2\ncP. (18)\nThe null geodesic results simply as [18]\nxc(tc) =xc0+nP(tc−tc0), (19)\nconcluding that this geodesic is determined completely by the unit vec tor\nnPand the initial condition xc(tc0) =xc0.\nThe corresponding physical quantities measured in the chart {t,x},\nmay be obtained by substituting t",
        "page": 7,
        "link": "https://ui.adsabs.harvard.edu/link_gateway/2021EPJC...81..553C/EPRINT_PDF",
        "title": "Quantum theory of redshift in de Sitter expanding universe"
    },
    "2021EPJC...81..553C_page_7_chunk_2": {
        "text": "his geodesic is determined completely by the unit vec tor\nnPand the initial condition xc(tc0) =xc0.\nThe corresponding physical quantities measured in the chart {t,x},\nmay be obtained by substituting the physical coordinates accordin g to\nEq. (4). Thus we ﬁnd\nk0(t) =dt\ndλ=Pe−ωHt, (20)\nk(t) =dx\ndλ=Pe−ωHt+ωHx(t)Pe−ωHt, (21)\nwhich represent the measured energy and covariant momentum in t he\npoint [t,/vector x(t)] of the null geodesic [18]\nx(t) =x0eωH(t−t0)+nPeωH(t−t0)−1\nωH, (22)\n7",
        "page": 7,
        "link": "https://ui.adsabs.harvard.edu/link_gateway/2021EPJC...81..553C/EPRINT_PDF",
        "title": "Quantum theory of redshift in de Sitter expanding universe"
    },
    "2021EPJC...81..553C_page_8_chunk_1": {
        "text": "which is passing through the space point x(t0) =x0at the initial time\nt0. The conserved quantities on this geodesic can calculated at any tim e\nas\nE=e−ωHt[P+ωHx(t)·P], (23)\nL=x(t)∧Pe−ωHt, (24)\nQ= 2ωHx(t)E+Pe−2ωHt[1−ω2\nHx(t)2], (25)\nobserving that these satisfy the identity (12) for m= 0.\nThe momentum deﬁned by Eq. (21) can be split as k(t) =ˆk(t)+¯k(t)\nwhere\nˆk(t) =Pe−ωHt,¯k(t) =ωHx(t)k0(t), (26)\nare thepeculiarand respectively recessional momenta we have deﬁned\nrecently [19]. The prime integral derived from the line element (5) give s\nthe familiar identity\nk0(t)2−ˆk(t)2= 0, (27)\nwhich is just the mass-shell condition of special relativity satisﬁed b y the\nenergy and peculiar momentum along the null geodesics.\nNow we may analyse how two diﬀerent observers measure a photon\nmoving on a null geodesic which is passing through the origins OandO′\nof their proper co-moving frames {t,x}Oand{t,x′}O′. We assume that\nthe photon is emitted in O′at the initial time t0when the origin O′is\ntranslated",
        "page": 8,
        "link": "https://ui.adsabs.harvard.edu/link_gateway/2021EPJC...81..553C/EPRINT_PDF",
        "title": "Quantum theory of redshift in de Sitter expanding universe"
    },
    "2021EPJC...81..553C_page_8_chunk_2": {
        "text": "geodesic which is passing through the origins OandO′\nof their proper co-moving frames {t,x}Oand{t,x′}O′. We assume that\nthe photon is emitted in O′at the initial time t0when the origin O′is\ntranslated with respect to Oas\nx(t0) =x′(t0)+deωHt0, (28)\nwhere the translation parameter d=ndof the isometry (13) has the\ndirection OO′given by the unit vector n. If we know that the photon is\nemitted in x′(t0) = 0 with the momentum k=−nkand energy k0=k\nwe ask which are the energy and momentum of this photon measured in\nthe origin Oat the ﬁnal time tfwhen the particle reach this point. For\nsolving this problem we look ﬁrst for the conserved momentum that is\nthe same in the points O′andO,\nP′=P=keωMt0→P=keωMt0,nP=−n,(29)\nsince this is invariant under translations being associated to their ge ner-\nators. Furthermore, we observe that the choice of the initial time\ntc0=−1\nωH→t0= 0, (30)\n8",
        "page": 8,
        "link": "https://ui.adsabs.harvard.edu/link_gateway/2021EPJC...81..553C/EPRINT_PDF",
        "title": "Quantum theory of redshift in de Sitter expanding universe"
    },
    "2021EPJC...81..553C_page_8_chunk_3": {
        "text": "Furthermore, we observe that the choice of the initial time\ntc0=−1\nωH→t0= 0, (30)\n8",
        "page": 8,
        "link": "https://ui.adsabs.harvard.edu/link_gateway/2021EPJC...81..553C/EPRINT_PDF",
        "title": "Quantum theory of redshift in de Sitter expanding universe"
    },
    "2021EPJC...81..553C_page_9_chunk_1": {
        "text": "whena= 1 and, consequently, the conformal and physical space coor-\ndinatescoincide. This simpliﬁes the calculations allowing us to ﬁnd the\nquantities measured by the observers OandO′at this moment derived\nfrom Eqs. (23)-(25).\nThe results are presented in the next table where we introduce intu -\nitive notations for the initial, Ei, and ﬁnal, Ef, photon energies which\nare the physical quantities involved in redshift.\nframe{t,x′}O′frame{t,x}O\ninitial condition x′(0) = 0 x(0) =d\nconserved energy E′≡Ei=k E≡Ef=k(1−ωHd)\nconserved momentum P′=k P =k\nangular momentum L′= 0 L= 0\ndual momentum Q′=k Q =k(1−ωHd)2\nWe observe that the translation (28) change the energy and the c ompo-\nnents of the adjoint momentum but preserving the invariant (12) w ith\nm= 0. Indeed, in the frame {t,x′}O′we have E2\ni=k2=P′·Q′. In\nthe frame {t,x}Othe photon arrives in x= 0 at the conformal time\ntcf=d−1\nωHcorresponding to the cosmic time\ntf=−1\nωHln(−ωHtcf) =−1\nωHln(1−ωHd). (31)\nHereby we can deduce that Omeasures the ﬁ",
        "page": 9,
        "link": "https://ui.adsabs.harvard.edu/link_gateway/2021EPJC...81..553C/EPRINT_PDF",
        "title": "Quantum theory of redshift in de Sitter expanding universe"
    },
    "2021EPJC...81..553C_page_9_chunk_2": {
        "text": "P′·Q′. In\nthe frame {t,x}Othe photon arrives in x= 0 at the conformal time\ntcf=d−1\nωHcorresponding to the cosmic time\ntf=−1\nωHln(−ωHtcf) =−1\nωHln(1−ωHd). (31)\nHereby we can deduce that Omeasures the ﬁnal peculiar momentum,\nˆk(tf) =k(1−ωHd), (32)\nresulted from Eqs. (26) for t=tf. Obviously, this satisﬁes the mass-\nshell condition E2\nf=ˆk(tf)2=P·Q. Hereby we conclude that PandQ\nare conserved quantities that cannot be measured directly but co mplete\neach other for closing the identity (12). The only measurable quant ities\nremain thus the energy, peculiar momentum and angular momentum.\nThese results allow us to recover the Lemaˆ ıtre expression of Hubb le’s\nlaw giving the redshift zas\n1\n1+z=Ef\nEi= 1−ωHd= 1−d\nlH, (33)\nand the physical distance observer-source at the time tf,\ndf=d\n−ωHtcf=d\n1−ωHd, (34)\n9",
        "page": 9,
        "link": "https://ui.adsabs.harvard.edu/link_gateway/2021EPJC...81..553C/EPRINT_PDF",
        "title": "Quantum theory of redshift in de Sitter expanding universe"
    },
    "2021EPJC...81..553C_page_9_chunk_3": {
        "text": ", (34)\n9",
        "page": 9,
        "link": "https://ui.adsabs.harvard.edu/link_gateway/2021EPJC...81..553C/EPRINT_PDF",
        "title": "Quantum theory of redshift in de Sitter expanding universe"
    },
    "2021EPJC...81..553C_page_10_chunk_1": {
        "text": "which was increasing because of the space expansion during the pho ton\npropagation. Thus we revisited the redshift in the particular case w hen\nO′does not have a peculiar velocity. The general result for arbitrary\npeculiar velocity of O′was derived recently [8, 9].\nThese results that hold at the level of the geometric optics in de\nSitter background are incomplete since at this level we neglect the w ave\nbehaviour and polarization that may be studied considering the class ical\nand quantum theory of the Maxwell ﬁeld.\n4 Classical Maxwell ﬁeld\nLet us consider ﬁrst the classical approach denoting by Athe electromag-\nnetic potential of the Maxwell ﬁeld minimally coupled to the de Sitter\ngravity, whose action in an arbitrary chart {x}of (M,g) reads\nS[A] =/integraldisplay\nd4x√gL=−1\n4/integraldisplay\nd4x√gFµνFµν, (35)\nwhereg=|det(gµν)|andFµν=∂µAν−∂νAµis the ﬁeld strength. From\nthis action one derives the ﬁeld equations\n∂ν(√ggναgµβFαβ) = 0, (36)\nwhich are invariant under conformal transformation",
        "page": 10,
        "link": "https://ui.adsabs.harvard.edu/link_gateway/2021EPJC...81..553C/EPRINT_PDF",
        "title": "Quantum theory of redshift in de Sitter expanding universe"
    },
    "2021EPJC...81..553C_page_10_chunk_2": {
        "text": "ay\nd4x√gFµνFµν, (35)\nwhereg=|det(gµν)|andFµν=∂µAν−∂νAµis the ﬁeld strength. From\nthis action one derives the ﬁeld equations\n∂ν(√ggναgµβFαβ) = 0, (36)\nwhich are invariant under conformal transformations, gµν→g′\nµν= Ωgµν\nand\nAµ→A′\nµ=AµAµ→A′µ= Ω−1Aµ. (37)\nThe canonical variables Aµmust obey, in addition, the Lorentz condition\n∂µ(√ggµνAν) = 0, (38)\nwhich is no longer conformally invariant since\n∂µ(/radicalbig\ng′g′µνA′\nν) =∂µ(√ggµνAν)+√gAµ∂µΩ. (39)\nHowever, we may get over this inconvenience imposing the Coulomb\ngauge,A0= 0, in the conformal chart {tc,xc}since then the second\nterm of Eq. (39) does not contribute.\n4.1 Plane waves\nUnder such circumstances we can write the solutions of the Maxwell\nequations in Coulomb gauge, ( ∂2\ntc−∆c)Ai= 0, and Lorentz condition,\n10",
        "page": 10,
        "link": "https://ui.adsabs.harvard.edu/link_gateway/2021EPJC...81..553C/EPRINT_PDF",
        "title": "Quantum theory of redshift in de Sitter expanding universe"
    },
    "2021EPJC...81..553C_page_11_chunk_1": {
        "text": "∂xicAi= 0, taking over all the well-known results of special relativity.\nThus we may write the plane wave solutions\nAi(xc) =A(+)\ni(xc)+A(−)\ni(xc)\n=/integraldisplay\nd3k/summationdisplay\nλ/bracketleftBig\nei(nk,λ)ˆfk(xc)ˆa(k,λ)+[ei(nk,λ)ˆfk(xc)]∗ˆa∗(k,λ)/bracketrightBig\n,(40)\nin terms of wave functions in momentum representation, ˆ a(k,λ), polar-\nization vectors, ei(nk,λ), and fundamental solutions of the d’Alambert\nequation,\nˆfk(xc) =1\n(2π)3/21√\n2keiδ(k)−iktc+ik·xc, (41)\nwherek=knkis the momentum vector with k=|k|.\nThemomentum-dependent phase δ(k)isintroducedinordertoassure\nthecorrectﬂatlimitoftheplanewavesolutionswhen ωH→0. According\nto Eqs. (4), we see that the entire phase of the function (41) beh aves as\niδ(k)−ik/parenleftbigg\n−1\nωH+t/parenrightbigg\n+ixc·k+O(ωH), (42)\nhaving a pole in ωH= 0. For removing this singularity we must impose\nthe condition\nlim\nωH→0/parenleftbigg\nδ(k)+k\nωH/parenrightbigg\n= 0, (43)\ngiving the correct ﬂat limit of special relativity,\nlim\nωH→0eiδ(k)−iktc+ik·xc=",
        "page": 11,
        "link": "https://ui.adsabs.harvard.edu/link_gateway/2021EPJC...81..553C/EPRINT_PDF",
        "title": "Quantum theory of redshift in de Sitter expanding universe"
    },
    "2021EPJC...81..553C_page_11_chunk_2": {
        "text": "= 0. For removing this singularity we must impose\nthe condition\nlim\nωH→0/parenleftbigg\nδ(k)+k\nωH/parenrightbigg\n= 0, (43)\ngiving the correct ﬂat limit of special relativity,\nlim\nωH→0eiδ(k)−iktc+ik·xc=e−ikt+ik·x. (44)\nFor avoiding some diﬃculties related to this explicit phase, it is conve-\nnient to redeﬁne\nfk(xc) =e−iδ(k)ˆfk(xc) =1\n(2π)3/21√\n2ke−iktc+ik·xc,(45)\na(k,λ) =eiδ(k)ˆa(k,λ), (46)\nsubstituting ˆfk(xc)ˆa(k,λ) =fk(xc)a(k,λ) in Eq. (40). In Ref. [11]\nwe neglected the problem of this phase which is solved here for the ﬁr st\ntime. This guaranteesthecorrectﬂatlimitasinthecaseoftherest frame\nvacua we deﬁned recently for the massive Dirac [20], Klein-Gordon [21 ]\nand Proca [22] showing that only these vacua assure correct ﬂat lim its\n[23].\n11",
        "page": 11,
        "link": "https://ui.adsabs.harvard.edu/link_gateway/2021EPJC...81..553C/EPRINT_PDF",
        "title": "Quantum theory of redshift in de Sitter expanding universe"
    },
    "2021EPJC...81..553C_page_12_chunk_1": {
        "text": "The functions fk(x) are assumed to be of positive frequencies while\nthose of negative frequencies are fk(x)∗. These solutions satisfy the or-\nthonormalization relations [11]\n(fk,fk′) =−(f∗\nk,f∗\nk′) =δ3(k−k′), (47)\n(fk,f∗\nk′) = 0, (48)\nand the completeness condition\ni/integraldisplay\nd3kf∗\nk(tc,xc)↔\n∂tcfk(tc,x′) =δ3(xc−x′\nc), (49)\nwith respect to the Hermitian form\n(f,g) =i/integraldisplay\nd3xcf∗(tc,xc)↔\n∂tcg(tc,xc). (50)\nwhere we denote f↔\n∂g=f∂g−g∂f.\nThe polarization vectors e(nk,λ) in Coulomb gauge must be orthog-\nonal to the momentum direction,\nk·e(nk,λ) = 0, (51)\nfor any polarization λ=±1. We remind the reader that the polariza-\ntion can be deﬁned in diﬀerent manners independent of the form of t he\nscalar solutions fk. In general, the polarization vectors have c-number\ncomponents which must satisfy [24]\ne(nk,λ)·e(nk,λ′)∗=δλλ′, (52)\n/summationdisplay\nλei(nk,λ)ej(nk,λ)∗=δij−kikj\nk2. (53)\nHere we restrict ourselves to consider only the circularpolarization for\nwhich the supplementary ",
        "page": 12,
        "link": "https://ui.adsabs.harvard.edu/link_gateway/2021EPJC...81..553C/EPRINT_PDF",
        "title": "Quantum theory of redshift in de Sitter expanding universe"
    },
    "2021EPJC...81..553C_page_12_chunk_2": {
        "text": " must satisfy [24]\ne(nk,λ)·e(nk,λ′)∗=δλλ′, (52)\n/summationdisplay\nλei(nk,λ)ej(nk,λ)∗=δij−kikj\nk2. (53)\nHere we restrict ourselves to consider only the circularpolarization for\nwhich the supplementary condition e(nk,λ)∗∧e(nk,λ) =iλnkis re-\nquested.\nWeobtainedthus mode expansions in terms oftransverse plane wav es\nof given momentum and helicity. The functions wi(k,λ)=ei(nk,λ)fk, are\nof positive frequencies while those of negative frequencies are w∗\ni(k,λ). We\nsay that these sets of fundamental solutions of the Maxwell equa tion\ndeﬁne the momentum-helicity basis. Note that an energy-helicity basis\ncan also be deﬁned [11].\n12",
        "page": 12,
        "link": "https://ui.adsabs.harvard.edu/link_gateway/2021EPJC...81..553C/EPRINT_PDF",
        "title": "Quantum theory of redshift in de Sitter expanding universe"
    },
    "2021EPJC...81..553C_page_13_chunk_1": {
        "text": "4.2 Conserved quantities\nThe Maxwell theory is invariant under SO(1,4) isometries such that\nunder a given isometry , x→x′=φg(ξ)(x), depending on the group\nparameter ξ, thevectorﬁeld Atransformsas A→A′=TξA, accordingto\nthe operator-valued representation ξ→Tξof the isometry group deﬁned\nby the well-known rule\n∂φν\nξ(x)\n∂xµ(TξA)ν[φ(x)] =Aµ(x). (54)\nThe corresponding generator, XK=i∂ξTξ|ξ=0, has the action\n(XkA)µ=−i(kνAµ;ν+kν\n;µAν). (55)\nwherekis the Killing vector associated to ξ. In a canonical parametriza-\ntion of the SO(1,4) group we have the correspondence\nξAB→k(AB)→Xk(AB)≡X(AB), (56)\nwhich means that the generators X(AB)form a basis of the vector rep-\nresentation of the so(4,1) algebra carried by the space of the vector\npotential, A. This algebra yields the principal observables, i. e. the\nenergy operator ˆH=ωX(05), the components of the momentum, ˆPi=\n−ωH(X(i4)+X(0i)), dual momentum, ˆQi=ωH(X(0i)−X(i4)), and total\nangular momentum, ˆJi=1\n2εijkX(jk)(i,j,...= 1,2,3), operators [25, 13]",
        "page": 13,
        "link": "https://ui.adsabs.harvard.edu/link_gateway/2021EPJC...81..553C/EPRINT_PDF",
        "title": "Quantum theory of redshift in de Sitter expanding universe"
    },
    "2021EPJC...81..553C_page_13_chunk_2": {
        "text": "e\nenergy operator ˆH=ωX(05), the components of the momentum, ˆPi=\n−ωH(X(i4)+X(0i)), dual momentum, ˆQi=ωH(X(0i)−X(i4)), and total\nangular momentum, ˆJi=1\n2εijkX(jk)(i,j,...= 1,2,3), operators [25, 13].\nThe action of these operators can be calculated according to Eq. ( 55)\nusing the concrete form of the Killing vectors derived from Eq. (10) . In\nwhat follows we restrict ourselves to present the results in the Cou lomb\ngauge (with A0= 0) which are useful in applications. The energy and\nmomentum operators do not have spin parts, acting as [11]\nˆHAj=−iωH/parenleftbigg\ntc∂\n∂tc+xi\nc∂\n∂xi\nc+1/parenrightbigg\nAj, (57)\nˆPiAj=−i∂\n∂xicAj, (58)\nwhile the action of the total angular momentum reads\nˆJiAj=ˆLiAj−iεijkAk, (59)\nwhereˆL=xc×Pis the usual angular momentum operator. In addition,\nwe deﬁne the Pauli-Lubanski (or helicity) operator ˆW=ˆP·ˆJwhose\naction depends only on the spin parts,\nˆWAi=εijk∂\n∂xj\ncAk. (60)\n13",
        "page": 13,
        "link": "https://ui.adsabs.harvard.edu/link_gateway/2021EPJC...81..553C/EPRINT_PDF",
        "title": "Quantum theory of redshift in de Sitter expanding universe"
    },
    "2021EPJC...81..553C_page_13_chunk_3": {
        "text": "li-Lubanski (or helicity) operator ˆW=ˆP·ˆJwhose\naction depends only on the spin parts,\nˆWAi=εijk∂\n∂xj\ncAk. (60)\n13",
        "page": 13,
        "link": "https://ui.adsabs.harvard.edu/link_gateway/2021EPJC...81..553C/EPRINT_PDF",
        "title": "Quantum theory of redshift in de Sitter expanding universe"
    },
    "2021EPJC...81..553C_page_14_chunk_1": {
        "text": "This operator will deﬁne the polarization in the canonical basis of the\nso(3) algebra as in special relativity [11].\nHowever, the dual momentum has the most complicated action,\nˆQiAj=−iω2\nH/bracketleftbigg\n2xi\nc/parenleftbigg\ntc∂\n∂tc+xk\nc∂\n∂xkc/parenrightbigg\n+(t2\nc−x2\nc)∂\n∂xic/bracketrightbigg\nAj\n−iω2\nH/parenleftbig\n2δijxc·A+xi\ncAj−xj\ncAi/parenrightbig\n, (61)\nwe present here for the ﬁrst time.\nWe constructed thus the basis {ˆH,ˆPi,ˆQi,ˆJi}of the vector represen-\ntation of the so(1,4) algebra whose commutation rules are\n/bracketleftBig\nˆH,ˆJi/bracketrightBig\n= 0 (62)\n/bracketleftBig\nˆH,ˆPi/bracketrightBig\n=iωHˆPi,/bracketleftBig\nˆH,ˆQi/bracketrightBig\n=−iωHˆQi,(63)\n/bracketleftBig\nˆJi,ˆPj/bracketrightBig\n=iεijkˆPk,/bracketleftBig\nˆJi,ˆQj/bracketrightBig\n=iεijkˆQk, (64)\n/bracketleftBig\nˆQi,ˆQj/bracketrightBig\n= 0,/bracketleftBig\nˆPi,ˆPj/bracketrightBig\n= 0, (65)\n/bracketleftBig\nˆQi,ˆPj/bracketrightBig\n= 2iωHδijˆH+2iω2\nHεijkˆJk, (66)\nfrom which we deduce\n/bracketleftBig\nˆPi,ˆW/bracketrig",
        "page": 14,
        "link": "https://ui.adsabs.harvard.edu/link_gateway/2021EPJC...81..553C/EPRINT_PDF",
        "title": "Quantum theory of redshift in de Sitter expanding universe"
    },
    "2021EPJC...81..553C_page_14_chunk_2": {
        "text": "ˆQj/bracketrightBig\n= 0,/bracketleftBig\nˆPi,ˆPj/bracketrightBig\n= 0, (65)\n/bracketleftBig\nˆQi,ˆPj/bracketrightBig\n= 2iωHδijˆH+2iω2\nHεijkˆJk, (66)\nfrom which we deduce\n/bracketleftBig\nˆPi,ˆW/bracketrightBig\n= 0,/bracketleftBig\nˆH,ˆW/bracketrightBig\n=iωHˆW , (67)\nunderstanding that the maximal set of commuting operators we ma y use\nis{ˆPi,ˆW}. The ﬁrst Casimir operator of this algebra has the form [13]\nC1=ˆH2+3iωHˆH−ˆQ·ˆP−ω2\nHˆJ·ˆJ (68)\ngiving the supplemental equation C1Ai= 0 which in the Coulomb gauge\nis just the d’Alambert one.\nIn what concerns the structure of the so(1,4) algebra we observe that\nthere are two Abelian sub-algebras generated by the momentum co m-\nponents, {ˆPi}, and respectively by those of the dual momentum, {ˆQi}.\nAnother speciﬁc feature is that the energy operators does not c ommute\nwith the momentum components as in special relativity. Regarding ou r\nnotations we must specify that the upper or lower positions of the s pace\nindices donothave hereameaning butwedenote",
        "page": 14,
        "link": "https://ui.adsabs.harvard.edu/link_gateway/2021EPJC...81..553C/EPRINT_PDF",
        "title": "Quantum theory of redshift in de Sitter expanding universe"
    },
    "2021EPJC...81..553C_page_14_chunk_3": {
        "text": " not c ommute\nwith the momentum components as in special relativity. Regarding ou r\nnotations we must specify that the upper or lower positions of the s pace\nindices donothave hereameaning butwedenoted thecomponents o fthe\nmomentum and dual momentum with upper indices since in the ﬂat limit\nthese become ˆQi→ˆPi→ −i∂i, i. e. the contravariant space components\nof the momentum operator with respect to the Minkowski metric.\n14",
        "page": 14,
        "link": "https://ui.adsabs.harvard.edu/link_gateway/2021EPJC...81..553C/EPRINT_PDF",
        "title": "Quantum theory of redshift in de Sitter expanding universe"
    },
    "2021EPJC...81..553C_page_15_chunk_1": {
        "text": "The conserved quantities of our Lagrangian theory are related to the\noperators of the so(1,4) algebra via Noether’s theorem. From the action\n(35) we deduce that in Coulomb’s gauge the conserved quantities ca n be\nderived by using the Hermitian form (50) as [11]\nX→C[X] =1\n2δij(Ai,XAj)∀X∈so(1,4),(69)\nThis integral can be expressed in terms of electric and magnetic com -\nponents of the ﬁeld strength [12] or as a mode integral in momentum\nrepresentation. Thus we can conclude that we outlined here a cohe rent\nde Sitter electrodynamics which has a correct ﬂat limit.\n5 Quantum Maxwell ﬁeld\nThe next step is the quantization we may perform in canonical manne r\nas in special relativity exploiting the global conformal invariance of t he\ntheory in Coulomb gauge. There are many delicate problems that can be\navoided if we restrict ourselves to the conserved operators in the Heisen-\nberg picture assuming that the quantum states are deﬁned at the initial\ntime (30) when a(0) = 1 and the conserved and p",
        "page": 15,
        "link": "https://ui.adsabs.harvard.edu/link_gateway/2021EPJC...81..553C/EPRINT_PDF",
        "title": "Quantum theory of redshift in de Sitter expanding universe"
    },
    "2021EPJC...81..553C_page_15_chunk_2": {
        "text": "an be\navoided if we restrict ourselves to the conserved operators in the Heisen-\nberg picture assuming that the quantum states are deﬁned at the initial\ntime (30) when a(0) = 1 and the conserved and peculiar momenta coin-\ncide. Thenwehavetofocusonlyontheconserved operatorscalcu latedat\nthis moment which are enough for analysing the quantum redshift. H ow-\never, this method is not suitable for studying other dynamic operat ors\nas, for example, the coordinate operator and that of peculiar mom entum.\n5.1 One-particle operators\nWe assume that the wave functions aof the ﬁeld (40) becomes ﬁeld\noperators (with a∗→a†) [24] such that the potentials (40) become ﬁeld\noperators denoted by Ai. We assume that the ﬁeld operators fulﬁll the\nstandard commutation relations in the momentum-helicity basis from\nwhich the non-vanishing ones are\n[a(k,λ),a†(k′,λ′)] =δλλ′δ3(k−k′). (70)\nThen the Hermitian ﬁeld A=A†is correctly quantized according to the\ncanonical rule\n[Ai(tc,xc),πj(tc,x′\nc)] = [Ai(tc,x),∂tcAj(t",
        "page": 15,
        "link": "https://ui.adsabs.harvard.edu/link_gateway/2021EPJC...81..553C/EPRINT_PDF",
        "title": "Quantum theory of redshift in de Sitter expanding universe"
    },
    "2021EPJC...81..553C_page_15_chunk_3": {
        "text": "m\nwhich the non-vanishing ones are\n[a(k,λ),a†(k′,λ′)] =δλλ′δ3(k−k′). (70)\nThen the Hermitian ﬁeld A=A†is correctly quantized according to the\ncanonical rule\n[Ai(tc,xc),πj(tc,x′\nc)] = [Ai(tc,x),∂tcAj(tc,x′\nc)] =iδtr\nij(xc−x′\nc),(71)\nwhere\nπj=√gδL\nδ(∂tcAj)=∂tcAj (72)\n15",
        "page": 15,
        "link": "https://ui.adsabs.harvard.edu/link_gateway/2021EPJC...81..553C/EPRINT_PDF",
        "title": "Quantum theory of redshift in de Sitter expanding universe"
    },
    "2021EPJC...81..553C_page_16_chunk_1": {
        "text": "is the momentum density in Coulomb gauge ( A0= 0) and\nδtr\nij(xc) =1\n(2π)3/integraldisplay\nd3q/parenleftbigg\nδij−qiqj\nq2/parenrightbigg\neiq·xc(73)\nis the well-known transverse δ-function [24] arising from Eq. (53).\nAs in special relativity we consider a unique vacuum state, |0/an}bracketri}ht, of the\nFock such that\na(k,λ)|0/an}bracketri}ht= 0,/an}bracketle{t0|a†(k,λ) = 0. (74)\nThe sectors with a given number of particles may be constructed us ing\nthe standard methods for obtaining the generalized momentum-he licity\nbasis of the the Fock space.\nThe one-particle operators corresponding to the conserved qua ntities\n(69) can be calculated in Coulomb gauge as [11]\nX=1\n2δij: (Ai,XAj) (75)\nrespectingthenormalorderingoftheoperatorproducts[24]. Th eobvious\nalgebraic properties\n[X,Ai(x)] =−XAi(x), (76)\n[X,Y] =1\n2δij: (Ai,[X,Y]Aj) (77)\nare due to the canonical quantization adopted here. However, th ere are\nmany other conserved operators which do not have correspondin g diﬀer-\nential operators but ",
        "page": 16,
        "link": "https://ui.adsabs.harvard.edu/link_gateway/2021EPJC...81..553C/EPRINT_PDF",
        "title": "Quantum theory of redshift in de Sitter expanding universe"
    },
    "2021EPJC...81..553C_page_16_chunk_2": {
        "text": "6)\n[X,Y] =1\n2δij: (Ai,[X,Y]Aj) (77)\nare due to the canonical quantization adopted here. However, th ere are\nmany other conserved operators which do not have correspondin g diﬀer-\nential operators but can be deﬁned directly as mode expansions. T he\nsimplest example is the operator of the number of particles,\nN=/integraldisplay\nd3k/summationdisplay\nλa†(k,λ)a(k,λ), (78)\nThe conserved one-particle operators whose mode expansions ca n be\nderived easily are the components of the conserved momentum ope rator,\nPl=1\n2δij:/parenleftBig\nAi,ˆPlAj/parenrightBig\n=/integraldisplay\nd3kkl/summationdisplay\nλa†(k,λ)a(k,λ),(79)\nand the Pauli-Lubanski operator,\nW=1\n2δij:/parenleftBig\nAi,ˆWAj/parenrightBig\n=/integraldisplay\nd3kk/summationdisplay\nλλa†(k,λ)a(k,λ),(80)\n16",
        "page": 16,
        "link": "https://ui.adsabs.harvard.edu/link_gateway/2021EPJC...81..553C/EPRINT_PDF",
        "title": "Quantum theory of redshift in de Sitter expanding universe"
    },
    "2021EPJC...81..553C_page_17_chunk_1": {
        "text": "which commutes with the momentum componenta, [ Pi,W] = 0. The\nmomentum-helicity basis\n|0/an}bracketri}ht,|k,λ/an}bracketri}ht=a†(k,λ)|0/an}bracketri}ht,|k,λ;k′,λ′/an}bracketri}ht=a†(k,λ)a†(k′,λ′)|0/an}bracketri}ht, ...(81)\nis formed by the eigenvectors of the set of commuting operators {W,Pi}\ncorresponding to the discrete polarizations, λ, λ+λ′, ...∈Zand mo-\nmentak,k+k′, ...of continuous spectrum R3\nk.\nThe problemof the energy operatoris moredelicate but canbesolve d\nresorting to the identity\n(ˆHfk)(x) =−iωH/parenleftbigg\nki∂ki+3\n2/parenrightbigg\nfk(x), (82)\nsatisﬁed by the functions (45). Then, after a few manipulation and ap-\nplying the Green theorem, we obtain the ﬁnal result [11],\nH=1\n2δij:/parenleftBig\nAi,ˆHAj/parenrightBig\n:\n=iωH\n2/integraldisplay\nd3kki/summationdisplay\nλa†(k,λ)↔\n∂kia(k,λ). (83)\nHereby we see that the form of the energy operator is strongly de pen-\ndent on the phase of the operators a(k,λ) deﬁned by Eq. (46). This\nis in accordance with the similar property of the",
        "page": 17,
        "link": "https://ui.adsabs.harvard.edu/link_gateway/2021EPJC...81..553C/EPRINT_PDF",
        "title": "Quantum theory of redshift in de Sitter expanding universe"
    },
    "2021EPJC...81..553C_page_17_chunk_2": {
        "text": "a(k,λ). (83)\nHereby we see that the form of the energy operator is strongly de pen-\ndent on the phase of the operators a(k,λ) deﬁned by Eq. (46). This\nis in accordance with the similar property of the energy operator th at\nholdsfortheKlein-Gordon, DiracorProcafreeﬁeldsonthisbackgr ound.\nThis general behaviour is due to the space expansion giving the depe n-\ndence of the energy operator on the translations that change th e phase.\nNevertheless, this behaviour does not change the commutation re lations\n/bracketleftbig\nH,Pi/bracketrightbig\n=iωHPi, (84)\n[H,W] =iωHW, (85)\nwhich are independent on the phase δ(k) as it results from Eqs. (63) and\n(77).\n5.2 Wave packets and measurements\nA simple model which prevents us from complicated calculations is that\nof the one-particle wave-packets. In our Heisenberg picture the se are\ngiven by the time-independent one-particle states,\n|α/an}bracketri}ht=/integraldisplay\nd3k/summationdisplay\nλαλ(k)a†(k,λ)|0/an}bracketri}ht (86)\n17",
        "page": 17,
        "link": "https://ui.adsabs.harvard.edu/link_gateway/2021EPJC...81..553C/EPRINT_PDF",
        "title": "Quantum theory of redshift in de Sitter expanding universe"
    },
    "2021EPJC...81..553C_page_17_chunk_3": {
        "text": "isenberg picture the se are\ngiven by the time-independent one-particle states,\n|α/an}bracketri}ht=/integraldisplay\nd3k/summationdisplay\nλαλ(k)a†(k,λ)|0/an}bracketri}ht (86)\n17",
        "page": 17,
        "link": "https://ui.adsabs.harvard.edu/link_gateway/2021EPJC...81..553C/EPRINT_PDF",
        "title": "Quantum theory of redshift in de Sitter expanding universe"
    },
    "2021EPJC...81..553C_page_18_chunk_1": {
        "text": "deﬁned by the square integrable functions in momentum represent ation\nαλ(k) which must satisfy the normalization condition\n/an}bracketle{tα|α/an}bracketri}ht=/integraldisplay\nd3k/summationdisplay\nλ|αλ(k)|2= 1. (87)\nThe corresponding ’wave functions’\nA[α]i(x) =/an}bracketle{t0|Ai(x)|α/an}bracketri}ht=/integraldisplay\nd3k/summationdisplay\nλei(nk,λ)fk(x)αλ(k),(88)\nare known as wave-packets. These are useful auxiliary functions related\nto those of the momentum representation through the inversion r elations\nαλ(k) =δijei(nk,λ)∗(fk,A[α]j). (89)\nMoreover, the expectation values of the one-particle operators (75) in the\nstate|α/an}bracketri}htcan be calculated simply as\n/an}bracketle{tα|X|α/an}bracketri}ht=δij(A[α]i,XA[α]j), (90)\navoiding the tedious algebra of ﬁeld operators.\nOnce the wave-packet is prepared this evolves causally until an idea l\napparatus measures some parameters. More speciﬁc, this appar atus can\nmeasure all theeigenvalues oftheoperators WandPiwhich arediagonal\nin the moment",
        "page": 18,
        "link": "https://ui.adsabs.harvard.edu/link_gateway/2021EPJC...81..553C/EPRINT_PDF",
        "title": "Quantum theory of redshift in de Sitter expanding universe"
    },
    "2021EPJC...81..553C_page_18_chunk_2": {
        "text": " is prepared this evolves causally until an idea l\napparatus measures some parameters. More speciﬁc, this appar atus can\nmeasure all theeigenvalues oftheoperators WandPiwhich arediagonal\nin the momentum-helicity basis. In an experiment we can set this appa -\nratus to select only the momenta included in a desired domain ∆ ⊂R3\nk\nby using a suitable projection operator Λ ∆= Λ†\n∆(satisfying Λ2\n∆= Λ∆)\nthat can be represented as\nΛ∆=|0/an}bracketri}ht/an}bracketle{t0|+/integraldisplay\n∆d3k/summationdisplay\nλa†(k,λ)|0/an}bracketri}ht/an}bracketle{t0|a(k,λ)+..., (91)\nwhere the integral is restricted to the domain ∆. During the experim ent\nthis operator ﬁlters only the momenta k∈∆ transforming the state\nof the system as |α/an}bracketri}ht →Λ∆|α/an}bracketri}ht. Then the expectation value /an}bracketle{tX/an}bracketri}htof a\none-particle operator Xcan be calculated as [26]\n/an}bracketle{tX/an}bracketri}ht=/an}bracketle{tα|Λ∆X|α/an}bracketri}ht\n/an}bracketle{tα|Λ∆|α/an}bracketri}ht(92)\ntaking into",
        "page": 18,
        "link": "https://ui.adsabs.harvard.edu/link_gateway/2021EPJC...81..553C/EPRINT_PDF",
        "title": "Quantum theory of redshift in de Sitter expanding universe"
    },
    "2021EPJC...81..553C_page_18_chunk_3": {
        "text": "le{tX/an}bracketri}htof a\none-particle operator Xcan be calculated as [26]\n/an}bracketle{tX/an}bracketri}ht=/an}bracketle{tα|Λ∆X|α/an}bracketri}ht\n/an}bracketle{tα|Λ∆|α/an}bracketri}ht(92)\ntaking into account that our one-particle operators commute with Λ∆.\nThe quantity\n/an}bracketle{tα|Λ∆|α/an}bracketri}ht=/integraldisplay\n∆d3k/summationdisplay\nλ|αλ(k)|2≤1, (93)\n18",
        "page": 18,
        "link": "https://ui.adsabs.harvard.edu/link_gateway/2021EPJC...81..553C/EPRINT_PDF",
        "title": "Quantum theory of redshift in de Sitter expanding universe"
    },
    "2021EPJC...81..553C_page_19_chunk_1": {
        "text": "gives the probability P∆=|/an}bracketle{tα|Λ∆|α/an}bracketri}ht|2of measuring any momentum\nk∈∆. Obviously, when we can measure the whole continuous spectrum,\n∆ =R3\nk, then Λ ∆→1,P∆= 1 and /an}bracketle{tX/an}bracketri}ht=/an}bracketle{tα|X|α/an}bracketri}ht.\nFurthermore, bearing in mind the role of the phase factor in Eq. (46 )\nwe assume that the functions αλhave the general form\nαλ(k) =eiδ(k)ˆαλ(k), (94)\nwhere ˆαλ= ˆα∗\nλare real valued functions. Then we can derive the ex-\npectation values of the operators which are diagonal in the basis (8 1) by\nusing the rule (90) as\n/an}bracketle{t(Pi)n/an}bracketri}ht=1\n/an}bracketle{tα|Λ∆|α/an}bracketri}ht/integraldisplay\n∆d3k(ki)n/summationdisplay\nλˆαλ(k)2, (95)\n/an}bracketle{tWn/an}bracketri}ht=1\n/an}bracketle{tα|Λ∆|α/an}bracketri}ht/integraldisplay\n∆d3k/summationdisplay\nλλnˆαλ(k)2, (96)\nFor the energy operator which is not diagonal in this basis we may app ly\nthe same formula but using, in addition, the identity (82) and the Gre en\ntheorem whi",
        "page": 19,
        "link": "https://ui.adsabs.harvard.edu/link_gateway/2021EPJC...81..553C/EPRINT_PDF",
        "title": "Quantum theory of redshift in de Sitter expanding universe"
    },
    "2021EPJC...81..553C_page_19_chunk_2": {
        "text": "y\n∆d3k/summationdisplay\nλλnˆαλ(k)2, (96)\nFor the energy operator which is not diagonal in this basis we may app ly\nthe same formula but using, in addition, the identity (82) and the Gre en\ntheorem which helps us to write\n/an}bracketle{tH/an}bracketri}ht=1\n/an}bracketle{tα|Λ∆|α/an}bracketri}ht/braceleftBigg\niωH\n2/integraldisplay\n∆d3kki/summationdisplay\nλα∗\nλ(k)↔\n∂kiαλ(k)/bracerightBigg\n=−1\n/an}bracketle{tα|Λ∆|α/an}bracketri}ht/braceleftBigg\nωH/integraldisplay\n∆d3k/bracketleftbig\nki∂kiδ(k)/bracketrightbig/summationdisplay\nλˆαλ(k)2/bracerightBigg\n,(97)\nsince ˆα∗\nλ↔\n∂ˆαλ= 0 as these are real valued functions. Note that the\noperator ki∂kiin momentum space is in fact a radial operator such that\nthis does not aﬀect the polarization vectors which depend only on th e\nunit vector of the momentum direction, nk. Finally, by using again Eq.\n(90) we may write\n/an}bracketle{tα|H2|α/an}bracketri}ht=δij/parenleftBig\nˆHA[α]i,ˆHA[α]j/parenrightBig\n, (98)\nwhich helps us to obtain the useful formula\n/an}br",
        "page": 19,
        "link": "https://ui.adsabs.harvard.edu/link_gateway/2021EPJC...81..553C/EPRINT_PDF",
        "title": "Quantum theory of redshift in de Sitter expanding universe"
    },
    "2021EPJC...81..553C_page_19_chunk_3": {
        "text": "ection, nk. Finally, by using again Eq.\n(90) we may write\n/an}bracketle{tα|H2|α/an}bracketri}ht=δij/parenleftBig\nˆHA[α]i,ˆHA[α]j/parenrightBig\n, (98)\nwhich helps us to obtain the useful formula\n/an}bracketle{tH2/an}bracketri}ht=ω2\nH\n/an}bracketle{tα|Λ∆|α/an}bracketri}ht/braceleftBigg/integraldisplay\n∆d3k/bracketleftbig\nki∂kiδ(k)/bracketrightbig2/summationdisplay\nλˆαλ(k)2\n+/integraldisplay\n∆d3k/summationdisplay\nλ/bracketleftbigg/parenleftbigg\nki∂ki+3\n2/parenrightbigg\nˆαλ(k)/bracketrightbigg2/bracerightBigg\n,(99)\nwe need in the next application.\n19",
        "page": 19,
        "link": "https://ui.adsabs.harvard.edu/link_gateway/2021EPJC...81..553C/EPRINT_PDF",
        "title": "Quantum theory of redshift in de Sitter expanding universe"
    },
    "2021EPJC...81..553C_page_20_chunk_1": {
        "text": "6 Quantum redshift\nLet us come back now to the problem of two translated observers, O′and\nO, preparing and respectively measuring a photon state |α/an}bracketri}ht. We assume\nthat these observers use the same global ideal apparatus repre sented by\ntheoperatoralgebra A′∪Aformedbytwosub-algebrasincluding theﬁeld\noperators and the conserved ones for which we use the self-expla natory\nnotations\nO′:A′(x′\nc),...H′,P′i,Q′i,L′\ni...∈A′, (100)\nO:A(xc),...H,Pi,Qi,Li....∈A, (101)\nThe state |α/an}bracketri}htis prepared at the initial time (30) when the observers\nare translated each other with the position vector d. The translation\ngenerators P′i=Pi, which are the same in both the above sub-algebras,\ndeﬁne the translation operator\nT(d) = exp/parenleftbig\nidiPi/parenrightbig\n, (102)\nwhich transforms these sub-algebras, T(d) :A′→A, such that any op-\neratorX′∈A′is transformed into X=T(d)X′T(d)†∈A. Particularly,\nthe energy operator is translated as\nH=T(d)H′T(d)†=H′+ωHdiPi, (103)\naccording to the commut",
        "page": 20,
        "link": "https://ui.adsabs.harvard.edu/link_gateway/2021EPJC...81..553C/EPRINT_PDF",
        "title": "Quantum theory of redshift in de Sitter expanding universe"
    },
    "2021EPJC...81..553C_page_20_chunk_2": {
        "text": "se sub-algebras, T(d) :A′→A, such that any op-\neratorX′∈A′is transformed into X=T(d)X′T(d)†∈A. Particularly,\nthe energy operator is translated as\nH=T(d)H′T(d)†=H′+ωHdiPi, (103)\naccording to the commutation rule (84). In what follows, we simplify t he\ngeometry be choosing anorthogonal frame {e1,e2,e3}such that d=de3.\n6.1 Expectation values\nThe observer O′prepares the state |α/an}bracketri}htin his proper co-moving frame\nwhere the principal parameters are the expectation values of ene rgy,E′,\nmomentum components, P′i, and polarization, W′. These quantities\ncan be calculated by using the simple rule (90) taking into account tha t\nthe packet is deﬁned by the functions (94) whose phase must be ﬁx ed\naccording to the condition (43). The simplest choice is\nδ(k) =−k\nωH, (104)\nsince then the expectation value of the energy reads\nE′≡ /an}bracketle{tα|H′|α/an}bracketri}ht=δij/parenleftBig\nA[α]i,ˆHA[α]j/parenrightBig\n=/integraldisplay\nd3kk/summationdisplay\nλˆαλ(k)2(105)\n20",
        "page": 20,
        "link": "https://ui.adsabs.harvard.edu/link_gateway/2021EPJC...81..553C/EPRINT_PDF",
        "title": "Quantum theory of redshift in de Sitter expanding universe"
    },
    "2021EPJC...81..553C_page_20_chunk_3": {
        "text": "ation value of the energy reads\nE′≡ /an}bracketle{tα|H′|α/an}bracketri}ht=δij/parenleftBig\nA[α]i,ˆHA[α]j/parenrightBig\n=/integraldisplay\nd3kk/summationdisplay\nλˆαλ(k)2(105)\n20",
        "page": 20,
        "link": "https://ui.adsabs.harvard.edu/link_gateway/2021EPJC...81..553C/EPRINT_PDF",
        "title": "Quantum theory of redshift in de Sitter expanding universe"
    },
    "2021EPJC...81..553C_page_21_chunk_1": {
        "text": "as it results from Eq. (97) for ∆ = R3\nk. The other expectation values can\nbe derived simpler by using Eq. (90) as\nP′i≡ /an}bracketle{tα|Pi|α/an}bracketri}ht=δij/parenleftBig\nA[α]i,ˆPiA[α]j/parenrightBig\n=/integraldisplay\nd3kki/summationdisplay\nλˆαλ(k)2,(106)\nW′≡ /an}bracketle{tα|Wi|α/an}bracketri}ht=δij/parenleftBig\nA[α]i,ˆWA[α]j/parenrightBig\n=/integraldisplay\nd3k/summationdisplay\nλλˆαλ(k)2,(107)\nsince these do not depend on the phase (104). We observe that in o ur\nframework with the phase (104) all these expectation values have the\nsame forms as in Minkowski space-time.\nHowever, these quantities are not accessible to the observer Owhich\nfocuses on the observables, H′,H,PiandWselecting only the photons\ncoming from the source O′, whose momenta are parallel with e3. This\nmeans that the domain of momenta measured by Ois\n∆ =/braceleftbigg\nk/vextendsingle/vextendsingle/vextendsingle/vextendsingle−∆k\n2≤k1≤∆k\n2,−∆k\n2≤k2≤∆k\n2, k3<0/bracerightbigg\n(108)\nwhere ∆kis a small quantity. Then we ma",
        "page": 21,
        "link": "https://ui.adsabs.harvard.edu/link_gateway/2021EPJC...81..553C/EPRINT_PDF",
        "title": "Quantum theory of redshift in de Sitter expanding universe"
    },
    "2021EPJC...81..553C_page_21_chunk_2": {
        "text": "ain of momenta measured by Ois\n∆ =/braceleftbigg\nk/vextendsingle/vextendsingle/vextendsingle/vextendsingle−∆k\n2≤k1≤∆k\n2,−∆k\n2≤k2≤∆k\n2, k3<0/bracerightbigg\n(108)\nwhere ∆kis a small quantity. Then we may evaluate the integrals over\n∆ as\n/integraldisplay\n∆d3kF(k) =/integraldisplay∆k\n2\n−∆k\n2dk1/integraldisplay∆k\n2\n−∆k\n2dk2/integraldisplay0\n−∞dk3F(k1,k2,k3)\n≃(∆k)2/integraldisplay∞\n0dkF(0,0,−k), (109)\naccording to the mean value theorem.\nNow we come back to our intuitive notations of Sec. 3 of the expecta -\ntion values of the initial, Ei≡ /an}bracketle{tH′/an}bracketri}ht, and ﬁnal, Ef≡ /an}bracketle{tH/an}bracketri}ht, energies related\nto the conserved momentum of components Pi≡ /an}bracketle{tPi/an}bracketri}htthat can be ob-\nserved by O. These expectation values have to be calculated according to\nEq. (92) with the state |α/an}bracketri}htdeﬁned by the functions (94) with the phase\n(104) andthe projection operatorΛ ∆corresponding to the domain (108).\nFirst we ﬁnd that\n/an}bracketle{tα|Λ∆|α",
        "page": 21,
        "link": "https://ui.adsabs.harvard.edu/link_gateway/2021EPJC...81..553C/EPRINT_PDF",
        "title": "Quantum theory of redshift in de Sitter expanding universe"
    },
    "2021EPJC...81..553C_page_21_chunk_3": {
        "text": "g to\nEq. (92) with the state |α/an}bracketri}htdeﬁned by the functions (94) with the phase\n(104) andthe projection operatorΛ ∆corresponding to the domain (108).\nFirst we ﬁnd that\n/an}bracketle{tα|Λ∆|α/an}bracketri}ht=/integraldisplay\n∆d3k/summationdisplay\nλˆαλ(k)2= (∆k)2κ, (110)\nwhere\nκ=/integraldisplay∞\n0dk/summationdisplay\nλˆαλ(0,0,−k)2. (111)\n21",
        "page": 21,
        "link": "https://ui.adsabs.harvard.edu/link_gateway/2021EPJC...81..553C/EPRINT_PDF",
        "title": "Quantum theory of redshift in de Sitter expanding universe"
    },
    "2021EPJC...81..553C_page_22_chunk_1": {
        "text": "Furthermore, we calculate the expectation values deﬁned by Eq. ( 95) for\nn= 1\nP3≡ /an}bracketle{tP3/an}bracketri}ht=−1\nκ/integraldisplay∞\n0dkk/summationdisplay\nλˆαλ(0,0,−k)2,(112)\n/an}bracketle{tP1/an}bracketri}ht=/an}bracketle{tP2/an}bracketri}ht= 0, (113)\nwhich do not depend on the phase (104). For the energy operator s the\nsituation is diﬀerent since their expectation values depend on this ph ase\nas in Eq. (97) which allows us to write\nEi≡ /an}bracketle{tH′/an}bracketri}ht=1\nκ/integraldisplay∞\n0dkk/summationdisplay\nλˆαλ(0,0,−k)2=−P3,(114)\nderiving the expectation value of Eq. (103) as\nEf≡ /an}bracketle{tH/an}bracketri}ht= (1−ωHd)Ei, (115)\nrecovering thus the Lemaˆ ıtre form of Hubble’s law (33). Note that this\nresult can be derived in a diﬀerent manner observing that\n/an}bracketle{tα|H|α/an}bracketri}ht=/an}bracketle{tα|T(d)H′T(d)†|α/an}bracketri}ht=/an}bracketle{t˜α|H′|˜α/an}bracketri}ht, (116)\nwhere now the translated state |˜α/an}bracketri}htis given by the functions (94) in whic",
        "page": 22,
        "link": "https://ui.adsabs.harvard.edu/link_gateway/2021EPJC...81..553C/EPRINT_PDF",
        "title": "Quantum theory of redshift in de Sitter expanding universe"
    },
    "2021EPJC...81..553C_page_22_chunk_2": {
        "text": "α/an}bracketri}ht=/an}bracketle{tα|T(d)H′T(d)†|α/an}bracketri}ht=/an}bracketle{t˜α|H′|˜α/an}bracketri}ht, (116)\nwhere now the translated state |˜α/an}bracketri}htis given by the functions (94) in which\nwe must substitute\nδ(k)→˜δ(k) =−k\nωH−k·d. (117)\nWith this new phase Eq. (97) gives just the result (115). We must\nspecify that now the initial energy Eiobserved by Ois diﬀerent from E′\nmeasured by O′in contrast with the classical approach where these two\nquantities coincide (as in the table of Sec. 3).\nIn our experiment we select only the momenta oriented along e3such\nthat the polarizations vectors e(e3,±1) =1√\n2(e1∓ie2) are in the plane\n{e1,e2}. The expectation value of the Pauli-Lubanski operator,\nW≡ /an}bracketle{tW/an}bracketri}ht=1\nκ/integraldisplay∞\n0dk/bracketleftbig\nˆα1(0,0,−k)2−ˆα−1(0,0,−k)2/bracketrightbig\n(118)\nsuggests us to introduce the polarization angle 0 ≤θ(k)≤π\n2such that\nˆα1(0,0,k) = cosθ(k)α(k),ˆα−1(0,0,k) = sinθ(k)α(k) (119)\nwhere the new function α(k) satisﬁes/integ",
        "page": 22,
        "link": "https://ui.adsabs.harvard.edu/link_gateway/2021EPJC...81..553C/EPRINT_PDF",
        "title": "Quantum theory of redshift in de Sitter expanding universe"
    },
    "2021EPJC...81..553C_page_22_chunk_3": {
        "text": "(0,0,−k)2/bracketrightbig\n(118)\nsuggests us to introduce the polarization angle 0 ≤θ(k)≤π\n2such that\nˆα1(0,0,k) = cosθ(k)α(k),ˆα−1(0,0,k) = sinθ(k)α(k) (119)\nwhere the new function α(k) satisﬁes/integraltext∞\n0dkα(k)2=κ. In the particular\ncase when θis a constant independent on kwe haveW= cos2θ.\n22",
        "page": 22,
        "link": "https://ui.adsabs.harvard.edu/link_gateway/2021EPJC...81..553C/EPRINT_PDF",
        "title": "Quantum theory of redshift in de Sitter expanding universe"
    },
    "2021EPJC...81..553C_page_23_chunk_1": {
        "text": "6.2 Dispersions and uncertainty\nThe next step is to study the dispersions of the observables measu red by\nOapplying the well-known rule\ndispX= (∆X)2=/an}bracketle{tX2/an}bracketri}ht−/an}bracketle{tX/an}bracketri}ht2. (120)\nWe observe ﬁrst that the operators H′andHcommute alike with Piand\nWas in Eqs. (84) and (85) but do not commute with each other since\n[H′,H] =iω2\nHdiPi=iω2\nHdP3. (121)\nTherefore, from the above equation and Eq. (84) we obtain the un cer-\ntainty relations\ndispH′dispPi≥1\n4ω2\nH/vextendsingle/vextendsingle/an}bracketle{tPi/an}bracketri}ht/vextendsingle/vextendsingle2, (122)\ndispHdispPi≥1\n4ω2\nH/vextendsingle/vextendsingle/an}bracketle{tPi/an}bracketri}ht/vextendsingle/vextendsingle2, (123)\ndispH′dispH ≥1\n4ω4\nHd2/vextendsingle/vextendsingle/an}bracketle{tP3/an}bracketri}ht/vextendsingle/vextendsingle2, (124)\nFori= 1,2 Eqs. (113) allow us to set disp P1= dispP2= 0 without\nviolating the uncertainty relations but along the third axis the relatio n\n(122) is non-trivial since P",
        "page": 23,
        "link": "https://ui.adsabs.harvard.edu/link_gateway/2021EPJC...81..553C/EPRINT_PDF",
        "title": "Quantum theory of redshift in de Sitter expanding universe"
    },
    "2021EPJC...81..553C_page_23_chunk_2": {
        "text": "tendsingle/vextendsingle2, (124)\nFori= 1,2 Eqs. (113) allow us to set disp P1= dispP2= 0 without\nviolating the uncertainty relations but along the third axis the relatio n\n(122) is non-trivial since P≡ |/an}bracketle{tP3/an}bracketri}ht| /ne}ationslash= 0. On the other hand, from Eq.\n(99) with the phase (104) we obtain\n/an}bracketle{tH′2/an}bracketri}ht=/an}bracketle{t(P3)2/an}bracketri}ht+ω2\nHχ. (125)\nThe last terms oftheabove equationsrepresents thequantum co rrections\nwhich are proportional with the dimensionless quantity\nχ=1\nκ/integraldisplay∞\n0dk/summationdisplay\nλ/bracketleftbigg/parenleftbigg\nk∂k+3\n2/parenrightbigg\nˆαλ(0,0,−k)/bracketrightbigg2\n,(126)\nresulted fromthelast term of Eq. (99). This is generated by thede Sitter\ngravity and depends exclusively on the form of the functions ˆ αλ. For de-\nriving the dispersion of the operator Hwe calculate ﬁrst the expectation\nvalue (99) with the new phase (117) obtaining the identity\n/an}bracketle{tH2/an}bracketri}ht= (1−ωHd)2/an}bracke",
        "page": 23,
        "link": "https://ui.adsabs.harvard.edu/link_gateway/2021EPJC...81..553C/EPRINT_PDF",
        "title": "Quantum theory of redshift in de Sitter expanding universe"
    },
    "2021EPJC...81..553C_page_23_chunk_3": {
        "text": " ˆ αλ. For de-\nriving the dispersion of the operator Hwe calculate ﬁrst the expectation\nvalue (99) with the new phase (117) obtaining the identity\n/an}bracketle{tH2/an}bracketri}ht= (1−ωHd)2/an}bracketle{t(P3)2/an}bracketri}ht+ω2\nHχ. (127)\nFinally, from Eqs. (125) and (127) combined with Eqs. (114) and re-\nspectively (115) we ﬁnd\ndispEi≡dispH′= dispP+ω2\nHχ, (128)\ndispEf≡dispH= (1−ωHd)2dispP+ω2\nHχ, (129)\n23",
        "page": 23,
        "link": "https://ui.adsabs.harvard.edu/link_gateway/2021EPJC...81..553C/EPRINT_PDF",
        "title": "Quantum theory of redshift in de Sitter expanding universe"
    },
    "2021EPJC...81..553C_page_24_chunk_1": {
        "text": "where we denote disp P≡dispP3.\nNow we come back to the uncertainty relations (122) and (123) by\nusing Eqs. (128) and (129) for deriving the inequalities\ndispEi,f/parenleftbig\ndispEi,f−ω2\nHχ/parenrightbig\n≥1\n4ω2\nHE2\ni,f, (130)\ndispP/parenleftbig\ndispP+ω2\nHχ/parenrightbig\n≥1\n4ω2\nHP2, (131)\nfrom which we deduce\ndispEi,f≥ωH\n2/parenleftBig/radicalBig\nE2\ni,f+ω2\nHχ2+ωHχ/parenrightBig\n=ωH\n2/parenleftbigg\nEi,f+ωHχ+1\n2Ei,fω2\nHχ2/parenrightbigg\n+O(ω4\nHχ4),(132)\ndispP≥ωH\n2/parenleftbigg/radicalBig\nP2+ω2\nHχ2−ωHχ/parenrightbigg\n=ωH\n2/parenleftbigg\nP−ωHχ+1\n2Pω2\nHχ2/parenrightbigg\n+O(ω4\nHχ4),(133)\nrelating thus the dispersions to the corresponding expectation va lues.\nMore interesting is Eq. (124) as depending explicitly on the distance d\nbetween OandO′. This can be rewritten in our new notations as,\ndispEidispEf≥1\n4ω4\nHd2P2, (134)\nand can be seen as the starting point for deriving new inequalities de-\npendingon dbyusingEqs. (128)and(129). Ourpreliminarycalculations\nindicate that these are more compli",
        "page": 24,
        "link": "https://ui.adsabs.harvard.edu/link_gateway/2021EPJC...81..553C/EPRINT_PDF",
        "title": "Quantum theory of redshift in de Sitter expanding universe"
    },
    "2021EPJC...81..553C_page_24_chunk_2": {
        "text": "EidispEf≥1\n4ω4\nHd2P2, (134)\nand can be seen as the starting point for deriving new inequalities de-\npendingon dbyusingEqs. (128)and(129). Ourpreliminarycalculations\nindicate that these are more complicated requiring a special analytic al\nan numerical study which will be performed elsewhere.\nFinally, let us analyse the dispersion of the Pauli-Lubanski operator\nin the simple case when the polarization angle θis independent on k.\nWe have seen that then the expectation value has the form W≡ /an}bracketle{tW/an}bracketri}ht=\ncos2θ. Moreover, from Eqs. (96) we obtain\n/an}bracketle{tW2/an}bracketri}ht= 1→dispW= sin22θ, (135)\nwhile from Eq. (85) we derive the uncertainty relation\ndispHdispW ≥1\n4ω2\nH|/an}bracketle{tW/an}bracketri}ht|2(136)\ngiving the restriction\ntan2θ≥1\n2ωH\n∆Ef, (137)\npreventing one from measuring total polarizations, i. e. θ= 0 forλ= 1\norθ=π\n2forλ=−1.\n24",
        "page": 24,
        "link": "https://ui.adsabs.harvard.edu/link_gateway/2021EPJC...81..553C/EPRINT_PDF",
        "title": "Quantum theory of redshift in de Sitter expanding universe"
    },
    "2021EPJC...81..553C_page_24_chunk_3": {
        "text": "e from measuring total polarizations, i. e. θ= 0 forλ= 1\norθ=π\n2forλ=−1.\n24",
        "page": 24,
        "link": "https://ui.adsabs.harvard.edu/link_gateway/2021EPJC...81..553C/EPRINT_PDF",
        "title": "Quantum theory of redshift in de Sitter expanding universe"
    },
    "2021EPJC...81..553C_page_25_chunk_1": {
        "text": "7 Concluding remarks\nWe presented the complete classical and quantum theory of the Ma xwell\nﬁeld minimally coupled to the gravity of the de Sitter expanding univers e\nfocusing on the principal eﬀect due to the space expansion, namely the\nredshift for which we derived the quantum corrections and the prin cipal\nuncertainty relations.\nIn the actual expanding universe the quantum corrections and th e\nlimits of the uncertainty relations are extremely small since the actu al\nvalue of ωH(or/planckover2pi1ωHin SI units) is of the order 10−33eVsuch that it\nis less probable to be identiﬁed in astronomical observations. Moreo ver,\nthe limitation predicted by the inequality (137) in an ideal universe is\ntoo small to be separated from other polarization eﬀects produce d by the\ncosmic dust and plasma.\nHowever, these results are interesting as coming from the ﬁrst co m-\nplete and coherent classical and quantum theory of the Maxwell ﬁe ld\ncoupled to the gravity of an expanding universe. The methods de",
        "page": 25,
        "link": "https://ui.adsabs.harvard.edu/link_gateway/2021EPJC...81..553C/EPRINT_PDF",
        "title": "Quantum theory of redshift in de Sitter expanding universe"
    },
    "2021EPJC...81..553C_page_25_chunk_2": {
        "text": "owever, these results are interesting as coming from the ﬁrst co m-\nplete and coherent classical and quantum theory of the Maxwell ﬁe ld\ncoupled to the gravity of an expanding universe. The methods deve l-\noped here can be applied to any spatially ﬂat FLRW expanding universe\nincluding the actual models of early universe.\nOn the other hand, the method of regularization of the momentum\ndependent phase plays the same role as the rest frame vacuum of t he\nmassive particlesassuring thecorrectﬂatlimitoftheMaxwell ﬁeld. T hus\nwe obtainacoherent quantum theoryonthedeSitter expanding un iverse\ninwhichwemayapplytheperturbationmethodsofthetraditionalth eory\nin Minkowski space-time. For this reason we hope that our approac h will\nopen the door to a large ﬁeld of applications not only in astrophysics a nd\ncosmology but even in particle physics.\nReferences\n[1] E. R. Harrison, Cosmology: The Science of the Universe (New York:\nCambridge Univ. Press, 1981).\n[2] G. E. Lemaˆ ıtre, Ann. Soc. Sci. de Bruxe",
        "page": 25,
        "link": "https://ui.adsabs.harvard.edu/link_gateway/2021EPJC...81..553C/EPRINT_PDF",
        "title": "Quantum theory of redshift in de Sitter expanding universe"
    },
    "2021EPJC...81..553C_page_25_chunk_3": {
        "text": " nd\ncosmology but even in particle physics.\nReferences\n[1] E. R. Harrison, Cosmology: The Science of the Universe (New York:\nCambridge Univ. Press, 1981).\n[2] G. E. Lemaˆ ıtre, Ann. Soc. Sci. de Bruxelles 47A(1927) 49.\n[3] G. E. Lemaˆ ıtre, MNRAS 91(1931) 483.\n[4] E. Hubble, Proc. Nat. Acad. Sci. 15(1929) 168.\n[5] E. Harrison, Astrophys. J. 403(1993) 28.\n[6] I. I. Cot˘ aescu, Eur. Phys. J. C 77(2017) 485.\n25",
        "page": 25,
        "link": "https://ui.adsabs.harvard.edu/link_gateway/2021EPJC...81..553C/EPRINT_PDF",
        "title": "Quantum theory of redshift in de Sitter expanding universe"
    },
    "2021EPJC...81..553C_page_26_chunk_1": {
        "text": "[7] I. I. Cot˘ aescu, Eur. Phys. J. C 78(2018) 95.\n[8] I. I. Cot˘ aescu, Mod. Phy. Lett. A 36(2021) 2150022.\n[9] I. I. Cot˘ aescu, Eur. Phys. J. C 81(2021) 32.\n[10] I. I. Cot˘ aescu, arXiv:2101.02019.\n[11] I. I. Cot˘ aescu and C. Crucean, Progress Theor. Phys. 124(2010) 1.\n[12] I. I. Cot˘ aescu and C. Crucean, Phys. Rev. D 87(2013) 044016.\n[13] I. I. Cot˘ aescu, GRG43(2011) 1639.\n[14] P. Painleve, C. R. Acad. Sci. (Paris)173(1921) 677.\n[15] I. I. Cot˘ aescu, Mod. Phys. Lett. A 22(2007) 2965.\n[16] I. I. Cot˘ aescu, C. Crucean and A. Pop, Int. J. Mod. Phys. A 23\n(2008) 2563.\n[17] I. I. Cot˘ aescu, Int. J. Mod. Phys. A 35(2020) 2030019.\n[18] I. I. Cot˘ aescu, Mod. Phys. Lett. A 32(2017) 1750223.\n[19] I. I. Cot˘ aescu, arXiv:2102.03211.\n[20] I. I. Cot˘ aescu, Eur. Phys. J. C 79(2019) 696.\n[21] I. I. Cot˘ aescu, Eur. Phys. J. C 80(2020) 621.\n[22] I. I. Cot˘ aescu, Eur. Phys. J. C 80(2020) 535.\n[23] I. I. Cot˘ aescu, Chin. Phys. C 45(2021) 1.\n[24] S. Weinberg, The Quantum Theory of Fields (U",
        "page": 26,
        "link": "https://ui.adsabs.harvard.edu/link_gateway/2021EPJC...81..553C/EPRINT_PDF",
        "title": "Quantum theory of redshift in de Sitter expanding universe"
    },
    "2021EPJC...81..553C_page_26_chunk_2": {
        "text": " I. I. Cot˘ aescu, Eur. Phys. J. C 80(2020) 621.\n[22] I. I. Cot˘ aescu, Eur. Phys. J. C 80(2020) 535.\n[23] I. I. Cot˘ aescu, Chin. Phys. C 45(2021) 1.\n[24] S. Weinberg, The Quantum Theory of Fields (Univ. Press, Cam-\nbridge 1995).\n[25] I. I. Cot˘ aescu, Phys. Rev. D 65(2002) 084008.\n[26] A. Messiah, Quantum Mechanics (Dover, NY 1999).\n26",
        "page": 26,
        "link": "https://ui.adsabs.harvard.edu/link_gateway/2021EPJC...81..553C/EPRINT_PDF",
        "title": "Quantum theory of redshift in de Sitter expanding universe"
    }
}