{
    "2022arXiv221213246W_page_1_chunk_1": {
        "text": "Observable Unruh E\u000bect and Unmasked Unruh Radiation\nCharles H.-T. Wang,1Gianluca Gregori,2Robert Bingham,3\nYakubu Adamu,1Bethel N. Eneh,1Ma\u0013 e C. Rodriguez,1and Sarah-Jane Twigg1\n1Department of Physics, University of Aberdeen, Aberdeen AB24 3UE, United Kingdom\n2Department of Physics, University of Oxford, Oxford OX1 3PU, United Kingdom\n3Rutherford Appleton Laboratory, Didcot, OX11 0QX, United Kingdom\nThe Unruh e\u000bect, thereby an ideally accelerated quantum detector is predicted to absorb ther-\nmalized virtual photons and re-emit realphotons, is signi\fcantly extended for laboratory accessible\ncon\fgurations. Using modern in\ruence functional techniques, we obtain explicit expressions describ-\ning the excitation and relaxation of the quantum levels of an Unruh detector as a general noninertial\nopen quantum system. Remarkably, for controllable periodical motions, an exact master equation is\nfound for the Unruh detector within the prevailing framework of quantum optics with a well-de\fned\nUnru",
        "page": 1,
        "link": "https://ui.adsabs.harvard.edu/link_gateway/2022arXiv221213246W/EPRINT_PDF",
        "title": "Observable Unruh Effect and Unmasked Unruh Radiation"
    },
    "2022arXiv221213246W_page_1_chunk_2": {
        "text": "open quantum system. Remarkably, for controllable periodical motions, an exact master equation is\nfound for the Unruh detector within the prevailing framework of quantum optics with a well-de\fned\nUnruh temperature for given acceleration ( \u000b), acceleration frequency ( !\u000b), and transition frequency\n(!0) of the detector. We further show that the measurable Unruh temperatures and corresponding\ntransition rates are comparable or higher than their values for the ideally accelerated cases if c!0\nandc!\u000bhave similar orders of magnitude as \u000b. This allows us to select the transition rates of the\ndetector to unmask Unruh radiation against Larmor radiation which has been a major competing\nnoise. Our work suggests experiments with such settings may directly con\frm the Unruh e\u000bect\nwithin the current technology, based on which a laboratory test of black hole thermodynamics will\nbecome possible.\nI. INTRODUCTION\nThe Unruh e\u000bect [1] is a surprising prediction from the\nquantum \feld theory [2, 3] that an o",
        "page": 1,
        "link": "https://ui.adsabs.harvard.edu/link_gateway/2022arXiv221213246W/EPRINT_PDF",
        "title": "Observable Unruh Effect and Unmasked Unruh Radiation"
    },
    "2022arXiv221213246W_page_1_chunk_3": {
        "text": "nology, based on which a laboratory test of black hole thermodynamics will\nbecome possible.\nI. INTRODUCTION\nThe Unruh e\u000bect [1] is a surprising prediction from the\nquantum \feld theory [2, 3] that an observer subject to a\nconstant acceleration \u000brelative to an inertial vacuum at\nzero temperature will experience a surrounding thermal\nbath at the Unruh temperature\nTU(\u000b) =~\u000b\n2\u0019(1)\nin units with c= 1 andkB= 1.\nFurthermore, the accelerated observer is expected to\nevolve towards a thermal equilibrium with the environ-\nment at temperature TU(\u000b) by exchanging thermal pho-\ntons, resulting in potentially measurable Unruh radia-\ntion. In this context, the accelerated observer is called\nan Unruh detector, which have excitable quantum lev-\nels [4{6]. Alternatively, it has been suggested to observe\nthe Unruh e\u000bect using accelerated electrons or positrons\n[7{11].\nDespite the QED origin of the Unruh e\u000bect, substantial\ninterest in its direct detection has remained undamped\n[12]. This can be justi\fed by t",
        "page": 1,
        "link": "https://ui.adsabs.harvard.edu/link_gateway/2022arXiv221213246W/EPRINT_PDF",
        "title": "Observable Unruh Effect and Unmasked Unruh Radiation"
    },
    "2022arXiv221213246W_page_1_chunk_4": {
        "text": "ruh e\u000bect using accelerated electrons or positrons\n[7{11].\nDespite the QED origin of the Unruh e\u000bect, substantial\ninterest in its direct detection has remained undamped\n[12]. This can be justi\fed by the fundamental impor-\ntance of Unruh radiation being parallel to the Hawk-\ning radiation [13] as a gateway to quantum gravity and\nfurther uni\fed theories. The direct measurement of the\nUnruh radiation would also be a milestone for verifying\nthe gravitational particle production process in the Early\nUniverse [14].\nWhile it is true that the di\u000eculties of detecting Unruh\nradiation are largely due to experimental challenges, the\nlimitations and indeed controversies of the existing theo-\nretical descriptions of the Unruh e\u000bect have long added\nto the confusion of its measurement. Certain ambiguities\nin theoretical interpretations have even led some authors\nto believe that Unruh radiation does not exist [12]. Therealso appear to be perceptions that laboratory generated\noscillatory accelerations l",
        "page": 1,
        "link": "https://ui.adsabs.harvard.edu/link_gateway/2022arXiv221213246W/EPRINT_PDF",
        "title": "Observable Unruh Effect and Unmasked Unruh Radiation"
    },
    "2022arXiv221213246W_page_1_chunk_5": {
        "text": "\nin theoretical interpretations have even led some authors\nto believe that Unruh radiation does not exist [12]. Therealso appear to be perceptions that laboratory generated\noscillatory accelerations lead to non-equilibrium condi-\ntions that could invalidate the notion of Unruh temper-\nature [6].\nHere we provide a comprehensive and unambiguous\ntheoretical framework for the Unruh e\u000bect based on the\npowerful in\ruence functional technique in modern the-\nory of open quantum systems with signi\fcant general-\nization to noninertial systems. This enable us to analyze\nan Unruh detector through the well-established quantum\noptics approaches with proven tools to reliably address\nthe physical issues including the photon exchanges with\nthe environment and the corresponding transition rates\nas well as conditions for relaxation to equilibrium. As\na result we are able to derive the physically meaning-\nful Unruh temperature for realistic laboratory conditions\nand unmask the resulting Unruh radiation wit",
        "page": 1,
        "link": "https://ui.adsabs.harvard.edu/link_gateway/2022arXiv221213246W/EPRINT_PDF",
        "title": "Observable Unruh Effect and Unmasked Unruh Radiation"
    },
    "2022arXiv221213246W_page_1_chunk_6": {
        "text": "nditions for relaxation to equilibrium. As\na result we are able to derive the physically meaning-\nful Unruh temperature for realistic laboratory conditions\nand unmask the resulting Unruh radiation with a careful\ntreatment of relaxation times.\nII. QUANTUM DETECTOR AS AN OPEN\nQUANTUM SYSTEM\nHere we will derive a general master equation for a\nquantum detector coupled to the electromagnetic \feld in\nan environmental reservoir using the in\ruence functional\ntheory [18, 20]. This can be achieved by \frst considering\nthe environment to consistent of a real massless scalar\n\feld\u001edescribed by the Lagrangian density\nLR=\u00001\n2\u0011\u0016\u0017\u001e;\u0016\u001e;\u0017 (2)\nusing the Minkowski metric \u0011\u0016\u0017= diag(\u00001;1;1;1) in a\nlaboratory inertial frame. The system of a quantum de-\ntector coupled to this environmental \feld will be sta-\ntistically represented by a time-dependent total densityarXiv:2212.13246v1  [gr-qc]  26 Dec 2022",
        "page": 1,
        "link": "https://ui.adsabs.harvard.edu/link_gateway/2022arXiv221213246W/EPRINT_PDF",
        "title": "Observable Unruh Effect and Unmasked Unruh Radiation"
    },
    "2022arXiv221213246W_page_1_chunk_7": {
        "text": "lly represented by a time-dependent total densityarXiv:2212.13246v1  [gr-qc]  26 Dec 2022",
        "page": 1,
        "link": "https://ui.adsabs.harvard.edu/link_gateway/2022arXiv221213246W/EPRINT_PDF",
        "title": "Observable Unruh Effect and Unmasked Unruh Radiation"
    },
    "2022arXiv221213246W_page_2_chunk_1": {
        "text": "2\noperator (matrix) \u001aT(t), satisfying the Liouville-von Neu-\nmann equation\nd\ndt\u001aT(t) =Z\nd3xL\u001aT(t)\n=\u0000i\n~Z\nd3x[H(x);\u001aT(t)]\nwhereLis the total Liouville super operator, His the\ntotal Hamiltonian density, and ( x) = (t;~ x) denotes a\nspacetime point. Provided the initial state \u001aT(t0), the\nabove is formally solved by\n\u001aT(t) = T exphZt\nt0d4x0L(x0)i\n\u001aT(t0)\nwhere T is the time ordering operator.\nWe consider a system-reservoir interaction Hamilto-\nnian density of the form\nHI=\u0000\u001eQ (3)\nwith the corresponding Liouville super operator denoted\nbyLI. Here the operator Q(x) depends on the sys-\ntem variables with the assumed commutation relation\n[Q(x);Q(x0)] = 0 [18]. Then the system density matrix\n\u001a= trR(\u001aT) obtained by taking the partial trace over the\nenvironmental \feld which carries the reduced dynamic of\nthe detector's degrees of freedom follows as\n\u001a(t) = TSn\ntrRh\nT\u001eexp\u0010Zt\nt0d4x0LI(x0)\u0011\n\u001a(t0)io\n(4)\nin the interaction picture, where we have split the time\nordering operator T = T \u001eTS, with T\u001eand TSbei",
        "page": 2,
        "link": "https://ui.adsabs.harvard.edu/link_gateway/2022arXiv221213246W/EPRINT_PDF",
        "title": "Observable Unruh Effect and Unmasked Unruh Radiation"
    },
    "2022arXiv221213246W_page_2_chunk_2": {
        "text": "f\nthe detector's degrees of freedom follows as\n\u001a(t) = TSn\ntrRh\nT\u001eexp\u0010Zt\nt0d4x0LI(x0)\u0011\n\u001a(t0)io\n(4)\nin the interaction picture, where we have split the time\nordering operator T = T \u001eTS, with T\u001eand TSbeing the\ntime ordering operators for the environmental and system\nvariables respectively. By virtue of the Wick's theorem\n[15], the identity\nTSn\n[LI(x);LI(x0)]\u001ao\n=\u00001\n~2TSn\n[\u001e(x);\u001e(x0)][Q(x)Q(x0);\u001a]o\n(5)\nholds, as the operator Q(x) at di\u000berent times commute\nunder TSand the commutators of the environmental\n\felds arec-numbers.\nWe consider a weak coupling so that the initial state\nof the system (at time t0can be given by a product state\nof the form \u001aT(t0) =\u001a(t0)\n\u001aR, with\u001a(t0) being the\nreduced density matrix of the matter at the initial time\nand\u001aRbeing the reservoir density matrix, which is in a\nstationary state. The in\ruence functional obtained from\nthe time ordered exponential (4) can written as a cu-\nmulant expansion up to second order [18], valid for any\nenvironment in a Gaussian state, incl",
        "page": 2,
        "link": "https://ui.adsabs.harvard.edu/link_gateway/2022arXiv221213246W/EPRINT_PDF",
        "title": "Observable Unruh Effect and Unmasked Unruh Radiation"
    },
    "2022arXiv221213246W_page_2_chunk_3": {
        "text": "tionary state. The in\ruence functional obtained from\nthe time ordered exponential (4) can written as a cu-\nmulant expansion up to second order [18], valid for any\nenvironment in a Gaussian state, including the vacuum\nand thermal states described by a quadratic Hamiltonian\n[19]. Therefore, by substituting (5) into (4), we obtain\nthe in\ruence functional for the reduced open quantumsystem satisfying the non-Markovian master equation\nd\u001a\ndt=\u00001\n2~Zt\nt0dt0d3xd3x0n\niD(x;x0)\u0002\nQ(x);fQ(x0);\u001ag\u0003\n+N(x;x0)\u0002\nQ(x);[Q(x0);\u001a]\u0003o\n(6)\nusing the dissipation and noise kernels\nD(x;x0) =1\ni~h[\u001e(x);\u001e(x0)]iR\nN(x;x0) =1\n~hf\u001e(x);\u001e(x0)giR\nrespectively, where h\u0001\u0001\u0001iRdenotes averaging over the\nreservoir, assumed to be stationary and in a Gaussian\nstate. This is the case if the environment is in thermal\nequilibrium at temperature Twith the Planck distribu-\ntionN(!) =NP(!;T) given by\nNP(!;T) =1\ne~!=T\u00001: (7)\nBy incorporating vector and tensor components with\nsuitable gauge symmetries, the master equation (6) is\nreadily ge",
        "page": 2,
        "link": "https://ui.adsabs.harvard.edu/link_gateway/2022arXiv221213246W/EPRINT_PDF",
        "title": "Observable Unruh Effect and Unmasked Unruh Radiation"
    },
    "2022arXiv221213246W_page_2_chunk_4": {
        "text": "rature Twith the Planck distribu-\ntionN(!) =NP(!;T) given by\nNP(!;T) =1\ne~!=T\u00001: (7)\nBy incorporating vector and tensor components with\nsuitable gauge symmetries, the master equation (6) is\nreadily generalized for the electromagnetic [18] and grav-\nitational [20, 21] environments. Speci\fcally, by compar-\ning the Hamiltonian densities of the electromagnetic and\nscalar \felds, we see that the electromagnetic variant of\n(6) is obtained with\n\u001e!Ai; Q!ji;HI!\u0000Aiji (8)\nwhereAiis the vector potential jiis the electric current\ndensity [18]. For completeness, by comparing the Hamil-\ntonian densities of the linearized gravitational and scalar\n\felds, we see that the gravitational variant of (6) follows\nas\n\u001e!hijp\n32\u0019G; Q!p\n8\u0019G\u001cij;HI!\u00001\n2hij\u001cij(9)\nwherehijis the transverse-traceless (TT) gravitational\nwave amplitude and \u001cijis the TT-stress tensor of a mat-\nter source [20, 21].\nIII. MOVING QUANTUM DETECTOR\nAn Unruh detector is by its nature on an accelerated\ntrajectory. It is therefore necessary to ext",
        "page": 2,
        "link": "https://ui.adsabs.harvard.edu/link_gateway/2022arXiv221213246W/EPRINT_PDF",
        "title": "Observable Unruh Effect and Unmasked Unruh Radiation"
    },
    "2022arXiv221213246W_page_2_chunk_5": {
        "text": "e amplitude and \u001cijis the TT-stress tensor of a mat-\nter source [20, 21].\nIII. MOVING QUANTUM DETECTOR\nAn Unruh detector is by its nature on an accelerated\ntrajectory. It is therefore necessary to extend the pre-\nceding formulation to allow for an arbitrary motion of\na quantum detector that a laboratory test may execute.\nWe have in mind an electron to be accelerated by an in-\ntense electric \feld to gain a large acceleration thanks to\nits high charge-to-mass ratio. This particle is also con-\nsidered to be subject to a potential \feld that gives rise\nto quantum energy levels capable of being thermalized.\nAs a relatively simple model to capture these phys-\nical features, let us consider a point quantum particle\nhaving a uniform transition frequency !0between ad-\njacent energy levels. This particle is assumed to move",
        "page": 2,
        "link": "https://ui.adsabs.harvard.edu/link_gateway/2022arXiv221213246W/EPRINT_PDF",
        "title": "Observable Unruh Effect and Unmasked Unruh Radiation"
    },
    "2022arXiv221213246W_page_2_chunk_6": {
        "text": "icle is assumed to move",
        "page": 2,
        "link": "https://ui.adsabs.harvard.edu/link_gateway/2022arXiv221213246W/EPRINT_PDF",
        "title": "Observable Unruh Effect and Unmasked Unruh Radiation"
    },
    "2022arXiv221213246W_page_3_chunk_1": {
        "text": "3\nalong a world line x(\u001c) = (t(\u001c);~ r(\u001c)) parameterized by\nthe proper time \u001c[17] with a system-reservoir interaction\nHamiltonian density (3) using\nQ(x) =p\n~Z\nd\u001c\u000e4(x\u0000x(\u001c))q(\u001c) (10)\nwhereq(\u001c) is a dimensionless Hermitian operator. Here\nQ(x) arises from taking current moments using (8) and\nphysically can be related to the dipole of the particle-\npotential system as in a possible experiment scheme be-\nlow.\nSince we are considering a single transition frequency\n!0, the time evolution of the q(\u001c) in the interaction pic-\nture is given by [18]\nq(\u001c) =qyei!0\u001c+qe\u0000i!0\u001c(11)\nwhereqyandqact as raising and lowering operators for\nthe particle's quantum energy states respectively.\nWe consider the zero temperature T= 0 in the inertial\nlaboratory frame, in which the late time quantum motion\nwith\u001c\u001d\u001c0in a coarse-grained time scale is described\nby the Markovian approximation of Eq. (6) as follows\n_\u001a=1\n16\u00193Z1\n0dsn\u0000\nq\u001aqy\u0000\u001aqyq\u0001\ne\u0000i!0s\n+\u0000\nqy\u001aq\u0000\u001aqqy\u0001\nei!0so\nI(s;\u001c) + H.c. (12)\nwhere _\u001a= d\u001a=d\u001c, H.c. denotes the Her",
        "page": 3,
        "link": "https://ui.adsabs.harvard.edu/link_gateway/2022arXiv221213246W/EPRINT_PDF",
        "title": "Observable Unruh Effect and Unmasked Unruh Radiation"
    },
    "2022arXiv221213246W_page_3_chunk_2": {
        "text": "e-grained time scale is described\nby the Markovian approximation of Eq. (6) as follows\n_\u001a=1\n16\u00193Z1\n0dsn\u0000\nq\u001aqy\u0000\u001aqyq\u0001\ne\u0000i!0s\n+\u0000\nqy\u001aq\u0000\u001aqqy\u0001\nei!0so\nI(s;\u001c) + H.c. (12)\nwhere _\u001a= d\u001a=d\u001c, H.c. denotes the Hermitian conjugate,\nand\nI(s;\u001c) =Z\nd\n(~k)Z1\n0d!!\n\u0002ei[!(t(\u001c)\u0000t(\u001c\u0000s))\u0000~k\u0001(~ r(\u001c)\u0000~ r(\u001c\u0000s))]:(13)\nIn particular, if I(s;\u001c)\u0019I(s) over the coarse-grained\ntime scale, then (12) takes the form\n_\u001a=1\n16\u00193n\n~I+(!0)\u0000\nq\u001aqy\u0000\u001aqyq\u0001\n+~I+(\u0000!0)\u0000\nqy\u001aq\u0000\u001aqqy\u0001o\n+ H.c. (14)\nin terms of the one-sided Fourier transform ~I+(!) of the\ncoarse-grained I(s), which is related to the full Fourier\ntransform ~I(!) by\n~I+(!) =1\n2~I(!) + CP (15)\nwhere CP denotes a certain Cauchy principal value. It is\nwell known that the Cauchy principal terms contribute\nonly to the imaginary part of ~I+(!) related to a unitary\nevolution for \u001awhich can be absorbed into a renormalized\nsystem Hamiltonian [18]. Therefore, by introducing the\ndimensionless real \\Unruh function\"\nU(!) =1\n16\u00193j!j~I(!) (16)Eq. (14) becomes\n_\u001a=!0\b\nU(!0)D[q] +U(\u0000!0)D[qy]\t",
        "page": 3,
        "link": "https://ui.adsabs.harvard.edu/link_gateway/2022arXiv221213246W/EPRINT_PDF",
        "title": "Observable Unruh Effect and Unmasked Unruh Radiation"
    },
    "2022arXiv221213246W_page_3_chunk_3": {
        "text": " can be absorbed into a renormalized\nsystem Hamiltonian [18]. Therefore, by introducing the\ndimensionless real \\Unruh function\"\nU(!) =1\n16\u00193j!j~I(!) (16)Eq. (14) becomes\n_\u001a=!0\b\nU(!0)D[q] +U(\u0000!0)D[qy]\t\n\u001a (17)\nin terms of the Lindblad super operator\nD[q](\u001a) =q\u001aqy\u00001\n2\b\nqyq; \u001a\t\n: (18)\nMoreover, by introducing the \\Unruh distribution\"\nNU(!) =U(\u0000!)\nU(!)\u0000U(\u0000!)(19)\nand the transition factor\nu(!) =U(!)\u0000U(\u0000!) (20)\nwe can cast (18) into a standard Lindblad form of the\nquantum optional master equation as follows\n_\u001a=!0u(!0)\b\n(1 +NU(!0))D[q] +NU(!0)D[qy]\t\n\u001a:\n(21)\nThe resulting quantum states evolve towards a com-\npletely decohered equilibrium state represented by a di-\nagonal density matrix\n\u001a=X\nn\u001anjnihnj (22)\nwith 0\u0014\u001an\u00141 andP\nn\u001an= 1. Furthermore, this\nequilibrium state is a thermal state with the temperature\nTU(!) =~!\nln[U(!)=U(\u0000!)](23)\nwhich we shall refer to as the (generalized) Unruh tem-\nperature.\nFor example, if the quantum particle has harmonic\nquantum states, then we have\n\u001an= (1\u0000e\u0000~!0=T)e\u0000n~!",
        "page": 3,
        "link": "https://ui.adsabs.harvard.edu/link_gateway/2022arXiv221213246W/EPRINT_PDF",
        "title": "Observable Unruh Effect and Unmasked Unruh Radiation"
    },
    "2022arXiv221213246W_page_3_chunk_4": {
        "text": "ature\nTU(!) =~!\nln[U(!)=U(\u0000!)](23)\nwhich we shall refer to as the (generalized) Unruh tem-\nperature.\nFor example, if the quantum particle has harmonic\nquantum states, then we have\n\u001an= (1\u0000e\u0000~!0=T)e\u0000n~!0=T(24)\nforn= 0;1;2;:::, whereT=TU(!0).\nIV. QUANTUM DETECTOR UNDERGOING A\nCONSTANT ACCELERATION\nFor a quantum detector under a constant acceleration\n\u000b, using (16) with t(\u001c) and~ r(\u001c) given by the Rindler\ncoordinates [16], we obtain the Unruh function to be\nU(!;\u000b) = sgn(!)(1 +NP(!;TU(\u000b))) (25)\nwhere the Planck distribution given by (7) evaluated for\nboth signs of !satisfying\u0000NP(\u0000!;T) = 1 +NP(!;T).\nThe corresponding transition factor (20) turns out to be\nunity. Then using (25) we \fnd that the Unruh distribu-\ntion (19) simply yields the Planck distribution\nNU(!;\u000b) =NP(!;TU(\u000b)) (26)\ngiven by (7) in terms of the Unruh temperature (1). We\nhave therefore recovered Unruh's result for a constant\nacceleration [1].",
        "page": 3,
        "link": "https://ui.adsabs.harvard.edu/link_gateway/2022arXiv221213246W/EPRINT_PDF",
        "title": "Observable Unruh Effect and Unmasked Unruh Radiation"
    },
    "2022arXiv221213246W_page_3_chunk_5": {
        "text": "n terms of the Unruh temperature (1). We\nhave therefore recovered Unruh's result for a constant\nacceleration [1].",
        "page": 3,
        "link": "https://ui.adsabs.harvard.edu/link_gateway/2022arXiv221213246W/EPRINT_PDF",
        "title": "Observable Unruh Effect and Unmasked Unruh Radiation"
    },
    "2022arXiv221213246W_page_4_chunk_1": {
        "text": "4\nV. QUANTUM DETECTOR UNDERGOING A\nPERIODIC MOTION\nConsider a periodic motion at oscillation frequency !\u000b\nin\u001cso that~ r(\u001c) =~ r(\u001c+\u001c\u000b) where\u001c\u000b= 2\u0019=!\u000bis the\noscillation period. In terms of the time averaging of any\nquantitypdenoted by \u0016 pover an oscillation period \u001c\u000b, we\ncan write\nt(\u001c) = \u0016\r\u001c+\u0018(\u001c)\nwhere\r= dt=d\u001cis the Lorentz factor for the particle\nmotion and \u0018(\u001c) =\u0018(\u001c+\u001c\u000b) is some function as the\nperiodic variation of the laboratory inertial time relative\nto the proper time of the particle. For simplicity, let us\nwork in units with !\u000b= 1 and hence \u001c\u000b= 2\u0019. Then (13)\nbecomes\nI(s;\u001c) =Z1\n0d!!f (s;!;\u001c )ei\u0016\r!s\nwhere\nf(s;!;\u001c ) =Z\nd\n(~k)ei[!(\u0018(\u001c)\u0000\u0018(\u001c\u0000s))\u0000~k\u0001(~ r(\u001c)\u0000~ r(\u001c\u0000s))]:\nIt follows from the periodicity of \u0018(\u001c) and~ r(\u001c) that the\nreal and imaginary parts of \u0016f(s;!) are even and odd\nfunctions of srespectively. This results in the Fourier\ncoe\u000ecients fn(!) of \u0016f(s;!) to be real for all integers n.\nConsequently, the Unruh function introduced in (16) so\nthat the quantum optical equation (17) hold",
        "page": 4,
        "link": "https://ui.adsabs.harvard.edu/link_gateway/2022arXiv221213246W/EPRINT_PDF",
        "title": "Observable Unruh Effect and Unmasked Unruh Radiation"
    },
    "2022arXiv221213246W_page_4_chunk_2": {
        "text": "srespectively. This results in the Fourier\ncoe\u000ecients fn(!) of \u0016f(s;!) to be real for all integers n.\nConsequently, the Unruh function introduced in (16) so\nthat the quantum optical equation (17) holds, now takes\nthe form\nU(!) =1\n4\u0019j!j\u0016\r2X\nn<!(!\u0000n)fn\u0010!\u0000n\n\u0016\r\u0011\n(27)\nwherefn(!) are the Fourier coe\u000ecients of \u0016f(s;!) over\nan interval of sof length 2\u0019.\nVI. QUANTUM DETECTOR IN A CIRCULAR\nMOTION\nAs a special case of periodic motions, we can consider\na circular motion with\n~ r(\u001c) =\u000b\n!2\u000b(cos(!\u000b\u001c);sin(!\u000b\u001c);0)\nhaving a centripetal acceleration \u000b, rotational frequency\n!\u000b, and the constant Lorentz factor \r=p\n1 +\u000b2=!2\u000b.\nIn units with !\u000b= 1, Eq. (15) then becomes\nI(!0) = 2Z1\n0d!Z1\n0ds!e\u0000i(!0\u0000\r!)sJ0\u0010\n2\u000b!sins\n2\u0011\n:\nThis leads to the Unruh function\nU(!;\u000b) =1\n2\u0019j!j(1 +\u000b2)X\nn<!(!\u0000n)dn\u0010!\u0000np\n1 +\u000b2\u0011\nin terms of\ndn(!) =Z2\u0019\n0J0\u0010\n2\u000b!sins\n2\u0011\ncosnsds (28)\nFIG. 1. Schematic diagram of Unruh radiation as thermal cy-\nclotron radiation through quantum Landau-level transitions\nof a magnetically con\fned electron accelerat",
        "page": 4,
        "link": "https://ui.adsabs.harvard.edu/link_gateway/2022arXiv221213246W/EPRINT_PDF",
        "title": "Observable Unruh Effect and Unmasked Unruh Radiation"
    },
    "2022arXiv221213246W_page_4_chunk_3": {
        "text": "!) =Z2\u0019\n0J0\u0010\n2\u000b!sins\n2\u0011\ncosnsds (28)\nFIG. 1. Schematic diagram of Unruh radiation as thermal cy-\nclotron radiation through quantum Landau-level transitions\nof a magnetically con\fned electron accelerated by laser.\nfrom which the corresponding Unruh temperature (23),\ndistribution (19), and transition factor (20) are readily\nevaluated.\nVII. POSSIBLE DETECTION OF UNMASKED\nUNRUH RADIATION\nHere we consider the Unruh radiation of an accelerated\nelectron subject to a potential. As an Unruh detector,\nthe quantum states associated with the potential should\nbe independent of the motion and this will be the case\nwhen the potential is induced by a uniform magnetic \feld\nin the direction of a linear acceleration.\nWe shall demonstrate that the Unruh radiation of such\na system is a direct consequence of the coupling between\nthe Landau levels of the electron and environmental pho-\ntons even at zero temperature.\nAs illustrated in Fig. 1, we start by considering the\nspontaneous emission from an electron (",
        "page": 4,
        "link": "https://ui.adsabs.harvard.edu/link_gateway/2022arXiv221213246W/EPRINT_PDF",
        "title": "Observable Unruh Effect and Unmasked Unruh Radiation"
    },
    "2022arXiv221213246W_page_4_chunk_4": {
        "text": "e coupling between\nthe Landau levels of the electron and environmental pho-\ntons even at zero temperature.\nAs illustrated in Fig. 1, we start by considering the\nspontaneous emission from an electron (with charge e\nand massm) in a uniform magnetic \feld ~Balong the\nz-direction with a cyclotron frequency !c=Be=m . We\nwill then consider the e\u000bect of an oscillatory linear accel-\neration in the z-direction.\nThe Landau quantization of the electron takes place\non the transverse plane with coordinates xandyand\nare shifted by the ladder operators given in terms of the\ndimensionless variables X=x=xcandY=y=xcwith\nxc=p\n~=m!c, by the expressions\na=1p\n2\u0002\u0000X\n2+@X\u0001\n\u0000i\u0000Y\n2+@Y\u0001\u0003\nb=1p\n2\u0002\u0000X\n2+@X\u0001\n+i\u0000Y\n2+@Y\u0001\u0003\nsatisfying the nontrivial commutation relations\n[a;ay] = [b;by] = 1:\nHowever, the operators bandbyonly shift the Lan-\ndau level orbits on the transverse plane as the system\nHamiltonian of the electron takes the form\nHS=~!c\u0000\naya+1\n2\u0001\n:",
        "page": 4,
        "link": "https://ui.adsabs.harvard.edu/link_gateway/2022arXiv221213246W/EPRINT_PDF",
        "title": "Observable Unruh Effect and Unmasked Unruh Radiation"
    },
    "2022arXiv221213246W_page_4_chunk_5": {
        "text": "hift the Lan-\ndau level orbits on the transverse plane as the system\nHamiltonian of the electron takes the form\nHS=~!c\u0000\naya+1\n2\u0001\n:",
        "page": 4,
        "link": "https://ui.adsabs.harvard.edu/link_gateway/2022arXiv221213246W/EPRINT_PDF",
        "title": "Observable Unruh Effect and Unmasked Unruh Radiation"
    },
    "2022arXiv221213246W_page_5_chunk_1": {
        "text": "5\nThe coupling of the electron Landau levels to the ra-\ndiation \feld under the dipole approximation is through\ninteraction Hamiltonian\nHI=\u0000~D\u0001~ER\nwhere~ERis the electric \feld operator of the radiation\n\feld and~D=e(x;y;0) is the dipole operator of the or-\nbiting electron. Following the theoretical framework laid\nout in preceding sessions, we \fnd that the cyclotron con-\n\fguration as an open quantum system at temperature T\nto satisfy the master equation\n_\u001a= \u0000c\b\n(1 +N(!c))D[a] +N(!c)D[ay]\t\n\u001a(29)\nin terms of the Planck distribution N(!c) =NP(!c;T)\nand the spontaneous decay rate\n\u0000c=e2!2\nc\n3\u0019\u000f0mc3(30)\nin full units. In the classical limit, Eqs. (29) and (30)\ncorrectly recovers the Larmor formula for the acceleration\nradiation from a circularly orbiting charge.\nWhen the electron is additionally accelerated by the\nelectric \feld ~ELof a standing high-power laser wave in\nthe direction of ~Bat the zero temperature, the vacuum\n\ructuations of the electromagnetic \feld are thermalized\nin the cyclotron",
        "page": 5,
        "link": "https://ui.adsabs.harvard.edu/link_gateway/2022arXiv221213246W/EPRINT_PDF",
        "title": "Observable Unruh Effect and Unmasked Unruh Radiation"
    },
    "2022arXiv221213246W_page_5_chunk_2": {
        "text": "celerated by the\nelectric \feld ~ELof a standing high-power laser wave in\nthe direction of ~Bat the zero temperature, the vacuum\n\ructuations of the electromagnetic \feld are thermalized\nin the cyclotron's moving frame, e\u000becting the above spon-\ntaneous emission into thermal radiation manifested as\nUnruh radiation, described by the master equation (29)\nwith the following modi\fcations\n\u0000c!\u0000U= \u0000cu(!;\u000b);\nN(!)!NU(!;\u000b);\nT!TU(!;\u000b):\nAs shown in Figs. 2 and 3, the Unruh temperatures\nand corresponding transition rates are comparable or\nhigher than their values for the uniformly accelerated\ncases ifc!0andc!Lhave similar orders of magnitude\nas\u000bL.\nFor example, with the achievable magnetic \feld B=\n1000 T [22], the accelerated cyclotron system has a tran-\nsition frequency !0given by the cyclotron frequency\n!c= 1:76\u00021014rad/s with the transition/decay rate\n\u0000c= 3:88\u0002105s\u00001. Using the available high-power\nlaser acceleration \u000bL= 6:0\u00021023m/s2at the frequency\n!L= 2\u0019\u00023:0\u00021013rad/s [23], we can achieve the Unruh",
        "page": 5,
        "link": "https://ui.adsabs.harvard.edu/link_gateway/2022arXiv221213246W/EPRINT_PDF",
        "title": "Observable Unruh Effect and Unmasked Unruh Radiation"
    },
    "2022arXiv221213246W_page_5_chunk_3": {
        "text": "c= 1:76\u00021014rad/s with the transition/decay rate\n\u0000c= 3:88\u0002105s\u00001. Using the available high-power\nlaser acceleration \u000bL= 6:0\u00021023m/s2at the frequency\n!L= 2\u0019\u00023:0\u00021013rad/s [23], we can achieve the Unruh\ntemperature TU(!c;\u000bL) = 852 K with the transition rate\n\u0000U= 1:95\u0002105s\u00001corresponding to the Unruh detector\nrelaxation time \u001cU= 5:12\u0016s. Since this relaxation time\n\u001cUis much larger than the QED time scale, it is possi-\nble to detect the persistent Unruh radiation within the\ninterval\u001cUfrom the moment when the laser is switched\no\u000b which discontinues masking radiations including the\nLarmor and other forms of acceleration radiations [24].\nFIG. 2. The Unruh distribution NU(!c;\u000bL) (amber) and\ntransition factor u(!c;\u000bL) (blue) for the oscillating motion.\nHere!=!c=!Land\u000b=\u000bL=c!L. This factor is around unity\nif both\u000band!are order one but falls o\u000b to zero rapidly.\nFIG. 3. The Unruh temperature TU(!c;\u000bL) (amber) with an\noscillatory acceleration amplitude \u000bLcompared with TU(\u000bL)\n(blue) with a uniform acce",
        "page": 5,
        "link": "https://ui.adsabs.harvard.edu/link_gateway/2022arXiv221213246W/EPRINT_PDF",
        "title": "Observable Unruh Effect and Unmasked Unruh Radiation"
    },
    "2022arXiv221213246W_page_5_chunk_4": {
        "text": "ity\nif both\u000band!are order one but falls o\u000b to zero rapidly.\nFIG. 3. The Unruh temperature TU(!c;\u000bL) (amber) with an\noscillatory acceleration amplitude \u000bLcompared with TU(\u000bL)\n(blue) with a uniform acceleration \u000bL. Here!=!c=!L,\n\u000b=\u000bL=c!L, and bothTU(!c;\u000bL) andTU(\u000bL) are evaluated\nin units of ~!L.\nVIII. CONCLUSION\nThe Unruh e\u000bect is an exceptional prediction in\nphysics in that it is both widely celebrated and debated.\nWe have provided a ground-up derivation of the Unruh\ne\u000bect with minimum assumptions, going far beyond its\nusual remit related to an idealized constant acceleration\nof a detector and have extended the scope of the e\u000bect to\nreal-world scenarios with variable accelerations for \fnite\ndurations while keeping the crux of the e\u000bect { the phys-\nical reality of the Unruh temperature and radiation. To\nguide experimental tests, we have demonstrated that the\nmeasurement of the Unruh e\u000bect are feasible inside cer-\ntain windows of the laboratory parameter space, which\nare previously unnoti",
        "page": 5,
        "link": "https://ui.adsabs.harvard.edu/link_gateway/2022arXiv221213246W/EPRINT_PDF",
        "title": "Observable Unruh Effect and Unmasked Unruh Radiation"
    },
    "2022arXiv221213246W_page_5_chunk_5": {
        "text": "adiation. To\nguide experimental tests, we have demonstrated that the\nmeasurement of the Unruh e\u000bect are feasible inside cer-\ntain windows of the laboratory parameter space, which\nare previously unnoticed but are well within the current\ntechnology.\nACKNOWLEDGMENTS\nThe authors are grateful to the Cruickshank Trust,\nScotland (C. W.), the TETFund, Nigeria (Y. A. and B.\nE.), and the Carnegie Trust, Scotland (M. R.) for \fnan-\ncial support.",
        "page": 5,
        "link": "https://ui.adsabs.harvard.edu/link_gateway/2022arXiv221213246W/EPRINT_PDF",
        "title": "Observable Unruh Effect and Unmasked Unruh Radiation"
    },
    "2022arXiv221213246W_page_6_chunk_1": {
        "text": "6\n[1] W. G. Unruh, Notes on black-hole evaporation, Phys.\nRev. D 14, 870 (1976).\n[2] S. A. Fulling, Nonuniqueness of Canonical Field Quanti-\nzation in Riemannian Space-Time, Phys. Rev. D 7, 2850\n(1973).\n[3] P. C. W. Davies, Scalar production in Schwarzschild and\nRindler metrics, J. Phys. A 8, 609 (1975).\n[4] B. S. DeWitt, Quantum gravity: the new synthesis, in\nGeneral Relativity: An Einstein Centenary Survey , pp.\n680, ed. S. W. Hawking, and W. Israel, (Cambridge U.\nP., Cambridge, 1979).\n[5] J. Audretsch and R. M uller, Spontaneous excitation of\nan accelerated atom: The contributions of vacuum \ruc-\ntuations and radiation reaction, Phys. Rev. A 50, 1755\n(1994).\n[6] J. Doukas, S.-Y. Lin, B. L. Hu, R. B. Mann, Unruh E\u000bect\nunder non-equilibrium conditions: Oscillatory motion of\nan Unruh-DeWitt detector, JHEP 11, 119 (2013.)\n[7] P. Chen and T. Tajima, Testing Unruh radiation with\nultraintense lasers, Phys. Rev. Lett. 83, 256 (1999).\n[8] G. Brodin, M. Marklund, R. Bingham, J. Collier, and\nR",
        "page": 6,
        "link": "https://ui.adsabs.harvard.edu/link_gateway/2022arXiv221213246W/EPRINT_PDF",
        "title": "Observable Unruh Effect and Unmasked Unruh Radiation"
    },
    "2022arXiv221213246W_page_6_chunk_2": {
        "text": "t detector, JHEP 11, 119 (2013.)\n[7] P. Chen and T. Tajima, Testing Unruh radiation with\nultraintense lasers, Phys. Rev. Lett. 83, 256 (1999).\n[8] G. Brodin, M. Marklund, R. Bingham, J. Collier, and\nR. G. Evans, Laboratory soft x-ray emission due to\nthe Hawking-Unruh e\u000bect? Class. Quantum Grav. 25,\n145005 (2008).\n[9] M. H. Lynch et al., Experimental observation of\nacceleration-induced thermality, Phys. Rev. D 104,\n025015 (2021).\n[10] B. J. B. Crowley, R. Bingham, R. G. Evans et al., Testing\nquantum mechanics in non-Minkowski space-time with\nhigh power lasers and 4th generation light sources, Sci.\nRep. 2, 491 (2012).\n[11] B. M. Hegelich, L. Labun, O. Z Labun et al., Electron\nresponse to radiation under linear acceleration; Classical,\nQED, and accelerated frame predictions, Phys. Rev. D105, 096034 (2022).\n[12] L. C. B. Crispino, A. Higuchi, and G. E. A. Matsas, The\nUnruh e\u000bect and its applications, Rev. Mod. Phys. 80,\n787 (2008) and references therein.\n[13] S. W. Hawking, Black hole expl",
        "page": 6,
        "link": "https://ui.adsabs.harvard.edu/link_gateway/2022arXiv221213246W/EPRINT_PDF",
        "title": "Observable Unruh Effect and Unmasked Unruh Radiation"
    },
    "2022arXiv221213246W_page_6_chunk_3": {
        "text": "096034 (2022).\n[12] L. C. B. Crispino, A. Higuchi, and G. E. A. Matsas, The\nUnruh e\u000bect and its applications, Rev. Mod. Phys. 80,\n787 (2008) and references therein.\n[13] S. W. Hawking, Black hole explosions? Nature 248, 30\n(1974).\n[14] L. H. Ford, Gravitational particle creation and in\ration,\nPhys. Rev. D 35, 2955 (1987)\n[15] C. ltzykson and J.-B. Zuber, Quantum Field Theory ,\n(McGraw-Hill, New York, 1980).\n[16] W. Rindler, Essential Relativity (Van Nostrand Reinhold\nCo, New York, 1969).\n[17] S. Weinberg, Gravitation and Cosmology , (Wiley, New\nYork, 1972).\n[18] H.-P. Breuer and F. Petruccione, The Theory of Open\nQuantum Systems (Oxford University Press, New York,\n2002) and references therein.\n[19] A. Ferraro, S. Olivares and M. G. A. Paris, Gaus-\nsian States in Continuous Variable Quantum Informa-\ntion(Bibliopolis, Napoli, 2005).\n[20] T. Oniga, C. H.-T. Wang, Quantum gravitational deco-\nherence of light and matter, Phys. Rev. D 93, 044027\n(2016).\n[21] T. Oniga, C. H.-T. Wang, Quantum ",
        "page": 6,
        "link": "https://ui.adsabs.harvard.edu/link_gateway/2022arXiv221213246W/EPRINT_PDF",
        "title": "Observable Unruh Effect and Unmasked Unruh Radiation"
    },
    "2022arXiv221213246W_page_6_chunk_4": {
        "text": " Informa-\ntion(Bibliopolis, Napoli, 2005).\n[20] T. Oniga, C. H.-T. Wang, Quantum gravitational deco-\nherence of light and matter, Phys. Rev. D 93, 044027\n(2016).\n[21] T. Oniga, C. H.-T. Wang, Quantum coherence, radiance,\nand resistance of gravitational systems, Phys. Rev. D 96,\n084014 (2017).\n[22] D. Nakamura, A. Ikeda, H. Sawabe, et al., Record indoor\nmagnetic \feld of 1200 T generated by electromagnetic\n\rux compression, Rev. Sci. Instrum. 89, 095106 (2018).\n[23] D. Haberberger, S. Tochitsky, and C. Joshi, Fifteen ter-\nawatt picosecond CO 2laser system, Optics Express 18,\n17865 (2010).\n[24] B. \u0014Soda, V. Sudhir, and A. Kempf Acceleration-Induced\nE\u000bects in Stimulated Light-Matter Interactions, Phys.\nRev. Lett 128, 163603 (2022).",
        "page": 6,
        "link": "https://ui.adsabs.harvard.edu/link_gateway/2022arXiv221213246W/EPRINT_PDF",
        "title": "Observable Unruh Effect and Unmasked Unruh Radiation"
    }
}