{
    "2022EL....14024001A_page_1_chunk_1": {
        "text": "arXiv:2212.09457v2  [hep-th]  6 Jul 2023epl draft\nSpin-half bosons with mass dimension three half: Evad-\ning the spin-statistics theorem\nDharam Vir Ahluwalia1andCheng-Yang Lee2\n1Center for the Studies of the Glass Bead Game, Notting Hill, V ictoria 3168, Australia\n2Center for Theoretical Physics, College of Physics, Sichua n University, Chengdu, 610064, China\n*** Missing PACS ***\nAbstract –By exploiting the freedom in deﬁning the dual of spinors, we re-\nport anunexpectedtheoretical discoveryofaquantumﬁeldt heoryofspin-half\nbosons. It fulﬁls Dirac’s 1969-70 observation that “there m ust be boson vari-\nables connected with electrons.” The theory is local, Loren tz-invariant, and\nhas a positive-deﬁnite Hamiltonian. We formulate the unita rity-preserving\nscattering theory to accommodate the new dual and the associ ated adjoint.\nA model of Yukawa interaction with spin-half bosons and ferm ions of equal\nmasses is studied to explicitly show unitarity.\nThere must be such boson variables con-\nn",
        "page": 1,
        "link": "https://ui.adsabs.harvard.edu/link_gateway/2022EL....14024001A/EPRINT_PDF",
        "title": "Spinhalf bosons with mass dimension threehalf Evading the spinstatistics theorem"
    },
    "2022EL....14024001A_page_1_chunk_2": {
        "text": "w dual and the associ ated adjoint.\nA model of Yukawa interaction with spin-half bosons and ferm ions of equal\nmasses is studied to explicitly show unitarity.\nThere must be such boson variables con-\nnected with electrons.\nP. A. M. Dirac [1]\nIntroduction. – With ninety ﬁve percent\nof the existence dark, in one way or another, its\nparticle landscape cannot be a mere copy of one\nsort or the other of the Standard Model of the\nhigh energy physics (SM). This may appear as\nan audacious thought to many physicists. But\nthe unexpected theoretical developments since\n2004 [2–4], coupled with a lack of empirical sig-\nnature for supersymmetry, suggests to consider\nthe unexpected as a ﬁrst-principle scenario for\ntheir darkness [4].\nRecently, a new class of fundamental parti-\ncles have been reported in [5,6]. While it is not\nwidely known, Dirac himself argued for electronsto have a bosonic partner [1]. Here, by exploit-\ningafreedom in deﬁning the dual ofspinors(and\nthe associated adjoint), we construc",
        "page": 1,
        "link": "https://ui.adsabs.harvard.edu/link_gateway/2022EL....14024001A/EPRINT_PDF",
        "title": "Spinhalf bosons with mass dimension threehalf Evading the spinstatistics theorem"
    },
    "2022EL....14024001A_page_1_chunk_3": {
        "text": ",6]. While it is not\nwidely known, Dirac himself argued for electronsto have a bosonic partner [1]. Here, by exploit-\ningafreedom in deﬁning the dual ofspinors(and\nthe associated adjoint), we construct a theory of\nspin-half bosonic particles. These bosons cannot\nenter the SM doublets because of the statistics\nmismatch. The natural place for them is the\ndark-matter sector. As a by-product, they can-\ncel the fermionic contributions to the cosmologi-\ncal constant if for every Dirac fermion of the SM\nthere exists a here-reported bosonic partner of\nthe same mass.\nQuantum ﬁeld theory of spin-half\nbosons. – In the SM, the Lagrangian density,\natthe level ofkinematics, is assumedratherthan\nderived. The dynamics enters through the prin-\nciple of local gauge invariance – the choice of\nsymmetry group is then chosen on the basis of\nthe hints hiding in the phenomenology.\np-1",
        "page": 1,
        "link": "https://ui.adsabs.harvard.edu/link_gateway/2022EL....14024001A/EPRINT_PDF",
        "title": "Spinhalf bosons with mass dimension threehalf Evading the spinstatistics theorem"
    },
    "2022EL....14024001A_page_1_chunk_4": {
        "text": "is then chosen on the basis of\nthe hints hiding in the phenomenology.\np-1",
        "page": 1,
        "link": "https://ui.adsabs.harvard.edu/link_gateway/2022EL....14024001A/EPRINT_PDF",
        "title": "Spinhalf bosons with mass dimension threehalf Evading the spinstatistics theorem"
    },
    "2022EL....14024001A_page_2_chunk_1": {
        "text": "Dharam Vir Ahluwalia1 Cheng-Yang Lee2\nOne exception to this general wisdom is to\nderive, rather than assume, both the quantum\nﬁeld and the Lagrangian density. This approach\nwas initiated in 1964 by Steven Weinberg, and\nreached the textbook level in his monograph –\nThe Quantum Theory of Fields [7].\nHis approach put the SM on a ﬁrm theo-\nretical footing by unifying quantum mechanics\nwith Poincar´ e space-time symmetries. An im-\nportant departure from this approach occurred\nwhen mass dimension one fermions were ﬁrst\nconstructed [2,8]. Here we use the results from\nboth approachesto construct a bosonic quantum\nﬁeld of spin-half, and the associated Lagrangian\ndensity.\nWithout assuming a Lagrangian density, we\nbegin with the rest spinors for spin-half derived\nby Weinberg in the R ⊕ L| j=1/2representation\nspace [7]\nξ1(0) =√m\n1\n0\n1\n0\n, ξ2(0) =√m\n0\n1\n0\n1\n,(1)\nand\nξ3(0) =√m\n0\n1\n0\n−1\n, ξ4(0) =√m\n−1\n0\n1\n0\n.(2)\nThese coincide with the eigenspinors of Ω 5=γ0,\nthe ﬁfth ",
        "page": 2,
        "link": "https://ui.adsabs.harvard.edu/link_gateway/2022EL....14024001A/EPRINT_PDF",
        "title": "Spinhalf bosons with mass dimension threehalf Evading the spinstatistics theorem"
    },
    "2022EL....14024001A_page_2_chunk_2": {
        "text": "entation\nspace [7]\nξ1(0) =√m\n1\n0\n1\n0\n, ξ2(0) =√m\n0\n1\n0\n1\n,(1)\nand\nξ3(0) =√m\n0\n1\n0\n−1\n, ξ4(0) =√m\n−1\n0\n1\n0\n.(2)\nThese coincide with the eigenspinors of Ω 5=γ0,\nthe ﬁfth square root of the identity matrix in the\nR ⊕ L|j=1/2representation space [6]. The ξi(p) for\nan arbitrary momentum are obtained by acting the\nR⊕L|j=1/2boost operator\nD(p) =/radicalbigg\nE+m\n2m/bracketleftbiggI+σ·p\nE+mO\nO I −σ·p\nE+m/bracketrightbigg\n(3)\nonξi(0):\nξi(p) =D(p)ξi(0), i= 1,···,4.(4)\nThe crucial point of departure enters by deﬁning a\nnew dual [6,9]\n¬ξi(p) =/bracketleftbig\nPξi(p)/bracketrightbig†γ0 (5)\n=/braceleftBigg\n+/bracketleftbig\nξi(p)/bracketrightbig†γ0, i= 1,2\n−/bracketleftbig\nξi(p)/bracketrightbig†γ0, i= 3,4(6)where the covariant parity operator is deﬁned as [3,\n10]\nPdef=m−1γµpµ. (7)\nWith the dual thus deﬁned, the orthonormality re-\nlations and spin sums are found to be\n¬ξi(p)ξj(p) = 2mδij, (8)\nand\n/summationdisplay\ni=1,2ξi(p)¬ξi(p) =γµpµ+mI, (9)\n/summationdisplay\ni=3,4ξi(p",
        "page": 2,
        "link": "https://ui.adsabs.harvard.edu/link_gateway/2022EL....14024001A/EPRINT_PDF",
        "title": "Spinhalf bosons with mass dimension threehalf Evading the spinstatistics theorem"
    },
    "2022EL....14024001A_page_2_chunk_3": {
        "text": "µ. (7)\nWith the dual thus deﬁned, the orthonormality re-\nlations and spin sums are found to be\n¬ξi(p)ξj(p) = 2mδij, (8)\nand\n/summationdisplay\ni=1,2ξi(p)¬ξi(p) =γµpµ+mI, (9)\n/summationdisplay\ni=3,4ξi(p)¬ξi(p) =−(γµpµ−mI).(10)\nWe now use the ξi(p) as expansion coeﬃcients for\na spin-half quantum ﬁeld\na(x)def=/integraldisplayd3p\n(2π)3/21√\n2E/bracketleftBigg/summationdisplay\ni=1,2ai(p)ξi(p)e−ip·x\n+/summationdisplay\ni=3,4b†\ni(p)ξi(p)eip·x/bracketrightBigg\n. (11)\nThis ﬁeld is same as the usual spin-half ﬁeld, of\nDirac. The associated statistics follows onlyafter\nits adjoint is deﬁned. Instead of the Dirac adjoint,\nwe introduce a new adjoint that exploits the new\nduals (6)\n¬a(x)def=/integraldisplayd3p\n(2π)3/21√\n2E/bracketleftBigg/summationdisplay\ni=1,2a†\ni(p)¬ξi(p)eip·x\n+/summationdisplay\ni=3,4bi(p)¬ξi(p)e−ip·x/bracketrightBigg\n(12)\nwhere\n[ai(p),a†\nj(p′)]±=δ3/parenleftbig\np−p′/parenrightbig\nδij,\n[ai(p),aj(p′)]±= [a†\ni(p),a†\nj(p′)]±= 0.(13)\nThe upper and lower signs represent anti-\ncommutator a",
        "page": 2,
        "link": "https://ui.adsabs.harvard.edu/link_gateway/2022EL....14024001A/EPRINT_PDF",
        "title": "Spinhalf bosons with mass dimension threehalf Evading the spinstatistics theorem"
    },
    "2022EL....14024001A_page_2_chunk_4": {
        "text": "p)¬ξi(p)e−ip·x/bracketrightBigg\n(12)\nwhere\n[ai(p),a†\nj(p′)]±=δ3/parenleftbig\np−p′/parenrightbig\nδij,\n[ai(p),aj(p′)]±= [a†\ni(p),a†\nj(p′)]±= 0.(13)\nThe upper and lower signs represent anti-\ncommutator and commutator respectively. We\nassume the same for bi(p) andb†\ni(p).\nTo establish the statistics we follow the procedure\noutlined in [11]. Consider two space-like separated\neventsxandy, and evaluate the amplitude for the\nparticle, described bythe a(x)-¬a(x) system, to prop-\nagate from xtoy(withy0>x0). Since we are con-\nsidering space-like separations, there exist a class of\nobservers for whom x0> y0. We call the former\np-2",
        "page": 2,
        "link": "https://ui.adsabs.harvard.edu/link_gateway/2022EL....14024001A/EPRINT_PDF",
        "title": "Spinhalf bosons with mass dimension threehalf Evading the spinstatistics theorem"
    },
    "2022EL....14024001A_page_3_chunk_1": {
        "text": "Spin-half bosons with mass dimension three half: evading the spin-st atistics theorem\nobservers to be Oand the latter to be O′. For the\nobservers in O′, we calculate the amplitude for an\nantiparticle to propagate from ytox. Causality re-\nquires that these two amplitudes diﬀer at most by a\nphase [11]\nAmp(x→y,particle) |O\n=eiθAmp(y→x,antiparticle) |O′(14)\nwhereθ∈ ℜ.1An explicit calculation of the am-\nplitudes in (14) using spin sums (9) and (10) while\nkeeping track of the space-like nature of the ( x−y)\nseparation, yields eiθ= 1. Thus, we must select\nthe bosonic statistics. This is an unavoidable con-\nsequence of introducing the new dual and adjoint in\nthea(x)-¬a(x) system. It evades the spin-statistics\ntheorem [12,13]. The crevice in the theorem is the\nfollowing: the new adjoint renders the interacting\nHamiltonian non-hermitian in a manner that still\nkeeps the spectrum real.\nWith the a(x)-¬a(x) system now fully speciﬁed,\nthe Feynman-Dyson propagator for the new bosons,\nup to a factor of",
        "page": 3,
        "link": "https://ui.adsabs.harvard.edu/link_gateway/2022EL....14024001A/EPRINT_PDF",
        "title": "Spinhalf bosons with mass dimension threehalf Evading the spinstatistics theorem"
    },
    "2022EL....14024001A_page_3_chunk_2": {
        "text": " interacting\nHamiltonian non-hermitian in a manner that still\nkeeps the spectrum real.\nWith the a(x)-¬a(x) system now fully speciﬁed,\nthe Feynman-Dyson propagator for the new bosons,\nup to a factor of i, is simply the vacuum expectation\nvalue of the time order product\n/angbracketleft |T[a(x′)¬a(x)]| /angbracketright=/angbracketleft |a(x′)¬a(x)| /angbracketrightθ(t′−t)\n+/angbracketleft |¬a(x)a(x′)| /angbracketrightθ(t−t′)\nwith| /angbracketrightas the vacuum state and Tas the time or-\nderingoperator. The two vacuumexpectation values\nthat appear in the right-hand side of the above ex-\npression evaluate, respectively to\n/angbracketleft |a(x′)¬a(x)| /angbracketright=/integraldisplayd3p\n(2π)3/parenleftbigg1\n2E/parenrightbigg\ne−ip·(x′−x)\n×(γµpµ+mI) (15)\nand\n/angbracketleft |¬a(x)a(x′)| /angbracketright=/integraldisplayd3p\n(2π)3/parenleftbigg1\n2E/parenrightbigg\ne−ip·(x−x′)\n×[−(γµpµ−mI)] (16)\nwhere we have used the spin sums (9) and (10). Sub-\nstituting the two vacuum expectation values into th",
        "page": 3,
        "link": "https://ui.adsabs.harvard.edu/link_gateway/2022EL....14024001A/EPRINT_PDF",
        "title": "Spinhalf bosons with mass dimension threehalf Evading the spinstatistics theorem"
    },
    "2022EL....14024001A_page_3_chunk_3": {
        "text": "tright=/integraldisplayd3p\n(2π)3/parenleftbigg1\n2E/parenrightbigg\ne−ip·(x−x′)\n×[−(γµpµ−mI)] (16)\nwhere we have used the spin sums (9) and (10). Sub-\nstituting the two vacuum expectation values into the\n1The ‘amplitudes’ in (14) are dimensionful. It is an\nartefact of the fact that creation and destruction opera-\ntors in the quantum ﬁeld theory – for historical reasons\n– carry dimensions.expression for /angbracketleft |T[a(x′)¬a(x)]| /angbracketrightand using the inte-\ngral representation of the step function\nθ(t) =1\n2πi/integraldisplay∞\n−∞dseist\ns−iǫ, (17)\nwe obtain\n/angbracketleft |T[a(x′)¬a(x)]| /angbracketright=i\n(2π)4/integraldisplay\nd4qe−iq·(x′−x)\n×γµqµ+mI\nq·q−m2+iǫ.(18)\nConsequently, the mass dimension of the new ﬁeld –\nas referred to the a(x)-¬a(x) system – is three half,\nwith the Lagrangian density\nL(x) =¬a(x)(iγµ∂µ−mI)a(x) (19)\nfrom which we obtain the canonical equal-time com-\nmutators (thus establishing locality)\n[a(t,x),a(t,y)] =O= [p(t,x),p(t,y)],(20)\n[a(t,x),p(t,y)] =iδ3(x",
        "page": 3,
        "link": "https://ui.adsabs.harvard.edu/link_gateway/2022EL....14024001A/EPRINT_PDF",
        "title": "Spinhalf bosons with mass dimension threehalf Evading the spinstatistics theorem"
    },
    "2022EL....14024001A_page_3_chunk_4": {
        "text": "grangian density\nL(x) =¬a(x)(iγµ∂µ−mI)a(x) (19)\nfrom which we obtain the canonical equal-time com-\nmutators (thus establishing locality)\n[a(t,x),a(t,y)] =O= [p(t,x),p(t,y)],(20)\n[a(t,x),p(t,y)] =iδ3(x−y)I, (21)\nwherep(x) =i¬a(x)γ0is the conjugate momentum.\nThe free Hamiltonian evaluates to\nH0=/integraldisplay\nd3p/radicalbig\n|p|2+m2\n×/bracketleftBigg/summationdisplay\ni=1,2a†\ni(p)ai(p)+/summationdisplay\ni=3,4bi(p)b†\ni(p)/bracketrightBigg\n.\nThe free Hamiltonian is positive-deﬁnite if and only\nif the annihilation and creation operators satisfy\nbosonic statistics.\nThe above expression can be rewritten as\nH0=2δ3(0)/integraldisplay\nd3p/radicalbig\n|p|2+m2+/integraldisplay\nd3p/radicalbig\n|p|2+m2\n×/bracketleftBigg/summationdisplay\ni=1,2a†\ni(p)ai(p)+/summationdisplay\ni=3,4b†\ni(p)bi(p)/bracketrightBigg\n.\nSince\nδ3(p) =1\n(2π)3/integraldisplay\nd3xexp(ip·x),\nδ3(0) may be replaced by/bracketleftbig\n1/(2π)3/bracketrightbig/integraltext\nd3x. With this\nobservation, the zero-point energy takes the form\nHva",
        "page": 3,
        "link": "https://ui.adsabs.harvard.edu/link_gateway/2022EL....14024001A/EPRINT_PDF",
        "title": "Spinhalf bosons with mass dimension threehalf Evading the spinstatistics theorem"
    },
    "2022EL....14024001A_page_3_chunk_5": {
        "text": "g\n.\nSince\nδ3(p) =1\n(2π)3/integraldisplay\nd3xexp(ip·x),\nδ3(0) may be replaced by/bracketleftbig\n1/(2π)3/bracketrightbig/integraltext\nd3x. With this\nobservation, the zero-point energy takes the form\nHvac= 4×1\n(2π)3/integraldisplay\nd3x/integraldisplay\nd3p1\n2/radicalbig\n|p|2+m2.(22)\np-3",
        "page": 3,
        "link": "https://ui.adsabs.harvard.edu/link_gateway/2022EL....14024001A/EPRINT_PDF",
        "title": "Spinhalf bosons with mass dimension threehalf Evading the spinstatistics theorem"
    },
    "2022EL....14024001A_page_4_chunk_1": {
        "text": "Dharam Vir Ahluwalia1 Cheng-Yang Lee2\nIn natural units /planckover2pi1= 1 implies 2 π=h, so\nHvacrepresents a zero-point energy assignment of\n+1\n2/radicalbig\n|p|2+m2to each unit-size cell (1 /h3)d3xd3p\nin the sense of statistical mechanics. The factor of 4\nis consistent with the four degrees of freedom (when\nspinorial degrees of freedom associated with parti-\ncles and antiparticles are accounted for). The second\nterm inHshows that each of the four degrees of free-\ndom contributes exactly the same energy to the ﬁeld\nfor a given momentum p. If for each of the SM Dirac\nfermions there exists a new boson of equal mass then\nthe zero-point energies exactly cancel. This is a nat-\nural consequence of our formalism.\nUnitary evolution and scattering theory.\n–The bilinear invariants constructed from a(x)\nand¬a(x) that enter the interacting Hare not her-\nmitian; see (26) and (27) below. Despite this, the\ninteracting Hstill carries a real spectrum provided\nthe norm of states is appropriately modiﬁed.",
        "page": 4,
        "link": "https://ui.adsabs.harvard.edu/link_gateway/2022EL....14024001A/EPRINT_PDF",
        "title": "Spinhalf bosons with mass dimension threehalf Evading the spinstatistics theorem"
    },
    "2022EL....14024001A_page_4_chunk_2": {
        "text": "x)\nand¬a(x) that enter the interacting Hare not her-\nmitian; see (26) and (27) below. Despite this, the\ninteracting Hstill carries a real spectrum provided\nthe norm of states is appropriately modiﬁed.\nTo develop the formalism, we introduce\nH#def=η−1H†η=H (23)\nwhereηis a hermitian operator, to be determined\nbelow. The work of Mostafazadeh then assures that\nHhas a real spectrum provided that its eigenstates\n|ψ/angbracketrighthave non-vanishing η-norms/angbracketleftψ|η|ψ/angbracketright /negationslash= 0. To see\nthis, we note that (23) yields\n0 =/angbracketleftψ|(H†η−ηH)|ψ/angbracketright\n= (E∗−E)/angbracketleftψ|η|ψ/angbracketright. (24)\nTherefore, when /angbracketleftψ|η|ψ/angbracketright /negationslash= 0, the eigenvalues are\nreal [14–17].\nTo preserve unitarity, we construct ηto have the\nfollowing properties [16]\nηai(p)η−1=ai(p), ηbi(p)η−1=−bi(p).(25)\nThat is,ηcommutes with ai(p), and anti-commutes\nwithbi(p). Combined with the deﬁnition of the dual\n(5), this gives a relation between¬a",
        "page": 4,
        "link": "https://ui.adsabs.harvard.edu/link_gateway/2022EL....14024001A/EPRINT_PDF",
        "title": "Spinhalf bosons with mass dimension threehalf Evading the spinstatistics theorem"
    },
    "2022EL....14024001A_page_4_chunk_3": {
        "text": "following properties [16]\nηai(p)η−1=ai(p), ηbi(p)η−1=−bi(p).(25)\nThat is,ηcommutes with ai(p), and anti-commutes\nwithbi(p). Combined with the deﬁnition of the dual\n(5), this gives a relation between¬a(x) anda(x)\nη¬a(x)η−1=a(x). (26)\nSimilarly, the bilinear invariant¬a(x)a(x) is related\nto its hermitian conjugate by\nη[¬a(x)a(x)]η−1= [¬a(x)a(x)]†.(27)\nSince [η,H0] =O, the free Hamiltonian is hermitian.\nBut in general, the full interacting Hamiltonian isnon-hermitian and does not commute with η, so we\nrequire (23) to ensure the reality of the spectra. The\nsimplest contributions from spin-half bosons to H\nare of the form¬a(x)a(x) and¬a(x)γ5a(x).\nAn explicit solution for ηthat satisﬁes the above\nrequirements may be constructed following [18]. To\ndo that, we introduce\nηdef=eiαχ, α∈R, (28)\nwhere\nχ=/integraldisplay\nd3p/summationdisplay\ni=3,4b†\ni(p)bi(p). (29)\nThus,ηis a state-dependent relative phase between\nthe particle-antiparticle sector. A short calculation\nreveals that\nηb†\ni(p,σ)η−1=eiαb†",
        "page": 4,
        "link": "https://ui.adsabs.harvard.edu/link_gateway/2022EL....14024001A/EPRINT_PDF",
        "title": "Spinhalf bosons with mass dimension threehalf Evading the spinstatistics theorem"
    },
    "2022EL....14024001A_page_4_chunk_4": {
        "text": "χ=/integraldisplay\nd3p/summationdisplay\ni=3,4b†\ni(p)bi(p). (29)\nThus,ηis a state-dependent relative phase between\nthe particle-antiparticle sector. A short calculation\nreveals that\nηb†\ni(p,σ)η−1=eiαb†\ni(p,σ) (30)\nand helps us ﬁx α. For equation (25) to be satisﬁed,\nwe must have α=π(modulo ±integral multiples of\n2π). This gives us η=eiπχ, which is hermitian and\nunitary. To see that ηis indeed hermitian, notice\nη†=e−iπχ†, but for bosons χ†=χ; therefore η†=\ne−iπχ. Nowχacting on physical states |ψ/angbracketrightgivesn\nwherenis either zero, or an integer: χ|ψ/angbracketright=n|ψ/angbracketright.\nTherefore,η†|ψ/angbracketright=e−iπn|ψ/angbracketright, whileη|ψ/angbracketright=eiπn|ψ/angbracketright.\nThus while acting on physical states η†=η, since\ne−iπ=eiπ. It is readily seen that η2|ψ/angbracketright=|ψ/angbracketright, so\nη2=I. Consequently, while acting on |ψ/angbracketright:η†=\nη−1=η.\nWe now develop the scattering theory for spin-\nhalf bosons. Since for the states with time evolution\ngo",
        "page": 4,
        "link": "https://ui.adsabs.harvard.edu/link_gateway/2022EL....14024001A/EPRINT_PDF",
        "title": "Spinhalf bosons with mass dimension threehalf Evading the spinstatistics theorem"
    },
    "2022EL....14024001A_page_4_chunk_5": {
        "text": "etright=|ψ/angbracketright, so\nη2=I. Consequently, while acting on |ψ/angbracketright:η†=\nη−1=η.\nWe now develop the scattering theory for spin-\nhalf bosons. Since for the states with time evolution\ngoverned by the generalized hermitian Hamiltonian\n– of the class deﬁned above in equation (23) – their\nhermitian inner-product is not invariant under time-\ntranslation\n/angbracketleftφ|ψ/angbracketright/vextendsingle/vextendsingle\nt>0=/angbracketleftφ|eiH†te−iHt|ψ/angbracketright /negationslash=/angbracketleftφ|ψ/angbracketright/vextendsingle/vextendsingle\nt=0.(31)\nIt is necessary to introduce the η-norm [14,16]\n/angbracketleftφ|ψ/angbracketrightηdef=/angbracketleftφ|η|ψ/angbracketright (32)\nwhereη=eiπχ. Att>0, we ﬁnd\nid\ndt/angbracketleftφ|η|ψ/angbracketright/vextendsingle/vextendsingle\nt>0=/angbracketleftφ|(ηH−H†η)|ψ/angbracketright/vextendsingle/vextendsingle\nt>0.(33)\nTherefore, the η-norm is invariant if and only if H\nsatisﬁes (23).\np-4",
        "page": 4,
        "link": "https://ui.adsabs.harvard.edu/link_gateway/2022EL....14024001A/EPRINT_PDF",
        "title": "Spinhalf bosons with mass dimension threehalf Evading the spinstatistics theorem"
    },
    "2022EL....14024001A_page_4_chunk_6": {
        "text": "bracketleftφ|(ηH−H†η)|ψ/angbracketright/vextendsingle/vextendsingle\nt>0.(33)\nTherefore, the η-norm is invariant if and only if H\nsatisﬁes (23).\np-4",
        "page": 4,
        "link": "https://ui.adsabs.harvard.edu/link_gateway/2022EL....14024001A/EPRINT_PDF",
        "title": "Spinhalf bosons with mass dimension threehalf Evading the spinstatistics theorem"
    },
    "2022EL....14024001A_page_5_chunk_1": {
        "text": "Spin-half bosons with mass dimension three half: evading the spin-st atistics theorem\nUsing theη-norm, the S-matrix is given by\nSβα≡ /angbracketleftβout|αin/angbracketrightη\n= lim\nτ→∞lim\nτ0→−∞/angbracketleftβ0|Ω†(τ)ηΩ(τ0)|α0/angbracketright(34)\nwhere Ω(τ) =eiHτe−iH0τand we have taken the free\nHamiltonian to be hermitian. Therefore,\nSβα= lim\nτ→∞lim\nτ0→−∞/angbracketleftβ0|U(τ,τ0)|α0/angbracketright(35)\nwhere\nU(τ,τ0) =ηeiH0τe−iH(τ−τ0)e−iH0τ0.(36)\nIn obtaining (36), we have used the identity\neiH†τηe−iHτ=η (37)\nwhich is equivalent to (23).\nTakingH=H0+Vand diﬀerentiating U(τ,τ0)\nwith respect to τ, we obtain\nid\ndτU(τ,τ0) =/bracketleftbig\nηV(τ)η−1/bracketrightbig\nU(τ,τ0),(38)\nV(τ) =eiH0τVe−iH0τ. (39)\nUsingtheinitial condition U(τ0,τ0) =η, thesolution\ntoUis given by\nU(τ,τ0) =η−i/integraldisplayτ\nτ0dτ′/bracketleftbig\nηV(τ′)η−1/bracketrightbig\nU(τ′,τ0)\n=η/bracketleftbigg\nI−i/integraldisplayτ\nτ0dτ′V(τ′)+···/bracketrightbigg\n.(40)\nTakingV(t) =/integraltext\nd3xH(x), the Dyson series is\nSβα=ηβα+∞/sum",
        "page": 5,
        "link": "https://ui.adsabs.harvard.edu/link_gateway/2022EL....14024001A/EPRINT_PDF",
        "title": "Spinhalf bosons with mass dimension threehalf Evading the spinstatistics theorem"
    },
    "2022EL....14024001A_page_5_chunk_2": {
        "text": "dτ′/bracketleftbig\nηV(τ′)η−1/bracketrightbig\nU(τ′,τ0)\n=η/bracketleftbigg\nI−i/integraldisplayτ\nτ0dτ′V(τ′)+···/bracketrightbigg\n.(40)\nTakingV(t) =/integraltext\nd3xH(x), the Dyson series is\nSβα=ηβα+∞/summationdisplay\nn=1(−i)n\nn!/integraldisplay\nd4x1···d4xn\n×/angbracketleftβ0|ηT[H(x1)···H(xn)]|α0/angbracketright(41)\nwhereηβα≡ /angbracketleftβ0|η|α0/angbracketright.\nNext, we address the issue of unitarity. For her-\nmitian Hamiltonians H†=H, unitarity implies/integraltext\ndβS†\nγβSβα=δ(γ−α) where/integraltext\ndβintegrates over\nmomentum, sums over particle species and internal\ndegrees of freedom. As for generalized hermitian\nHamiltonians, we have H#=Hso it suggests the\nfollowing generalization to unitarity [19]\n/integraldisplay\ndβS#\nγβSβα=δ(γ−α), (42)where the matrix element of S#\nγβis given by\nS#\nγβ= lim\nτ→∞lim\nτ0→−∞/angbracketleftγ0|U#(τ,τ0)|β0/angbracketright,(43)\nU#(τ,τ0)≡η−1U†(τ,τ0)η. (44)\nTo prove (42), we start with orthonormality and\ncompleteness relations associated with the free (and",
        "page": 5,
        "link": "https://ui.adsabs.harvard.edu/link_gateway/2022EL....14024001A/EPRINT_PDF",
        "title": "Spinhalf bosons with mass dimension threehalf Evading the spinstatistics theorem"
    },
    "2022EL....14024001A_page_5_chunk_3": {
        "text": "\nγβ= lim\nτ→∞lim\nτ0→−∞/angbracketleftγ0|U#(τ,τ0)|β0/angbracketright,(43)\nU#(τ,τ0)≡η−1U†(τ,τ0)η. (44)\nTo prove (42), we start with orthonormality and\ncompleteness relations associated with the free (and\nhermitian) Hamiltonian H0, and then implement\nevolution due to the full Hamiltonian Hsatisfying\n(23) as follows:\n/integraldisplay\ndα|α0/angbracketright/angbracketleftα0|=I,/angbracketleftβ0|α0/angbracketright=δ(β−α).(45)\nTherefore, equation (42) is satisﬁed when\nU#(τ,τ0)U(τ,τ0) =I (46)\nfor allτandτ0. Rewriting U(τ,τ0) as\nU(τ,τ0) =eiH0τe−iH†(τ−τ0)e−iH0τ0η,(47)\nwe ﬁnd\nU#(τ,τ0)U(τ,τ0)\n=eiH0τ0/bracketleftBig\neiH(τ−τ0)ηe−iH†(τ−τ0)/bracketrightBig\ne−iH0τ0η.(48)\nTaking the inverse of (37), we get\neiH(τ−τ0)η−1e−iH†(τ−τ0)=η−1.(49)\nSinceη=η−1, we obtain (46) as required.\nFrom (38) and (39), we obtain\n−id\ndτU#(τ,τ0) =U#(τ,τ0)V†(τ).(50)\nFollowing the same procedure in deriving the Dyson\nseries forSβα, we obtain\nS#\nγβ=ηγβ+∞/summationdisplay\nn=1in\nn!/integraldisplay\nd4x1···d4xn\n×/angbracketleftγ0|ηT/br",
        "page": 5,
        "link": "https://ui.adsabs.harvard.edu/link_gateway/2022EL....14024001A/EPRINT_PDF",
        "title": "Spinhalf bosons with mass dimension threehalf Evading the spinstatistics theorem"
    },
    "2022EL....14024001A_page_5_chunk_4": {
        "text": "id\ndτU#(τ,τ0) =U#(τ,τ0)V†(τ).(50)\nFollowing the same procedure in deriving the Dyson\nseries forSβα, we obtain\nS#\nγβ=ηγβ+∞/summationdisplay\nn=1in\nn!/integraldisplay\nd4x1···d4xn\n×/angbracketleftγ0|ηT/bracketleftBig\nH†(xn)···H†(x1)/bracketrightBig\n|β0/angbracketright.\nNormalizing the S-matrix as\nSβα≡ηβα−2πiMβαδ4(pβ−pα),(51)\nS#\nγβ≡ηγβ+2πiM#\nγβδ4(pγ−pβ),(52)\np-5",
        "page": 5,
        "link": "https://ui.adsabs.harvard.edu/link_gateway/2022EL....14024001A/EPRINT_PDF",
        "title": "Spinhalf bosons with mass dimension threehalf Evading the spinstatistics theorem"
    },
    "2022EL....14024001A_page_6_chunk_1": {
        "text": "Dharam Vir Ahluwalia1 Cheng-Yang Lee2\nequation (42) becomes\ni/integraldisplay\ndβ/bracketleftBig\nηγβMβαδ4(pβ−pα)−M#\nγβηβαδ4(pγ−pβ)/bracketrightBig\n= 2π/integraldisplay\ndβ/bracketleftBig\nδ4(pβ−pγ)δ4(pβ−pα)M#\nγβMβα/bracketrightBig\n.\n(53)\nSettingγ=α, the term δ4(pβ−pα) cancels from\nboth side of (53) so we obtain\ni/integraldisplay\ndβ/parenleftBig\nηαβMβα−M#\nαβηβα/parenrightBig\n= 2π/integraldisplay\ndβ/bracketleftBig\nδ4(pβ−pα)M#\nαβMβα/bracketrightBig\n.(54)\nEquations (53) and (54) can be seen as a general-\nization to the optical theorem. In the subsequent\nsection, we will demonstrate that (54) is satisﬁed\nfor a model of Yukawainteraction involving spin-half\nbosons.\nTo compute physical observables, we ﬁrst need\nto deﬁne the transition probability for the process\nα→β. Since the unitarity of the S-matrix is de-\nﬁned using the generalized hermitian adjoint #, the\ntransition probability should be appropriately modi-\nﬁed. In a ﬁnite volume Vwith duration T, we deﬁne\nthe transition probability to be [",
        "page": 6,
        "link": "https://ui.adsabs.harvard.edu/link_gateway/2022EL....14024001A/EPRINT_PDF",
        "title": "Spinhalf bosons with mass dimension threehalf Evading the spinstatistics theorem"
    },
    "2022EL....14024001A_page_6_chunk_2": {
        "text": "rix is de-\nﬁned using the generalized hermitian adjoint #, the\ntransition probability should be appropriately modi-\nﬁed. In a ﬁnite volume Vwith duration T, we deﬁne\nthe transition probability to be [7]\nP(α→β)≡/bracketleftbigg(2π)3\nV/bracketrightbiggNα+NβVT\n(2π)2/parenleftBig\n℘βαM#\nαβMβα/parenrightBig\n×/bracketleftbig\nδ3\nV(pβ−pα)δT(Eβ−Eα)/bracketrightbig\n.(55)\nBecauseM#\nαβMβαis not guaranteed to be positive-\ndeﬁnite, we multiply it by a constant phase ℘βα∈ ℜ\nto ensure that P(α→β)≥0. From the deﬁnition of\nηand the Dyson series of SβαandS#\nαβ, we ﬁnd that\ntheM#\nαβ=eiπ(nβ−nα)M†\nαβwherenαandnβare the\nnumberofspin-halfanti-bosonspresentinstates |α0/angbracketright\nand|β0/angbracketrightrespectively. Therefore, by choosing ℘αβ=\ne−iπ(nβ−nα), equation (55) reduces to the standard\ntransition probability and the physical observables\ndeﬁned using hermitian conjugation can be applied\nwithout diﬃculty.\nPhenomenologies. We now consider two spin-\nhalf bosonic and fermionic ﬁelds of equal mass cou-\npl",
        "page": 6,
        "link": "https://ui.adsabs.harvard.edu/link_gateway/2022EL....14024001A/EPRINT_PDF",
        "title": "Spinhalf bosons with mass dimension threehalf Evading the spinstatistics theorem"
    },
    "2022EL....14024001A_page_6_chunk_3": {
        "text": "ility and the physical observables\ndeﬁned using hermitian conjugation can be applied\nwithout diﬃculty.\nPhenomenologies. We now consider two spin-\nhalf bosonic and fermionic ﬁelds of equal mass cou-\npled to a real scalar ﬁeld φ(x)\nV(t) =g/integraldisplay\nd3x/bracketleftBig\nψ(x)ψ(x)+¬a(x)a(x)/bracketrightBig\nφ(x) (56)whereψ(x) is a fermionic ﬁeld whose expansion coef-\nﬁcients are given by (1) and (2). By the construction\nofη, it commutes with the fermionic and scalar ﬁelds\n[η,ψ(x)] = [η,φ(x)] =O. (57)\nTherefore, the Yukawa interaction (56) is a general-\nized hermitian operator η−1V†(t)η=V(t).\nWe now demonstrate that the Yukawa interaction\nsatisﬁes (42), thegeneralized unitarityrelation. Tak-\ning the initial state to be a single scalar boson, the\nmatrix element of ηisηφβ=ηβφ=δ(β−φ) so (54)\nbecomes\ni(Mφφ−M#\nφφ) = 2π/integraldisplay\ndβ/bracketleftBig\nδ4(pβ−pφ)M#\nφβMβφ/bracketrightBig\n.\n(58)\nWe will evaluate both sides of (58) independently.\nStarting with the left-hand side, the matrix eleme",
        "page": 6,
        "link": "https://ui.adsabs.harvard.edu/link_gateway/2022EL....14024001A/EPRINT_PDF",
        "title": "Spinhalf bosons with mass dimension threehalf Evading the spinstatistics theorem"
    },
    "2022EL....14024001A_page_6_chunk_4": {
        "text": "comes\ni(Mφφ−M#\nφφ) = 2π/integraldisplay\ndβ/bracketleftBig\nδ4(pβ−pφ)M#\nφβMβφ/bracketrightBig\n.\n(58)\nWe will evaluate both sides of (58) independently.\nStarting with the left-hand side, the matrix elements\nMφφandM#\nφφare obtained by evaluating the ampli-\ntude forφ→φ′and subsequently setting φ′=φ.\nUsing the solution of η, we obtain η|φ/angbracketright=|φ/angbracketright\nwhere|φ/angbracketrightdenotes a single scalar boson state. Set-\ntingφ=φ′, we ﬁndM†\nφφ=M#\nφφ. Therefore, we may\nrewrite (58) as\nIm(Mφφ) =−π/integraldisplay\ndβ/bracketleftBig\nδ4(pβ−pφ)M#\nφβMβφ/bracketrightBig\n.(59)\nHere, Im(Mφφ) is proportional to the imaginary\npart of the loop corrections to the scalar propa-\ngator [20]. Due to the diﬀerence in statistics and\nthe fact that the spin-half bosons and fermions have\nequal mass, the bosonic and fermionic loop correc-\ntions identically cancel to all orders in perturbation\nso Im(Mφφ) = 0. Next, we evaluate the right-hand\nside of (58). It expands to\n/integraldisplay\ndβ/bracketleftB",
        "page": 6,
        "link": "https://ui.adsabs.harvard.edu/link_gateway/2022EL....14024001A/EPRINT_PDF",
        "title": "Spinhalf bosons with mass dimension threehalf Evading the spinstatistics theorem"
    },
    "2022EL....14024001A_page_6_chunk_5": {
        "text": " bosonic and fermionic loop correc-\ntions identically cancel to all orders in perturbation\nso Im(Mφφ) = 0. Next, we evaluate the right-hand\nside of (58). It expands to\n/integraldisplay\ndβ/bracketleftBig\nδ4(pβ−pα)M#\nφβMβφ/bracketrightBig\n=/integraldisplay\ndβψ/summationdisplay\nspinsM#\nφ(ψψ)M(ψψ)φδ4(pψ+pψ−pφ)\n+/integraldisplay\ndβa/summationdisplay\nspinsM#\nφ(¬a a)M(¬a a)φδ4(p¬a+pa−pφ)\n(60)\nwheredβψ=d3pψd3pψanddβa=d3pad3p¬a.\nThe ﬁrst and second term of (60) comes from the\nfermionic and bosonic interactions respectively. Act-\ningηon the relevant states in (60), we obtain\nη|φ/angbracketright=|φ/angbracketright, η|ψψ/angbracketright=|ψψ/angbracketright, η|¬aa/angbracketright=−|¬aa/angbracketright.\np-6",
        "page": 6,
        "link": "https://ui.adsabs.harvard.edu/link_gateway/2022EL....14024001A/EPRINT_PDF",
        "title": "Spinhalf bosons with mass dimension threehalf Evading the spinstatistics theorem"
    },
    "2022EL....14024001A_page_7_chunk_1": {
        "text": "Spin-half bosons with mass dimension three half: evading the spin-st atistics theorem\nwhere|ψψ/angbracketrightand|¬aa/angbracketrightdenote the pair of spin-half\nfermion-anti-fermion and boson-anti-boson states re-\nspectively. The actions of ηon|ψψ/angbracketrightand|¬aa/angbracketrighthave\nopposite signs which induces a relative phase in (60).\nIn eﬀect, we ﬁnd\nM#\nφ(ψψ)=M†\nφ(ψψ), M#\nφ(¬a a)=−M†\nφ(¬a a).(61)\nUsing the decay rate formula [7]\nΓ(1→1′2′) = 2π/integraldisplay\ndβ1′,2′/summationdisplay\nspins|M(1′2′)1|2\n×δ4(p1′+p2′−p1),(62)\nwheredβ1′,2′=d3p′\n1d3p′\n2, we obtain\n/integraldisplay\ndβ/bracketleftBig\nδ4(pβ−pα)M#\nφβMβφ/bracketrightBig\n=1\n2π/bracketleftBig\nΓ(φ→ψψ)−Γ(φ→¬aa)/bracketrightBig\n(63)\nso the unitarity condition becomes\nIm(Mφφ) =1\n2/bracketleftBig\nΓ(φ→¬aa)−Γ(φ→ψψ)/bracketrightBig\n.(64)\nSince the bosons and fermions have the same mass\nand their quantum ﬁelds are expanded the same\nspinors, we have Γ( φ→ψψ) = Γ(φ→¬aa). There-\nfore, the right-hand side of (64) identically vanishes\n",
        "page": 7,
        "link": "https://ui.adsabs.harvard.edu/link_gateway/2022EL....14024001A/EPRINT_PDF",
        "title": "Spinhalf bosons with mass dimension threehalf Evading the spinstatistics theorem"
    },
    "2022EL....14024001A_page_7_chunk_2": {
        "text": "(64)\nSince the bosons and fermions have the same mass\nand their quantum ﬁelds are expanded the same\nspinors, we have Γ( φ→ψψ) = Γ(φ→¬aa). There-\nfore, the right-hand side of (64) identically vanishes\nto all orders in perturbation. This is in agreement\nwith Im(Mφφ) = 0 so the theory is unitary.\nConclusion. – Spin-statistics theorem has a\nvery venerated position in the theory of quantum\nﬁelds, as does Dirac equation. The works in the past\nhave shown that the Dirac formalism with mass di-\nmension three half, needs to be updated with a new\nformalism of mass dimension one fermions. Here we\nhave argued that the spin-statistics theorem can also\nbe evaded by exploiting the freedom in deﬁning new\ndual for spinors and the ensuing adjoint. This re-\nsults in a new quantum theory of spin half bosons.\nWe then formulated a generalisation of the S-matrix\nto calculate some elementary processes.\n∗∗∗\nWe are grateful to James Brister, Julio M.\nHoﬀ da Silva, Ali Mostafazadeh, Takaaki Nomura,\nZheng Sun and ",
        "page": 7,
        "link": "https://ui.adsabs.harvard.edu/link_gateway/2022EL....14024001A/EPRINT_PDF",
        "title": "Spinhalf bosons with mass dimension threehalf Evading the spinstatistics theorem"
    },
    "2022EL....14024001A_page_7_chunk_3": {
        "text": "e then formulated a generalisation of the S-matrix\nto calculate some elementary processes.\n∗∗∗\nWe are grateful to James Brister, Julio M.\nHoﬀ da Silva, Ali Mostafazadeh, Takaaki Nomura,\nZheng Sun and Cong Zhang for useful discussions.\nCYL is supported by The Sichuan University Post-\ndoctoral Research Fund No. 2022SCU12119.REFERENCES\n[1] P. A. M. Dirac, Spinors in Hilbert Space .\nPlenum Press, 1974. A series of lectures given\nin 1969 and revised in 1970.\n[2] D. V. Ahluwalia and D. Grumiller, Spin half\nfermions with mass dimension one: Theory,\nphenomenology, and dark matter ,JCAP07\n(2005) 012, [ hep-th/0412080 ].\n[3] D. Ahluwalia, Mass Dimension One Fermions .\nCambridge Monographs on Mathematical\nPhysics. Cambridge University Press, 2019.\n[4] D. V. Ahluwalia, J. M. H. da Silva, C.-Y. Lee,\nY.-X. Liu, S. H. Pereira, and M. M. Sorkhi,\nMass dimension one fermions: Constructing\ndarkness ,Physics Reports 967(2022) 1–43.\n[5] D. V. Ahluwalia, A new class of mass\ndimension one fermions ,Proc. Roy",
        "page": 7,
        "link": "https://ui.adsabs.harvard.edu/link_gateway/2022EL....14024001A/EPRINT_PDF",
        "title": "Spinhalf bosons with mass dimension threehalf Evading the spinstatistics theorem"
    },
    "2022EL....14024001A_page_7_chunk_4": {
        "text": "-X. Liu, S. H. Pereira, and M. M. Sorkhi,\nMass dimension one fermions: Constructing\ndarkness ,Physics Reports 967(2022) 1–43.\n[5] D. V. Ahluwalia, A new class of mass\ndimension one fermions ,Proc. Roy. Soc. Lond.\nA476(2020) 20200249, [ arXiv:2008.0152 ].\n[6] D. V. Ahluwalia, Spin-half bosons with mass\ndimension three half: towards a resolution of\nthe cosmological constant problem ,EPL131\n(2020) 41001, [ arXiv:2008.0263 ].\n[7] S. Weinberg, The Quantum theory of ﬁelds.\nVol. 1: Foundations . Cambridge University\nPress, 6, 2005.\n[8] D. V. Ahluwalia and D. Grumiller, Dark\nmatter: A Spin one half fermion ﬁeld with\nmass dimension one? ,Phys. Rev. D 72(2005)\n067701, [ hep-th/0410192 ].\n[9] J. M. Hoﬀ da Silva, R. J. Bueno Rogerio, and\nN. C. R. Quinquiolo, Spinorial discrete\nsymmetries and adjoint structures ,\narXiv:2203.0206 .\n[10] L. D. Speran¸ ca, An identiﬁcation of the Dirac\noperator with the parity operator ,Int. J. Mod.\nPhys.D23(2014) 1444003,\n[arXiv:1304.4794 ].\n[11] D. Ahluwalia and A. ",
        "page": 7,
        "link": "https://ui.adsabs.harvard.edu/link_gateway/2022EL....14024001A/EPRINT_PDF",
        "title": "Spinhalf bosons with mass dimension threehalf Evading the spinstatistics theorem"
    },
    "2022EL....14024001A_page_7_chunk_5": {
        "text": "tructures ,\narXiv:2203.0206 .\n[10] L. D. Speran¸ ca, An identiﬁcation of the Dirac\noperator with the parity operator ,Int. J. Mod.\nPhys.D23(2014) 1444003,\n[arXiv:1304.4794 ].\n[11] D. Ahluwalia and A. Nayak, Elko and mass\ndimension one ﬁeld of spin one-half: Causality\nand fermi statistics ,International Journal of\nModern Physics D 23(2014), no. 14.\n[12] R. F. Streater and A. S. Wightman. W. A.\nBenjamin Inc., 1989.\n[13] I. Duck and E. C. G. Sudarshan, Pauli and the\nspin-statistics theorem . 1997.\n[14] A. Mostafazadeh, Pseudo Hermiticity versus\nPT symmetry. The necessary condition for the\nreality of the spectrum ,J. Math. Phys. 43\n(2002) 205–214, [ math-ph/0107001 ].\np-7",
        "page": 7,
        "link": "https://ui.adsabs.harvard.edu/link_gateway/2022EL....14024001A/EPRINT_PDF",
        "title": "Spinhalf bosons with mass dimension threehalf Evading the spinstatistics theorem"
    },
    "2022EL....14024001A_page_8_chunk_1": {
        "text": "Dharam Vir Ahluwalia1 Cheng-Yang Lee2\n[15] C. M. Bender and S. Boettcher, Real spectra in\nnonHermitian Hamiltonians having PT\nsymmetry ,Phys. Rev. Lett. 80(1998)\n5243–5246, [ physics/9712001 ].\n[16] A. LeClair and M. Neubert, Semi-Lorentz\ninvariance, unitarity, and critical exponents of\nsymplectic fermion models ,JHEP10(2007)\n027, [arXiv:0705.4657 ].\n[17] W. Pauli, On dirac’s new method of ﬁeld\nquantization ,Rev. Mod. Phys. 15(Jul, 1943)\n175–207.\n[18] D. J. Robinson, E. Kapit, and A. LeClair,\nLorentz Symmetric Quantum Field Theory for\nSymplectic Fermions ,J. Math. Phys. 50(2009)\n112301, [ arXiv:0903.2399 ].\n[19] M. A. Sim´ on, A. Buend´ ıa, A. Kiely,\nA. Mostafazadeh, and J. G. Muga, S-matrix\npole symmetries for non-Hermitian scattering\nHamiltonians ,Phys. Rev. A 99(2019), no. 5\n052110, [ arXiv:1811.0627 ].\n[20] M. D. Schwartz, Quantum Field Theory and\nthe Standard Model . Cambridge University\nPress, 3, 2014.\np-8",
        "page": 8,
        "link": "https://ui.adsabs.harvard.edu/link_gateway/2022EL....14024001A/EPRINT_PDF",
        "title": "Spinhalf bosons with mass dimension threehalf Evading the spinstatistics theorem"
    },
    "2022EL....14024001A_page_8_chunk_2": {
        "text": "rXiv:1811.0627 ].\n[20] M. D. Schwartz, Quantum Field Theory and\nthe Standard Model . Cambridge University\nPress, 3, 2014.\np-8",
        "page": 8,
        "link": "https://ui.adsabs.harvard.edu/link_gateway/2022EL....14024001A/EPRINT_PDF",
        "title": "Spinhalf bosons with mass dimension threehalf Evading the spinstatistics theorem"
    }
}